"key","original","bg","status","notes"
"ach_agatha_herbert","An Unlikely Pair","Неочаквана двойка","review","Progression name candidate; review with surrounding description."
"ach_agatha_herbert_d","Agatha and Herbert have found common ground.","Агата и Хърбърт са намерили общ език.","review","Progression name candidate; review with surrounding description."
"ach_alchemist_25","Novice Alchemist","Начинаещ алхимик","review","Progression name candidate; review with surrounding description."
"ach_alchemist_25_d","You've brewed 25 potions. The eyebrows will grow back.","Сварил си 25 отвари. Веждите ще пораснат отново.","review","Progression name candidate; review with surrounding description."
"ach_alcohol_100","Alcohol Baron","Барон на алкохола","review","Progression name candidate; review with surrounding description."
"ach_alcohol_100_d","You have produced 100 bottles of alcohol... Handle with care.","Произвел си 100 бутилки алкохол... Внимавай с тях.","review","Progression name candidate; review with surrounding description."
"ach_alt_keeper","The Other Keeper","Другият гробар","review","Progression name candidate; review with surrounding description."
"ach_alt_keeper_d","You found your other you.","Откри другото си аз.","review","Progression name candidate; review with surrounding description."
"ach_biuld_houses","Urban Planner","Градски планировчик","review","Progression name candidate; review with surrounding description."
"ach_biuld_houses_d","You've restored all the houses in the Town. It's never looked so good!","Възстанови всички къщи в града. Никога не е изглеждал толкова добре!","review","Progression name candidate; review with surrounding description."
"ach_bronze_ingots_100","Bronze Age","Бронзова епоха","review","Progression name candidate; review with surrounding description."
"ach_bronze_ingots_100_d","You've smelted 100 bronze ingots.","Разтопи 100 бронзови слитъка.","review","Progression name candidate; review with surrounding description."
"ach_build_market_stalls","Patron of merchants","Покровител на търговците","review","Progression name candidate; review with surrounding description."
"ach_build_market_stalls_d","You built all the market stalls in the Town.","Построи всички сергии на пазара в града.","review","Progression name candidate; review with surrounding description."
"ach_bury_bodies","True Graveyard Keeper","Истински гробар","review","Progression name candidate; review with surrounding description."
"ach_bury_bodies_d","You've buried 50 corpses! Now you are The True Graveyard Keeper!","Погреба 50 трупа! Сега си Истинският гробар!","review","Progression name candidate; review with surrounding description."
"ach_call_fairy","A Little Magic","Малко магия","review","Progression name candidate; review with surrounding description."
"ach_call_fairy_d","The fairy has answered the call.","Феята откликна на призива.","review","Progression name candidate; review with surrounding description."
"ach_catch_fish_50","Fish Magnet","Рибен магнит","review","Progression name candidate; review with surrounding description."
"ach_catch_fish_50_d","You caught 50 fish, so now they've put a bounty on your head.","Улови 50 риби и сега за главата ти е обявена награда.","review","Progression name candidate; review with surrounding description."
"ach_clear_town_a","A New Dawn","Нова зора","review","Progression name candidate; review with surrounding description."
"ach_clear_town_a_d","The South part of Town has been cleared of zombies.","Южната част на града е прочистена от зомбита.","review","Progression name candidate; review with surrounding description."
"ach_cook_100","Master Cook","Майстор готвач","review","Progression name candidate; review with surrounding description."
"ach_cook_100_d","You've cooked 100 dishes! You won't be starving.","Сготви 100 ястия! Няма да умреш от глад.","review","Progression name candidate; review with surrounding description."
"ach_cut_trees","Tree Bane","Проклятието на дърветата","review","Progression name candidate; review with surrounding description."
"ach_cut_trees_d","You've felled 100 trees! The whole forest fears you now.","Отсече 100 дървета! Цялата гора трепери от теб.","review","Progression name candidate; review with surrounding description."
"ach_election","The People Have Spoken","Народът се произнесе","review","Progression name candidate; review with surrounding description."
"ach_election_d","The elections are over. The future has been decided.","Изборите приключиха. Бъдещето е решено.","review","Progression name candidate; review with surrounding description."
"ach_first_town_order","Open for Business","Отворено за работа","review","Progression name candidate; review with surrounding description."
"ach_first_town_order_d","You completed your first town order.","Изпълни първата си градска поръчка.","review","Progression name candidate; review with surrounding description."
"ach_graveyard_quality_200","Home Sweet Tomb","Гроб, мил гроб","review","Progression name candidate; review with surrounding description."
"ach_graveyard_quality_200_d","The quality of your cemetery has reached 200. Rest in style.","Качеството на гробището ти достигна 200. Почивай със стил.","review","Progression name candidate; review with surrounding description."
"ach_gunter","The Man Behind the Curtain","Човекът зад завесата","review","Progression name candidate; review with surrounding description."
"ach_gunter_d","Gunter has entered the story.","Гюнтер влезе в историята.","review","Progression name candidate; review with surrounding description."
"ach_harvest_100","Master Farmer","Майстор земеделец","review","Progression name candidate; review with surrounding description."
"ach_harvest_100_d","You've harvested 100 crops. Enough for the whole Town!","Прибра 100 реколти. Стигат за целия град!","review","Progression name candidate; review with surrounding description."
"ach_inspirations_150","Stroke of Genius","Проблясък на гениалност","review","Progression name candidate; review with surrounding description."
"ach_inspirations_150_d","You've had 150 Inspirations. Your mind is sparkling.","Получил си 150 вдъхновения. Умът ти искри.","review","Progression name candidate; review with surrounding description."
"ach_iron_ingots_100","Iron Age","Желязна епоха","review","Progression name candidate; review with surrounding description."
"ach_iron_ingots_100_d","You've smelted 100 iron ingots. Why so much?","Разтопи 100 железни слитъка. Защо толкова много?","review","Progression name candidate; review with surrounding description."
"ach_jack_gunter","Two Broken Souls","Две разбити души","review","Progression name candidate; review with surrounding description."
"ach_jack_gunter_d","Jack and Gunter make a surprisingly good team.","Джак и Гюнтер са изненадващо добър екип.","review","Progression name candidate; review with surrounding description."
"ach_jack_in_town","A Man of Many Talents","Мъж с много таланти","review","Progression name candidate; review with surrounding description."
"ach_jack_in_town_d","Jack has found his way to the town.","Джак намери пътя до града.","review","Progression name candidate; review with surrounding description."
"ach_linda_albert","A Dangerous Romance","Опасен романс","review","Progression name candidate; review with surrounding description."
"ach_linda_albert_d","Linda and Albert have found each other. Science and passion rarely mix well.","Линда и Албърт се намериха. Науката и страстта рядко се съчетават добре.","review","Progression name candidate; review with surrounding description."
"ach_linda_concert","A Night to Remember","Нощ за спомен","review","Progression name candidate; review with surrounding description."
"ach_linda_concert_d","You attended Linda's concert.","Посети концерта на Линда.","review","Progression name candidate; review with surrounding description."
"ach_met_bandits","Friends in Low Places","Приятели от подземния свят","review","Progression name candidate; review with surrounding description."
"ach_met_bandits_d","You met the bandits.","Срещна бандитите.","review","Progression name candidate; review with surrounding description."
"ach_necronomicon","Forbidden Knowledge","Забранено знание","review","Progression name candidate; review with surrounding description."
"ach_necronomicon_d","You found the Necronomicon. Some books should stay buried.","Откри Некрономикона. Някои книги е по-добре да си останат погребани.","review","Progression name candidate; review with surrounding description."
"ach_new_beginning","A New Beginning","Ново начало","review","Progression name candidate; review with surrounding description."
"ach_new_beginning_d","The journey has begun. The world is waiting.","Пътуването започна. Светът те очаква.","review","Progression name candidate; review with surrounding description."
"ach_old_god","The Ancient One","Древният","review","Progression name candidate; review with surrounding description."
"ach_old_god_d","You found the Old God.","Откри Древния бог.","review","Progression name candidate; review with surrounding description."
"ach_orders_25","Merchants' Best Friend","Най-добрият приятел на търговците","review","Progression name candidate; review with surrounding description."
"ach_orders_25_d","You've completed 25 merchant orders.","Изпълни 25 поръчки на търговци.","review","Progression name candidate; review with surrounding description."
"ach_platinum","Professional Keeper","Професионален гробар","review","Progression name candidate; review with surrounding description."
"ach_platinum_d","Collect all Trophies.","Събери всички трофеи.","review","Progression name candidate; review with surrounding description."
"ach_recover_house","Back to Life","Обратно към живота","review","Progression name candidate; review with surrounding description."
"ach_recover_house_d","The town has taken its first steps toward recovery.","Градът направи първите си крачки към възстановяването.","review","Progression name candidate; review with surrounding description."
"ach_resurrect_50","Necromancer","Некромант","review","Progression name candidate; review with surrounding description."
"ach_resurrect_50_d","You've resurrected 50 zombies. A whole army!","Възкреси 50 зомбита. Цяла армия!","review","Progression name candidate; review with surrounding description."
"ach_sermon","Words of Faith","Думи на вярата","review","Progression name candidate; review with surrounding description."
"ach_sermon_50","Shepherd of Souls","Пастир на душите","review","Progression name candidate; review with surrounding description."
"ach_sermon_50_d","You've preached 50 sermons! A true shepherd of wayward souls.","Изнесе 50 проповеди! Истински пастир на заблудени души.","review","Progression name candidate; review with surrounding description."
"ach_sermon_d","You delivered your first sermon.","Изнесе първата си проповед.","review","Progression name candidate; review with surrounding description."
"ach_supplies_50","Supplier","Снабдител","review","Progression name candidate; review with surrounding description."
"ach_supplies_50_d","You've created 50 supplies. The town is depending on you.","Създаде 50 припаса. Градът разчита на теб.","review","Progression name candidate; review with surrounding description."
"ach_the_end","The End of the Journey","Краят на пътуването","review","Progression name candidate; review with surrounding description."
"ach_the_end_d","You completed the game.","Завърши играта.","review","Progression name candidate; review with surrounding description."
"ach_two_faces","Two faces","Две лица","review","Progression name candidate; review with surrounding description."
"ach_two_faces_d","You met Januarius and Jully. However, it seems like they're the same person.","Срещна Януари и Юли. Изглежда обаче, че са един и същи човек.","review","Progression name candidate; review with surrounding description."
"ach_war_equipment_50","Warmaker","Ковач на войната","review","Progression name candidate; review with surrounding description."
"ach_war_equipment_50_d","You've crafted 50 battle items. What a time to live!","Изработи 50 бойни предмета. Какво време да си жив.","review","Progression name candidate; review with surrounding description."
"ach_win_battle","First Blood","Първа кръв","review","Progression name candidate; review with surrounding description."
"ach_win_battle_d","You won your first battle.","Спечели първата си битка.","review","Progression name candidate; review with surrounding description."
"buff_alchomaster","Alchomaster","Алхимичен майстор","review","Progression name candidate; review with surrounding description."
"buff_alchomaster_d","Alchomaster Description","Описание на Алхимичен майстор","review","Progression name candidate; review with surrounding description."
"buff_beer","Beer thirst","Жажда за бира","review","Progression name candidate; review with surrounding description."
"buff_beer_d","Beer tastes much better now!","Бирата вече има много по-добър вкус!","review","Progression name candidate; review with surrounding description."
"buff_berserk_1","Berserk","Берсерк","review","Progression name candidate; review with surrounding description."
"buff_berserk_1_d","Your attacks no longer consume stamina.","Атаките ти вече не изразходват издръжливост.","review","Progression name candidate; review with surrounding description."
"buff_berserk_2","Berserk II","Берсерк II","review","Progression name candidate; review with surrounding description."
"buff_berserk_2_d","Your attacks no longer consume stamina.","Атаките ти вече не изразходват издръжливост.","review","Progression name candidate; review with surrounding description."
"buff_berserk_3","Berserk III","Берсерк III","review","Progression name candidate; review with surrounding description."
"buff_berserk_3_d","Your attacks no longer consume stamina.","Атаките ти вече не изразходват издръжливост.","review","Progression name candidate; review with surrounding description."
"buff_cleancut","Steady hand","Стабилна ръка","review","Progression name candidate; review with surrounding description."
"buff_cleancut_d","Autopsy is easier.","Аутопсиите са по-лесни.","review","Progression name candidate; review with surrounding description."
"buff_combat_1","God's fury","Божи гняв","review","Progression name candidate; review with surrounding description."
"buff_combat_1_d","You combatants inflict more damage during battles.","Бойците ти нанасят повече щети по време на битки.","review","Progression name candidate; review with surrounding description."
"buff_consumption_1","God of offer","Бог на предлагането","review","Progression name candidate; review with surrounding description."
"buff_consumption_1_d","You get more <sprite name=""happiness""> and <sprite name=""slv""> from town orders.","Получаваш повече <sprite name=""happiness""> и <sprite name=""slv""> от градските поръчки.","review","Progression name candidate; review with surrounding description."
"buff_corpses_1","God of dead","Бог на мъртвите","review","Progression name candidate; review with surrounding description."
"buff_corpses_1_d","You get better corpses.","Получаваш по-добри трупове.","review","Progression name candidate; review with surrounding description."
"buff_damage_1","Fighter","Боец","review","Progression name candidate; review with surrounding description."
"buff_damage_1_d","Your damage is slightly increased.","Щетите ти са леко увеличени.","review","Progression name candidate; review with surrounding description."
"buff_damage_2","Fighter II","Боец II","review","Progression name candidate; review with surrounding description."
"buff_damage_2_d","Your damage is increased.","Щетите ти са увеличени.","review","Progression name candidate; review with surrounding description."
"buff_damage_3","Fighter III","Боец III","review","Progression name candidate; review with surrounding description."
"buff_damage_3_d","Your damage is greatly increased.","Щетите ти са значително увеличени.","review","Progression name candidate; review with surrounding description."
"buff_demand_1","God of demand","Бог на търсенето","review","Progression name candidate; review with surrounding description."
"buff_demand_1_d","You urgent town orders are not so urgent.","Спешните ти градски поръчки вече не са чак толкова спешни.","review","Progression name candidate; review with surrounding description."
"buff_disco_super_star","Disco Super Star","Диско суперзвезда","review","Progression name candidate; review with surrounding description."
"buff_disco_super_star_d","Disco Super Star Description","Описание на Диско суперзвезда","review","Progression name candidate; review with surrounding description."
"buff_double_alchemy","Double alchemy","Двойна алхимия","review","Progression name candidate; review with surrounding description."
"buff_double_alchemy_d","You create two potions in a Laboratory.","Създаваш две отвари в Лабораторията.","review","Progression name candidate; review with surrounding description."
"buff_energizer","Stamina boost","Подсилване на издръжливостта","review","Progression name candidate; review with surrounding description."
"buff_energizer_d","During <sprite name=""time""> you do not get tired in the battle.","По време на <sprite name=""time""> не се изморяваш в битка.","review","Progression name candidate; review with surrounding description."
"buff_excellence_1","God of craftsmen","Бог на майсторите","review","Progression name candidate; review with surrounding description."
"buff_excellence_1_d","You receive bonus talents <sprite name=""talent_orange"">/<sprite name=""talent_red"">/<sprite name=""talent_green"">/<sprite name=""talent_yellow"">/<sprite name=""talent_blue"">.","Получаваш бонус към талантите <sprite name=""talent_orange"">/<sprite name=""talent_red"">/<sprite name=""talent_green"">/<sprite name=""talent_yellow"">/<sprite name=""talent_blue"">.","review","Progression name candidate; review with surrounding description."
"buff_farm_1","God of nature","Бог на природата","review","Progression name candidate; review with surrounding description."
"buff_farm_1_d","You farms work faster.","Фермите ти работят по-бързо.","review","Progression name candidate; review with surrounding description."
"buff_faster_flames","Faster flames","По-бърз огън","review","Progression name candidate; review with surrounding description."
"buff_faster_flames_d","All crafting that uses <sprite name=""fire""> is faster.","Всичко, което изработваш с <sprite name=""fire"">, се изработва по-бързо.","review","Progression name candidate; review with surrounding description."
"buff_fermentation","Fermentation","Ферментация","review","Progression name candidate; review with surrounding description."
"buff_fermentation_d","Fermentation Description","Описание на Ферментация","review","Progression name candidate; review with surrounding description."
"buff_fishing","Fast reflexes","Бързи рефлекси","review","Progression name candidate; review with surrounding description."
"buff_fishing_d","You have additional time to hook a fish.","Разполагаш с повече време да закачиш рибата.","review","Progression name candidate; review with surrounding description."
"buff_fishing2","Good fisherman","Добър рибар","review","Progression name candidate; review with surrounding description."
"buff_fishing2_d","You don't let fish off the hook easily.","Рибата не се изплъзва лесно от куката ти.","review","Progression name candidate; review with surrounding description."
"buff_gold_senses","Gold sense","Усет за злато","review","Progression name candidate; review with surrounding description."
"buff_gold_senses_d","Find gold in the strangest places.","Откривай злато на най-необичайни места.","review","Progression name candidate; review with surrounding description."
"buff_good_orator","Good orator","Добър оратор","review","Progression name candidate; review with surrounding description."
"buff_good_orator_d","Easier to have a successful sermon.","По-лесно изнасяш успешна проповед.","review","Progression name candidate; review with surrounding description."
"buff_good_student","Good student","Добър ученик","review","Progression name candidate; review with surrounding description."
"buff_good_student_d","You receive more <sprite name=""tech_red"">, <sprite name=""tech_green"">, and <sprite name=""tech_blue""> from every work.","Получаваш повече <sprite name=""tech_red"">, <sprite name=""tech_green""> и <sprite name=""tech_blue""> от всяка работа.","review","Progression name candidate; review with surrounding description."
"buff_hardwork","Hard worker","Работяга","review","Progression name candidate; review with surrounding description."
"buff_hardwork_d","You spend less energy working with axes and pickaxes.","Изразходваш по-малко енергия, когато работиш с брадви и кирки.","review","Progression name candidate; review with surrounding description."
"buff_hypno_1","God of delusions","Бог на заблудите","review","Progression name candidate; review with surrounding description."
"buff_hypno_1_d","Your debuff for excessive zombies does not work anymore.","Отрицателният ефект от прекалено многото зомбита вече не действа.","review","Progression name candidate; review with surrounding description."
"buff_imagination_1","Creative God","Бог на творчеството","review","Progression name candidate; review with surrounding description."
"buff_imagination_1_d","You have a chance to get stories while working.","Имаш шанс да получиш истории, докато работиш.","review","Progression name candidate; review with surrounding description."
"buff_insanity_1","God of insane","Бог на лудостта","review","Progression name candidate; review with surrounding description."
"buff_insanity_1_d","You get more <sprite name=""insanity"">.","Получаваш повече <sprite name=""insanity"">.","review","Progression name candidate; review with surrounding description."
"buff_likes_1","God of love","Бог на любовта","review","Progression name candidate; review with surrounding description."
"buff_likes_1_d","Your maximum <sprite name=""happiness""> is unlimited.","Максималната ти <sprite name=""happiness""> е неограничена.","review","Progression name candidate; review with surrounding description."
"buff_longtimer","Slow metabolism","Бавен метаболизъм","review","Progression name candidate; review with surrounding description."
"buff_longtimer_d","All buffs last longer.","Всички ефекти траят по-дълго.","review","Progression name candidate; review with surrounding description."
"buff_merchanting","Merchant","Търговец","review","Progression name candidate; review with surrounding description."
"buff_merchanting_d","You receive more <sprite name=""slv""> and <sprite name=""happiness""> when you sell items.","Получаваш повече <sprite name=""slv""> и <sprite name=""happiness"">, когато продаваш предмети.","review","Progression name candidate; review with surrounding description."
"buff_mistakes_fine","Mistakes are fine","Грешките са допустими","review","Progression name candidate; review with surrounding description."
"buff_mistakes_fine_d","Star crafts give more chances.","Рецептите със звезда дават повече шансове.","review","Progression name candidate; review with surrounding description."
"buff_motivator_1","Zombie Motivation","Мотивация на зомбита","review","Progression name candidate; review with surrounding description."
"buff_motivator_1_d","Allied fighters' attack speed is increased.","Скоростта на атаките на съюзническите бойци е увеличена.","review","Progression name candidate; review with surrounding description."
"buff_motivator_2","Zombie Motivation II","Мотивация на зомбита II","review","Progression name candidate; review with surrounding description."
"buff_motivator_2_d","Allied fighters' attack speed is increased.","Скоростта на атаките на съюзническите бойци е увеличена.","review","Progression name candidate; review with surrounding description."
"buff_motivator_3","Zombie Motivation III","Мотивация на зомбита III","review","Progression name candidate; review with surrounding description."
"buff_motivator_3_d","Allied fighters' attack speed is increased.","Скоростта на атаките на съюзническите бойци е увеличена.","review","Progression name candidate; review with surrounding description."
"buff_obedience_1","God of the zombies","Бог на зомбитата","review","Progression name candidate; review with surrounding description."
"buff_obedience_1_d","You zombies work faster and you con use worse collars to create them.","Зомбитата ти работят по-бързо и можеш да използваш по-лоши нашийници, за да ги създаваш.","review","Progression name candidate; review with surrounding description."
"buff_pen","Inspiration","Вдъхновение","review","Progression name candidate; review with surrounding description."
"buff_pen_d","You have a better chance to write something of good quality.","Имаш по-голям шанс да напишеш нещо с добро качество.","review","Progression name candidate; review with surrounding description."
"buff_plant","Fertility","Плодородие","review","Progression name candidate; review with surrounding description."
"buff_plant_d","Vegetables grow faster.","Зеленчуците растат по-бързо.","review","Progression name candidate; review with surrounding description."
"buff_pot_appetite","Digestion potion","Отвара за храносмилане","review","Progression name candidate; review with surrounding description."
"buff_pot_appetite_d","Food gives you more <sprite name=""en"">.","Храната ти дава повече <sprite name=""en"">.","review","Progression name candidate; review with surrounding description."
"buff_pot_heal_long","Restoring potion","Възстановяваща отвара","review","Progression name candidate; review with surrounding description."
"buff_pot_heal_long_d","Restore your <sprite name=""hp""> over time.","Възстановяваш <sprite name=""hp""> с течение на времето.","review","Progression name candidate; review with surrounding description."
"buff_protection_1","God's protection","Божия закрила","review","Progression name candidate; review with surrounding description."
"buff_protection_1_d","Your combatants receive less damage during battles.","Бойците ти получават по-малко щети по време на битки.","review","Progression name candidate; review with surrounding description."
"buff_purity_1","God of sane","Бог на разума","review","Progression name candidate; review with surrounding description."
"buff_purity_1_d","You do not get <sprite name=""insanity""> at all.","Изобщо не получаваш <sprite name=""insanity"">.","review","Progression name candidate; review with surrounding description."
"buff_sauna","Steamed Up","Сауна до дупка","review","Progression name candidate; review with surrounding description."
"buff_sauna_d","You feel refreshed after your sauna: food gives +10%<sprite name=""energy"">.","Чувстваш се освежен след сауната: храната дава +10%<sprite name=""energy"">.","review","Progression name candidate; review with surrounding description."
"buff_shield","Tough mood","Желязно настроение","review","Progression name candidate; review with surrounding description."
"buff_shield_d","Incoming damage is reduced.","Получаваните щети са намалени.","review","Progression name candidate; review with surrounding description."
"buff_sins","Repentance","Покаяние","review","Progression name candidate; review with surrounding description."
"buff_sins_d","More people come during the week to confess their sins.","През седмицата идват повече хора, за да изповядат греховете си.","review","Progression name candidate; review with surrounding description."
"buff_sleep","Deep sleep","Дълбок сън","review","Progression name candidate; review with surrounding description."
"buff_sleep_d","Energy regeneration during sleeping is increased.","Възстановяването на енергия по време на сън е увеличено.","review","Progression name candidate; review with surrounding description."
"buff_speed","Running God","Бог на бягането","review","Progression name candidate; review with surrounding description."
"buff_speed_d","You and you zombies move faster.","Ти и зомбитата ти се движите по-бързо.","review","Progression name candidate; review with surrounding description."
"buff_star","Handyman mood ","Майсторско настроение","review","Progression name candidate; review with surrounding description."
"buff_star_d","You have a better chance to craft something of good quality.","Имаш по-голям шанс да изработиш нещо с добро качество.","review","Progression name candidate; review with surrounding description."
"buff_storm","God of the storms","Бог на бурите","review","Progression name candidate; review with surrounding description."
"buff_storm_d","You can resurrect zombies every time you need it.","Можеш да възкресяваш зомбита всеки път, когато ти потрябва.","review","Progression name candidate; review with surrounding description."
"buff_survay","Circumspect","Предпазливост","review","Progression name candidate; review with surrounding description."
"buff_survay_d","You get extra points when studying new items.","Получаваш допълнителни точки, когато изучаваш нови предмети.","review","Progression name candidate; review with surrounding description."
"buff_sword","Rage","Ярост","review","Progression name candidate; review with surrounding description."
"buff_sword_d","You deal additional damage in battles.","Нанасяш допълнителни щети в битки.","review","Progression name candidate; review with surrounding description."
"buff_talent_blue_1","Anatomy spirit I","Дух на анатомията I","review","Progression name candidate; review with surrounding description."
"buff_talent_blue_1_d","You temporarily have +1 <sprite name=""talent_blue"">.","Временно получаваш +1 <sprite name=""talent_blue"">.","review","Progression name candidate; review with surrounding description."
"buff_talent_blue_2","Anatomy spirit II","Дух на анатомията II","review","Progression name candidate; review with surrounding description."
"buff_talent_blue_2_d","You temporarily have +2 <sprite name=""talent_blue"">.","Временно получаваш +2 <sprite name=""talent_blue"">.","review","Progression name candidate; review with surrounding description."
"buff_talent_blue_3","Anatomy spirit III","Дух на анатомията III","review","Progression name candidate; review with surrounding description."
"buff_talent_blue_3_d","You temporarily have +3 <sprite name=""talent_blue"">.","Временно получаваш +3 <sprite name=""talent_blue"">.","review","Progression name candidate; review with surrounding description."
"buff_talent_green_1","Farming spirit I","Дух на земеделието I","review","Progression name candidate; review with surrounding description."
"buff_talent_green_1_d","You temporarily have +1 <sprite name=""talent_green"">.","Временно получаваш +1 <sprite name=""talent_green"">.","review","Progression name candidate; review with surrounding description."
"buff_talent_green_2","Farming spirit II","Дух на земеделието II","review","Progression name candidate; review with surrounding description."
"buff_talent_green_2_d","You temporarily have +2 <sprite name=""talent_green"">.","Временно получаваш +2 <sprite name=""talent_green"">.","review","Progression name candidate; review with surrounding description."
"buff_talent_green_3","Farming spirit III","Дух на земеделието III","review","Progression name candidate; review with surrounding description."
"buff_talent_green_3_d","You temporarily have +3 <sprite name=""talent_green"">.","Временно получаваш +3 <sprite name=""talent_green"">.","review","Progression name candidate; review with surrounding description."
"buff_talent_orange_1","Building spirit I","Дух на строителството I","review","Progression name candidate; review with surrounding description."
"buff_talent_orange_1_d","You temporarily have +1 <sprite name=""talent_orange"">.","Временно получаваш +1 <sprite name=""talent_orange"">.","review","Progression name candidate; review with surrounding description."
"buff_talent_orange_2","Building spirit II","Дух на строителството II","review","Progression name candidate; review with surrounding description."
"buff_talent_orange_2_d","You temporarily have +2 <sprite name=""talent_orange"">.","Временно получаваш +2 <sprite name=""talent_orange"">.","review","Progression name candidate; review with surrounding description."
"buff_talent_orange_3","Building spirit III","Дух на строителството III","review","Progression name candidate; review with surrounding description."
"buff_talent_orange_3_d","You temporarily have +3 <sprite name=""talent_orange"">.","Временно получаваш +3 <sprite name=""talent_orange"">.","review","Progression name candidate; review with surrounding description."
"buff_talent_red_1","Smithing spirit I","Дух на ковачеството I","review","Progression name candidate; review with surrounding description."
"buff_talent_red_1_d","You temporarily have +1 <sprite name=""talent_red"">.","Временно получаваш +1 <sprite name=""talent_red"">.","review","Progression name candidate; review with surrounding description."
"buff_talent_red_2","Smithing spirit II","Дух на ковачеството II","review","Progression name candidate; review with surrounding description."
"buff_talent_red_2_d","You temporarily have +2 <sprite name=""talent_red"">.","Временно получаваш +2 <sprite name=""talent_red"">.","review","Progression name candidate; review with surrounding description."
"buff_talent_red_3","Smithing spirit III","Дух на ковачеството III","review","Progression name candidate; review with surrounding description."
"buff_talent_red_3_d","You temporarily have +3 <sprite name=""talent_red"">.","Временно получаваш +3 <sprite name=""talent_red"">.","review","Progression name candidate; review with surrounding description."
"buff_talent_yellow_1","Book writing spirit I","Дух на писането I","review","Progression name candidate; review with surrounding description."
"buff_talent_yellow_1_d","You temporarily have +1 <sprite name=""talent_yellow"">.","Временно получаваш +1 <sprite name=""talent_yellow"">.","review","Progression name candidate; review with surrounding description."
"buff_talent_yellow_2","Book writing spirit II","Дух на писането II","review","Progression name candidate; review with surrounding description."
"buff_talent_yellow_2_d","You temporarily have +2 <sprite name=""talent_yellow"">.","Временно получаваш +2 <sprite name=""talent_yellow"">.","review","Progression name candidate; review with surrounding description."
"buff_talent_yellow_3","Book writing spirit III","Дух на писането III","review","Progression name candidate; review with surrounding description."
"buff_talent_yellow_3_d","You temporarily have +3 <sprite name=""talent_yellow"">.","Временно получаваш +3 <sprite name=""talent_yellow"">.","review","Progression name candidate; review with surrounding description."
"buff_thrifty_farmer","Thrifty farmer","Пестелив земеделец","review","Progression name candidate; review with surrounding description."
"buff_thrifty_farmer_d","Use fewer seeds when planting crops.","Използвай по-малко семена при засаждане.","review","Progression name candidate; review with surrounding description."
"buff_war_machines","War machines","Военни машини","review","Progression name candidate; review with surrounding description."
"buff_war_machines_d","You barricades and tower deal more damage and have better defenses.","Барикадите и кулите ти нанасят повече щети и имат по-добра защита.","review","Progression name candidate; review with surrounding description."
"buff_warlord","Warlord","Военачалник","review","Progression name candidate; review with surrounding description."
"buff_warlord_d","Capture flags faster during battles.","Превземай знамената по-бързо по време на битки.","review","Progression name candidate; review with surrounding description."
"insp_aghata_house_1","Agatha’s Guest I","Гост на Агата I","review","Inspiration series candidate; review terminology and tone."
"insp_aghata_house_1_d","Deal with Agatha and her... peculiar tastes. Upgrade Agatha's house.","Разправи се с Агата и нейните... особени вкусове. Подобри къщата на Агата.","review","Progression name candidate; review with surrounding description."
"insp_aghata_house_2","Agatha’s Guest II","Гост на Агата II","review","Inspiration series candidate; review terminology and tone."
"insp_aghata_house_3","Agatha’s Guest III","Гост на Агата III","review","Inspiration series candidate; review terminology and tone."
"insp_aghata_house_4","Agatha’s Guest IV","Гост на Агата IV","review","Inspiration series candidate; review terminology and tone."
"insp_aghata_house_5","Agatha’s Guest V","Гост на Агата V","review","Inspiration series candidate; review terminology and tone."
"insp_aghata_house_6","Agatha’s Guest VI","Гост на Агата VI","review","Inspiration series candidate; review terminology and tone."
"insp_alchemy_types_craft_1","Mixologist I","Миксолог I","review","Inspiration series candidate; review terminology and tone."
"insp_alchemy_types_craft_2","Mixologist II","Миксолог II","review","Inspiration series candidate; review terminology and tone."
"insp_alchemy_types_craft_3","Mixologist III","Миксолог III","review","Inspiration series candidate; review terminology and tone."
"insp_alchemy_types_craft_4","Mixologist IV","Миксолог IV","review","Inspiration series candidate; review terminology and tone."
"insp_alchemy_types_craft_5","Mixologist V","Миксолог V","review","Inspiration series candidate; review terminology and tone."
"insp_alchemy_types_craft_6","Mixologist VI","Миксолог VI","review","Inspiration series candidate; review terminology and tone."
"insp_alchemy_types_craft_d","Find all the alchemy recipes.","Открий всички алхимични рецепти.","review","Progression name candidate; review with surrounding description."
"insp_aple_master_1","Apple Picker I","Берач на ябълки I","review","Inspiration series candidate; review terminology and tone."
"insp_aple_master_2","Apple Picker II","Берач на ябълки II","review","Inspiration series candidate; review terminology and tone."
"insp_aple_master_3","Apple Picker III","Берач на ябълки III","review","Inspiration series candidate; review terminology and tone."
"insp_aple_master_4","Apple Picker IV","Берач на ябълки IV","review","Inspiration series candidate; review terminology and tone."
"insp_aple_master_5","Apple Picker V","Берач на ябълки V","review","Inspiration series candidate; review terminology and tone."
"insp_aple_master_6","Apple Picker VI","Берач на ябълки VI","review","Inspiration series candidate; review terminology and tone."
"insp_aple_master_d","Harvest apples like a dedicated orchard worker.","Бери ябълки като истински работник в овощна градина.","review","Progression name candidate; review with surrounding description."
"insp_baiter_1","Bait Maker I","Производител на стръв I","review","Inspiration series candidate; review terminology and tone."
"insp_baiter_1_d","Fish are picky. Thankfully, they don't write reviews. Create fish bait.","Рибата е капризна. За щастие, не пише отзиви. Създай стръв за риба.","review","Progression name candidate; review with surrounding description."
"insp_baiter_2","Bait Maker II","Производител на стръв II","review","Inspiration series candidate; review terminology and tone."
"insp_baiter_3","Bait Maker III","Производител на стръв III","review","Inspiration series candidate; review terminology and tone."
"insp_baiter_4","Bait Maker IV","Производител на стръв IV","review","Inspiration series candidate; review terminology and tone."
"insp_baker_1","Oven Lord I","Господар на фурната I","review","Inspiration series candidate; review terminology and tone."
"insp_baker_2","Oven Lord II","Господар на фурната II","review","Inspiration series candidate; review terminology and tone."
"insp_baker_3","Oven Lord III","Господар на фурната III","review","Inspiration series candidate; review terminology and tone."
"insp_baker_4","Oven Lord IV","Господар на фурната IV","review","Inspiration series candidate; review terminology and tone."
"insp_baker_5","Oven Lord V","Господар на фурната V","review","Inspiration series candidate; review terminology and tone."
"insp_baker_6","Oven Lord VI","Господар на фурната VI","review","Inspiration series candidate; review terminology and tone."
"insp_baker_d","Bake like your life depends on it.","Печи, сякаш животът ти зависи от това.","review","Progression name candidate; review with surrounding description."
"insp_belt_workbanches_1","Factory Setup I","Фабрична подготовка I","review","Inspiration series candidate; review terminology and tone."
"insp_belt_workbanches_2","Factory Setup II","Фабрична подготовка II","review","Inspiration series candidate; review terminology and tone."
"insp_belt_workbanches_3","Factory Setup III","Фабрична подготовка III","review","Inspiration series candidate; review terminology and tone."
"insp_belt_workbanches_4","Factory Setup IV","Фабрична подготовка IV","review","Inspiration series candidate; review terminology and tone."
"insp_belt_workbanches_5","Factory Setup V","Фабрична подготовка V","review","Inspiration series candidate; review terminology and tone."
"insp_belt_workbanches_6","Factory Setup VI","Фабрична подготовка VI","review","Inspiration series candidate; review terminology and tone."
"insp_belt_workbanches_d","Build factory workbenches.","Построй работни станции за Фабриката.","review","Progression name candidate; review with surrounding description."
"insp_belts_build_1","Belt Builder I","Строител на конвейери I","review","Inspiration series candidate; review terminology and tone."
"insp_belts_build_2","Belt Builder II","Строител на конвейери II","review","Inspiration series candidate; review terminology and tone."
"insp_belts_build_3","Belt Builder III","Строител на конвейери III","review","Inspiration series candidate; review terminology and tone."
"insp_belts_build_4","Belt Builder IV","Строител на конвейери IV","review","Inspiration series candidate; review terminology and tone."
"insp_belts_build_5","Belt Builder V","Строител на конвейери V","review","Inspiration series candidate; review terminology and tone."
"insp_belts_build_6","Belt Builder VI","Строител на конвейери VI","review","Inspiration series candidate; review terminology and tone."
"insp_belts_build_d","Build production lines that almost make sense. Build belts.","Построй производствени линии, които почти имат смисъл. Построй конвейерни ленти.","review","Progression name candidate; review with surrounding description."
"insp_belts_gears_used_1","Gear Grinder I","Майстор на зъбчатките I","review","Inspiration series candidate; review terminology and tone."
"insp_belts_gears_used_2","Gear Grinder II","Майстор на зъбчатките II","review","Inspiration series candidate; review terminology and tone."
"insp_belts_gears_used_3","Gear Grinder III","Майстор на зъбчатките III","review","Inspiration series candidate; review terminology and tone."
"insp_belts_gears_used_4","Gear Grinder IV","Майстор на зъбчатките IV","review","Inspiration series candidate; review terminology and tone."
"insp_belts_gears_used_5","Gear Grinder V","Майстор на зъбчатките V","review","Inspiration series candidate; review terminology and tone."
"insp_belts_gears_used_6","Gear Grinder VI","Майстор на зъбчатките VI","review","Inspiration series candidate; review terminology and tone."
"insp_belts_gears_used_d","Use gears like a factory boss.","Върти зъбчатките като истински фабричен майстор.","review","Humorous description paired with the inspiration title."
"insp_berry_seeker_1","Berry Seeker I","Търсач на плодове I","review","Inspiration series candidate; review terminology and tone."
"insp_berry_seeker_1_d","Gather berries","Бери плодове.","review","Progression name candidate; review with surrounding description."
"insp_berry_seeker_2","Berry Seeker II","Търсач на плодове II","review","Inspiration series candidate; review terminology and tone."
"insp_berry_seeker_3","Berry Seeker III","Търсач на плодове III","review","Inspiration series candidate; review terminology and tone."
"insp_berry_seeker_4","Berry Seeker IV","Търсач на плодове IV","review","Inspiration series candidate; review terminology and tone."
"insp_berry_seeker_5","Berry Seeker V","Търсач на плодове V","review","Inspiration series candidate; review terminology and tone."
"insp_berry_seeker_6","Berry Seeker VI","Търсач на плодове VI","review","Inspiration series candidate; review terminology and tone."
"insp_better_tools_1_1","Tool Upgrade I","Подобрение на инструментите I","review","Inspiration series candidate; review terminology and tone."
"insp_better_tools_1_1_d","Craft tools that are slightly less embarrassing.","Изработи инструменти, които са малко по-малко срамни.","review","Progression name candidate; review with surrounding description."
"insp_better_tools_2_1","Tool Upgrade II","Подобрение на инструментите II","review","Progression name candidate; review with surrounding description."
"insp_better_tools_3_1","Tool Upgrade III","Подобрение на инструментите III","review","Progression name candidate; review with surrounding description."
"insp_better_tools_4","Tool Upgrade IV","Подобрение на инструментите IV","review","Progression name candidate; review with surrounding description."
"insp_better_tools_5","Tool Upgrade V","Подобрение на инструментите V","review","Progression name candidate; review with surrounding description."
"insp_better_tools_6","Tool Upgrade VI","Подобрение на инструментите VI","review","Progression name candidate; review with surrounding description."
"insp_blockages_1","Clear the Way I","Разчисти пътя I","review","Inspiration series candidate; review terminology and tone."
"insp_blockages_1_d","Remove every obstacle that stands in your way.","Премахни всяко препятствие по пътя си.","review","Progression name candidate; review with surrounding description."
"insp_blockages_2","Clear the Way II","Разчисти пътя II","review","Inspiration series candidate; review terminology and tone."
"insp_blockages_3","Clear the Way III","Разчисти пътя III","review","Inspiration series candidate; review terminology and tone."
"insp_blockages_4","Clear the Way IV","Разчисти пътя IV","review","Inspiration series candidate; review terminology and tone."
"insp_blockages_5","Clear the Way V","Разчисти пътя V","review","Inspiration series candidate; review terminology and tone."
"insp_blockages_6","Clear the Way VI","Разчисти пътя VI","review","Inspiration series candidate; review terminology and tone."
"insp_books_craft_1","Book Maker I","Производител на книги I","review","Inspiration series candidate; review terminology and tone."
"insp_books_craft_1_d","Craft books like a proper scholar.","Изработвай книги като истински учен.","review","Progression name candidate; review with surrounding description."
"insp_books_craft_2","Book Maker II","Производител на книги II","review","Inspiration series candidate; review terminology and tone."
"insp_books_craft_3","Book Maker III","Производител на книги III","review","Inspiration series candidate; review terminology and tone."
"insp_books_craft_4","Book Maker IV","Производител на книги IV","review","Inspiration series candidate; review terminology and tone."
"insp_books_craft_5","Book Maker V","Производител на книги V","review","Inspiration series candidate; review terminology and tone."
"insp_books_craft_6","Book Maker VI","Производител на книги VI","review","Inspiration series candidate; review terminology and tone."
"insp_books_quality_1","Fine Literature I","Изискана литература I","review","Inspiration series candidate; review terminology and tone."
"insp_books_quality_2","Fine Literature II","Изискана литература II","review","Inspiration series candidate; review terminology and tone."
"insp_books_quality_3","Fine Literature III","Изискана литература III","review","Inspiration series candidate; review terminology and tone."
"insp_books_quality_4","Fine Literature IV","Изискана литература IV","review","Inspiration series candidate; review terminology and tone."
"insp_books_quality_5","Fine Literature V","Изискана литература V","review","Inspiration series candidate; review terminology and tone."
"insp_books_quality_6","Fine Literature VI","Изискана литература VI","review","Inspiration series candidate; review terminology and tone."
"insp_books_quality_d","Produce books of increasing star quality.","Произвеждай книги с все по-високо качество.","review","Progression name candidate; review with surrounding description."
"insp_breer_master_1","Brew Brain I","Пивоварен ум I","review","Inspiration series candidate; review terminology and tone."
"insp_breer_master_2","Brew Brain II","Пивоварен ум II","review","Inspiration series candidate; review terminology and tone."
"insp_breer_master_3","Brew Brain III","Пивоварен ум III","review","Inspiration series candidate; review terminology and tone."
"insp_breer_master_4","Brew Brain IV","Пивоварен ум IV","review","Inspiration series candidate; review terminology and tone."
"insp_breer_master_5","Brew Brain V","Пивоварен ум V","review","Inspiration series candidate; review terminology and tone."
"insp_breer_master_6","Brew Brain VI","Пивоварен ум VI","review","Inspiration series candidate; review terminology and tone."
"insp_breer_master_d","Brew star quality beer.","Свари бира със звездно качество.","review","Progression name candidate; review with surrounding description."
"insp_breer_trader_1","Brew Baron I","Барон на бирата I","review","Inspiration series candidate; review terminology and tone."
"insp_breer_trader_2","Brew Baron II","Барон на бирата II","review","Inspiration series candidate; review terminology and tone."
"insp_breer_trader_3","Brew Baron III","Барон на бирата III","review","Inspiration series candidate; review terminology and tone."
"insp_breer_trader_4","Brew Baron IV","Барон на бирата IV","review","Inspiration series candidate; review terminology and tone."
"insp_breer_trader_5","Brew Baron V","Барон на бирата V","review","Inspiration series candidate; review terminology and tone."
"insp_breer_trader_6","Brew Baron VI","Барон на бирата VI","review","Inspiration series candidate; review terminology and tone."
"insp_breer_trader_d","Sell beer.","Продавай бира.","review","Progression name candidate; review with surrounding description."
"insp_brewer_1","Brewer I","Пивовар I","review","Inspiration series candidate; review terminology and tone."
"insp_brewer_1_d","Brew as much beer as you can.","Свари колкото се може повече бира.","review","Progression name candidate; review with surrounding description."
"insp_brewer_2","Brewer II","Пивовар II","review","Inspiration series candidate; review terminology and tone."
"insp_brewer_3","Brewer III","Пивовар III","review","Inspiration series candidate; review terminology and tone."
"insp_brewer_4","Brewer IV","Пивовар IV","review","Inspiration series candidate; review terminology and tone."
"insp_brewer_5","Brewer V","Пивовар V","review","Inspiration series candidate; review terminology and tone."
"insp_brewer_6","Brewer VI","Пивовар VI","review","Inspiration series candidate; review terminology and tone."
"insp_bridge_cross_1","Bridge Builder I","Строител на мостове I","review","Inspiration series candidate; review terminology and tone."
"insp_bridge_cross_1_d","Cross where you were forbidden. Cross every bridge.","Премини там, където ти е било забранено. Премини по всеки мост.","review","Progression name candidate; review with surrounding description."
"insp_bridge_cross_2","Bridge Builder II","Строител на мостове II","review","Inspiration series candidate; review terminology and tone."
"insp_bridge_cross_3","Bridge Builder III","Строител на мостове III","review","Inspiration series candidate; review terminology and tone."
"insp_bridge_cross_4","Bridge Builder IV","Строител на мостове IV","review","Inspiration series candidate; review terminology and tone."
"insp_bridge_cross_5","Bridge Builder V","Строител на мостове V","review","Inspiration series candidate; review terminology and tone."
"insp_bridge_cross_6","Bridge Builder VI","Строител на мостове VI","review","Inspiration series candidate; review terminology and tone."
"insp_bronez_crafts_1","Bronze Crafter I","Бронзов майстор I","review","Inspiration series candidate; review terminology and tone."
"insp_bronez_crafts_1_d","Turn bronze into useful... stuff.","Превърни бронза в полезни... неща.","review","Progression name candidate; review with surrounding description."
"insp_bronez_crafts_2","Bronze Crafter II","Бронзов майстор II","review","Inspiration series candidate; review terminology and tone."
"insp_bronez_crafts_3","Bronze Crafter III","Бронзов майстор III","review","Inspiration series candidate; review terminology and tone."
"insp_bronez_crafts_4","Bronze Crafter IV","Бронзов майстор IV","review","Inspiration series candidate; review terminology and tone."
"insp_bronez_crafts_5","Bronze Crafter V","Бронзов майстор V","review","Inspiration series candidate; review terminology and tone."
"insp_bronez_crafts_6","Bronze Crafter VI","Бронзов майстор VI","review","Inspiration series candidate; review terminology and tone."
"insp_bronze_ingots_1","Bronze Age I","Бронзова епоха I","review","Inspiration series candidate; review terminology and tone."
"insp_bronze_ingots_1_d","Smelt enough bronze to feel historically important.","Разтопи достатъчно бронз, за да се почувстваш исторически значим.","review","Progression name candidate; review with surrounding description."
"insp_bronze_ingots_2","Bronze Age II","Бронзова епоха II","review","Inspiration series candidate; review terminology and tone."
"insp_bronze_ingots_3","Bronze Age III","Бронзова епоха III","review","Inspiration series candidate; review terminology and tone."
"insp_bronze_ingots_4","Bronze Age IV","Бронзова епоха IV","review","Inspiration series candidate; review terminology and tone."
"insp_bronze_ingots_5","Bronze Age V","Бронзова епоха V","review","Inspiration series candidate; review terminology and tone."
"insp_bronze_ingots_6","Bronze Age VI","Бронзова епоха VI","review","Inspiration series candidate; review terminology and tone."
"insp_build_house_1","Home Sweet Home I","Дом, мил дом I","review","Inspiration series candidate; review terminology and tone."
"insp_build_house_1_d","Restore buildings in the Town.","Възстановявай сгради в града.","review","Progression name candidate; review with surrounding description."
"insp_build_house_2","Home Sweet Home II","Дом, мил дом II","review","Inspiration series candidate; review terminology and tone."
"insp_build_house_3","Home Sweet Home III","Дом, мил дом III","review","Inspiration series candidate; review terminology and tone."
"insp_build_house_4","Home Sweet Home IV","Дом, мил дом IV","review","Inspiration series candidate; review terminology and tone."
"insp_build_house_5","Home Sweet Home V","Дом, мил дом V","review","Inspiration series candidate; review terminology and tone."
"insp_build_house_6","Home Sweet Home VI","Дом, мил дом VI","review","Inspiration series candidate; review terminology and tone."
"insp_build_shop_1","Shop Owner I","Собственик на магазин I","review","Inspiration series candidate; review terminology and tone."
"insp_build_shop_1_d","Bring the shops back to life in the Town.","Върни магазините към живот в града.","review","Progression name candidate; review with surrounding description."
"insp_build_shop_2","Shop Owner II","Собственик на магазин II","review","Inspiration series candidate; review terminology and tone."
"insp_build_shop_3","Shop Owner III","Собственик на магазин III","review","Inspiration series candidate; review terminology and tone."
"insp_build_shop_4","Shop Owner IV","Собственик на магазин IV","review","Inspiration series candidate; review terminology and tone."
"insp_build_shop_5","Shop Owner V","Собственик на магазин V","review","Inspiration series candidate; review terminology and tone."
"insp_build_shop_6","Shop Owner VI","Собственик на магазин VI","review","Inspiration series candidate; review terminology and tone."
"insp_canned_food_1","Tin Can I","Консерва I","review","Progression name candidate; review with surrounding description."
"insp_canned_food_2","Tin Can II","Консерва II","review","Progression name candidate; review with surrounding description."
"insp_canned_food_3","Tin Can III","Консерва III","review","Progression name candidate; review with surrounding description."
"insp_canned_food_4","Tin Can IV","Консерва IV","review","Progression name candidate; review with surrounding description."
"insp_canned_food_5","Tin Can V","Консерва V","review","Progression name candidate; review with surrounding description."
"insp_canned_food_6","Tin Can VI","Консерва VI","review","Progression name candidate; review with surrounding description."
"insp_canned_food_d","Preserve food for a future you may never see.","Запазвай храна за бъдеще, което може никога да не видиш.","review","Progression name candidate; review with surrounding description."
"insp_church_quality_1","Sacred Interior I","Свещен интериор I","review","Progression name candidate; review with surrounding description."
"insp_church_quality_1_d","Raise the <sprite name=""cross""> of your church to divine standards.","Повиши <sprite name=""cross""> на църквата си до божествени стандарти.","review","Progression name candidate; review with surrounding description."
"insp_church_quality_2","Sacred Interior II","Свещен интериор II","review","Progression name candidate; review with surrounding description."
"insp_church_quality_3","Sacred Interior III","Свещен интериор III","review","Progression name candidate; review with surrounding description."
"insp_church_quality_4","Sacred Interior IV","Свещен интериор IV","review","Progression name candidate; review with surrounding description."
"insp_church_quality_5","Sacred Interior V","Свещен интериор V","review","Progression name candidate; review with surrounding description."
"insp_church_quality_6","Sacred Interior VI","Свещен интериор VI","review","Progression name candidate; review with surrounding description."
"insp_church_quality_d","Raise the <sprite name=""cross""> of your church to divine standards.","Повиши <sprite name=""cross""> на църквата си до божествени стандарти.","review","Progression name candidate; review with surrounding description."
"insp_clay_craft_1","Mud Master I","Майстор на калта I","review","Progression name candidate; review with surrounding description."
"insp_clay_craft_1_d","Turn dirt into civilization.","Превърни калта в цивилизация.","review","Progression name candidate; review with surrounding description."
"insp_clay_craft_2","Mud Master II","Майстор на калта II","review","Progression name candidate; review with surrounding description."
"insp_clay_craft_3","Mud Master III","Майстор на калта III","review","Progression name candidate; review with surrounding description."
"insp_clay_craft_4","Mud Master IV","Майстор на калта IV","review","Progression name candidate; review with surrounding description."
"insp_clay_craft_5","Mud Master V","Майстор на калта V","review","Progression name candidate; review with surrounding description."
"insp_clay_craft_6","Mud Master VI","Майстор на калта VI","review","Progression name candidate; review with surrounding description."
"insp_cook_1","Cook I","Готвач I","review","Progression name candidate; review with surrounding description."
"insp_cook_1_d","Cook dishes.","Готви ястия.","review","Progression name candidate; review with surrounding description."
"insp_cook_2","Cook II","Готвач II","review","Progression name candidate; review with surrounding description."
"insp_cook_3","Cook III","Готвач III","review","Progression name candidate; review with surrounding description."
"insp_cook_4","Cook IV","Готвач IV","review","Progression name candidate; review with surrounding description."
"insp_cook_5","Cook V","Готвач V","review","Progression name candidate; review with surrounding description."
"insp_cook_6","Cook VI","Готвач VI","review","Progression name candidate; review with surrounding description."
"insp_cook_master_1","Big menu I","Голямо меню I","review","Progression name candidate; review with surrounding description."
"insp_cook_master_2","Big menu II","Голямо меню II","review","Progression name candidate; review with surrounding description."
"insp_cook_master_3","Big menu III","Голямо меню III","review","Progression name candidate; review with surrounding description."
"insp_cook_master_4","Big menu IV","Голямо меню IV","review","Progression name candidate; review with surrounding description."
"insp_cook_master_5","Big menu V","Голямо меню V","review","Progression name candidate; review with surrounding description."
"insp_cook_master_6","Big menu VI","Голямо меню VI","review","Progression name candidate; review with surrounding description."
"insp_cook_master_d","Expand your menu beyond basic survival. Cook different dishes.","Разшири менюто си отвъд простото оцеляване. Готви различни ястия.","review","Progression name candidate; review with surrounding description."
"insp_cook_star_1","1 Star Cook","Готвач с 1 звезда","review","Progression name candidate; review with surrounding description."
"insp_cook_star_2","2 Star Cook","Готвач с 2 звезди","review","Progression name candidate; review with surrounding description."
"insp_cook_star_3","3 Star Cook","Готвач с 3 звезди","review","Progression name candidate; review with surrounding description."
"insp_cook_star_d","Cook star quality dishes.","Готви ястия със звездно качество.","review","Progression name candidate; review with surrounding description."
"insp_copper_collect_1","The Copper Rush I","Медна треска I","review","Progression name candidate; review with surrounding description."
"insp_copper_collect_1_d","A copper vein is waiting for your pickaxe.","Медна жила чака твоята кирка.","review","Progression name candidate; review with surrounding description."
"insp_copper_collect_2","The Copper Rush II","Медна треска II","review","Progression name candidate; review with surrounding description."
"insp_copper_collect_3","The Copper Rush III","Медна треска III","review","Progression name candidate; review with surrounding description."
"insp_copper_collect_4","The Copper Rush IV","Медна треска IV","review","Progression name candidate; review with surrounding description."
"insp_copper_collect_5","The Copper Rush V","Медна треска V","review","Progression name candidate; review with surrounding description."
"insp_copper_collect_6","The Copper Rush VI","Медна треска VI","review","Progression name candidate; review with surrounding description."
"insp_corpes_burned_1","Ashes to Ashes I","От прах във прах I","review","Progression name candidate; review with surrounding description."
"insp_corpes_burned_2","Ashes to Ashes II","От прах във прах II","review","Progression name candidate; review with surrounding description."
"insp_corpes_burned_3","Ashes to Ashes III","От прах във прах III","review","Progression name candidate; review with surrounding description."
"insp_corpes_burned_4","Ashes to Ashes IV","От прах във прах IV","review","Progression name candidate; review with surrounding description."
"insp_corpes_burned_5","Ashes to Ashes V","От прах във прах V","review","Progression name candidate; review with surrounding description."
"insp_corpes_burned_6","Ashes to Ashes VI","От прах във прах VI","review","Progression name candidate; review with surrounding description."
"insp_corpes_burned_d","Burn bodies for... efficiency.","Изгаряй тела заради... ефективността.","review","Progression name candidate; review with surrounding description."
"insp_corpes_rskull_1","Red Skull Fan I","Фен на червените черепи I","review","Progression name candidate; review with surrounding description."
"insp_corpes_rskull_2","Red Skull Fan II","Фен на червените черепи II","review","Progression name candidate; review with surrounding description."
"insp_corpes_rskull_3","Red Skull Fan III","Фен на червените черепи III","review","Progression name candidate; review with surrounding description."
"insp_corpes_rskull_4","Red Skull Fan IV","Фен на червените черепи IV","review","Progression name candidate; review with surrounding description."
"insp_corpes_rskull_5","Red Skull Fan V","Фен на червените черепи V","review","Progression name candidate; review with surrounding description."
"insp_corpes_rskull_6","Red Skull Fan VI","Фен на червените черепи VI","review","Progression name candidate; review with surrounding description."
"insp_corpes_rskull_d","Embrace the bad ones too. That means lots of <sprite name=""rskull"">.","Приеми и лошите. Това означава много <sprite name=""rskull"">.","review","Progression name candidate; review with surrounding description."
"insp_corpes_spare_parts_1","Spare Parts I","Резервни части I","review","Progression name candidate; review with surrounding description."
"insp_corpes_spare_parts_2","Spare Parts II","Резервни части II","review","Progression name candidate; review with surrounding description."
"insp_corpes_spare_parts_3","Spare Parts III","Резервни части III","review","Progression name candidate; review with surrounding description."
"insp_corpes_spare_parts_4","Spare Parts IV","Резервни части IV","review","Progression name candidate; review with surrounding description."
"insp_corpes_spare_parts_5","Spare Parts V","Резервни части V","review","Progression name candidate; review with surrounding description."
"insp_corpes_spare_parts_6","Spare Parts VI","Резервни части VI","review","Progression name candidate; review with surrounding description."
"insp_corpes_spare_parts_d","Collect spare parts from bodies. Blood, skin, fat...","Събирай резервни части от телата. Кръв, кожа, мазнина...","review","Progression name candidate; review with surrounding description."
"insp_corpes_wskull_1","White Skull Club I","Клуб на белите черепи I","review","Progression name candidate; review with surrounding description."
"insp_corpes_wskull_2","White Skull Club II","Клуб на белите черепи II","review","Progression name candidate; review with surrounding description."
"insp_corpes_wskull_3","White Skull Club III","Клуб на белите черепи III","review","Progression name candidate; review with surrounding description."
"insp_corpes_wskull_4","White Skull Club IV","Клуб на белите черепи IV","review","Progression name candidate; review with surrounding description."
"insp_corpes_wskull_5","White Skull Club V","Клуб на белите черепи V","review","Progression name candidate; review with surrounding description."
"insp_corpes_wskull_6","White Skull Club VI","Клуб на белите черепи VI","review","Progression name candidate; review with surrounding description."
"insp_corpes_wskull_d","Collect ""high quality” corpses. That means lots of <sprite name=""skull"">.","Събирай „висококачествени“ трупове. Това означава много <sprite name=""skull"">.","review","Progression name candidate; review with surrounding description."
"insp_craft_alchemy_1","Alchemy Junkie I","Алхимичен маниак I","review","Progression name candidate; review with surrounding description."
"insp_craft_alchemy_2","Alchemy Junkie II","Алхимичен маниак II","review","Progression name candidate; review with surrounding description."
"insp_craft_alchemy_3","Alchemy Junkie III","Алхимичен маниак III","review","Progression name candidate; review with surrounding description."
"insp_craft_alchemy_4","Alchemy Junkie IV","Алхимичен маниак IV","review","Progression name candidate; review with surrounding description."
"insp_craft_alchemy_5","Alchemy Junkie V","Алхимичен маниак V","review","Progression name candidate; review with surrounding description."
"insp_craft_alchemy_6","Alchemy Junkie VI","Алхимичен маниак VI","review","Progression name candidate; review with surrounding description."
"insp_craft_alchemy_d","Devote yourself like a true addict of the alchemy bench.","Посвети се на алхимичната маса като истински зависим.","review","Progression name candidate; review with surrounding description."
"insp_deff_build_1","Defense Architect I","Архитект на отбраната I","review","Progression name candidate; review with surrounding description."
"insp_deff_build_1_d","Build defenses like something is coming.","Строй защити, сякаш нещо идва.","review","Progression name candidate; review with surrounding description."
"insp_deff_build_2","Defense Architect II","Архитект на отбраната II","review","Progression name candidate; review with surrounding description."
"insp_deff_build_3","Defense Architect III","Архитект на отбраната III","review","Progression name candidate; review with surrounding description."
"insp_deff_build_4","Defense Architect IV","Архитект на отбраната IV","review","Progression name candidate; review with surrounding description."
"insp_deff_build_5","Defense Architect V","Архитект на отбраната V","review","Progression name candidate; review with surrounding description."
"insp_deff_build_6","Defense Architect VI","Архитект на отбраната VI","review","Progression name candidate; review with surrounding description."
"insp_eater_1","First Bite I","Първа хапка I","review","Progression name candidate; review with surrounding description."
"insp_eater_2","First Bite II","Първа хапка II","review","Progression name candidate; review with surrounding description."
"insp_eater_3","First Bite III","Първа хапка III","review","Progression name candidate; review with surrounding description."
"insp_eater_4","First Bite IV","Първа хапка IV","review","Progression name candidate; review with surrounding description."
"insp_eater_5","First Bite V","Първа хапка V","review","Progression name candidate; review with surrounding description."
"insp_eater_6","First Bite VI","Първа хапка VI","review","Progression name candidate; review with surrounding description."
"insp_eater_collector_1","Food Collector I","Събирач на храна I","review","Progression name candidate; review with surrounding description."
"insp_eater_collector_2","Food Collector II","Събирач на храна II","review","Progression name candidate; review with surrounding description."
"insp_eater_collector_3","Food Collector III","Събирач на храна III","review","Progression name candidate; review with surrounding description."
"insp_eater_collector_4","Food Collector IV","Събирач на храна IV","review","Progression name candidate; review with surrounding description."
"insp_eater_collector_5","Food Collector V","Събирач на храна V","review","Progression name candidate; review with surrounding description."
"insp_eater_collector_6","Food Collector VI","Събирач на храна VI","review","Progression name candidate; review with surrounding description."
"insp_eater_collector_d","Try different dishes.","Опитвай различни ястия.","review","Progression name candidate; review with surrounding description."
"insp_eater_d","Eat every meal like it could be your last...","Яж всяко ястие, сякаш може да е последното ти...","review","Progression name candidate; review with surrounding description."
"insp_enbalme_1","Pickle Master I","Майстор на туршиите I","review","Progression name candidate; review with surrounding description."
"insp_enbalme_2","Pickle Master II","Майстор на туршиите II","review","Progression name candidate; review with surrounding description."
"insp_enbalme_3","Pickle Master III","Майстор на туршиите III","review","Progression name candidate; review with surrounding description."
"insp_enbalme_4","Pickle Master IV","Майстор на туршиите IV","review","Progression name candidate; review with surrounding description."
"insp_enbalme_5","Pickle Master V","Майстор на туршиите V","review","Progression name candidate; review with surrounding description."
"insp_enbalme_6","Pickle Master VI","Майстор на туршиите VI","review","Progression name candidate; review with surrounding description."
"insp_enbalme_d","Preserve bodies like a true professional. Embalm.","Съхранявай тела като истински професионалист. Балсамирай.","review","Progression name candidate; review with surrounding description."
"insp_enbalme_type_used_1","Chemical Taste I","Химически вкус I","review","Progression name candidate; review with surrounding description."
"insp_enbalme_type_used_2","Chemical Taste II","Химически вкус II","review","Progression name candidate; review with surrounding description."
"insp_enbalme_type_used_3","Chemical Taste III","Химически вкус III","review","Progression name candidate; review with surrounding description."
"insp_enbalme_type_used_4","Chemical Taste IV","Химически вкус IV","review","Progression name candidate; review with surrounding description."
"insp_enbalme_type_used_5","Chemical Taste V","Химически вкус V","review","Progression name candidate; review with surrounding description."
"insp_enbalme_type_used_6","Chemical Taste VI","Химически вкус VI","review","Progression name candidate; review with surrounding description."
"insp_enbalme_type_used_d","Use every strange fluid you can find.","Използвай всяка странна течност, която намериш.","review","Progression name candidate; review with surrounding description."
"insp_exhumation_1","Exhumation I","Ексхумация I","review","Progression name candidate; review with surrounding description."
"insp_exhumation_2","Exhumation II","Ексхумация II","review","Progression name candidate; review with surrounding description."
"insp_exhumation_3","Exhumation III","Ексхумация III","review","Progression name candidate; review with surrounding description."
"insp_exhumation_4","Exhumation IV","Ексхумация IV","review","Progression name candidate; review with surrounding description."
"insp_exhumation_5","Exhumation V","Ексхумация V","review","Progression name candidate; review with surrounding description."
"insp_exhumation_6","Exhumation VI","Ексхумация VI","review","Progression name candidate; review with surrounding description."
"insp_exhumation_d","Dig up what was meant to remain undisturbed.","Изкопай онова, което е трябвало да остане недокоснато.","review","Progression name candidate; review with surrounding description."
"insp_faith_one_pray_1","Divine Burst I","Божествен изблик I","review","Progression name candidate; review with surrounding description."
"insp_faith_one_pray_2","Divine Burst II","Божествен изблик II","review","Progression name candidate; review with surrounding description."
"insp_faith_one_pray_3","Divine Burst III","Божествен изблик III","review","Progression name candidate; review with surrounding description."
"insp_faith_one_pray_4","Divine Burst IV","Божествен изблик IV","review","Progression name candidate; review with surrounding description."
"insp_faith_one_pray_5","Divine Burst V","Божествен изблик V","review","Progression name candidate; review with surrounding description."
"insp_faith_one_pray_6","Divine Burst VI","Божествен изблик VI","review","Progression name candidate; review with surrounding description."
"insp_faith_one_pray_d","Gain massive Faith from a single prayer.","Получи огромно количество вяра от една-единствена молитва.","review","Progression name candidate; review with surrounding description."
"insp_faith_total_1","True Believer I","Истински вярващ I","review","Progression name candidate; review with surrounding description."
"insp_faith_total_2","True Believer II","Истински вярващ II","review","Progression name candidate; review with surrounding description."
"insp_faith_total_3","True Believer III","Истински вярващ III","review","Progression name candidate; review with surrounding description."
"insp_faith_total_4","True Believer IV","Истински вярващ IV","review","Progression name candidate; review with surrounding description."
"insp_faith_total_5","True Believer V","Истински вярващ V","review","Progression name candidate; review with surrounding description."
"insp_faith_total_6","True Believer VI","Истински вярващ VI","review","Progression name candidate; review with surrounding description."
"insp_faith_total_d","Accumulate a mountain of Faith. ","Натрупай планина от вяра.","review","Progression name candidate; review with surrounding description."
"insp_farmer_collector_1","Harvest Hoarder I","Колекционер на реколта I","review","Progression name candidate; review with surrounding description."
"insp_farmer_collector_2","Harvest Hoarder II","Колекционер на реколта II","review","Progression name candidate; review with surrounding description."
"insp_farmer_collector_3","Harvest Hoarder III","Колекционер на реколта III","review","Progression name candidate; review with surrounding description."
"insp_farmer_collector_4","Harvest Hoarder IV","Колекционер на реколта IV","review","Progression name candidate; review with surrounding description."
"insp_farmer_collector_5","Harvest Hoarder V","Колекционер на реколта V","review","Progression name candidate; review with surrounding description."
"insp_farmer_collector_6","Harvest Hoarder VI","Колекционер на реколта VI","review","Progression name candidate; review with surrounding description."
"insp_farmer_collector_d","Gather different types of crops.","Събирай различни видове реколта.","review","Progression name candidate; review with surrounding description."
"insp_farmer_master_1","Farm Overlord I","Владетел на фермата I","review","Progression name candidate; review with surrounding description."
"insp_farmer_master_2","Farm Overlord II","Владетел на фермата II","review","Progression name candidate; review with surrounding description."
"insp_farmer_master_3","Farm Overlord III","Владетел на фермата III","review","Progression name candidate; review with surrounding description."
"insp_farmer_master_4","Farm Overlord IV","Владетел на фермата IV","review","Progression name candidate; review with surrounding description."
"insp_farmer_master_5","Farm Overlord V","Владетел на фермата V","review","Progression name candidate; review with surrounding description."
"insp_farmer_master_6","Farm Overlord VI","Владетел на фермата VI","review","Progression name candidate; review with surrounding description."
"insp_farmer_master_d","Reap star quality harvests.","Жъни реколта със звездно качество.","review","Progression name candidate; review with surrounding description."
"insp_fertilizer_1","Fertilizer I","Тор I","review","Progression name candidate; review with surrounding description."
"insp_fertilizer_2","Fertilizer II","Тор II","review","Progression name candidate; review with surrounding description."
"insp_fertilizer_3","Fertilizer III","Тор III","review","Progression name candidate; review with surrounding description."
"insp_fertilizer_4","Fertilizer IV","Тор IV","review","Progression name candidate; review with surrounding description."
"insp_fertilizer_5","Fertilizer V","Тор V","review","Progression name candidate; review with surrounding description."
"insp_fertilizer_6","Fertilizer VI","Тор VI","review","Progression name candidate; review with surrounding description."
"insp_fertilizer_d","Make fertilizer from... questionable sources.","Прави тор от... съмнителни източници.","review","Progression name candidate; review with surrounding description."
"insp_fertilizer_master_1","Lord of Rot I","Властелин на разложението I","review","Progression name candidate; review with surrounding description."
"insp_fertilizer_master_2","Lord of Rot II","Властелин на разложението II","review","Progression name candidate; review with surrounding description."
"insp_fertilizer_master_3","Lord of Rot III","Властелин на разложението III","review","Progression name candidate; review with surrounding description."
"insp_fertilizer_master_4","Lord of Rot IV","Властелин на разложението IV","review","Progression name candidate; review with surrounding description."
"insp_fertilizer_master_5","Lord of Rot V","Властелин на разложението V","review","Progression name candidate; review with surrounding description."
"insp_fertilizer_master_6","Lord of Rot VI","Властелин на разложението VI","review","Progression name candidate; review with surrounding description."
"insp_fertilizer_master_d","Perfect the art of turning waste into life. Make star quality fertilizer.","Усъвършенствай изкуството да превръщаш отпадъка в живот. Прави тор със звездно качество.","review","Progression name candidate; review with surrounding description."
"insp_firewood_use_1","Firewood Addict I","Пристрастен към дървата I","review","Progression name candidate; review with surrounding description."
"insp_firewood_use_2","Firewood Addict II","Пристрастен към дървата II","review","Progression name candidate; review with surrounding description."
"insp_firewood_use_3","Firewood Addict III","Пристрастен към дървата III","review","Progression name candidate; review with surrounding description."
"insp_firewood_use_4","Firewood Addict IV","Пристрастен към дървата IV","review","Progression name candidate; review with surrounding description."
"insp_firewood_use_5","Firewood Addict V","Пристрастен към дървата V","review","Progression name candidate; review with surrounding description."
"insp_firewood_use_6","Firewood Addict VI","Пристрастен към дървата VI","review","Progression name candidate; review with surrounding description."
"insp_firewood_use_d","Burn through wood and coal. Spend <sprite name=""fire"">.","Изгаряй дърва и въглища. Изразходвай <sprite name=""fire"">.","review","Progression name candidate; review with surrounding description."
"insp_fish_filet_1","Clean Cut I","Чист разрез I","review","Progression name candidate; review with surrounding description."
"insp_fish_filet_2","Clean Cut II","Чист разрез II","review","Progression name candidate; review with surrounding description."
"insp_fish_filet_3","Clean Cut III","Чист разрез III","review","Progression name candidate; review with surrounding description."
"insp_fish_filet_4","Clean Cut IV","Чист разрез IV","review","Progression name candidate; review with surrounding description."
"insp_fish_filet_5","Clean Cut V","Чист разрез V","review","Progression name candidate; review with surrounding description."
"insp_fish_filet_6","Clean Cut VI","Чист разрез VI","review","Progression name candidate; review with surrounding description."
"insp_fish_filet_d","Fillet fish with surgical precision.","Филирай риба с хирургическа прецизност.","review","Progression name candidate; review with surrounding description."
"insp_fish_master_1","Catch them all I","Хвани ги всичките I","review","Progression name candidate; review with surrounding description."
"insp_fish_master_2","Catch them all II","Хвани ги всичките II","review","Progression name candidate; review with surrounding description."
"insp_fish_master_3","Catch them all III","Хвани ги всичките III","review","Progression name candidate; review with surrounding description."
"insp_fish_master_4","Catch them all IV","Хвани ги всичките IV","review","Progression name candidate; review with surrounding description."
"insp_fish_master_5","Catch them all V","Хвани ги всичките V","review","Progression name candidate; review with surrounding description."
"insp_fish_master_6","Catch them all VI","Хвани ги всичките VI","review","Progression name candidate; review with surrounding description."
"insp_fish_master_d","Catch every fish that swims or crawls.","Хвани всяка риба, която плува или пълзи.","review","Progression name candidate; review with surrounding description."
"insp_fisher_1","Fisher I","Рибар I","review","Progression name candidate; review with surrounding description."
"insp_fisher_1_d","They're all slippery and floppy!","Всички са хлъзгави и се мятат!","review","Progression name candidate; review with surrounding description."
"insp_fisher_2","Fisher II","Рибар II","review","Progression name candidate; review with surrounding description."
"insp_fisher_3","Fisher III","Рибар III","review","Progression name candidate; review with surrounding description."
"insp_fisher_4","Fisher IV","Рибар IV","review","Progression name candidate; review with surrounding description."
"insp_fisher_5","Fisher V","Рибар V","review","Progression name candidate; review with surrounding description."
"insp_fisher_6","Fisher VI","Рибар VI","review","Progression name candidate; review with surrounding description."
"insp_food_supply_1","Endless Supply I","Безкрайни припаси I","review","Progression name candidate; review with surrounding description."
"insp_food_supply_2","Endless Supply II","Безкрайни припаси II","review","Progression name candidate; review with surrounding description."
"insp_food_supply_3","Endless Supply III","Безкрайни припаси III","review","Progression name candidate; review with surrounding description."
"insp_food_supply_4","Endless Supply IV","Безкрайни припаси IV","review","Progression name candidate; review with surrounding description."
"insp_food_supply_5","Endless Supply V","Безкрайни припаси V","review","Progression name candidate; review with surrounding description."
"insp_food_supply_6","Endless Supply VI","Безкрайни припаси VI","review","Progression name candidate; review with surrounding description."
"insp_food_supply_d","Complete a number of food orders for the Town.","Изпълни определен брой поръчки за храна за града.","review","Progression name candidate; review with surrounding description."
"insp_food_trader_1","Food Baron I","Барон на храната I","review","Progression name candidate; review with surrounding description."
"insp_food_trader_2","Food Baron II","Барон на храната II","review","Progression name candidate; review with surrounding description."
"insp_food_trader_3","Food Baron III","Барон на храната III","review","Progression name candidate; review with surrounding description."
"insp_food_trader_4","Food Baron IV","Барон на храната IV","review","Progression name candidate; review with surrounding description."
"insp_food_trader_5","Food Baron V","Барон на храната V","review","Progression name candidate; review with surrounding description."
"insp_food_trader_6","Food Baron VI","Барон на храната VI","review","Progression name candidate; review with surrounding description."
"insp_food_trader_d","Turn food into a profitable business. Sell dishes.","Превърни храната в печеливш бизнес. Продавай ястия.","review","Progression name candidate; review with surrounding description."
"insp_furniture_craft_1","Furniture Maker I","Мебелджия I","review","Progression name candidate; review with surrounding description."
"insp_furniture_craft_1_d","Fill spaces with things to sit on. Craft Furniture Kits.","Запълвай празните места с неща за сядане. Изработвай комплекти мебели.","review","Progression name candidate; review with surrounding description."
"insp_furniture_craft_2","Furniture Maker II","Мебелджия II","review","Progression name candidate; review with surrounding description."
"insp_furniture_craft_3","Furniture Maker III","Мебелджия III","review","Progression name candidate; review with surrounding description."
"insp_furniture_craft_4","Furniture Maker IV","Мебелджия IV","review","Progression name candidate; review with surrounding description."
"insp_furniture_craft_5","Furniture Maker V","Мебелджия V","review","Progression name candidate; review with surrounding description."
"insp_furniture_craft_6","Furniture Maker VI","Мебелджия VI","review","Progression name candidate; review with surrounding description."
"insp_gardener_1","Gardener I","Градинар I","review","Progression name candidate; review with surrounding description."
"insp_gardener_1_d","Dig a garden bed","Изкопай леха.","review","Progression name candidate; review with surrounding description."
"insp_gardener_2","Gardener II","Градинар II","review","Progression name candidate; review with surrounding description."
"insp_gardener_2_d","Dig garden beds","Изкопай лехи.","review","Progression name candidate; review with surrounding description."
"insp_gardener_3","Gardener III","Градинар III","review","Progression name candidate; review with surrounding description."
"insp_gardener_4","Gardener IV","Градинар IV","review","Progression name candidate; review with surrounding description."
"insp_gardener_5","Gardener V","Градинар V","review","Progression name candidate; review with surrounding description."
"insp_gardener_6","Gardener VI","Градинар VI","review","Progression name candidate; review with surrounding description."
"insp_get_gems_1","Gem Hoarder I","Колекционер на скъпоценни камъни I","review","Progression name candidate; review with surrounding description."
"insp_get_gems_2","Gem Hoarder II","Колекционер на скъпоценни камъни II","review","Progression name candidate; review with surrounding description."
"insp_get_gems_3","Gem Hoarder III","Колекционер на скъпоценни камъни III","review","Progression name candidate; review with surrounding description."
"insp_get_gems_4","Gem Hoarder IV","Колекционер на скъпоценни камъни IV","review","Progression name candidate; review with surrounding description."
"insp_get_gems_5","Gem Hoarder V","Колекционер на скъпоценни камъни V","review","Progression name candidate; review with surrounding description."
"insp_get_gems_6","Gem Hoarder VI","Колекционер на скъпоценни камъни VI","review","Progression name candidate; review with surrounding description."
"insp_get_gems_d","Collect shiny gems like a true magpie.","Събирай блестящи камъни като истинска сврака.","review","Progression name candidate; review with surrounding description."
"insp_get_gold_ingots_1","Gold Rush I","Златна треска I","review","Progression name candidate; review with surrounding description."
"insp_get_gold_ingots_2","Gold Rush II","Златна треска II","review","Progression name candidate; review with surrounding description."
"insp_get_gold_ingots_3","Gold Rush III","Златна треска III","review","Progression name candidate; review with surrounding description."
"insp_get_gold_ingots_4","Gold Rush IV","Златна треска IV","review","Progression name candidate; review with surrounding description."
"insp_get_gold_ingots_5","Gold Rush V","Златна треска V","review","Progression name candidate; review with surrounding description."
"insp_get_gold_ingots_6","Gold Rush VI","Златна треска VI","review","Progression name candidate; review with surrounding description."
"insp_get_gold_ingots_d","Get your hands on precious gold ingots.","Сложи ръка на ценни златни слитъци.","review","Progression name candidate; review with surrounding description."
"insp_glass_craft_1","Glass Blower I","Стъклар I","review","Progression name candidate; review with surrounding description."
"insp_glass_craft_1_d","Make fragile things with confidence.","Изработвай крехки неща с увереност.","review","Progression name candidate; review with surrounding description."
"insp_glass_craft_2","Glass Blower II","Стъклар II","review","Progression name candidate; review with surrounding description."
"insp_glass_craft_3","Glass Blower III","Стъклар III","review","Progression name candidate; review with surrounding description."
"insp_glass_craft_4","Glass Blower IV","Стъклар IV","review","Progression name candidate; review with surrounding description."
"insp_glass_craft_5","Glass Blower V","Стъклар V","review","Progression name candidate; review with surrounding description."
"insp_glass_craft_6","Glass Blower VI","Стъклар VI","review","Progression name candidate; review with surrounding description."
"insp_graveyard_quality_1","Resting Place I","Място за покой I","review","Progression name candidate; review with surrounding description."
"insp_graveyard_quality_1_d","Turn your graveyard into a respectable place. <sprite name=""wskull"">","Превърни гробището си в почтено място. <sprite name=""wskull"">","review","Progression name candidate; review with surrounding description."
"insp_graveyard_quality_2","Resting Place II","Място за покой II","review","Progression name candidate; review with surrounding description."
"insp_graveyard_quality_3","Resting Place III","Място за покой III","review","Progression name candidate; review with surrounding description."
"insp_graveyard_quality_4","Resting Place IV","Място за покой IV","review","Progression name candidate; review with surrounding description."
"insp_graveyard_quality_5","Resting Place V","Място за покой V","review","Progression name candidate; review with surrounding description."
"insp_graveyard_quality_6","Resting Place VI","Място за покой VI","review","Progression name candidate; review with surrounding description."
"insp_graveyard_quality_d","Turn your graveyard into a respectable place. <sprite name=""wskull"">","Превърни гробището си в почтено място. <sprite name=""wskull"">","review","Progression name candidate; review with surrounding description."
"insp_hunny_hunter_1","Sticky Fingers I","Лепкави пръсти I","review","Progression name candidate; review with surrounding description."
"insp_hunny_hunter_1_d","Collect honey like a true professional.","Събирай мед като истински професионалист.","review","Progression name candidate; review with surrounding description."
"insp_hunny_hunter_2","Sticky Fingers II","Лепкави пръсти II","review","Progression name candidate; review with surrounding description."
"insp_hunny_hunter_3","Sticky Fingers III","Лепкави пръсти III","review","Progression name candidate; review with surrounding description."
"insp_hunny_hunter_4","Sticky Fingers IV","Лепкави пръсти IV","review","Progression name candidate; review with surrounding description."
"insp_hunny_hunter_5","Sticky Fingers V","Лепкави пръсти V","review","Progression name candidate; review with surrounding description."
"insp_hunny_hunter_6","Sticky Fingers VI","Лепкави пръсти VI","review","Progression name candidate; review with surrounding description."
"insp_hunny_lover_1","Sweet Tooth I","Сладък зъб I","review","Progression name candidate; review with surrounding description."
"insp_hunny_lover_1_d","Consume more honey than is medically advisable.","Яж повече мед, отколкото е препоръчително от медицинска гледна точка.","review","Progression name candidate; review with surrounding description."
"insp_hunny_lover_2","Sweet Tooth II","Сладък зъб II","review","Progression name candidate; review with surrounding description."
"insp_hunny_lover_3","Sweet Tooth III","Сладък зъб III","review","Progression name candidate; review with surrounding description."
"insp_hunny_lover_4","Sweet Tooth IV","Сладък зъб IV","review","Progression name candidate; review with surrounding description."
"insp_hunny_lover_5","Sweet Tooth V","Сладък зъб V","review","Progression name candidate; review with surrounding description."
"insp_hunny_lover_6","Sweet Tooth VI","Сладък зъб VI","review","Progression name candidate; review with surrounding description."
"insp_impruve_organ_1","Better Inside I","По-добра вътрешност I","review","Progression name candidate; review with surrounding description."
"insp_impruve_organ_2","Better Inside II","По-добра вътрешност II","review","Progression name candidate; review with surrounding description."
"insp_impruve_organ_3","Better Inside III","По-добра вътрешност III","review","Progression name candidate; review with surrounding description."
"insp_impruve_organ_4","Better Inside IV","По-добра вътрешност IV","review","Progression name candidate; review with surrounding description."
"insp_impruve_organ_5","Better Inside V","По-добра вътрешност V","review","Progression name candidate; review with surrounding description."
"insp_impruve_organ_6","Better Inside VI","По-добра вътрешност VI","review","Progression name candidate; review with surrounding description."
"insp_impruve_organ_d","Improve organs beyond their original design.","Подобрявай органите отвъд първоначалния им замисъл.","review","Progression name candidate; review with surrounding description."
"insp_impruve_organ_master_1","Organ Perfection I","Съвършенство на органите I","review","Progression name candidate; review with surrounding description."
"insp_impruve_organ_master_2","Organ Perfection II","Съвършенство на органите II","review","Progression name candidate; review with surrounding description."
"insp_impruve_organ_master_3","Organ Perfection III","Съвършенство на органите III","review","Progression name candidate; review with surrounding description."
"insp_impruve_organ_master_4","Organ Perfection IV","Съвършенство на органите IV","review","Progression name candidate; review with surrounding description."
"insp_impruve_organ_master_5","Organ Perfection V","Съвършенство на органите V","review","Progression name candidate; review with surrounding description."
"insp_impruve_organ_master_6","Organ Perfection VI","Съвършенство на органите VI","review","Progression name candidate; review with surrounding description."
"insp_impruve_organ_master_d","Obtain star quality organs that are... suspiciously perfect.","Вземай органи със звездно качество, които са... подозрително съвършени.","review","Progression name candidate; review with surrounding description."
"insp_insane_reduse_1","Back to Normal I","Обратно към нормалното I","review","Progression name candidate; review with surrounding description."
"insp_insane_reduse_2","Back to Normal II","Обратно към нормалното II","review","Progression name candidate; review with surrounding description."
"insp_insane_reduse_3","Back to Normal III","Обратно към нормалното III","review","Progression name candidate; review with surrounding description."
"insp_insane_reduse_4","Back to Normal IV","Обратно към нормалното IV","review","Progression name candidate; review with surrounding description."
"insp_insane_reduse_5","Back to Normal V","Обратно към нормалното V","review","Progression name candidate; review with surrounding description."
"insp_insane_reduse_6","Back to Normal VI","Обратно към нормалното VI","review","Progression name candidate; review with surrounding description."
"insp_insane_reduse_d","Reduce your <sprite name=""insanity""> without sleeping.","Намалявай <sprite name=""insanity""> без сън.","review","Progression name candidate; review with surrounding description."
"insp_insanity_earn_1","Mad Gains I","Трупай лудост I","review","Progression name candidate; review with surrounding description."
"insp_insanity_earn_2","Mad Gains II","Трупай лудост II","review","Progression name candidate; review with surrounding description."
"insp_insanity_earn_3","Mad Gains III","Трупай лудост III","review","Progression name candidate; review with surrounding description."
"insp_insanity_earn_4","Mad Gains IV","Трупай лудост IV","review","Progression name candidate; review with surrounding description."
"insp_insanity_earn_5","Mad Gains V","Трупай лудост V","review","Progression name candidate; review with surrounding description."
"insp_insanity_earn_6","Mad Gains VI","Трупай лудост VI","review","Progression name candidate; review with surrounding description."
"insp_insanity_earn_d","Earn <sprite name=""insanity""> like it’s going out of style.","Трупай <sprite name=""insanity"">, сякаш скоро ще излезе от мода.","review","Progression name candidate; review with surrounding description."
"insp_insanity_spent_1","Mind Spender I","Разхитител на разума I","review","Progression name candidate; review with surrounding description."
"insp_insanity_spent_2","Mind Spender II","Разхитител на разума II","review","Progression name candidate; review with surrounding description."
"insp_insanity_spent_3","Mind Spender III","Разхитител на разума III","review","Progression name candidate; review with surrounding description."
"insp_insanity_spent_4","Mind Spender IV","Разхитител на разума IV","review","Progression name candidate; review with surrounding description."
"insp_insanity_spent_5","Mind Spender V","Разхитител на разума V","review","Progression name candidate; review with surrounding description."
"insp_insanity_spent_6","Mind Spender VI","Разхитител на разума VI","review","Progression name candidate; review with surrounding description."
"insp_insanity_spent_d","Spend your sanity on things you’ll regret. <sprite name=""insanity"">","Прахосвай разума си за неща, за които ще съжаляваш. <sprite name=""insanity"">","review","Progression name candidate; review with surrounding description."
"insp_iron_crafts_1","Iron Worker I","Железар I","review","Progression name candidate; review with surrounding description."
"insp_iron_crafts_1_d","Craft iron things like a proper blacksmith.","Изработвай железни неща като истински ковач.","review","Progression name candidate; review with surrounding description."
"insp_iron_crafts_2","Iron Worker II","Железар II","review","Progression name candidate; review with surrounding description."
"insp_iron_crafts_3","Iron Worker III","Железар III","review","Progression name candidate; review with surrounding description."
"insp_iron_crafts_4","Iron Worker IV","Железар IV","review","Progression name candidate; review with surrounding description."
"insp_iron_crafts_5","Iron Worker V","Железар V","review","Progression name candidate; review with surrounding description."
"insp_iron_crafts_6","Iron Worker VI","Железар VI","review","Progression name candidate; review with surrounding description."
"insp_iron_kits_craft_1","Kit Builder I","Сглобител на комплекти I","review","Progression name candidate; review with surrounding description."
"insp_iron_kits_craft_2","Kit Builder II","Сглобител на комплекти II","review","Progression name candidate; review with surrounding description."
"insp_iron_kits_craft_3","Kit Builder III","Сглобител на комплекти III","review","Progression name candidate; review with surrounding description."
"insp_iron_kits_craft_4","Kit Builder IV","Сглобител на комплекти IV","review","Progression name candidate; review with surrounding description."
"insp_iron_kits_craft_5","Kit Builder V","Сглобител на комплекти V","review","Progression name candidate; review with surrounding description."
"insp_iron_kits_craft_6","Kit Builder VI","Сглобител на комплекти VI","review","Progression name candidate; review with surrounding description."
"insp_iron_kits_craft_d","Assemble kits like a professional tinkerer.","Сглобявай комплекти като професионален майстор на джунджурии.","review","Progression name candidate; review with surrounding description."
"insp_iron_quality_1","Fine Iron I","Фино желязо I","review","Progression name candidate; review with surrounding description."
"insp_iron_quality_2","Fine Iron II","Фино желязо II","review","Progression name candidate; review with surrounding description."
"insp_iron_quality_3","Fine Iron III","Фино желязо III","review","Progression name candidate; review with surrounding description."
"insp_iron_quality_4","Fine Iron IV","Фино желязо IV","review","Progression name candidate; review with surrounding description."
"insp_iron_quality_5","Fine Iron V","Фино желязо V","review","Progression name candidate; review with surrounding description."
"insp_iron_quality_6","Fine Iron VI","Фино желязо VI","review","Progression name candidate; review with surrounding description."
"insp_iron_quality_d","Produce iron that’s actually decent. Craft star-quality items.","Произвеждай желязо, което поне става. Изработвай предмети със звездно качество.","review","Progression name candidate; review with surrounding description."
"insp_jewelry_craft_1","Shiny Things I","Блестящи неща I","review","Progression name candidate; review with surrounding description."
"insp_jewelry_craft_2","Shiny Things II","Блестящи неща II","review","Progression name candidate; review with surrounding description."
"insp_jewelry_craft_3","Shiny Things III","Блестящи неща III","review","Progression name candidate; review with surrounding description."
"insp_jewelry_craft_4","Shiny Things IV","Блестящи неща IV","review","Progression name candidate; review with surrounding description."
"insp_jewelry_craft_5","Shiny Things V","Блестящи неща V","review","Progression name candidate; review with surrounding description."
"insp_jewelry_craft_6","Shiny Things VI","Блестящи неща VI","review","Progression name candidate; review with surrounding description."
"insp_jewelry_craft_d","Craft jewelry that sparkles suspiciously well.","Изработвай бижута, които блестят подозрително добре.","review","Progression name candidate; review with surrounding description."
"insp_jewelry_quality_1","Fine Sparkle I","Фин блясък I","review","Progression name candidate; review with surrounding description."
"insp_jewelry_quality_2","Fine Sparkle II","Фин блясък II","review","Progression name candidate; review with surrounding description."
"insp_jewelry_quality_3","Fine Sparkle III","Фин блясък III","review","Progression name candidate; review with surrounding description."
"insp_jewelry_quality_4","Fine Sparkle IV","Фин блясък IV","review","Progression name candidate; review with surrounding description."
"insp_jewelry_quality_5","Fine Sparkle V","Фин блясък V","review","Progression name candidate; review with surrounding description."
"insp_jewelry_quality_6","Fine Sparkle VI","Фин блясък VI","review","Progression name candidate; review with surrounding description."
"insp_jewelry_quality_d","Create jewelry of impressive star quality.","Създавай бижута с впечатляващо звездно качество.","review","Progression name candidate; review with surrounding description."
"insp_keys_collect_1","Key Collector I","Колекционер на ключове I","review","Progression name candidate; review with surrounding description."
"insp_keys_collect_1_d","Find keys during your battles.","Намирай ключове по време на битките си.","review","Progression name candidate; review with surrounding description."
"insp_keys_collect_2","Key Collector II","Колекционер на ключове II","review","Progression name candidate; review with surrounding description."
"insp_keys_collect_3","Key Collector III","Колекционер на ключове III","review","Progression name candidate; review with surrounding description."
"insp_keys_collect_4","Key Collector IV","Колекционер на ключове IV","review","Progression name candidate; review with surrounding description."
"insp_keys_collect_5","Key Collector V","Колекционер на ключове V","review","Progression name candidate; review with surrounding description."
"insp_keys_collect_6","Key Collector VI","Колекционер на ключове VI","review","Progression name candidate; review with surrounding description."
"insp_likes_max_1","Famous Enough I","Достатъчно известен I","review","Progression name candidate; review with surrounding description."
"insp_likes_max_2","Famous Enough II","Достатъчно известен II","review","Progression name candidate; review with surrounding description."
"insp_likes_max_3","Famous Enough III","Достатъчно известен III","review","Progression name candidate; review with surrounding description."
"insp_likes_max_4","Famous Enough IV","Достатъчно известен IV","review","Progression name candidate; review with surrounding description."
"insp_likes_max_5","Famous Enough V","Достатъчно известен V","review","Progression name candidate; review with surrounding description."
"insp_likes_max_6","Famous Enough VI","Достатъчно известен VI","review","Progression name candidate; review with surrounding description."
"insp_likes_max_d","Reach impressive amounts of <sprite name=""happiness"">.","Достигай впечатляващи количества <sprite name=""happiness"">.","review","Progression name candidate; review with surrounding description."
"insp_likes_spent_1","Attention Seeker I","Търсач на внимание I","review","Progression name candidate; review with surrounding description."
"insp_likes_spent_2","Attention Seeker II","Търсач на внимание II","review","Progression name candidate; review with surrounding description."
"insp_likes_spent_3","Attention Seeker III","Търсач на внимание III","review","Progression name candidate; review with surrounding description."
"insp_likes_spent_4","Attention Seeker IV","Търсач на внимание IV","review","Progression name candidate; review with surrounding description."
"insp_likes_spent_5","Attention Seeker V","Търсач на внимание V","review","Progression name candidate; review with surrounding description."
"insp_likes_spent_6","Attention Seeker VI","Търсач на внимание VI","review","Progression name candidate; review with surrounding description."
"insp_likes_spent_d","Spend <sprite name=""happiness""> to get what you want.","Харчи <sprite name=""happiness"">, за да получиш каквото искаш.","review","Progression name candidate; review with surrounding description."
"insp_marble_breaker_1","Marble Breaker I","Разбивач на мрамор I","review","Progression name candidate; review with surrounding description."
"insp_marble_breaker_1_d","Smash marble sources.","Разбивай източници на мрамор.","review","Progression name candidate; review with surrounding description."
"insp_marble_breaker_2","Marble Breaker II","Разбивач на мрамор II","review","Progression name candidate; review with surrounding description."
"insp_marble_breaker_3","Marble Breaker III","Разбивач на мрамор III","review","Progression name candidate; review with surrounding description."
"insp_marble_breaker_4","Marble Breaker IV","Разбивач на мрамор IV","review","Progression name candidate; review with surrounding description."
"insp_marble_plate_craft_1","Marble Madness I","Мраморна лудост I","review","Progression name candidate; review with surrounding description."
"insp_marble_plate_craft_1_d","Cut marble plates.","Режи мраморни плочи.","review","Progression name candidate; review with surrounding description."
"insp_marble_plate_craft_2","Marble Madness II","Мраморна лудост II","review","Progression name candidate; review with surrounding description."
"insp_marble_plate_craft_3","Marble Madness III","Мраморна лудост III","review","Progression name candidate; review with surrounding description."
"insp_marble_plate_craft_4","Marble Madness IV","Мраморна лудост IV","review","Progression name candidate; review with surrounding description."
"insp_marble_plate_craft_5","Marble Madness V","Мраморна лудост V","review","Progression name candidate; review with surrounding description."
"insp_marble_plate_craft_6","Marble Madness VI","Мраморна лудост VI","review","Progression name candidate; review with surrounding description."
"insp_material_supply_1","Supply Chain I","Верига за доставки I","review","Progression name candidate; review with surrounding description."
"insp_material_supply_2","Supply Chain II","Верига за доставки II","review","Progression name candidate; review with surrounding description."
"insp_material_supply_3","Supply Chain III","Верига за доставки III","review","Progression name candidate; review with surrounding description."
"insp_material_supply_4","Supply Chain IV","Верига за доставки IV","review","Progression name candidate; review with surrounding description."
"insp_material_supply_5","Supply Chain V","Верига за доставки V","review","Progression name candidate; review with surrounding description."
"insp_material_supply_6","Supply Chain VI","Верига за доставки VI","review","Progression name candidate; review with surrounding description."
"insp_material_supply_d","Supply the Town with materials.","Снабдявай града с материали.","review","Progression name candidate; review with surrounding description."
"insp_mushroom_hunter_1","Mushroom Hunter I","Гъбар I","review","Progression name candidate; review with surrounding description."
"insp_mushroom_hunter_1_d","Collect mushrooms","Бери гъби.","review","Progression name candidate; review with surrounding description."
"insp_mushroom_hunter_2","Mushroom Hunter II","Гъбар II","review","Progression name candidate; review with surrounding description."
"insp_mushroom_hunter_3","Mushroom Hunter III","Гъбар III","review","Progression name candidate; review with surrounding description."
"insp_mushroom_hunter_4","Mushroom Hunter IV","Гъбар IV","review","Progression name candidate; review with surrounding description."
"insp_mushroom_hunter_5","Mushroom Hunter V","Гъбар V","review","Progression name candidate; review with surrounding description."
"insp_mushroom_hunter_6","Mushroom Hunter VI","Гъбар VI","review","Progression name candidate; review with surrounding description."
"insp_open_milestones_1","Milestone Hunter I","Ловец на постижения I","review","Progression name candidate; review with surrounding description."
"insp_open_milestones_1_d","Unlock every milestone on the map.","Отключи всяко постижение на картата.","review","Progression name candidate; review with surrounding description."
"insp_open_milestones_2","Milestone Hunter II","Ловец на постижения II","review","Progression name candidate; review with surrounding description."
"insp_open_milestones_3","Milestone Hunter III","Ловец на постижения III","review","Progression name candidate; review with surrounding description."
"insp_open_milestones_4","Milestone Hunter IV","Ловец на постижения IV","review","Progression name candidate; review with surrounding description."
"insp_open_milestones_5","Milestone Hunter V","Ловец на постижения V","review","Progression name candidate; review with surrounding description."
"insp_open_milestones_6","Milestone Hunter VI","Ловец на постижения VI","review","Progression name candidate; review with surrounding description."
"insp_ore_collect_1","Ore Hoarder I","Събирач на руда I","review","Progression name candidate; review with surrounding description."
"insp_ore_collect_2","Ore Hoarder II","Събирач на руда II","review","Progression name candidate; review with surrounding description."
"insp_ore_collect_3","Ore Hoarder III","Събирач на руда III","review","Progression name candidate; review with surrounding description."
"insp_ore_collect_4","Ore Hoarder IV","Събирач на руда IV","review","Progression name candidate; review with surrounding description."
"insp_ore_collect_5","Ore Hoarder V","Събирач на руда V","review","Progression name candidate; review with surrounding description."
"insp_ore_collect_6","Ore Hoarder VI","Събирач на руда VI","review","Progression name candidate; review with surrounding description."
"insp_ore_collect_d","Dig up more ore than you need. ","Изкопай повече руда, отколкото ти трябва.","review","Progression name candidate; review with surrounding description."
"insp_paper_craft_1","Paper Trail I","Хартиена следа I","review","Progression name candidate; review with surrounding description."
"insp_paper_craft_2","Paper Trail II","Хартиена следа II","review","Progression name candidate; review with surrounding description."
"insp_paper_craft_3","Paper Trail III","Хартиена следа III","review","Progression name candidate; review with surrounding description."
"insp_paper_craft_4","Paper Trail IV","Хартиена следа IV","review","Progression name candidate; review with surrounding description."
"insp_paper_craft_5","Paper Trail V","Хартиена следа V","review","Progression name candidate; review with surrounding description."
"insp_paper_craft_6","Paper Trail VI","Хартиена следа VI","review","Progression name candidate; review with surrounding description."
"insp_paper_craft_d","Produce paper like a machine.","Произвеждай хартия като машина.","review","Progression name candidate; review with surrounding description."
"insp_perform_prayers_1","Holy Routine I","Свещена рутина I","review","Progression name candidate; review with surrounding description."
"insp_perform_prayers_1_d","Hold sermons like a real professional.","Изнасяй проповеди като истински професионалист.","review","Progression name candidate; review with surrounding description."
"insp_perform_prayers_2","Holy Routine II","Свещена рутина II","review","Progression name candidate; review with surrounding description."
"insp_perform_prayers_3","Holy Routine III","Свещена рутина III","review","Progression name candidate; review with surrounding description."
"insp_perform_prayers_4","Holy Routine IV","Свещена рутина IV","review","Progression name candidate; review with surrounding description."
"insp_perform_prayers_5","Holy Routine V","Свещена рутина V","review","Progression name candidate; review with surrounding description."
"insp_perform_prayers_6","Holy Routine VI","Свещена рутина VI","review","Progression name candidate; review with surrounding description."
"insp_potion_drinker_1","Bottle Tester I","Тестер на бутилки I","review","Progression name candidate; review with surrounding description."
"insp_potion_drinker_1_d","Drink everything. Yeah, even that.","Изпий всичко. Да, дори онова.","review","Progression name candidate; review with surrounding description."
"insp_potion_drinker_2","Bottle Tester II","Тестер на бутилки II","review","Progression name candidate; review with surrounding description."
"insp_potion_drinker_3","Bottle Tester III","Тестер на бутилки III","review","Progression name candidate; review with surrounding description."
"insp_potion_drinker_4","Bottle Tester IV","Тестер на бутилки IV","review","Progression name candidate; review with surrounding description."
"insp_potion_drinker_5","Bottle Tester V","Тестер на бутилки V","review","Progression name candidate; review with surrounding description."
"insp_potion_drinker_6","Bottle Tester VI","Тестер на бутилки VI","review","Progression name candidate; review with surrounding description."
"insp_potion_for_zombie_1","Undead Boost I","Подсилване на немъртвите I","review","Progression name candidate; review with surrounding description."
"insp_potion_for_zombie_2","Undead Boost II","Подсилване на немъртвите II","review","Progression name candidate; review with surrounding description."
"insp_potion_for_zombie_3","Undead Boost III","Подсилване на немъртвите III","review","Progression name candidate; review with surrounding description."
"insp_potion_for_zombie_4","Undead Boost IV","Подсилване на немъртвите IV","review","Progression name candidate; review with surrounding description."
"insp_potion_for_zombie_5","Undead Boost V","Подсилване на немъртвите V","review","Progression name candidate; review with surrounding description."
"insp_potion_for_zombie_6","Undead Boost VI","Подсилване на немъртвите VI","review","Progression name candidate; review with surrounding description."
"insp_potion_for_zombie_d","Enhance zombies with potions during battle.","Подсилвай зомбита с отвари по време на битка.","review","Progression name candidate; review with surrounding description."
"insp_potion_master_1","Potion Nerd I","Маниак на отварите I","review","Progression name candidate; review with surrounding description."
"insp_potion_master_2","Potion Nerd II","Маниак на отварите II","review","Progression name candidate; review with surrounding description."
"insp_potion_master_3","Potion Nerd III","Маниак на отварите III","review","Progression name candidate; review with surrounding description."
"insp_potion_master_4","Potion Nerd IV","Маниак на отварите IV","review","Progression name candidate; review with surrounding description."
"insp_potion_master_5","Potion Nerd V","Маниак на отварите V","review","Progression name candidate; review with surrounding description."
"insp_potion_master_6","Potion Nerd VI","Маниак на отварите VI","review","Progression name candidate; review with surrounding description."
"insp_potion_master_d","Brew potions with questionable results.","Вари отвари със съмнителни резултати.","review","Progression name candidate; review with surrounding description."
"insp_potion_seller_1","Potion Seller I","Продавач на отвари I","review","Progression name candidate; review with surrounding description."
"insp_potion_seller_2","Potion Seller II","Продавач на отвари II","review","Progression name candidate; review with surrounding description."
"insp_potion_seller_3","Potion Seller III","Продавач на отвари III","review","Progression name candidate; review with surrounding description."
"insp_potion_seller_4","Potion Seller IV","Продавач на отвари IV","review","Progression name candidate; review with surrounding description."
"insp_potion_seller_5","Potion Seller V","Продавач на отвари V","review","Progression name candidate; review with surrounding description."
"insp_potion_seller_6","Potion Seller VI","Продавач на отвари VI","review","Progression name candidate; review with surrounding description."
"insp_potion_seller_d","Sell potions nobody asked for.","Продавай отвари, за които никой не е питал.","review","Progression name candidate; review with surrounding description."
"insp_power_of_the_earth_1","Earth Power I","Силата на земята I","review","Progression name candidate; review with surrounding description."
"insp_power_of_the_earth_1_d","Grow plants","Отглеждай растения.","review","Progression name candidate; review with surrounding description."
"insp_power_of_the_earth_2","Earth Power II","Силата на земята II","review","Progression name candidate; review with surrounding description."
"insp_power_of_the_earth_3","Earth Power III","Силата на земята III","review","Progression name candidate; review with surrounding description."
"insp_power_of_the_earth_4","Earth Power IV","Силата на земята IV","review","Progression name candidate; review with surrounding description."
"insp_power_of_the_earth_5","Earth Power V","Силата на земята V","review","Progression name candidate; review with surrounding description."
"insp_power_of_the_earth_6","Earth Power VI","Силата на земята VI","review","Progression name candidate; review with surrounding description."
"insp_pr_crafts_1","PR Master I","Майстор на паниката I","review","Progression name candidate; review with surrounding description."
"insp_pr_crafts_2","PR Master  II","Майстор на паниката II","review","Progression name candidate; review with surrounding description."
"insp_pr_crafts_3","PR Master III","Майстор на паниката III","review","Progression name candidate; review with surrounding description."
"insp_pr_crafts_4","PR Master IV","Майстор на паниката IV","review","Progression name candidate; review with surrounding description."
"insp_pr_crafts_5","PR Master V","Майстор на паниката V","review","Progression name candidate; review with surrounding description."
"insp_pr_crafts_6","PR Master VI","Майстор на паниката VI","review","Progression name candidate; review with surrounding description."
"insp_pr_crafts_d","Craft hype out of thin air... Make panic reduction crafts.","Създавай шум от нищото... Изработвай предмети за намаляване на паниката.","review","Progression name candidate; review with surrounding description."
"insp_prayers_quality_1","Holy Script I","Свещено писание I","review","Progression name candidate; review with surrounding description."
"insp_prayers_quality_2","Holy Script II","Свещено писание II","review","Progression name candidate; review with surrounding description."
"insp_prayers_quality_3","Holy Script III","Свещено писание III","review","Progression name candidate; review with surrounding description."
"insp_prayers_quality_4","Holy Script IV","Свещено писание IV","review","Progression name candidate; review with surrounding description."
"insp_prayers_quality_5","Holy Script V","Свещено писание V","review","Progression name candidate; review with surrounding description."
"insp_prayers_quality_6","Holy Script VI","Свещено писание VI","review","Progression name candidate; review with surrounding description."
"insp_prayers_quality_d","Write star-quality prayers.","Пиши молитви със звездно качество.","review","Progression name candidate; review with surrounding description."
"insp_prayers_types_1","Prayer Collector I","Събирач на молитви I","review","Progression name candidate; review with surrounding description."
"insp_prayers_types_2","Prayer Collector II","Събирач на молитви II","review","Progression name candidate; review with surrounding description."
"insp_prayers_types_3","Prayer Collector III","Събирач на молитви III","review","Progression name candidate; review with surrounding description."
"insp_prayers_types_4","Prayer Collector IV","Събирач на молитви IV","review","Progression name candidate; review with surrounding description."
"insp_prayers_types_5","Prayer Collector V","Събирач на молитви V","review","Progression name candidate; review with surrounding description."
"insp_prayers_types_6","Prayer Collector VI","Събирач на молитви VI","review","Progression name candidate; review with surrounding description."
"insp_prayers_types_d","Try every type of prayer available.","Опитай всеки наличен вид молитва.","review","Progression name candidate; review with surrounding description."
"insp_precious_wood_craft_1","Fancy Wood I","Ценно дърво I","review","Progression name candidate; review with surrounding description."
"insp_precious_wood_craft_2","Fancy Wood II","Ценно дърво II","review","Progression name candidate; review with surrounding description."
"insp_precious_wood_craft_3","Fancy Wood III","Ценно дърво III","review","Progression name candidate; review with surrounding description."
"insp_precious_wood_craft_4","Fancy Wood IV","Ценно дърво IV","review","Progression name candidate; review with surrounding description."
"insp_precious_wood_craft_5","Fancy Wood V","Ценно дърво V","review","Progression name candidate; review with surrounding description."
"insp_precious_wood_craft_6","Fancy Wood VI","Ценно дърво VI","review","Progression name candidate; review with surrounding description."
"insp_precious_wood_craft_d","Craft high-quality wooden items.","Изработвай висококачествени дървени предмети.","review","Progression name candidate; review with surrounding description."
"insp_remove_dry_bushes_1","Dry cleaning I","Сухо почистване I","review","Progression name candidate; review with surrounding description."
"insp_remove_dry_bushes_1_d","Dig a dry bush out","Изкопай сух храст.","review","Progression name candidate; review with surrounding description."
"insp_remove_dry_bushes_2","Dry cleaning II","Сухо почистване II","review","Progression name candidate; review with surrounding description."
"insp_remove_dry_bushes_2_d","Dig dry bushes out","Изкопай сухи храсти.","review","Progression name candidate; review with surrounding description."
"insp_remove_dry_bushes_3","Dry cleaning III","Сухо почистване III","review","Progression name candidate; review with surrounding description."
"insp_remove_dry_bushes_4","Dry cleaning IV","Сухо почистване IV","review","Progression name candidate; review with surrounding description."
"insp_remove_dry_bushes_5","Dry cleaning V","Сухо почистване V","review","Progression name candidate; review with surrounding description."
"insp_remove_dry_bushes_6","Dry cleaning VI","Сухо почистване VI","review","Progression name candidate; review with surrounding description."
"insp_rubbler_1","Rubble Remover I","Разчиствач на руини I","review","Progression name candidate; review with surrounding description."
"insp_rubbler_1_d","This place has enough ruins already. No need to add more. Clear rubble.","Тук и без това има достатъчно руини. Няма нужда да добавяш още. Разчиствай руини.","review","Progression name candidate; review with surrounding description."
"insp_rubbler_2","Rubble Remover II","Разчиствач на руини II","review","Progression name candidate; review with surrounding description."
"insp_rubbler_3","Rubble Remover III","Разчиствач на руини III","review","Progression name candidate; review with surrounding description."
"insp_rubbler_4","Rubble Remover IV","Разчиствач на руини IV","review","Progression name candidate; review with surrounding description."
"insp_shops_buy_1","Big Spender I","Голям харчител I","review","Progression name candidate; review with surrounding description."
"insp_shops_buy_2","Big Spender II","Голям харчител II","review","Progression name candidate; review with surrounding description."
"insp_shops_buy_3","Big Spender III","Голям харчител III","review","Progression name candidate; review with surrounding description."
"insp_shops_buy_4","Big Spender IV","Голям харчител IV","review","Progression name candidate; review with surrounding description."
"insp_shops_buy_5","Big Spender V","Голям харчител V","review","Progression name candidate; review with surrounding description."
"insp_shops_buy_6","Big Spender VI","Голям харчител VI","review","Progression name candidate; review with surrounding description."
"insp_shops_buy_d","Buy stuff like money isn’t real. Spent <sprite name=""slv""> trading.","Купувай, сякаш парите не са истински. Харчи <sprite name=""slv""> в търговия.","review","Progression name candidate; review with surrounding description."
"insp_shops_sell_1","Smooth Seller I","Умел продавач I","review","Progression name candidate; review with surrounding description."
"insp_shops_sell_2","Smooth Seller II","Умел продавач II","review","Progression name candidate; review with surrounding description."
"insp_shops_sell_3","Smooth Seller III","Умел продавач III","review","Progression name candidate; review with surrounding description."
"insp_shops_sell_4","Smooth Seller IV","Умел продавач IV","review","Progression name candidate; review with surrounding description."
"insp_shops_sell_5","Smooth Seller V","Умел продавач V","review","Progression name candidate; review with surrounding description."
"insp_shops_sell_6","Smooth Seller VI","Умел продавач VI","review","Progression name candidate; review with surrounding description."
"insp_shops_sell_d","Sell anything... at a profit. Earn <sprite name=""slv""> trading.","Продавай всичко... с печалба. Трупай <sprite name=""slv""> от търговия.","review","Progression name candidate; review with surrounding description."
"insp_silver_one_pray_1","Golden Sermon I","Златна проповед I","review","Progression name candidate; review with surrounding description."
"insp_silver_one_pray_2","Golden Sermon II","Златна проповед II","review","Progression name candidate; review with surrounding description."
"insp_silver_one_pray_3","Golden Sermon III","Златна проповед III","review","Progression name candidate; review with surrounding description."
"insp_silver_one_pray_4","Golden Sermon IV","Златна проповед IV","review","Progression name candidate; review with surrounding description."
"insp_silver_one_pray_5","Golden Sermon V","Златна проповед V","review","Progression name candidate; review with surrounding description."
"insp_silver_one_pray_6","Golden Sermon VI","Златна проповед VI","review","Progression name candidate; review with surrounding description."
"insp_silver_one_pray_d","Make a fortune in <sprite name=""slv""> from a single sermon.","Направи състояние от <sprite name=""slv""> с една-единствена проповед.","review","Progression name candidate; review with surrounding description."
"insp_silver_total_1","Holy Profit I","Свещена печалба I","review","Progression name candidate; review with surrounding description."
"insp_silver_total_2","Holy Profit II","Свещена печалба II","review","Progression name candidate; review with surrounding description."
"insp_silver_total_3","Holy Profit III","Свещена печалба III","review","Progression name candidate; review with surrounding description."
"insp_silver_total_4","Holy Profit IV","Свещена печалба IV","review","Progression name candidate; review with surrounding description."
"insp_silver_total_5","Holy Profit V","Свещена печалба V","review","Progression name candidate; review with surrounding description."
"insp_silver_total_6","Holy Profit VI","Свещена печалба VI","review","Progression name candidate; review with surrounding description."
"insp_silver_total_d","Earn <sprite name=""slv""> through your holy duties.","Трупай <sprite name=""slv""> чрез свещените си задължения.","review","Progression name candidate; review with surrounding description."
"insp_steel_crafts_1","Steel Maker I","Стоманолеяр I","review","Progression name candidate; review with surrounding description."
"insp_steel_crafts_1_d","Craft shiny steel stuff.","Изработвай блестящи стоманени неща.","review","Progression name candidate; review with surrounding description."
"insp_steel_crafts_2","Steel Maker II","Стоманолеяр II","review","Progression name candidate; review with surrounding description."
"insp_steel_crafts_3","Steel Maker III","Стоманолеяр III","review","Progression name candidate; review with surrounding description."
"insp_steel_crafts_4","Steel Maker IV","Стоманолеяр IV","review","Progression name candidate; review with surrounding description."
"insp_steel_crafts_5","Steel Maker V","Стоманолеяр V","review","Progression name candidate; review with surrounding description."
"insp_steel_crafts_6","Steel Maker VI","Стоманолеяр VI","review","Progression name candidate; review with surrounding description."
"insp_stories_collect_1","Story Hoarder I","Колекционер на истории I","review","Progression name candidate; review with surrounding description."
"insp_stories_collect_1_d","Collect stories from all possible sources.","Събирай истории от всички възможни източници.","review","Progression name candidate; review with surrounding description."
"insp_stories_collect_2","Story Hoarder II","Колекционер на истории II","review","Progression name candidate; review with surrounding description."
"insp_stories_collect_3","Story Hoarder III","Колекционер на истории III","review","Progression name candidate; review with surrounding description."
"insp_stories_collect_4","Story Hoarder IV","Колекционер на истории IV","review","Progression name candidate; review with surrounding description."
"insp_stories_collect_5","Story Hoarder V","Колекционер на истории V","review","Progression name candidate; review with surrounding description."
"insp_stories_collect_6","Story Hoarder VI","Колекционер на истории VI","review","Progression name candidate; review with surrounding description."
"insp_stories_quality_1","Good Story I","Добра история I","review","Progression name candidate; review with surrounding description."
"insp_stories_quality_2","Good Story II","Добра история II","review","Progression name candidate; review with surrounding description."
"insp_stories_quality_3","Good Story III","Добра история III","review","Progression name candidate; review with surrounding description."
"insp_stories_quality_4","Good Story IV","Добра история IV","review","Progression name candidate; review with surrounding description."
"insp_stories_quality_5","Good Story V","Добра история V","review","Progression name candidate; review with surrounding description."
"insp_stories_quality_6","Good Story VI","Добра история VI","review","Progression name candidate; review with surrounding description."
"insp_stories_quality_d","Improve the quality of your stories.","Подобрявай качеството на историите си.","review","Progression name candidate; review with surrounding description."
"insp_supply_town_1","Town Provider I","Снабдител на града I","review","Progression name candidate; review with surrounding description."
"insp_supply_town_2","Town Provider II","Снабдител на града II","review","Progression name candidate; review with surrounding description."
"insp_supply_town_3","Town Provider III","Снабдител на града III","review","Progression name candidate; review with surrounding description."
"insp_supply_town_4","Town Provider IV","Снабдител на града IV","review","Progression name candidate; review with surrounding description."
"insp_supply_town_5","Town Provider V","Снабдител на града V","review","Progression name candidate; review with surrounding description."
"insp_supply_town_6","Town Provider VI","Снабдител на града VI","review","Progression name candidate; review with surrounding description."
"insp_supply_town_d","Keep the Town fed, stocked, and mildly satisfied. Every supply counts.","Поддържай града нахранен, зареден и умерено доволен. Всеки припас е важен.","review","Progression name candidate; review with surrounding description."
"insp_surgical_mystake_1","Oops Surgeon I","Опа, хирург I","review","Progression name candidate; review with surrounding description."
"insp_surgical_mystake_1_d","Make mistakes... with a scalpel.","Прави грешки... със скалпел.","review","Progression name candidate; review with surrounding description."
"insp_surgical_mystake_2","Oops Surgeon II","Опа, хирург II","review","Progression name candidate; review with surrounding description."
"insp_surgical_mystake_3","Oops Surgeon III","Опа, хирург III","review","Progression name candidate; review with surrounding description."
"insp_surgical_mystake_4","Oops Surgeon IV","Опа, хирург IV","review","Progression name candidate; review with surrounding description."
"insp_surgical_mystake_5","Oops Surgeon V","Опа, хирург V","review","Progression name candidate; review with surrounding description."
"insp_surgical_mystake_6","Oops Surgeon VI","Опа, хирург VI","review","Progression name candidate; review with surrounding description."
"insp_tailor_1","Tailor I","Шивач I","review","Progression name candidate; review with surrounding description."
"insp_tailor_1_d","Create threads, fabrics, and clothes.","Създавай конци, платове и дрехи.","review","Progression name candidate; review with surrounding description."
"insp_tailor_2","Tailor II","Шивач II","review","Progression name candidate; review with surrounding description."
"insp_tailor_3","Tailor III","Шивач III","review","Progression name candidate; review with surrounding description."
"insp_tailor_4","Tailor IV","Шивач IV","review","Progression name candidate; review with surrounding description."
"insp_tools_supply_1","Tool Supplier I","Снабдител с инструменти I","review","Progression name candidate; review with surrounding description."
"insp_tools_supply_2","Tool Supplier II","Снабдител с инструменти II","review","Progression name candidate; review with surrounding description."
"insp_tools_supply_3","Tool Supplier III","Снабдител с инструменти III","review","Progression name candidate; review with surrounding description."
"insp_tools_supply_4","Tool Supplier IV","Снабдител с инструменти IV","review","Progression name candidate; review with surrounding description."
"insp_tools_supply_5","Tool Supplier V","Снабдител с инструменти V","review","Progression name candidate; review with surrounding description."
"insp_tools_supply_6","Tool Supplier VI","Снабдител с инструменти VI","review","Progression name candidate; review with surrounding description."
"insp_tools_supply_d","Keep everyone equipped and dangerous. Supply the Town tools.","Поддържай всички екипирани и опасни. Снабдявай града с инструменти.","review","Progression name candidate; review with surrounding description."
"insp_use_energy_1","Energy Crisis I","Енергийна криза I","review","Progression name candidate; review with surrounding description."
"insp_use_energy_2","Energy Crisis II","Енергийна криза II","review","Progression name candidate; review with surrounding description."
"insp_use_energy_3","Energy Crisis III","Енергийна криза III","review","Progression name candidate; review with surrounding description."
"insp_use_energy_4","Energy Crisis IV","Енергийна криза IV","review","Progression name candidate; review with surrounding description."
"insp_use_energy_5","Energy Crisis V","Енергийна криза V","review","Progression name candidate; review with surrounding description."
"insp_use_energy_6","Energy Crisis VI","Енергийна криза VI","review","Progression name candidate; review with surrounding description."
"insp_use_energy_d","Spend energy doing stuff.","Изразходвай енергия, като вършиш разни неща.","review","Progression name candidate; review with surrounding description."
"insp_vegy_cook_1","Cook I","Готвач I","review","Progression name candidate; review with surrounding description."
"insp_vegy_cook_2","Cook II","Готвач II","review","Progression name candidate; review with surrounding description."
"insp_vegy_cook_3","Cook III","Готвач III","review","Progression name candidate; review with surrounding description."
"insp_vegy_cook_4","Cook IV","Готвач IV","review","Progression name candidate; review with surrounding description."
"insp_vegy_cook_5","Cook V","Готвач V","review","Progression name candidate; review with surrounding description."
"insp_vegy_cook_6","Cook VI","Готвач VI","review","Progression name candidate; review with surrounding description."
"insp_vegy_cook_d","You could even call it edible.","Може дори да се каже, че става за ядене.","review","Progression name candidate; review with surrounding description."
"insp_weapons_crafts_1","Armed and Ready I","Въоръжен и готов I","review","Progression name candidate; review with surrounding description."
"insp_weapons_crafts_1_d","Craft weapons, for peaceful purposes.","Изработвай оръжия за мирни цели.","review","Progression name candidate; review with surrounding description."
"insp_weapons_crafts_2","Armed and Ready II","Въоръжен и готов II","review","Progression name candidate; review with surrounding description."
"insp_weapons_crafts_3","Armed and Ready III","Въоръжен и готов III","review","Progression name candidate; review with surrounding description."
"insp_weapons_crafts_4","Armed and Ready IV","Въоръжен и готов IV","review","Progression name candidate; review with surrounding description."
"insp_weapons_crafts_5","Armed and Ready V","Въоръжен и готов V","review","Progression name candidate; review with surrounding description."
"insp_weapons_crafts_6","Armed and Ready VI","Въоръжен и готов VI","review","Progression name candidate; review with surrounding description."
"insp_wine_master_1","Wine Snob I","Винен сноб I","review","Progression name candidate; review with surrounding description."
"insp_wine_master_2","Wine Snob II","Винен сноб II","review","Progression name candidate; review with surrounding description."
"insp_wine_master_3","Wine Snob III","Винен сноб III","review","Progression name candidate; review with surrounding description."
"insp_wine_master_4","Wine Snob IV","Винен сноб IV","review","Progression name candidate; review with surrounding description."
"insp_wine_master_5","Wine Snob V","Винен сноб V","review","Progression name candidate; review with surrounding description."
"insp_wine_master_6","Wine Snob VI","Винен сноб VI","review","Progression name candidate; review with surrounding description."
"insp_wine_master_d","Make star quality wine.","Прави вино със звездно качество.","review","Progression name candidate; review with surrounding description."
"insp_wine_trader_1","Liquid Gold I","Течно злато I","review","Progression name candidate; review with surrounding description."
"insp_wine_trader_2","Liquid Gold II","Течно злато II","review","Progression name candidate; review with surrounding description."
"insp_wine_trader_3","Liquid Gold III","Течно злато III","review","Progression name candidate; review with surrounding description."
"insp_wine_trader_4","Liquid Gold IV","Течно злато IV","review","Progression name candidate; review with surrounding description."
"insp_wine_trader_5","Liquid Gold V","Течно злато V","review","Progression name candidate; review with surrounding description."
"insp_wine_trader_6","Liquid Gold VI","Течно злато VI","review","Progression name candidate; review with surrounding description."
"insp_wine_trader_d","Sell wine.","Продавай вино.","review","Progression name candidate; review with surrounding description."
"insp_winemaker_1","Winemaker I","Винар I","review","Progression name candidate; review with surrounding description."
"insp_winemaker_1_d","Make wine.","Прави вино.","review","Progression name candidate; review with surrounding description."
"insp_winemaker_2","Winemaker II","Винар II","review","Progression name candidate; review with surrounding description."
"insp_winemaker_3","Winemaker III","Винар III","review","Progression name candidate; review with surrounding description."
"insp_winemaker_4","Winemaker IV","Винар IV","review","Progression name candidate; review with surrounding description."
"insp_winemaker_5","Winemaker V","Винар V","review","Progression name candidate; review with surrounding description."
"insp_winemaker_6","Winemaker VI","Винар VI","review","Progression name candidate; review with surrounding description."
"insp_workbanches_1","Workbench Hero I","Герой на работните маси I","review","Progression name candidate; review with surrounding description."
"insp_workbanches_2","Workbench Hero II","Герой на работните маси II","review","Progression name candidate; review with surrounding description."
"insp_workbanches_3","Workbench Hero III","Герой на работните маси III","review","Progression name candidate; review with surrounding description."
"insp_workbanches_4","Workbench Hero IV","Герой на работните маси IV","review","Progression name candidate; review with surrounding description."
"insp_workbanches_5","Workbench Hero V","Герой на работните маси V","review","Progression name candidate; review with surrounding description."
"insp_workbanches_6","Workbench Hero VI","Герой на работните маси VI","review","Progression name candidate; review with surrounding description."
"insp_workbanches_d","Build workbenches for every possible need.","Построй работни маси за всяка възможна нужда.","review","Progression name candidate; review with surrounding description."
"insp_zobie_destroyed_1","Second Death I","Втора смърт I","review","Progression name candidate; review with surrounding description."
"insp_zobie_destroyed_2","Second Death II","Втора смърт II","review","Progression name candidate; review with surrounding description."
"insp_zobie_destroyed_3","Second Death III","Втора смърт III","review","Progression name candidate; review with surrounding description."
"insp_zobie_destroyed_4","Second Death IV","Втора смърт IV","review","Progression name candidate; review with surrounding description."
"insp_zobie_destroyed_5","Second Death V","Втора смърт V","review","Progression name candidate; review with surrounding description."
"insp_zobie_destroyed_6","Second Death VI","Втора смърт VI","review","Progression name candidate; review with surrounding description."
"insp_zobie_destroyed_d","Destroy your own creations.","Унищожавай собствените си творения.","review","Progression name candidate; review with surrounding description."
"insp_zobie_resurect_1","Rise Again I","Възкръсни отново I","review","Progression name candidate; review with surrounding description."
"insp_zobie_resurect_2","Rise Again II","Възкръсни отново II","review","Progression name candidate; review with surrounding description."
"insp_zobie_resurect_3","Rise Again III","Възкръсни отново III","review","Progression name candidate; review with surrounding description."
"insp_zobie_resurect_4","Rise Again IV","Възкръсни отново IV","review","Progression name candidate; review with surrounding description."
"insp_zobie_resurect_5","Rise Again V","Възкръсни отново V","review","Progression name candidate; review with surrounding description."
"insp_zobie_resurect_6","Rise Again VI","Възкръсни отново VI","review","Progression name candidate; review with surrounding description."
"insp_zobie_resurect_d","Bring the dead back to work.","Върни мъртвите на работа.","review","Progression name candidate; review with surrounding description."
"insp_zombie_alchemy_1","Rot Lab I","Лаборатория за разложение I","review","Progression name candidate; review with surrounding description."
"insp_zombie_alchemy_2","Rot Lab II","Лаборатория за разложение II","review","Progression name candidate; review with surrounding description."
"insp_zombie_alchemy_3","Rot Lab III","Лаборатория за разложение III","review","Progression name candidate; review with surrounding description."
"insp_zombie_alchemy_4","Rot Lab IV","Лаборатория за разложение IV","review","Progression name candidate; review with surrounding description."
"insp_zombie_alchemy_5","Rot Lab V","Лаборатория за разложение V","review","Progression name candidate; review with surrounding description."
"insp_zombie_alchemy_6","Rot Lab VI","Лаборатория за разложение VI","review","Progression name candidate; review with surrounding description."
"insp_zombie_alchemy_d","Trust the zombies with alchemy... What could go wrong?","Довери алхимията на зомбитата... Какво ли може да се обърка?","review","Progression name candidate; review with surrounding description."
"insp_zombie_farmers_1","Rotten Harvest I","Гнила реколта I","review","Progression name candidate; review with surrounding description."
"insp_zombie_farmers_2","Rotten Harvest II","Гнила реколта II","review","Progression name candidate; review with surrounding description."
"insp_zombie_farmers_3","Rotten Harvest III","Гнила реколта III","review","Progression name candidate; review with surrounding description."
"insp_zombie_farmers_4","Rotten Harvest IV","Гнила реколта IV","review","Progression name candidate; review with surrounding description."
"insp_zombie_farmers_5","Rotten Harvest V","Гнила реколта V","review","Progression name candidate; review with surrounding description."
"insp_zombie_farmers_6","Rotten Harvest VI","Гнила реколта VI","review","Progression name candidate; review with surrounding description."
"insp_zombie_farmers_d","Let the zombies handle the farming... they kinda got a knack for it.","Остави зомбитата да се занимават със земеделието... май ги бива.","review","Progression name candidate; review with surrounding description."
"insp_zombie_iron_craft_2","Rusty Hands II","Ръждиви ръце II","review","Progression name candidate; review with surrounding description."
"insp_zombie_iron_craft_3","Rusty Hands III","Ръждиви ръце III","review","Progression name candidate; review with surrounding description."
"insp_zombie_iron_craft_4","Rusty Hands IV","Ръждиви ръце IV","review","Progression name candidate; review with surrounding description."
"insp_zombie_iron_craft_5","Rusty Hands V","Ръждиви ръце V","review","Progression name candidate; review with surrounding description."
"insp_zombie_iron_craft_6","Rusty Hands VI","Ръждиви ръце VI","review","Progression name candidate; review with surrounding description."
"insp_zombie_iron_craft_d","Let your zombies handle the ironwork... what could go wrong?","Остави зомбитата да обработват желязо... какво ли може да се обърка?","review","Progression name candidate; review with surrounding description."
"insp_zombie_maison_1","Dead Mason I","Мъртъв зидар I","review","Progression name candidate; review with surrounding description."
"insp_zombie_maison_2","Dead Mason II","Мъртъв зидар II","review","Progression name candidate; review with surrounding description."
"insp_zombie_maison_3","Dead Mason III","Мъртъв зидар III","review","Progression name candidate; review with surrounding description."
"insp_zombie_maison_4","Dead Mason IV","Мъртъв зидар IV","review","Progression name candidate; review with surrounding description."
"insp_zombie_maison_5","Dead Mason V","Мъртъв зидар V","review","Progression name candidate; review with surrounding description."
"insp_zombie_maison_6","Dead Mason VI","Мъртъв зидар VI","review","Progression name candidate; review with surrounding description."
"insp_zombie_maison_d","Put the zombies to work on stone.","Накарай зомбитата да работят с камък.","review","Progression name candidate; review with surrounding description."
"insp_zombie_mine_1","Mine the Dead I","Добив от мъртвите I","review","Progression name candidate; review with surrounding description."
"insp_zombie_mine_2","Mine the Dead II","Добив от мъртвите II","review","Progression name candidate; review with surrounding description."
"insp_zombie_mine_3","Mine the Dead III","Добив от мъртвите III","review","Progression name candidate; review with surrounding description."
"insp_zombie_mine_4","Mine the Dead IV","Добив от мъртвите IV","review","Progression name candidate; review with surrounding description."
"insp_zombie_mine_5","Mine the Dead V","Добив от мъртвите V","review","Progression name candidate; review with surrounding description."
"insp_zombie_mine_6","Mine the Dead VI","Добив от мъртвите VI","review","Progression name candidate; review with surrounding description."
"insp_zombie_mine_d","Put zombies to work digging... without end. Zombies dig ore or coal.","Постави зомбитата да копаят... без край. Зомбитата копаят руда или въглища.","review","Progression name candidate; review with surrounding description."
"insp_zombie_perks_1","Perk Factory I","Фабрика за умения I","review","Progression name candidate; review with surrounding description."
"insp_zombie_perks_2","Perk Factory II","Фабрика за умения II","review","Progression name candidate; review with surrounding description."
"insp_zombie_perks_3","Perk Factory III","Фабрика за умения III","review","Progression name candidate; review with surrounding description."
"insp_zombie_perks_4","Perk Factory IV","Фабрика за умения IV","review","Progression name candidate; review with surrounding description."
"insp_zombie_perks_5","Perk Factory V","Фабрика за умения V","review","Progression name candidate; review with surrounding description."
"insp_zombie_perks_6","Perk Factory VI","Фабрика за умения VI","review","Progression name candidate; review with surrounding description."
"insp_zombie_perks_d","Upgrade your undead. Reach max level of zombie talent.","Подобрявай немъртвите си. Достигни максимално ниво на талантите на зомбитата.","review","Progression name candidate; review with surrounding description."
"insp_zombie_power_1","Undead Power I","Сила на немъртвите I","review","Progression name candidate; review with surrounding description."
"insp_zombie_power_1_d","Craft zombie power items.","Изработвай предмети за сила на зомбита.","review","Progression name candidate; review with surrounding description."
"insp_zombie_power_2","Undead Power II","Сила на немъртвите II","review","Progression name candidate; review with surrounding description."
"insp_zombie_power_3","Undead Power III","Сила на немъртвите III","review","Progression name candidate; review with surrounding description."
"insp_zombie_power_4","Undead Power IV","Сила на немъртвите IV","review","Progression name candidate; review with surrounding description."
"insp_zombie_power_5","Undead Power V","Сила на немъртвите V","review","Progression name candidate; review with surrounding description."
"insp_zombie_power_6","Undead Power VI","Сила на немъртвите VI","review","Progression name candidate; review with surrounding description."
"insp_zombie_quality_1","Better Dead I","По-добри мъртъвци I","review","Progression name candidate; review with surrounding description."
"insp_zombie_quality_2","Better Dead II","По-добри мъртъвци II","review","Progression name candidate; review with surrounding description."
"insp_zombie_quality_3","Better Dead III","По-добри мъртъвци III","review","Progression name candidate; review with surrounding description."
"insp_zombie_quality_4","Better Dead IV","По-добри мъртъвци IV","review","Progression name candidate; review with surrounding description."
"insp_zombie_quality_5","Better Dead V","По-добри мъртъвци V","review","Progression name candidate; review with surrounding description."
"insp_zombie_quality_6","Better Dead VI","По-добри мъртъвци VI","review","Progression name candidate; review with surrounding description."
"insp_zombie_quality_d","Improve your zombie workforce. Use better collars.","Подобрявай работната си сила от зомбита. Използвай по-добри нашийници.","review","Progression name candidate; review with surrounding description."
"insp_zombie_wood_craft_1","Dead Carpenter I","Мъртъв дърводелец I","review","Progression name candidate; review with surrounding description."
"insp_zombie_wood_craft_2","Dead Carpenter II","Мъртъв дърводелец II","review","Progression name candidate; review with surrounding description."
"insp_zombie_wood_craft_3","Dead Carpenter III","Мъртъв дърводелец III","review","Progression name candidate; review with surrounding description."
"insp_zombie_wood_craft_4","Dead Carpenter IV","Мъртъв дърводелец IV","review","Progression name candidate; review with surrounding description."
"insp_zombie_wood_craft_5","Dead Carpenter V","Мъртъв дърводелец V","review","Progression name candidate; review with surrounding description."
"insp_zombie_wood_craft_6","Dead Carpenter VI","Мъртъв дърводелец VI","review","Progression name candidate; review with surrounding description."
"insp_zombie_wood_craft_d","Entrust the zombies with woodworking... very brave.","Довери дървообработването на зомбитата... доста смело.","review","Progression name candidate; review with surrounding description."
"insp_zombie_woodcutter_1","Dead Lumberjack I","Мъртъв дървосекач I","review","Progression name candidate; review with surrounding description."
"insp_zombie_woodcutter_1_d","Trust the zombies with the trees.","Довери дърветата на зомбитата.","review","Progression name candidate; review with surrounding description."
"insp_zombie_woodcutter_2","Dead Lumberjack II","Мъртъв дървосекач II","review","Progression name candidate; review with surrounding description."
"insp_zombie_woodcutter_3","Dead Lumberjack III","Мъртъв дървосекач III","review","Progression name candidate; review with surrounding description."
"insp_zombie_woodcutter_4","Dead Lumberjack IV","Мъртъв дървосекач IV","review","Progression name candidate; review with surrounding description."
"insp_zombie_woodcutter_5","Dead Lumberjack V","Мъртъв дървосекач V","review","Progression name candidate; review with surrounding description."
"insp_zombie_woodcutter_6","Dead Lumberjack VI","Мъртъв дървосекач VI","review","Progression name candidate; review with surrounding description."
"insp_zombie_writer_1","Posthumous Author I","Посмъртен автор I","review","Progression name candidate; review with surrounding description."
"insp_zombie_writer_2","Posthumous Author II","Посмъртен автор II","review","Progression name candidate; review with surrounding description."
"insp_zombie_writer_3","Posthumous Author III","Посмъртен автор III","review","Progression name candidate; review with surrounding description."
"insp_zombie_writer_4","Posthumous Author IV","Посмъртен автор IV","review","Progression name candidate; review with surrounding description."
"insp_zombie_writer_5","Posthumous Author V","Посмъртен автор V","review","Progression name candidate; review with surrounding description."
"insp_zombie_writer_6","Posthumous Author VI","Посмъртен автор VI","review","Progression name candidate; review with surrounding description."
"insp_zombie_writer_d","Let the zombies do your writing... quality may vary.","Остави зомбитата да пишат вместо теб... качеството може да варира.","review","Progression name candidate; review with surrounding description."
"insp_zombies_killed_1","Zombie Slayer I","Убиец на зомбита I","review","Progression name candidate; review with surrounding description."
"insp_zombies_killed_2","Zombie Slayer II","Убиец на зомбита II","review","Progression name candidate; review with surrounding description."
"insp_zombies_killed_3","Zombie Slayer III","Убиец на зомбита III","review","Progression name candidate; review with surrounding description."
"insp_zombies_killed_4","Zombie Slayer IV","Убиец на зомбита IV","review","Progression name candidate; review with surrounding description."
"insp_zombies_killed_5","Zombie Slayer V","Убиец на зомбита V","review","Progression name candidate; review with surrounding description."
"insp_zombies_killed_6","Zombie Slayer VI","Убиец на зомбита VI","review","Progression name candidate; review with surrounding description."
"insp_zombies_killed_d","Put feral zombies to rest.","Изпращай дивите зомбита в покой.","review","Progression name candidate; review with surrounding description."
"perk_alchemist","Alchemist","Алхимик","review","Progression name candidate; review with surrounding description."
"perk_alchemist_d","If it smells disturbing, then you're on the right track. Sometimes alchemy yields more items.","Ако мирише обезпокоително, значи си на прав път. Понякога алхимията дава повече предмети.","review","Progression name candidate; review with surrounding description."
"perk_artist","Artist","Художник","review","Progression name candidate; review with surrounding description."
"perk_artist_d","Is it just a piece of stone? For you, it’s art. You gain a quality bonus when crafting statues and decorations.","Само парче камък ли е? За теб е изкуство. Получаваш бонус към качеството при изработката на статуи и украси.","review","Progression name candidate; review with surrounding description."
"perk_axeman","Axeman","Дървар","review","Progression name candidate; review with surrounding description."
"perk_axeman_d","The axe is your friend, and it’s a sharp friend! You sometimes get extra logs when chopping trees. You can also make more firewood and wedges from logs. Chopping wood is so relaxing!","Брадвата е твой приятел - и то остър приятел! Понякога получаваш допълнителни дърва, когато сечеш дървета. Можеш също да правиш повече дърва за огрев и клинове от трупи. Сеченето на дърва е толкова отпускащо!","review","Progression name candidate; review with surrounding description."
"perk_bellmaster","Bell Master","Майстор на камбаните","review","Progression name candidate; review with surrounding description."
"perk_bellmaster_d","The bell rings for the Keeper! You can restart fights on the same day.","Камбаната бие за Гробаря! Можеш да започнеш битките отново в същия ден.","review","Progression name candidate; review with surrounding description."
"perk_beltmaster","Belt Master","Майстор на конвейерите","review","Progression name candidate; review with surrounding description."
"perk_beltmaster_d","You know how to keep things rolling. Your zombies produce more <sprite name=""gear"">.","Знаеш как да поддържаш нещата в движение. Зомбитата ти произвеждат повече <sprite name=""gear"">.","review","Progression name candidate; review with surrounding description."
"perk_blacksmith","Blacksmith","Ковач","review","Progression name candidate; review with surrounding description."
"perk_blacksmith_d","You enjoy working with red-hot iron. Hammering relaxes you. When the work is done, you always find time to make some extra nails.","Обичаш да работиш с нажежено желязо. Удрянето с чука те отпуска. Когато работата приключи, винаги намираш време за още няколко пирона.","review","Progression name candidate; review with surrounding description."
"perk_bookworm","Bookworm","Книжен плъх","review","Progression name candidate; review with surrounding description."
"perk_bookworm_d","You've read so many books that writing one seems easier.

+4 <sprite name=""talent_yellow""> when writing books.","Прочел си толкова много книги, че написването на една изглежда лесно.

+4 <sprite name=""talent_yellow""> при писане на книги.","review","Progression name candidate; review with surrounding description."
"perk_brewer","Brewer","Пивовар","review","Progression name candidate; review with surrounding description."
"perk_brewer_d","Brewing beer isn’t an addiction. You just make more of it.","Варенето на бира не е зависимост. Просто правиш повече от нея.","review","Progression name candidate; review with surrounding description."
"perk_builder","Builder","Строител","review","Progression name candidate; review with surrounding description."
"perk_builder_d","Who says cutting corners is a bad thing? You recover some resources when restoring buildings.","Кой казва, че спестяването на материали е нещо лошо? Възстановяването на сгради връща част от ресурсите.","review","Progression name candidate; review with surrounding description."
"perk_butcher","Butcher","Касапин","review","Progression name candidate; review with surrounding description."
"perk_butcher_d","You know how to handle meat. Non-critical failures leave organs intact.","Знаеш как се работи с месо. При некритични провали органите остават непокътнати.","review","Progression name candidate; review with surrounding description."
"perk_cardinal","Cardinal","Кардинал","review","Progression name candidate; review with surrounding description."
"perk_cardinal_d","The church isn't just a triumph of the spirit. It's also a collection of buildings and properties. You've learned to manage them, so ceremonies give you extra money.","Църквата не е само триумф на духа. Тя е и колекция от сгради и имоти. Научил си се да ги управляваш, затова церемониите носят допълнителни пари.","review","Progression name candidate; review with surrounding description."
"perk_carpenter","Carpenter","Дърводелец","review","Progression name candidate; review with surrounding description."
"perk_carpenter_d","You know how to work with wood! Circular saws are more productive in your hands. You also find the work very relaxing.","Знаеш как се работи с дърво! Циркулярите са по-производителни в твоите ръце. Освен това намираш работата за много отпускаща.","review","Progression name candidate; review with surrounding description."
"perk_chimera","Chimera","Химера","review","Progression name candidate; review with surrounding description."
"perk_chimera_d","Anything can become a work of art. Your organ improvement crafting improves.","Всичко може да се превърне в произведение на изкуството. Изработката за подобряване на органи е по-добра.","review","Progression name candidate; review with surrounding description."
"perk_church_materialist","Church materialist","Църковен материалист","review","Progression name candidate; review with surrounding description."
"perk_church_materialist_d","Faith may move mountains, but candles help too.

+4 <sprite name=""talent_blue""> when crafting church supplies.","Вярата може да мести планини, но и свещите помагат.

+4 <sprite name=""talent_blue""> при изработката на църковни припаси.","review","Progression name candidate; review with surrounding description."
"perk_compost_chemist","Compost Chemist","Химик на компоста","review","Progression name candidate; review with surrounding description."
"perk_compost_chemist_d","You overcame your disgust, and mastered the finer points of fermentation: yields more fertilizer.","Преодоля отвращението си и овладя тънкостите на ферментацията: получаваш повече тор.","review","Progression name candidate; review with surrounding description."
"perk_cook","Cook","Готвач","review","Progression name candidate; review with surrounding description."
"perk_cook_2","Cook II","Готвач II","review","Progression name candidate; review with surrounding description."
"perk_cook_2_d","How dare you cook so well? You create extra portions of complex dishes.","Как смееш да готвиш толкова добре? Създаваш допълнителни порции сложни ястия.","review","Progression name candidate; review with surrounding description."
"perk_cook_d","It’s not haute cuisine, but there’s plenty of it. You create extra portions of basic dishes.","Не е висша кухня, но има предостатъчно. Създаваш допълнителни порции обикновени ястия.","review","Progression name candidate; review with surrounding description."
"perk_cremator","Cremator","Крематор","review","Progression name candidate; review with surrounding description."
"perk_cremator_d","The hottest job in town. Receive more rewards for cremating corpses.","Най-горещата работа в града. Получаваш повече награди за кремиране на трупове.","review","Progression name candidate; review with surrounding description."
"perk_cube_distillations","Cube distillations","Дестилации в куба","review","Progression name candidate; review with surrounding description."
"perk_cube_distillations_d","The laws of alchemy are more like suggestions. Receive more items from the Distillation Cube.","Законите на алхимията са по-скоро препоръки. Получаваш повече предмети от Дестилационния куб.","review","Progression name candidate; review with surrounding description."
"perk_curiousmind","Curious Mind","Любознателен ум","review","Progression name candidate; review with surrounding description."
"perk_curiousmind_d","You like to dig deeper. You sometimes find special items while studying.","Обичаш да навлизаш в дълбочина. Понякога намираш специални предмети, докато проучваш.","review","Progression name candidate; review with surrounding description."
"perk_dark_gluttony_pride","Gluttony and Pride","Лакомия и гордост","review","Progression name candidate; review with surrounding description."
"perk_dark_gluttony_pride_d","Sometimes things aren't what they seem... or is that just an illusion?","Понякога нещата не са такива, каквито изглеждат... или това е просто илюзия?","review","Progression name candidate; review with surrounding description."
"perk_dark_lust_envy","Lust and Envy","Похот и завист","review","Progression name candidate; review with surrounding description."
"perk_dark_lust_envy_d","Do things look a little strange, or does the red just make everything seem more sinister?","Дали всичко изглежда малко странно, или червеното просто го прави по-зловещо?","review","Progression name candidate; review with surrounding description."
"perk_dark_wraith_sloth","Wraith and Sloth","Призрак и леност","review","Progression name candidate; review with surrounding description."
"perk_dark_wraith_sloth_d","Calm can be deadly... or are the cobwebs putting gloomy thoughts into your head again?","Спокойствието може да е смъртоносно... или паяжините отново ти навяват мрачни мисли?","review","Progression name candidate; review with surrounding description."
"perk_deeppockets","Deep Pockets","Дълбоки джобове","review","Progression name candidate; review with surrounding description."
"perk_deeppockets_d","One day, they may prove too deep even for you. Increases inventory size.","Някой ден може да се окажат прекалено дълбоки дори за теб. Увеличава размера на инвентара.","review","Progression name candidate; review with surrounding description."
"perk_distill_it","Just distill it","Просто го дестилирай","review","Progression name candidate; review with surrounding description."
"perk_distill_it_d","If it doesn't melt the cup, it's probably safe. 

+4 <sprite name=""talent_blue""> when working at the Distillation Cube.","Ако не разтопи чашата, вероятно е безопасно.

+4 <sprite name=""talent_blue""> при работа с Дестилационния куб.","review","Progression name candidate; review with surrounding description."
"perk_drink_little","Drink a little.","Пий по малко.","review","Progression name candidate; review with surrounding description."
"perk_drink_little_d","A good potion knows when to come back for another round. Sometimes drinking a potion does not consume it.","Добрата отвара знае кога да се върне за още един рунд. Понякога изпиването на отвара не я изразходва.","review","Progression name candidate; review with surrounding description."
"perk_engineer","Engineer","Инженер","review","Progression name candidate; review with surrounding description."
"perk_engineer_d","You understand complex mechanisms. Sometimes you craft extra mechanical items.","Разбираш сложните механизми. Понякога изработваш допълнителни механични предмети.","review","Progression name candidate; review with surrounding description."
"perk_enhanced_selection","Enhanced Selection","Подобрен подбор","review","Progression name candidate; review with surrounding description."
"perk_enhanced_selection_d","Enhanced Selection Description","Описание на Подобрен подбор","review","Progression name candidate; review with surrounding description."
"perk_expert_anatomist","Expert anatomist","Експерт по анатомия","review","Progression name candidate; review with surrounding description."
"perk_expert_anatomist_d","You know exactly where everything used to be.

+4 <sprite name=""talent_blue""> when working at an Autopsy Table.","Знаеш точно къде се е намирало всичко.

+4 <sprite name=""talent_blue""> при работа на Масата за аутопсии.","review","Progression name candidate; review with surrounding description."
"perk_extra_overhead_1","Carrier","Носач","review","Progression name candidate; review with surrounding description."
"perk_extra_overhead_1_d","Your neck was made for something, right? Carry more items on your head.","Вратът ти все за нещо трябва да служи, нали? Носи повече предмети на главата си.","review","Progression name candidate; review with surrounding description."
"perk_extra_overhead_2","Carrier II","Носач II","review","Progression name candidate; review with surrounding description."
"perk_extra_overhead_2_d","The pile is getting dangerously ambitious. Carry even more items on your head.","Купчината става опасно амбициозна. Носи още повече предмети на главата си.","review","Progression name candidate; review with surrounding description."
"perk_extra_overhead_3","Carrier III","Носач III","review","Progression name candidate; review with surrounding description."
"perk_extra_overhead_3_d","At this point, you're basically a walking warehouse. Carry a huge number of items on your head.","На този етап практически си ходещ склад. Носи огромен брой предмети на главата си.","review","Progression name candidate; review with surrounding description."
"perk_farmer","Farmer","Земеделец","review","Progression name candidate; review with surrounding description."
"perk_farmer_2","Farmer II","Земеделец II","review","Progression name candidate; review with surrounding description."
"perk_farmer_2_d","You aren’t afraid of getting the rest of your body dirty either. Your harvests are even better.","Не се страхуваш да изцапаш и останалата част от тялото си. Реколтата ти е още по-добра.","review","Progression name candidate; review with surrounding description."
"perk_farmer_d","You're not afraid of getting your hands dirty. You can pick better seeds and harvest bigger crops.","Не се страхуваш да си изцапаш ръцете. Можеш да избираш по-добри семена и да прибираш по-големи реколти.","review","Progression name candidate; review with surrounding description."
"perk_fertilizer_slot_1","Fertilizer","Тор","review","Progression name candidate; review with surrounding description."
"perk_fertilizer_slot_1_d","Fertilizer Description","Описание на Тор","review","Progression name candidate; review with surrounding description."
"perk_fireman","Fireman","Огнеборец","review","Progression name candidate; review with surrounding description."
"perk_fireman_d","The dancing flame fascinates you. You know how to increase productivity, and smelt more ore per load.","Танцуващият пламък те омайва. Знаеш как да увеличиш производителността и да топиш повече руда на зареждане.","review","Progression name candidate; review with surrounding description."
"perk_fishcutter","Fish Filleter","Филетирач на риба","review","Progression name candidate; review with surrounding description."
"perk_fishcutter_d","There’s no such thing as a small fish... you just need to cut it right. You get more fillets.","Няма такова нещо като малка риба... просто трябва да я разрежеш правилно. Получаваш повече филета.","review","Progression name candidate; review with surrounding description."
"perk_fisherman","Fisherman","Рибар","review","Progression name candidate; review with surrounding description."
"perk_fisherman_d","You know how to handle your fishing rod. Now it’s stronger than ever.","Знаеш как да боравиш с въдицата си. Сега тя е по-здрава от всякога.","review","Progression name candidate; review with surrounding description."
"perk_fissure_finder","Fissure Finder","Търсач на пукнатини","review","Progression name candidate; review with surrounding description."
"perk_fissure_finder_d","You've learned to spot natural flaws in the rock, before breaking your pickaxe on it.

+2 <sprite name=""talent_orange""> when working with stone.","Научи се да забелязваш естествените слабости в скалата, преди да счупиш кирката си в нея.

+2 <sprite name=""talent_orange""> при работа с камък.","review","Progression name candidate; review with surrounding description."
"perk_formula_one","Formula one","Формула едно","review","Progression name candidate; review with surrounding description."
"perk_formula_one_d","Precision is optional. Results are not. 

+4 <sprite name=""talent_blue""> when working at the Formulation Bench.","Прецизността е по желание. Резултатите - не.

+4 <sprite name=""talent_blue""> при работа на Масата за формули.","review","Progression name candidate; review with surrounding description."
"perk_frankenstein","Frankenstein","Франкенщайн","review","Progression name candidate; review with surrounding description."
"perk_frankenstein_d","There's two secret ingredients — resurrection serum and love. Zombies start with experience.","Има две тайни съставки - серум за възкресение и любов. Зомбитата започват с опит.","review","Progression name candidate; review with surrounding description."
"perk_gearmaster","Gear Master","Майстор на зъбчатките","review","Progression name candidate; review with surrounding description."
"perk_gearmaster_d","As a child, you loved playing with gears. Now you craft extras just for fun.","Като дете си обичал да си играеш със зъбчатки. Сега изработваш допълнителни просто за забавление.","review","Progression name candidate; review with surrounding description."
"perk_glassworker","Glassworker","Стъклар","review","Progression name candidate; review with surrounding description."
"perk_glassworker_d","You make glass, not break it. Sometimes you craft extra glasswork items. Sometimes it's even pretty good.","Правиш стъкло, не го чупиш. Понякога изработваш допълнителни стъклени предмети. Понякога дори са красиви.","review","Progression name candidate; review with surrounding description."
"perk_godsartist","God's Artist","Божи художник","review","Progression name candidate; review with surrounding description."
"perk_godsartist_d","If it’s art, it should be rewarding. Sometimes you craft extra items.","Ако е изкуство, трябва да носи награда. Понякога изработваш допълнителни предмети.","review","Progression name candidate; review with surrounding description."
"perk_godswords","God's Words","Божи слова","review","Progression name candidate; review with surrounding description."
"perk_godswords_d","They're not my words, I just write them down. Your ceremonies increase in quality.","Не са мои думи, само ги записвам. Церемониите ти повишават качеството си.","review","Progression name candidate; review with surrounding description."
"perk_golddigger","Gold Digger","Златотърсач","review","Progression name candidate; review with surrounding description."
"perk_golddigger_d","The guy selling the shovels is the only one making a profit. Gold starts appearing when sifting sand.","Единственият, който печели, е онзи, който продава лопатите. При пресяване на пясък започва да се появява злато.","review","Progression name candidate; review with surrounding description."
"perk_good_press","Good press","Добра преса","review","Progression name candidate; review with surrounding description."
"perk_good_press_d","Ink stains wash off. Reputations don't. 

+4 <sprite name=""talent_yellow""> when working at the Printing Press.","Петната от мастило се изпират. Репутацията - не.

+4 <sprite name=""talent_yellow""> при работа на Печатната преса.","review","Progression name candidate; review with surrounding description."
"perk_goodcutter","Good Cutter","Добър резач","review","Progression name candidate; review with surrounding description."
"perk_goodcutter_d","One precise cut, and the flesh just falls away. More leather, fat, and meat from bodies.","Един точен разрез и плътта просто пада. Получаваш повече кожа, мазнина и месо от телата.","review","Progression name candidate; review with surrounding description."
"perk_goodfellow","Good fellow","Добър приятел","review","Progression name candidate; review with surrounding description."
"perk_goodfellow_d","The more friends you have, the more brains you need. Increase your zombie limit without receiving a PR penalty.","Колкото повече приятели имаш, толкова повече мозъци са ти нужни. Увеличава лимита ти за зомбита без наказание от Машината за намаляване на паниката.","review","Progression name candidate; review with surrounding description."
"perk_gourmet","Gourmet","Гурме","review","Progression name candidate; review with surrounding description."
"perk_gourmet_d","There are five tastes, and you enjoy each of them. Food provides greater benefits.","Има пет вкуса и се наслаждаваш на всеки от тях. Храната дава по-големи ползи.","review","Progression name candidate; review with surrounding description."
"perk_grapemaster","Grape Master","Майстор на гроздето","review","Progression name candidate; review with surrounding description."
"perk_grapemaster_d","Sometimes the grapes whisper to you: ""Make me into wine."" Better seeds make higher yields.","Понякога гроздето ти шепне: „Направи ме на вино.“ По-добрите семена дават по-голяма реколта.","review","Progression name candidate; review with surrounding description."
"perk_grave_crafter","Grave Builder","Строител на гробове","review","Progression name candidate; review with surrounding description."
"perk_grave_crafter_d","Craft and install gravestones and grave fences faster, with less <sprite name=""energy"">, and less <sprite name=""insanity"">.","Изработвай и поставяй надгробни плочи и огради за гробове по-бързо, с по-малко <sprite name=""energy""> и по-малко <sprite name=""insanity"">.","review","Progression name candidate; review with surrounding description."
"perk_green_thumb","Green Thumb","Зелени пръсти","review","Progression name candidate; review with surrounding description."
"perk_green_thumb_d","You learned to plant seeds pointy side up.

+2 <sprite name=""talent_green""> when planting and harvesting crops.","Научи се да засаждаш семената с острата страна нагоре.

+2 <sprite name=""talent_green""> при засаждане и прибиране на реколта.","review","Progression name candidate; review with surrounding description."
"perk_greenkeeper","Grim Keeper","Мрачен пазител","review","Progression name candidate; review with surrounding description."
"perk_greenkeeper_d","It’s your job now to put them to rest. Unlocks corpses with dark organs.","Това вече е твоя работа - да ги изпращаш в покой. Отключва трупове с тъмни органи.","review","Progression name candidate; review with surrounding description."
"perk_happy_supplier","Happy supplier","Щастлив снабдител","review","Progression name candidate; review with surrounding description."
"perk_happy_supplier_d","Happy customers are good customers. Town orders give more <sprite name=""happiness"">.","Щастливите клиенти са добри клиенти. Градските поръчки дават повече <sprite name=""happiness"">.","review","Progression name candidate; review with surrounding description."
"perk_happybook","Happy Book","Щастлива книга","review","Progression name candidate; review with surrounding description."
"perk_happybook_d","Your <sprite name=""happiness""> cap is increased.","Максимумът ти на <sprite name=""happiness""> е увеличен.","review","Progression name candidate; review with surrounding description."
"perk_heat_handler","Heat Handler","Майстор на топлината","review","Progression name candidate; review with surrounding description."
"perk_heat_handler_d","You can judge the temperature of metal by sight, rather than touch.

+2 <sprite name=""talent_red""> when working with iron.","Можеш да определяш температурата на метала с поглед, вместо с допир.

+2 <sprite name=""talent_red""> при работа с желязо.","review","Progression name candidate; review with surrounding description."
"perk_heat_saver","Heat Saver","Пестелив с топлината","review","Progression name candidate; review with surrounding description."
"perk_heat_saver_d","You learned to put a lid on the pot so firewood isn't burned for nothing: consume less fuel when cooking.","Научи се да слагаш капак на тенджерата, за да не горят дърва напразно: изразходвай по-малко гориво при готвене.","review","Progression name candidate; review with surrounding description."
"perk_insanity","Insanity","Лудост","review","Progression name candidate; review with surrounding description."
"perk_insanity_d","I'm not the one who’s insane... You're the insane one. Unlocks crafts that rapidly decrease sanity.","Не аз съм лудият... Ти си лудият. Отключва изработки, които бързо намаляват лудостта.","review","Progression name candidate; review with surrounding description."
"perk_ironwill","Iron Will","Желязна воля","review","Progression name candidate; review with surrounding description."
"perk_ironwill_d","Mom always said insanity was for losers. Insanity can no longer rise above 70%.","Мама винаги казваше, че лудостта е за губещи. Лудостта вече не може да се покачва над 70%.","review","Progression name candidate; review with surrounding description."
"perk_jeweler","Jeweler","Бижутер","review","Progression name candidate; review with surrounding description."
"perk_jeweler_d","You have a nose for gems, so you find them more often. You also know how to craft fine jewelry.","Имаш усет към скъпоценните камъни, затова ги намираш по-често. Знаеш и как да изработваш фини бижута.","review","Progression name candidate; review with surrounding description."
"perk_jeweller","Goldsmith","Златар","review","Progression name candidate; review with surrounding description."
"perk_jeweller_d","Diamonds may last forever. Your patience doesn't. Crafting jewelry requires less <sprite name=""energy"">.","Диамантите може да са вечни. Твоето търпение - не. Изработката на бижута изисква по-малко <sprite name=""energy"">.","review","Progression name candidate; review with surrounding description."
"perk_junior_butcher","Son of a butcher","Син на касапин","review","Progression name candidate; review with surrounding description."
"perk_junior_butcher_d","Chance of making a surgical mistake during autopsy -25%","Шансът за хирургическа грешка при аутопсия е намален с 25%.","review","Progression name candidate; review with surrounding description."
"perk_known_author","Known author","Известен автор","review","Progression name candidate; review with surrounding description."
"perk_like_king","Like a King","Като цар","review","Progression name candidate; review with surrounding description."
"perk_like_king_d","Write everything faster: books, stories, newspapers...","Пиши всичко по-бързо: книги, истории, вестници...","review","Progression name candidate; review with surrounding description."
"perk_likemaster","Like Master","Майстор на харесванията","review","Progression name candidate; review with surrounding description."
"perk_likemaster_d","Your ceremonies are on fire! Recover some <sprite name=""happiness""> after service.","Церемониите ти са страхотни! Възстановяваш част от <sprite name=""happiness""> след службата.","review","Progression name candidate; review with surrounding description."
"perk_marauder","Marauder","Мародер","review","Progression name candidate; review with surrounding description."
"perk_marauder_d","The best loot is the loot someone else was carrying. Receive more rewards after battles.","Най-добрата плячка е онази, която някой друг е носил. Получаваш повече награди след битки.","review","Progression name candidate; review with surrounding description."
"perk_mason","Mason","Каменоделец","review","Progression name candidate; review with surrounding description."
"perk_mason_d","Stone is your passion, and your carvings are excellent. You sometimes craft extra items from stonework.","Камъкът е твоята страст, а резбите ти са отлични. Понякога изработваш допълнителни каменни предмети.","review","Progression name candidate; review with surrounding description."
"perk_master_brewer","Master Brewer","Майстор пивовар","review","Progression name candidate; review with surrounding description."
"perk_master_brewer_d","You mastered the proper balance of hops and honey.

+2<sprite name=""talent_green""> when brewing beer and mead.","Овладя правилния баланс между хмел и мед.

+2<sprite name=""talent_green""> при варене на бира и медовина.","review","Progression name candidate; review with surrounding description."
"perk_master_embalmer","Master embalmer","Майстор балсаматор","review","Progression name candidate; review with surrounding description."
"perk_master_embalmer_d","Looking respectable is much easier once you stop moving.

+4 <sprite name=""talent_blue""> when working at an Embalming Table.","Да изглеждаш представително е много по-лесно, когато спреш да се движиш.

+4 <sprite name=""talent_blue""> при работа на Маса за балсамиране.","review","Progression name candidate; review with surrounding description."
"perk_mastergatherer","Master Forager","Майстор събирач","review","Progression name candidate; review with surrounding description."
"perk_mastergatherer_d","You love nature, and nature loves you back. You can gather more resources. ","Обичаш природата, а природата ти отвръща. Можеш да събираш повече ресурси.","review","Progression name candidate; review with surrounding description."
"perk_miner","Miner","Миньор","review","Progression name candidate; review with surrounding description."
"perk_miner_d","You're a true miner. You sometimes get extra ore when mining. You might even find a gem... or not.","Истински миньор си. Понякога получаваш допълнителна руда, когато копаеш. Може дори да намериш скъпоценен камък... или не.","review","Progression name candidate; review with surrounding description."
"perk_monument_builder","Monument builder","Строител на паметници","review","Progression name candidate; review with surrounding description."
"perk_monument_builder_d","Every masterpiece needs a lasting audience.

+4 <sprite name=""talent_orange""> when crafting gravestones and grave fences.","Всеки шедьовър заслужава публика, която да го помни.

+4 <sprite name=""talent_orange""> при изработката на надгробни плочи и огради за гробове.","review","Progression name candidate; review with surrounding description."
"perk_moonwalk","Moonwalk","Лунна разходка","review","Progression name candidate; review with surrounding description."
"perk_moonwalk_d","Not everything is about dancing. New nighttime resource nodes become available.","Не всичко е свързано с танци. Появяват се нови находища на ресурси през нощта.","review","Progression name candidate; review with surrounding description."
"perk_motivator","Motivator","Мотиватор","review","Progression name candidate; review with surrounding description."
"perk_motivator_d","A gentle voice and a firm hand is all it takes. Zombies gain +1 to all talents.","Нежен глас и твърда ръка - това е всичко необходимо. Зомбитата получават +1 към всички таланти.","review","Progression name candidate; review with surrounding description."
"perk_negotiator","Negotiator","Преговарящ","review","Progression name candidate; review with surrounding description."
"perk_negotiator_d","Bargaining is an art, and you are an artist. Prices are lower for you.","Пазарлъкът е изкуство, а ти си художник. Цените за теб са по-ниски.","review","Progression name candidate; review with surrounding description."
"perk_one_more_potion","One more potion","Още една отвара","review","Progression name candidate; review with surrounding description."
"perk_one_more_potion_d","The flask survived. Somehow. Sometimes you receive an empty flask after creating a potion.","Колбата оцеля. Някак. Понякога получаваш празна колба след създаването на отвара.","review","Progression name candidate; review with surrounding description."
"perk_oneofus","One of Us","Един от нас","review","Progression name candidate; review with surrounding description."
"perk_oneofus_d","You know, I'm a merchant myself. Unlocks special merchant orders.","Знаеш ли, и аз съм търговец. Отключва специални търговски поръчки.","review","Progression name candidate; review with surrounding description."
"perk_operations_house_d","You've been seeing things since childhood. Autopsies require less <sprite name=""energy""> and cause less  <sprite name=""insanity"">.","Още от дете виждаш неща. Аутопсиите изискват по-малко <sprite name=""energy""> и причиняват по-малко <sprite name=""insanity"">.","review","Progression name candidate; review with surrounding description."
"perk_paper_maker","Paper maker","Производител на хартия","review","Progression name candidate; review with surrounding description."
"perk_paper_maker_d","You create more paper and newspapers.","Създаваш повече хартия и вестници.","review","Progression name candidate; review with surrounding description."
"perk_performer","Performer","Изпълнител","review","Progression name candidate; review with surrounding description."
"perk_performer_d","Successful ceremonies grant extra <sprite name=""faith""> and <sprite name=""slv"">.","Успешните церемонии дават допълнителни <sprite name=""faith""> и <sprite name=""slv"">.","review","Progression name candidate; review with surrounding description."
"perk_potion_brewer","Potion brewer","Варяч на отвари","review","Progression name candidate; review with surrounding description."
"perk_potion_brewer_d","It only glows when it's working. Hopefully.

+4 <sprite name=""talent_blue""> when crafting potions.","Свети само когато работи. Надяваме се.

+4 <sprite name=""talent_blue""> при изработката на отвари.","review","Progression name candidate; review with surrounding description."
"perk_pr_machinist","PR Machinist","Майстор на Машината за намаляване на паниката","review","Progression name candidate; review with surrounding description."
"perk_pr_machinist_d","PR Machine gives more zombie limit when working.","Машината за намаляване на паниката дава по-голям лимит за зомбита, когато работи.","review","Progression name candidate; review with surrounding description."
"perk_priest","Priest","Свещеник","review","Progression name candidate; review with surrounding description."
"perk_priest_d","People believe in your words. Ceremonies grant extra faith.","Хората вярват на думите ти. Церемониите дават допълнителна вяра.","review","Progression name candidate; review with surrounding description."
"perk_pro_writer","Professional writer","Професионален писател","review","Progression name candidate; review with surrounding description."
"perk_pro_writer_d","Every legend begins with someone exaggerating. 

+4 <sprite name=""talent_yellow""> when writing stories.","Всяка легенда започва с някой, който преувеличава.

+4 <sprite name=""talent_yellow""> при писане на истории.","review","Progression name candidate; review with surrounding description."
"perk_quickhands","Quick Hands","Бързи ръце","review","Progression name candidate; review with surrounding description."
"perk_quickhands_d","One two three, and just a little twist. Speeds up operations.","Едно, две, три и съвсем леко завъртане. Ускорява операциите.","review","Progression name candidate; review with surrounding description."
"perk_rich_supplier","Rich supplier","Богат снабдител","review","Progression name candidate; review with surrounding description."
"perk_rich_supplier_d","The town always pays well. Town orders give more money <sprite name=""slv"">.","Градът винаги плаща добре. Градските поръчки дават повече пари <sprite name=""slv"">.","review","Progression name candidate; review with surrounding description."
"perk_rich_surgeon","Treasure Hunter","Ловец на съкровища","review","Progression name candidate; review with surrounding description."
"perk_rich_surgeon_d","People keep their savings in the strangest places. Organs occasionally contain <sprite name=""slv""> during an autopsy.","Хората крият спестяванията си на най-странни места. По време на аутопсия органите понякога съдържат <sprite name=""slv"">.","review","Progression name candidate; review with surrounding description."
"perk_salad_guru","Salad Guru","Гуру на салатите","review","Progression name candidate; review with surrounding description."
"perk_salad_guru_d","Salad Guru Description","Описание на Гуру на салатите","review","Progression name candidate; review with surrounding description."
"perk_sanity","Sanity","Разсъдък","review","Progression name candidate; review with surrounding description."
"perk_sanity_d","Nothing beats a good night’s sleep. Sleeping removes more insanity.","Нищо не може да се сравни с добрия нощен сън. Сънят премахва повече лудост.","review","Progression name candidate; review with surrounding description."
"perk_science","Researcher","Изследовател","review","Progression name candidate; review with surrounding description."
"perk_science_d","Curiosity is surprisingly good exercise for the mind. Research items faster and with less <sprite name=""energy"">.","Любопитството е изненадващо добро упражнение за ума. Проучвай предмети по-бързо и с по-малко <sprite name=""energy"">.","review","Progression name candidate; review with surrounding description."
"perk_scientist","Scientist","Учен","review","Progression name candidate; review with surrounding description."
"perk_scientist_d","You go deeper and explore the essence of things. Studying items may uncover stories or yield extra points.","Навлизаш по-дълбоко и изследваш същността на нещата. Проучването на предмети може да разкрие истории или да даде допълнителни точки.","review","Progression name candidate; review with surrounding description."
"perk_scribe","Scribe","Писар","review","Progression name candidate; review with surrounding description."
"perk_scribe_d","The quill is mightier than the shovel. Sometimes. 

+4 <sprite name=""talent_yellow""> when working at the Writing Desk.","Перата са по-силни от лопатата. Понякога.

+4 <sprite name=""talent_yellow""> при работа на Писалището.","review","Progression name candidate; review with surrounding description."
"perk_seedmaster","Seed Master","Майстор на семената","review","Progression name candidate; review with surrounding description."
"perk_seedmaster_d","Farming isn't about crops, it's about seeds. You obtain more seeds.","Земеделието не е само за реколтата, а и за семената. Получаваш повече семена.","review","Progression name candidate; review with surrounding description."
"perk_sermon_writer","Sermon writer","Автор на проповеди","review","Progression name candidate; review with surrounding description."
"perk_sermon_writer_d","Holy words are easier when someone else does the hard thinking. Writing sermons becomes an easier task.","Свещените слова идват по-лесно, когато някой друг мисли усилено вместо теб. Писането на проповеди става по-лесна задача.","review","Progression name candidate; review with surrounding description."
"perk_smarth_researcher","Smart researcher","Умен изследовател","review","Progression name candidate; review with surrounding description."
"perk_smarth_researcher_d","Every mystery deserves another questionable experiment.

+4 <sprite name=""talent_blue""> when working at a Laboratory.","Всяка загадка заслужава още един съмнителен експеримент.

+4 <sprite name=""talent_blue""> при работа в Лаборатория.","review","Progression name candidate; review with surrounding description."
"perk_sommelier","Sommelier","Сомелиер","review","Progression name candidate; review with surrounding description."
"perk_sommelier_d","You've come to appreciate the wonders that come of a sealed barrel and a little patience.

+3 <sprite name=""talent_green""> when making wine.","Започна да оценяваш чудесата, които се получават от запечатано буре и малко търпение.

+3 <sprite name=""talent_green""> при правене на вино.","review","Progression name candidate; review with surrounding description."
"perk_splinter_proof","Splinter Proof","Непробиваем за трески","review","Progression name candidate; review with surrounding description."
"perk_splinter_proof_d","Your hands are so calloused, splinters break against your skin, not inside it.

+2 <sprite name=""talent_orange""> when working with wood.","Ръцете ти са толкова загрубели, че треските се чупят в кожата ти, а не вътре в нея.

+2 <sprite name=""talent_orange""> при работа с дърво.","review","Progression name candidate; review with surrounding description."
"perk_storyteller","Storyteller","Разказвач","review","Progression name candidate; review with surrounding description."
"perk_storyteller_d","You notice the little things about people. Every quest is also a story.","Забелязваш малките неща у хората. Всяка задача е и история.","review","Progression name candidate; review with surrounding description."
"perk_surgeon","Surgeon","Хирург","review","Progression name candidate; review with surrounding description."
"perk_surgeon_d","The dead don't sue, but it's still good to be careful. Perform better autopsies.","Мъртвите не съдят, но все пак е добре да внимаваш. Прави по-добри аутопсии.","review","Progression name candidate; review with surrounding description."
"perk_swordmaster","Sword Master","Майстор на меча","review","Progression name candidate; review with surrounding description."
"perk_swordmaster_d","You skill with a blade makes you better at crafting them. Your swords are simply better.","Умението ти с острието те прави по-добър в изработката на оръжия. Мечовете ти са просто по-добри.","review","Progression name candidate; review with surrounding description."
"perk_talented_jeweler","Talented jeweler","Талантлив златар","review","Progression name candidate; review with surrounding description."
"perk_talented_jeweler_d","Gold is surprisingly cooperative when it knows who's in charge. 

+4 <sprite name=""talent_red""> when working at the Jewelry Table.","Златото изненадващо лесно се подчинява, когато знае кой командва.

+4 <sprite name=""talent_red""> при работа на Масата за бижута.","review","Progression name candidate; review with surrounding description."
"perk_telling_tales","Telling tales","Разказвач на истории","review","Progression name candidate; review with surrounding description."
"perk_telling_tales_d","Every good story starts with a little exaggeration. Creating stories becomes easier.","Всяка добра история започва с малко преувеличение. Създаването на истории става по-лесно.","review","Progression name candidate; review with surrounding description."
"perk_tempering_expert","Tempering Expert","Експерт по закаляване","review","Progression name candidate; review with surrounding description."
"perk_tempering_expert_d","After ruining plenty of workpieces, you finally mastered the secrets of proper tempering.

+2<sprite name=""talent_red""> when working with steel.","След като съсипа достатъчно заготовки, най-сетне овладя тайните на правилното закаляване.

+2<sprite name=""talent_red""> при работа със стомана.","review","Progression name candidate; review with surrounding description."
"perk_toolbelt","Tool Belt","Колан за инструменти","review","Progression name candidate; review with surrounding description."
"perk_toolbelt_d","You’re not without skill... you just lack the tools. Increases available tool slots.","Не ти липсват умения... просто ти липсват инструменти. Увеличава наличните слотове за инструменти.","review","Progression name candidate; review with surrounding description."
"perk_tree_society","Tree society","Дружество на дърветата","review","Progression name candidate; review with surrounding description."
"perk_tree_society_d","Paper doesn't grow on trees anymore. 

+4 <sprite name=""talent_yellow""> when crafting paper.","Хартията вече не расте по дърветата.

+4 <sprite name=""talent_yellow""> при изработката на хартия.","review","Progression name candidate; review with surrounding description."
"perk_trustworthy","Trustworthy","Надежден","review","Progression name candidate; review with surrounding description."
"perk_trustworthy_d","You honestly don’t know how it happened. It won’t happen again. Reduced penalties for having lots of zombies.","Честно казано, не знаеш как се случи. Няма да се повтори. Намалени наказания за наличието на много зомбита.","review","Progression name candidate; review with surrounding description."
"perk_voice_faith","Voice of Faith","Гласът на вярата","review","Progression name candidate; review with surrounding description."
"perk_voice_faith_d","A good sermon can save a soul. Or at least keep it awake.

+4 <sprite name=""talent_yellow""> when writing sermons.","Добрата проповед може да спаси душа. Или поне да я държи будна.

+4 <sprite name=""talent_yellow""> при писане на проповеди.","review","Progression name candidate; review with surrounding description."
"perk_warengineer","War Engineer","Военен инженер","review","Progression name candidate; review with surrounding description."
"perk_warengineer_d","You grin when your towers and barricade spikes bring pain to the enemy. Zombies don't feel pain, but they do suffer extra damage.","Усмихваш се, когато кулите и шиповете на барикадите ти причиняват болка на врага. Зомбитата не усещат болка, но получават допълнителни щети.","review","Progression name candidate; review with surrounding description."
"perk_warsupplier","War Supplier","Военен снабдител","review","Progression name candidate; review with surrounding description."
"perk_warsupplier_d","You like your towers and barricades strong! No surprise they're more durable.","Харесваш кулите и барикадите си здрави! Не е изненада, че са по-издръжливи.","review","Progression name candidate; review with surrounding description."
"perk_whileyoudontwatch","While No One is Looking","Докато никой не гледа","review","Progression name candidate; review with surrounding description."
"perk_whileyoudontwatch_d","No body, no crime. Unlocks a place to dispose of bodies without penalty.","Няма тяло, няма престъпление. Отключва място за изхвърляне на тела без наказание.","review","Progression name candidate; review with surrounding description."
"perk_wholenewworld","Whole New World","Съвсем нов свят","review","Progression name candidate; review with surrounding description."
"perk_wholenewworld_d","Sometimes you don’t need to cross an ocean to discover a new world. Just have another drink.","Понякога не е нужно да прекосяваш океан, за да откриеш нов свят. Просто изпий още едно.","review","Progression name candidate; review with surrounding description."
"perk_winemaster","Wine Master","Майстор на виното","review","Progression name candidate; review with surrounding description."
"perk_winemaster_d","You enjoy alcohol — especially wine! You make more and better wine.","Обичаш алкохола - особено виното! Правиш повече и по-добро вино.","review","Progression name candidate; review with surrounding description."
"perk_zombie_teacher","Zombie teacher","Учител на зомбита","review","Progression name candidate; review with surrounding description."
"perk_zombie_teacher_d","Even the dead can learn new tricks. Zombies improve their skills faster.","Дори мъртвите могат да научат нови номера. Зомбитата подобряват уменията си по-бързо.","review","Progression name candidate; review with surrounding description."
"quest_base_blockage_1","Clear the blockage","Разчисти препятствието","review","Progression name candidate; review with surrounding description."
"quest_base_hatch_unlock","Open the hatch","Отвори капака","review","Progression name candidate; review with surrounding description."
"quest_base_locked_door_tower","Open the door","Отвори вратата","review","Progression name candidate; review with surrounding description."
"quest_bell","Magic bell","Магическа камбана","review","Progression name candidate; review with surrounding description."
"quest_closed__d","We have a deal. Now I'll pay the mercenaries with wine.","Имаме сделка. Сега ще платя на наемниците с вино.","review","Progression name candidate; review with surrounding description."
"quest_closed_0_fairy_find_out_d","I found out how to summon the Fairy.","Разбрах как да призова Феята.","review","Progression name candidate; review with surrounding description."
"quest_closed_10_village_food_samples_d","I've helped supply the village.","Помогнах да снабдим селото.","review","Progression name candidate; review with surrounding description."
"quest_closed_100_village_swamp_faith_d","Red Eye? Again?","Червено око? Пак ли?","review","Progression name candidate; review with surrounding description."
"quest_closed_102_town_captain_faith_d","The Captain told me some cool stories. I hope we have an adventure together.","Капитанът ми разказа страхотни истории. Надявам се да преживеем приключение заедно.","review","Progression name candidate; review with surrounding description."
"quest_closed_103_workshop_steel_give_d","Jack got the high quality steel he needed.","Джак получи висококачествената стомана, от която се нуждаеше.","review","Progression name candidate; review with surrounding description."
"quest_closed_104_workshop_industrial_show_d","Jack saw my Factory... I don't think he still considers me his apprentice.","Джак видя Фабриката ми... Не мисля, че още ме смята за свой чирак.","review","Progression name candidate; review with surrounding description."
"quest_closed_105_guards_armor_give_d","It seems that Herbert is finally about to retire. He might move into Agatha's house at the Crossroads.","Изглежда Хърбърт най-сетне се кани да се пенсионира. Може да се премести в къщата на Агата при Кръстопътя.","review","Progression name candidate; review with surrounding description."
"quest_closed_107_astrologer_likes_give_d","The PR campaign has reached its target.","Кампанията за намаляване на паниката достигна целта си.","review","Progression name candidate; review with surrounding description."
"quest_closed_108_astrologer_pieces_second_d","Gunter gave me his portal fragment.","Гюнтер ми даде фрагмент от портала си.","review","Progression name candidate; review with surrounding description."
"quest_closed_109_crossroad_magnificent_church_d","I can proudly say that my Church is magnificent.","Мога гордо да кажа, че църквата ми е великолепна.","review","Progression name candidate; review with surrounding description."
"quest_closed_11_guards_morale_graveyard_d","I improved the cemetery for Herbert.","Подобрих гробището за Хърбърт.","review","Progression name candidate; review with surrounding description."
"quest_closed_112_linda_wealth_orders_d","The town is growing, and attracting more wealthy people.","Градът расте и привлича все повече заможни хора.","review","Progression name candidate; review with surrounding description."
"quest_closed_113_sewers_god_enter_d","Finally, I found the Old God.","Най-сетне открих Древния бог.","review","Progression name candidate; review with surrounding description."
"quest_closed_114_base_god_ceremony_d","I need to convince the six to help me to repair the portal. They are: Linda at the Dockside Club. Albert in the Plague's Doctor Lab, Agatha at the Crossroads, Herbert in the Barracks, Gunter in the Astrologer's Tower, and Jack in the Town Workshop.","Трябва да убедя шестимата да ми помогнат да поправя портала. Това са: Линда в Крайбрежния клуб, Албърт в Лабораторията на чумния лекар, Агата при Кръстопътя, Хърбърт в казармата, Гюнтер в кулата на Астролога и Джак в Градската работилница.","review","Progression name candidate; review with surrounding description."
"quest_closed_119_pre_B1_fights_win_d","The water lock is closed.","Водният шлюз е затворен.","review","Progression name candidate; review with surrounding description."
"quest_closed_120_pre_C0_fights_win_d","I found the Royal Foundry.","Открих Кралската леярна.","review","Progression name candidate; review with surrounding description."
"quest_closed_121_pre_B3_2_fights_win_d","I secured the bottom of the lock.","Осигурих долната част на шлюза.","review","Progression name candidate; review with surrounding description."
"quest_closed_122_pre_B5_fights_win_d","I found a way to the Stilt Houses.","Намерих път към Къщите на кокили.","review","Progression name candidate; review with surrounding description."
"quest_closed_124_village_money_printed_d","Hopefully, paper money will solve the town's budget problem.","Дано книжните пари решат бюджетния проблем на града.","review","Progression name candidate; review with surrounding description."
"quest_closed_125_astrologer_third_buy_d","I bought the portal fragment from Trademaster.","Купих фрагмента от портала от Майстора на търговията.","review","Progression name candidate; review with surrounding description."
"quest_closed_125_astrologer_third_fourth_sluise_d","I found another portal fragment","Открих още един фрагмент от портала.","review","Progression name candidate; review with surrounding description."
"quest_closed_125_astrologer_third_install_d","Some fragments have been found, but there are more.","Намерени са няколко фрагмента, но има още.","review","Progression name candidate; review with surrounding description."
"quest_closed_128_foundry_wine_bring_d","I brought some wine to the monk in Royal Foundry.","Донесох вино на монаха в Кралската леярна.","review","Progression name candidate; review with surrounding description."
"quest_closed_13_village_fairy_ask_d","To summon a fairy, I need Dream Dust. I must go to the dungeon to find the Plague Doctor.","За да призова фея, ми трябва Прах от сънища. Трябва да отида в подземието и да намеря Чумния лекар.","review","Progression name candidate; review with surrounding description."
"quest_closed_130_town_wishes_portal_d","The end?","Това ли е краят?","review","Progression name candidate; review with surrounding description."
"quest_closed_134_history_keeper_beer_d","I brought beer to Larry. He'll tell me about the other keeper in time.","Донесох бира на Лари. С времето ще ми разкаже за другия гробар.","review","Progression name candidate; review with surrounding description."
"quest_closed_135_town_fisher_fish_myst_d","I got the fisherman's rod.","Получих въдицата на рибаря.","review","Progression name candidate; review with surrounding description."
"quest_closed_139_town_homobonus_bottle_d","Now Homobonus can sell more water.","Сега Хомобонус може да продава повече вода.","review","Progression name candidate; review with surrounding description."
"quest_closed_14_guard_faith_bell_d","I'm ready to start fighting zombies for the city.","Готов съм да започна да се бия със зомбита заради града.","review","Progression name candidate; review with surrounding description."
"quest_closed_14_guard_faith_bring_d","Morale is up. Time to get ready for battle.","Моралът се повиши. Време е да се подготвим за битка.","review","Progression name candidate; review with surrounding description."
"quest_closed_140_town_homobonusus_faith_d","I can sell Faith to Homobonus whenever I want.","Мога да продавам вяра на Хомобонус, когато пожелая.","review","Progression name candidate; review with surrounding description."
"quest_closed_142_foundry_zombie_power_d","I got the first portal fragment. I need to find more!","Получих първия фрагмент от портала. Трябва да намеря още!","review","Progression name candidate; review with surrounding description."
"quest_closed_143_workshop_piece_convince_d","I convinced Jack to give me his portal fragment.","Убедих Джак да ми даде своя фрагмент от портала.","review","Progression name candidate; review with surrounding description."
"quest_closed_144_crossroad_home_improve_d","Agatha's house is now the perfect place for her life with Herbert.","Къщата на Агата вече е идеалното място за живота ѝ с Хърбърт.","review","Progression name candidate; review with surrounding description."
"quest_closed_145_base_organ_ceremony_d","It seems that Agatha and Herbert have found peace. A calm life awaits them.","Изглежда Агата и Хърбърт са намерили покой. Очаква ги спокоен живот.","review","Progression name candidate; review with surrounding description."
"quest_closed_147_sewers_looters_approach_d","Good news — I found Mauritzio’s cheese cellar, and it seems that the Old God is there. Bad news — there's no door. I need to find a way in.","Добри новини - открих избата със сирене на Маурицио и изглежда Древният бог е там. Лоши новини - няма врата. Трябва да намеря начин да вляза.","review","Progression name candidate; review with surrounding description."
"quest_closed_148_doctor_cough_ask_d","Albert's health is worrying. We need to find a cure.","Здравето на Албърт е тревожно. Трябва да намерим лек.","review","Progression name candidate; review with surrounding description."
"quest_closed_149_sluice_tools_tools_d","I got the Po-ta-to To-ma-to.","Получих По-та-то То-ма-то.","review","Progression name candidate; review with surrounding description."
"quest_closed_15_guards_fightback_win_d","I started to retake the city.","Започнах да си връщам града.","review","Progression name candidate; review with surrounding description."
"quest_closed_150_base_90not_god_d","It seems it won't be so easy to convince the six. There must be another way. I need check my Perks...","Изглежда няма да е толкова лесно да убедя шестимата. Трябва да има друг начин. Трябва да проверя уменията си...","review","Progression name candidate; review with surrounding description."
"quest_closed_151_base_90yes_god_d","The six will help me restore the portal.","Шестимата ще ми помогнат да възстановя портала.","review","Progression name candidate; review with surrounding description."
"quest_closed_156_base_pieces_sixth_d","More fragments have been found, but there is another.","Намерени са още фрагменти, но има още един.","review","Progression name candidate; review with surrounding description."
"quest_closed_157_base_palace_home_d","I know everything I need to about the Palace. Now I just need to ready my forces.","Знам всичко необходимо за Двореца. Сега просто трябва да подготвя силите си.","review","Progression name candidate; review with surrounding description."
"quest_closed_158_astrologer_palace_help_d","Jack and Gunter will help save the world. Jack gave me a blueprint for an automatic bow system.","Джак и Гюнтер ще помогнат да спасим света. Джак ми даде чертеж за автоматична система за лъкове.","review","Progression name candidate; review with surrounding description."
"quest_closed_158_astrologer_palace_press_d","I brought a Prosthetic Hand to Jack, and a Small Printing Press to Gunter.","Донесох протезна ръка на Джак и малка печатна преса на Гюнтер.","review","Progression name candidate; review with surrounding description."
"quest_closed_159_crossroad_palace_device_d","I brought an Automatic Writing Device to Agatha and a Trilogy to Herbert.","Донесох автоматично устройство за писане на Агата и трилогия на Хърбърт.","review","Progression name candidate; review with surrounding description."
"quest_closed_159_crossroad_palace_help_d","Agatha and Herbert will help me restore the portal. Herbert increased the space for my defensive equipment, and Agatha game me her blessing.","Агата и Хърбърт ще ми помогнат да възстановя портала. Хърбърт увеличи мястото за отбранителното ми оборудване, а Агата ми даде благословията си.","review","Progression name candidate; review with surrounding description."
"quest_closed_16_foreman_letter_wake_d","Jack and the twins sailed off in the boat.","Джак и близнаците отплаваха с лодката.","review","Progression name candidate; review with surrounding description."
"quest_closed_160_linda_palace_chocolate_d","I brought Chocolate to Linda and Bottles to Albert.","Донесох шоколад на Линда и бутилки на Албърт.","review","Progression name candidate; review with surrounding description."
"quest_closed_160_linda_palace_help_d","Linda and Albert will help me save the world. They gave me recipes to boost endurance and give me zombies stronger skin.","Линда и Албърт ще ми помогнат да спасим света. Дадоха ми рецепти за увеличаване на издръжливостта и за по-здрава кожа на зомбитата.","review","Progression name candidate; review with surrounding description."
"quest_closed_163_village_fish_bring_d","I learned to fish and brought one to Herm.","Научих се да ловя риба и донесох една на Хърм.","review","Progression name candidate; review with surrounding description."
"quest_closed_19_base_ceremony_sermon_d","Now I can give sermons every week.","Сега мога да изнасям проповеди всяка седмица.","review","Progression name candidate; review with surrounding description."
"quest_closed_22_doctor_tower_powder_d","Now I can brew potions in the Abandoned Tower.","Сега мога да варя отвари в Изоставената кула.","review","Progression name candidate; review with surrounding description."
"quest_closed_23_guards_mercenaries_hire_d","The mercenaries will fight for me, as long as I'm paying them.","Наемниците ще се бият за мен, стига да им плащам.","review","Progression name candidate; review with surrounding description."
"quest_closed_24_doctor_zombies_lab_0_d","I have my own personal zombies!","Имам собствени лични зомбита!","review","Progression name candidate; review with surrounding description."
"quest_closed_26_port_foreman_reunite_d","I found Jack, now I need to explore the Port Area","Намерих Джак, сега трябва да проуча Пристанищния район.","review","Progression name candidate; review with surrounding description."
"quest_closed_27_port_astrologer_zombie_home_d","I got new zombies from the Astrologer.","Получих нови зомбита от Астролога.","review","Progression name candidate; review with surrounding description."
"quest_closed_28_base_fairy_summon_d","The Fairy told me I'm supposed to save the world. If that's true, I'll need to enter the swamp and find the temple of the Nature Goddess.","Феята ми каза, че трябва да спася света. Ако това е вярно, ще трябва да вляза в блатото и да намеря храма на Богинята на природата.","review","Progression name candidate; review with surrounding description."
"quest_closed_31_forest_guards_pass_d","I can't enter the forest without a special pass. ","Не мога да вляза в гората без специален пропуск.","review","Progression name candidate; review with surrounding description."
"quest_closed_32_guards_book_bring_d","I found out why Herbert is sad. He wants his romance novel.","Разбрах защо Хърбърт е тъжен. Иска романтичния си роман.","review","Progression name candidate; review with surrounding description."
"quest_closed_34_port_looters_book_d","Now I can hire looters to find stuff I need in the city.","Сега мога да наемам мародери, които да намират нужните ми неща в града.","review","Progression name candidate; review with surrounding description."
"quest_closed_36_port_trademaster_lenses_d","Once a week, a new trade ship will arrive at the Main Pier.","Веднъж седмично на Главния кей ще пристига нов търговски кораб.","review","Progression name candidate; review with surrounding description."
"quest_closed_39_village_frill_bring_d","Herm thanked me for the lace and nearly paid me.","Хърм ми благодари за дантелата и почти ми плати.","review","Progression name candidate; review with surrounding description."
"quest_closed_40_village_fishing_bring_d","The brothers are happy. They even taught me how to craft new fishing bait.","Братята са щастливи. Дори ме научиха как да изработвам нова стръв за риба.","review","Progression name candidate; review with surrounding description."
"quest_closed_41_forest_bonfire_food_d","They were really happy, and taught me how to cook new types of yummies.","Бяха много щастливи и ме научиха да готвя нови вкусотии.","review","Progression name candidate; review with surrounding description."
"quest_closed_42_crossroad_nun_writing_d","I gave writing supplies to the Nun","Дадох пособия за писане на Монахинята.","review","Progression name candidate; review with surrounding description."
"quest_closed_44_port_violine_paint_d","I started to restore the Town.","Започнах да възстановявам града.","review","Progression name candidate; review with surrounding description."
"quest_closed_45_guards_reading_book_d","I brought the Romance Novel to Herbert. Time to find a reader.","Донесох романтичния роман на Хърбърт. Време е да намеря читател.","review","Progression name candidate; review with surrounding description."
"quest_closed_46_pre_A_fights_clean_d","The first part of the Town was liberated.","Първата част на града е освободена.","review","Progression name candidate; review with surrounding description."
"quest_closed_47_pre_A2_fights_clean_d","The east part of the Town was liberated.","Източната част на града е освободена.","review","Progression name candidate; review with surrounding description."
"quest_closed_48_pre_A3_fights_clean_d","The plaza was liberated.","Площадът е освободен.","review","Progression name candidate; review with surrounding description."
"quest_closed_49_pre_A4_fights_clean_d","The Town streets were liberated.","Улиците на града са освободени.","review","Progression name candidate; review with surrounding description."
"quest_closed_50_pre_S2_fights_win_d","The town sewers are cleared.","Канализацията на града е разчистена.","review","Progression name candidate; review with surrounding description."
"quest_closed_51_crossroad_fixed_corpse_delivery_d","Agatha will resume corpse delivery. Donkey will be pleased.","Агата ще възобнови доставките на трупове. Магарето ще е доволно.","review","Progression name candidate; review with surrounding description."
"quest_closed_52_village_pass_ask_d","I got the forest pass. Time to show the guards.","Получих пропуска за гората. Време е да го покажа на стражите.","review","Progression name candidate; review with surrounding description."
"quest_closed_54_forest_bandits_meet_d","I can enter the Forest. Now I need to see if there's any iron or other useful resources.","Мога да вляза в гората. Сега трябва да видя дали има желязо или други полезни ресурси.","review","Progression name candidate; review with surrounding description."
"quest_closed_56_forest_pardon_give_d","I got the Royal Pardon, time to give it to the bandits.","Получих кралското опрощение. Време е да го дам на бандитите.","review","Progression name candidate; review with surrounding description."
"quest_closed_58_port_supplies_order_d","I supplied the Town with iron.","Снабдих града с желязо.","review","Progression name candidate; review with surrounding description."
"quest_closed_6_intro_guards_burial_d","I brought a Burial Certificate.","Донесох свидетелство за погребение.","review","Progression name candidate; review with surrounding description."
"quest_closed_60_port_workshop_free_d","We cleared the zombies out of Jack's workshop. It's time to restore it.","Прочистихме работилницата на Джак от зомбитата. Време е да я възстановим.","review","Progression name candidate; review with surrounding description."
"quest_closed_61_after_clearing_A_complete_visual_d","There's no more zombie danger in the South part of Town. We're ready to rebuild it.","В южната част на града вече няма опасност от зомбита. Готови сме да я възстановим.","review","Progression name candidate; review with surrounding description."
"quest_closed_63_swamp_goddess_speak_d","I can collect blue crystals near the Goddess statue after every <sprite name=""day_envy"">. Also, I need to restore the magic portal. And last but not least, I need to find the Ancient God.","Мога да събирам сини кристали край статуята на Богинята всеки <sprite name=""day_envy"">. Трябва също да възстановя магическия портал. И не на последно място, трябва да намеря Древния бог.","review","Progression name candidate; review with surrounding description."
"quest_closed_65_doctor_lacquer_give_d","I have got a violin. Time to give it to Linda.","Имам цигулка. Време е да я дам на Линда.","review","Progression name candidate; review with surrounding description."
"quest_closed_67_port_incense_give_d","Everything is ready for the concert.","Всичко е готово за концерта.","review","Progression name candidate; review with surrounding description."
"quest_closed_68_port_concert_start_d","The concert is over. Linda has talent!","Концертът приключи. Линда има талант!","review","Progression name candidate; review with surrounding description."
"quest_closed_7_village_head_talk_d","I met Januarius, the owner of the Village tavern, and Jully, the head of the village. However, it seems like they're the same person.","Срещнах Януари, собственика на селската кръчма, и Юли, главата на селото. Изглежда обаче, че са един и същи човек.","review","Progression name candidate; review with surrounding description."
"quest_closed_71_doctor_sister_corpse_d","Albert's sister is a zombie. But he's working on the problem.","Сестрата на Албърт е зомби. Но той работи по проблема.","review","Progression name candidate; review with surrounding description."
"quest_closed_73_crossroad_better_corpses_d","I got better corpses, and I can improve them further by helping Agatha with her living conditions.","Получих по-добри трупове и мога да ги подобря допълнително, като помогна на Агата с условията ѝ на живот.","review","Progression name candidate; review with surrounding description."
"quest_closed_74_crossroad_chore_ceremony_d","Agatha will read for Herbert.","Агата ще чете на Хърбърт.","review","Progression name candidate; review with surrounding description."
"quest_closed_75_forest_explosives_take_d","I got the explosives. Now I can explore the Old Mine in the Forest.","Получих експлозивите. Сега мога да изследвам Старата мина в гората.","review","Progression name candidate; review with surrounding description."
"quest_closed_77_astrologer_printing_book_d","I gave the Poetry Book to Gunter","Дадох книгата със стихове на Гюнтер.","review","Progression name candidate; review with surrounding description."
"quest_closed_78_astrologer_jack_signed_d","We have frontman for our PR campaign.","Имаме фронтмен за кампанията си за намаляване на паниката.","review","Progression name candidate; review with surrounding description."
"quest_closed_8_village_trader_talk_d","I met Herm, the village trader.","Срещнах Хърм, селския търговец.","review","Progression name candidate; review with surrounding description."
"quest_closed_80_village_candidates_plan_d","We need to prepare for the elections.","Трябва да се подготвим за изборите.","review","Progression name candidate; review with surrounding description."
"quest_closed_81_guards_elections_convince_d","Herbert agreed to provide security during the elections.","Хърбърт се съгласи да осигури охраната по време на изборите.","review","Progression name candidate; review with surrounding description."
"quest_closed_82_port_elections_convince_d","Linda agreed to use her Dockside Club as a voting site.","Линда се съгласи да използва Крайбрежния си клуб като място за гласуване.","review","Progression name candidate; review with surrounding description."
"quest_closed_83_astrologer_elections_convince_d","I convinced Gunter to run a PR campaign for the elections.","Убедих Гюнтер да проведе кампания за намаляване на паниката за изборите.","review","Progression name candidate; review with surrounding description."
"quest_closed_84_astrologer_necronomicon_get_d","Now I can create new zombies. Great power and great responsibility.","Сега мога да създавам нови зомбита. Голяма сила и голяма отговорност.","review","Progression name candidate; review with surrounding description."
"quest_closed_85_guards_reader_tell_d","Hopefully, Herbert will look less sad now.","Дано Хърбърт вече изглежда по-малко тъжен.","review","Progression name candidate; review with surrounding description."
"quest_closed_87_doctor_linda_ask_linda_d","It seems something is happening between Linda and Albert.","Изглежда между Линда и Албърт се случва нещо.","review","Progression name candidate; review with surrounding description."
"quest_closed_87_doctor_linda_notebook_d","It seems Linda likes Albert. We'll see how that works.","Изглежда Линда харесва Албърт. Ще видим как ще се развият нещата.","review","Progression name candidate; review with surrounding description."
"quest_closed_89_astrologer_portal_ask_d","It seems I must visit the Royal Foundry to find out more about the portal.","Изглежда трябва да посетя Кралската леярна, за да науча повече за портала.","review","Progression name candidate; review with surrounding description."
"quest_closed_9_village_brothers_pottery_d","I helped the twins and got a fishing rod.","Помогнах на близнаците и получих въдица.","review","Progression name candidate; review with surrounding description."
"quest_closed_90_village_elections_ready_d","Heffry won the election! Or it was Jeffry?","Хефри спечели изборите! Или беше Джефри?","review","Progression name candidate; review with surrounding description."
"quest_closed_91_linda_cough_ask_d","Albert's is getting worse. We need to find a cure for him.","Състоянието на Албърт се влошава. Трябва да намерим лек за него.","review","Progression name candidate; review with surrounding description."
"quest_closed_92_doctor_cure_tell_d","The po-ta-to is working! The future for Linda and Albert is finally looking bright.","По-та-то работи! Бъдещето на Линда и Албърт най-сетне изглежда светло.","review","Progression name candidate; review with surrounding description."
"quest_closed_93_linda_potato_give_d","We'll see if the Po-ta-to To-ma-to helps Albert.","Ще видим дали По-та-то То-ма-то ще помогне на Албърт.","review","Progression name candidate; review with surrounding description."
"quest_closed_94_crossroad_reputation_ask_d","Agatha wants to awaken Herbert's righteous fury.","Агата иска да събуди праведната ярост на Хърбърт.","review","Progression name candidate; review with surrounding description."
"quest_closed_95_guards_organ_tell_d","I build an organ from special wood for Agatha... or it was for Herbert? Surprise?","Изработих орган от специално дърво за Агата... или беше за Хърбърт? Изненада?","review","Progression name candidate; review with surrounding description."
"quest_closed_98_workshop_tunnel_ask_portal_d","Jack still isn't happy with his workshop. To help him, I need to find a way to the Royal Foundry.","Джак все още не е доволен от работилницата си. За да му помогна, трябва да намеря път до Кралската леярна.","review","Progression name candidate; review with surrounding description."
"quest_closed_99_workshop_repair_material_1_d","Jack restored his workshop — and named me his apprentice!","Джак възстанови работилницата си - и ме направи свой чирак!","review","Progression name candidate; review with surrounding description."
"quest_open_0_fairy_find_out_d","Figure out how to summon the Fairy","Разбери как да призовеш Феята.","review","Progression name candidate; review with surrounding description."
"quest_open_10_village_food_samples_d","I need to buy 16-20 wheat seeds from Herm, and grow them in my garden. After that, I'll show the results to Herm at his Store.","Купи 16-20 житни семена от Хърм и ги отгледай в градината си. После покажи резултатите на Хърм в магазина му.","review","Progression name candidate; review with surrounding description."
"quest_open_100_village_swamp_faith_d","Bring Faith to Jully, so he can perform the ritual for the Goddess in the Swamp. He's at the Village Tavern.","Донеси вяра на Юли, за да извърши ритуала за Богинята в блатото. Той е в селската кръчма.","review","Progression name candidate; review with surrounding description."
"quest_open_101_workshop_calculations_ask_d","I need to ask Jack about his calculations. He's always at his Town Workshop.","Попитай Джак за изчисленията му. Той винаги е в градската си работилница.","review","Progression name candidate; review with surrounding description."
"quest_open_102_town_captain_beer_d","I need to bring some drinks to the Captain at the Dockside Club.","Донеси напитки на Капитана в Крайбрежния клуб.","review","Progression name candidate; review with surrounding description."
"quest_open_102_town_captain_faith_d","I need to bring some Faith to the Captain at the Dockside Club.","Донеси вяра на Капитана в Крайбрежния клуб.","review","Progression name candidate; review with surrounding description."
"quest_open_103_workshop_steel_give_d","Get high quality steel from Royal Foundry and bring it to Jack in the Town Workshop.","Вземи висококачествена стомана от Кралската леярна и я занеси на Джак в градската работилница.","review","Progression name candidate; review with surrounding description."
"quest_open_104_workshop_industrial_show_d","I need to show Jack my Factory. First I need to get my Factory ready, and then invite him. He's always in his Workshop in Town.","Покажи на Джак Фабриката си. Първо трябва да я подготвиш, а после да го поканиш. Той винаги е в работилницата си в града.","review","Progression name candidate; review with surrounding description."
"quest_open_105_guards_armor_give_d","Bring the best armor to Herbert and his guards in the Barracks.","Донеси най-добрата броня на Хърбърт и стражите му в казармата.","review","Progression name candidate; review with surrounding description."
"quest_open_106_foundry_meeting_portal_d","Ask the Bishop at the Royal Foundry about the magic portal.","Попитай Епископа в Кралската леярна за магическия портал.","review","Progression name candidate; review with surrounding description."
"quest_open_106_foundry_meeting_steel_d","Ask the Bishop at the Royal Foundry about high quality steel.","Попитай Епископа в Кралската леярна за висококачествена стомана.","review","Progression name candidate; review with surrounding description."
"quest_open_107_astrologer_likes_give_d","Bring lots of <sprite name=""happiness""> to Gunter in his Astrologer's Tower","Донеси много <sprite name=""happiness""> на Гюнтер в кулата на Астролога.","review","Progression name candidate; review with surrounding description."
"quest_open_108_astrologer_pieces_second_d","Speak with Gunter in the Astrologer's Tower about the portal fragments","Говори с Гюнтер в кулата на Астролога за фрагментите от портала.","review","Progression name candidate; review with surrounding description."
"quest_open_109_crossroad_magnificent_church_d","Improve the Church one more time, and speak with Agatha at the Crossroads.","Подобри църквата още веднъж и говори с Агата при Кръстопътя.","review","Progression name candidate; review with surrounding description."
"quest_open_11_guards_morale_graveyard_d","To raise the spirits of the city guards, the local graveyard needs to be improved. Report to Herbert at the Crossroads afterwards.","За да повишиш духа на градската стража, местното гробище трябва да бъде подобрено. После докладвай на Хърбърт при Кръстопътя.","review","Progression name candidate; review with surrounding description."
"quest_open_110_town_cheese_find_d","It seems that Davy the Dagger is near the sewer entrance, by the west gate. I need to speak to him.","Изглежда Дейви Камата е близо до входа на канализацията, при западната порта. Трябва да говоря с него.","review","Progression name candidate; review with surrounding description."
"quest_open_110_town_cheese_look_d","Speak with Davy the Dagger at the Dockside Club.","Говори с Дейви Камата в Крайбрежния клуб.","review","Progression name candidate; review with surrounding description."
"quest_open_111_base_dig_sleep_d","Continue restoring the portal, and wait for new developments. Also, I mustn't forget to rest at home from time to time.","Продължи да възстановяваш портала и изчакай новини. Освен това не бива да забравям да си почивам у дома от време на време.","review","Progression name candidate; review with surrounding description."
"quest_open_112_linda_wealth_orders_d","Complete orders, and return to Linda at her Dockside Club.","Изпълни поръчки и се върни при Линда в Крайбрежния ѝ клуб.","review","Progression name candidate; review with surrounding description."
"quest_open_113_sewers_god_enter_d","I have the Red Eye, and it should help me to get through the wall to Mauritzio’s cheese cellar in the Sewers.","Имам Червеното око и то трябва да ми помогне да премина през стената към избата със сирене на Маурицио в канализацията.","review","Progression name candidate; review with surrounding description."
"quest_open_114_base_god_ceremony_d","I need to hold a special sermon in my Church dedicated to the Old God.","Трябва да изнеса специална проповед в църквата си, посветена на Древния бог.","review","Progression name candidate; review with surrounding description."
"quest_open_115_linda_dawn_ask_d","Visit Linda and Albert at the Dockside Club.","Посети Линда и Албърт в Крайбрежния клуб.","review","Progression name candidate; review with surrounding description."
"quest_open_116_base_attic_build_d","I need to build an attic in my home for the Old God.","Трябва да построя таванско помещение у дома за Древния бог.","review","Progression name candidate; review with surrounding description."
"quest_open_117_crossroad_calm_ask_d","Visit Agatha and Herbert at the Crossroads.","Посети Агата и Хърбърт при Кръстопътя.","review","Progression name candidate; review with surrounding description."
"quest_open_118_astrologer_project_ask_d","Visit Jack and Gunter in the Port Area near the Main Pier.","Посети Джак и Гюнтер в Пристанищния район близо до Главния кей.","review","Progression name candidate; review with surrounding description."
"quest_open_119_pre_B1_fights_before_d","Talk to the guard to start the battle and lock the gate. I really need to win this one.","Говори със стража, за да започнеш битката и да затвориш портата. Наистина трябва да спечеля тази.","review","Progression name candidate; review with surrounding description."
"quest_open_119_pre_B1_fights_herbert_d","Speak with Herbert in the Barracks about the ship lock gate in the zombie-infected part of Town.","Говори с Хърбърт в казармата за корабния шлюз в заразената със зомбита част на града.","review","Progression name candidate; review with surrounding description."
"quest_open_119_pre_B1_fights_win_d","Win the battle:
Closing the Western Floodgate","Спечели битката:`r`nЗатваряне на западния шлюз","review","Progression name candidate; review with surrounding description."
"quest_open_12_village_boat_brothers_d","Persuade the brothers to take Jack to the port. They're near him in Twin's Land.","Убеди близнаците да заведат Джак до пристанището. Те са близо до него в Земята на близнаците.","review","Progression name candidate; review with surrounding description."
"quest_open_12_village_boat_ready_d","Ask Jack if he's ready to set sail. He's in Twin's Land.","Попитай Джак дали е готов да отплава. Той е в Земята на близнаците.","review","Progression name candidate; review with surrounding description."
"quest_open_12_village_boat_tools_d","Jack needs tools to finish the boat. He's building it in Twin's Land.","На Джак му трябват инструменти, за да довърши лодката. Строи я в Земята на близнаците.","review","Progression name candidate; review with surrounding description."
"quest_open_12_village_boat_wood_d","Jack needs wood to build a boat. He's staying in Twin's Land.","На Джак му трябва дърво, за да построи лодка. Той е отседнал в Земята на близнаците.","review","Progression name candidate; review with surrounding description."
"quest_open_120_pre_B2_2_fights_win_d","Win the battle:
Closing the Eastern Floodgate: Part I","Спечели битката:`r`nЗатваряне на източния шлюз: част I","review","Progression name candidate; review with surrounding description."
"quest_open_120_pre_B2_fights_before_d","Speak with the guards at the post to commence the foray into the water tunnel. I need to win this one.","Говори със стражите на поста, за да започнеш нахлуването във водния тунел. Трябва да спечеля тази.","review","Progression name candidate; review with surrounding description."
"quest_open_120_pre_B2_fights_foundry_d","Enter the Royal Foundry through the water tunnel.","Влез в Кралската леярна през водния тунел.","review","Progression name candidate; review with surrounding description."
"quest_open_120_pre_B2_fights_herbert_d","Speak with Herbert in the Barracks to prepare the foray into the water tunnel. ","Говори с Хърбърт в казармата, за да подготвите нахлуването във водния тунел.","review","Progression name candidate; review with surrounding description."
"quest_open_120_pre_B2_fights_win_d","Win the battle:
Closing the Eastern Floodgate: Part II","Спечели битката:`r`nЗатваряне на източния шлюз: част II","review","Progression name candidate; review with surrounding description."
"quest_open_120_pre_C0_fights_win_d","Win the battle:
Break Through to the Bathhouse Basement","Спечели битката:`r`nПробив до мазето на банята","review","Progression name candidate; review with surrounding description."
"quest_open_121_pre_B3_2_fights_win_d","Win the battle:
Operation POTATO: Part II","Спечели битката:`r`nОперация КАРТОФ: част II","review","Progression name candidate; review with surrounding description."
"quest_open_121_pre_B3_fights_before_d","Speak with the guards to secure the bottom of the lock. I need to win this battle.","Говори със стражите, за да обезопасите долната част на шлюза. Трябва да спечеля тази битка.","review","Progression name candidate; review with surrounding description."
"quest_open_121_pre_B3_fights_herbert_d","Speak with Herbert in the Barracks about securing the bottom of the lock.","Говори с Хърбърт в казармата за обезопасяването на долната част на шлюза.","review","Progression name candidate; review with surrounding description."
"quest_open_121_pre_B3_fights_win_d","Win the battle:
Operation POTATO: Part I","Спечели битката:`r`nОперация КАРТОФ: част I","review","Progression name candidate; review with surrounding description."
"quest_open_122_pre_B5_fights_before_d","Speak with the guards to get to the western lake and the Stilt Houses. I need to win this battle.","Говори със стражите, за да стигнеш до западното езеро и Къщите на кокили. Трябва да спечеля тази битка.","review","Progression name candidate; review with surrounding description."
"quest_open_122_pre_B5_fights_win_d","Win the battle:
Battle at the Lake","Спечели битката:`r`nБитката при езерото","review","Progression name candidate; review with surrounding description."
"quest_open_124_village_money_januarius_d","Speak with Januarius about the town's budget problems. He owns the tavern in the Village.","Говори с Януари за бюджетните проблеми на града. Той държи кръчмата в селото.","review","Progression name candidate; review with surrounding description."
"quest_open_124_village_money_money_d","Bring paper money to Januarius in his tavern in the Village.","Донеси книжни пари на Януари в кръчмата му в селото.","review","Progression name candidate; review with surrounding description."
"quest_open_124_village_money_printed_d","Bring paper money to the twins. They're in Twin's Land.","Донеси книжните пари на близнаците. Те са в Земята на близнаците.","review","Progression name candidate; review with surrounding description."
"quest_open_125_astrologer_third_ask_d","The third fragment was sold to the Trade Master. I need to speak to him, at the Main Pier.","Третият фрагмент е продаден на Майстора на търговията. Трябва да говоря с него на Главния кей.","review","Progression name candidate; review with surrounding description."
"quest_open_125_astrologer_third_buy_d","I need to buy the third portal fragment from the Trade Master at the Main Pier. The ship with the fragment comes every <sprite name=""day_lust""> ","Трябва да купя третия фрагмент от портала от Майстора на търговията на Главния кей. Корабът с фрагмента пристига всеки <sprite name=""day_lust"">.","review","Progression name candidate; review with surrounding description."
"quest_open_125_astrologer_third_fourth_install_d","Install the fourth portal fragment in the Astrologer's Tower in the Port Area.","Постави четвъртия фрагмент от портала в кулата на Астролога в Пристанищния район.","review","Progression name candidate; review with surrounding description."
"quest_open_125_astrologer_third_fourth_sluise_d","Find the fourth portal fragment somewhere in the Sluice Area. It must first be cleared of zombies.","Намери четвъртия фрагмент от портала някъде в района на шлюза. Първо трябва да го прочистиш от зомбита.","review","Progression name candidate; review with surrounding description."
"quest_open_125_astrologer_third_install_d","Place the third portal fragment in the Astrologer's Tower.","Постави третия фрагмент от портала в кулата на Астролога.","review","Progression name candidate; review with surrounding description."
"quest_open_126_pre-C1-fights_approach_d","Prepare for the last battle. Speak with the guards at the post, and win.","Подготви се за последната битка. Говори със стражите на поста и спечели.","review","Progression name candidate; review with surrounding description."
"quest_open_127_palace_battle_win_d","Win the battle:
Final Battle","Спечели битката:`r`nПоследната битка","review","Progression name candidate; review with surrounding description."
"quest_open_128_foundry_wine_bring_d","Bring wine to the monk in the Royal Foundry.","Донеси вино на монаха в Кралската леярна.","review","Progression name candidate; review with surrounding description."
"quest_open_13_village_fairy_ask_d","To find out more about fairies, I need to prove to the Head of the Village that I'm not an egoist. He stays at the Village Tavern. I just need to ask Januarius to call him.","За да науча повече за феите, трябва да докажа на главата на селото, че не съм егоист. Той стои в селската кръчма. Просто трябва да помоля Януари да го повика.","review","Progression name candidate; review with surrounding description."
"quest_open_130_town_wishes_portal_d","Restore the portal at the Astrologer's Tower.","Възстанови портала в кулата на Астролога.","review","Progression name candidate; review with surrounding description."
"quest_open_134_history_keeper_beer_d","Bring beer to Larry. He's normally at our home in the Inquisition Base.","Донеси бира на Лари. Обикновено е у дома ни в базата на Инквизицията.","review","Progression name candidate; review with surrounding description."
"quest_open_135_town_fisher_fish_good_d","I need to bring good fish to the Fisherman.","Трябва да донеса добра риба на Рибаря.","review","Progression name candidate; review with surrounding description."
"quest_open_135_town_fisher_fish_myst_d","I need to bring mysterious fish to the Fisherman.","Трябва да донеса мистериозна риба на Рибаря.","review","Progression name candidate; review with surrounding description."
"quest_open_135_town_fisher_fish_sea_d","I need to bring sea fish to the Fisherman.","Трябва да донеса морска риба на Рибаря.","review","Progression name candidate; review with surrounding description."
"quest_open_136_guards_discount_ask_d","Speak with the mercenaries in the Barracks about their high rates.","Говори с наемниците в казармата за високите им тарифи.","review","Progression name candidate; review with surrounding description."
"quest_open_136_guards_discount_discount_d","Ask the mercenaries in the Barracks for a small discount.","Поискай малка отстъпка от наемниците в казармата.","review","Progression name candidate; review with surrounding description."
"quest_open_136_guards_discount_wine_d","Bring wine to the mercenaries in the Barracks.","Донеси вино на наемниците в казармата.","review","Progression name candidate; review with surrounding description."
"quest_open_138_base_garden_dungeon_d","Return Home and talk to Larry about what to do next.","Върни се у дома и говори с Лари за това какво да правиш по-нататък.","review","Progression name candidate; review with surrounding description."
"quest_open_139_town_homobonus_bottle_d","Bring bottles to Homobonus. His house is near the Town Warehouse.","Донеси бутилки на Хомобонус. Къщата му е близо до Градския склад.","review","Progression name candidate; review with surrounding description."
"quest_open_14_guard_faith_bell_d","Make a magic bell, and bring it to Herbert in the Barracks.","Направи магическа камбана и я занеси на Хърбърт в казармата.","review","Progression name candidate; review with surrounding description."
"quest_open_14_guard_faith_bring_d","Bring Faith to Herbert to boost the morale of the guards. He's at the Crossroads.","Донеси вяра на Хърбърт, за да повишиш морала на стражите. Той е при Кръстопътя.","review","Progression name candidate; review with surrounding description."
"quest_open_14_guard_faith_swords_d","Prepare for the next battle: get enough <sprite name=""barracks""> by building barricades and hiring mercenaries. When you're ready, speak to Herbert in the Barracks.","Подготви се за следващата битка: осигури достатъчно <sprite name=""barracks"">, като построиш барикади и наемеш наемници. Когато си готов, говори с Хърбърт в казармата.","review","Progression name candidate; review with surrounding description."
"quest_open_140_town_homobonusus_faith_d","Bring Faith to Homobonus. His house is near the Town Warehouse.","Донеси вяра на Хомобонус. Къщата му е близо до Градския склад.","review","Progression name candidate; review with surrounding description."
"quest_open_142_foundry_zombie_power_d","Bring Zombie Power to the Bishop at the Royal Foundry.","Донеси Сила на зомби на Епископа в Кралската леярна.","review","Progression name candidate; review with surrounding description."
"quest_open_143_workshop_piece_ask_d","Ask Jack at his Town Workshop about the portal fragment.","Попитай Джак в градската работилница за фрагмента от портала.","review","Progression name candidate; review with surrounding description."
"quest_open_143_workshop_piece_convince_d","Convince Jack to give up his portal fragment. He's normally at his Town Workshop.","Убеди Джак да се откаже от фрагмента си от портала. Обикновено е в градската си работилница.","review","Progression name candidate; review with surrounding description."
"quest_open_143_workshop_piece_install_d","Place the fifth portal fragment in the Astrologer's Tower.","Постави петия фрагмент от портала в кулата на Астролога.","review","Progression name candidate; review with surrounding description."
"quest_open_144_crossroad_home_ask_d","Ask Agatha about her delicate matter.","Попитай Агата за деликатния ѝ проблем.","review","Progression name candidate; review with surrounding description."
"quest_open_144_crossroad_home_improve_d","Bring materials for the Nun to improve her residence at the Crossroads","Донеси материали на Монахинята, за да подобри жилището си при Кръстопътя.","review","Progression name candidate; review with surrounding description."
"quest_open_145_base_organ_ceremony_d","Hold a sermon at the Church for Agatha and Herbert. They want to listen to the organ.","Изнеси проповед в църквата за Агата и Хърбърт. Те искат да чуят органа.","review","Progression name candidate; review with surrounding description."
"quest_open_146_stilt_master_materials_d","Bring materials to Harold in the Stilt Houses, so he can fix his wood-catching machine.","Донеси материали на Харолд в Къщите на кокили, за да поправи машината си за събиране на дърва.","review","Progression name candidate; review with surrounding description."
"quest_open_146_stilt_master_meet_d","Find the woodcarvers in the Stilt Houses.","Намери дърворезбарите в Къщите на кокили.","review","Progression name candidate; review with surrounding description."
"quest_open_147_sewers_looters_approach_d","Speak with the looters in the Sewers. They're looking for Mauritzio’s cheese cellar. ","Говори с мародерите в канализацията. Те търсят избата със сирене на Маурицио.","review","Progression name candidate; review with surrounding description."
"quest_open_148_doctor_cough_ask_d","Speak with Albert about his health. He's normally at his Lab.","Говори с Албърт за здравето му. Обикновено е в лабораторията си.","review","Progression name candidate; review with surrounding description."
"quest_open_149_sluice_tools_land_d","Speak with the refugees in the Sluice Area to grant them new lands.","Говори с бежанците в района на шлюза, за да им дадеш нови земи.","review","Progression name candidate; review with surrounding description."
"quest_open_149_sluice_tools_tools_d","Bring high quality tools to the refugees in the Sluice Area.","Донеси висококачествени инструменти на бежанците в района на шлюза.","review","Progression name candidate; review with surrounding description."
"quest_open_15_guards_fightback_prepare_1_d","Speak with Herbert in front of the Barracks to begin the battle.","Говори с Хърбърт пред казармата, за да започнете битката.","review","Progression name candidate; review with surrounding description."
"quest_open_15_guards_fightback_win_d","Win my first battle against the zombies.","Спечели първата си битка срещу зомбитата.","review","Progression name candidate; review with surrounding description."
"quest_open_150_base_90not_god_d","It seems I cannot convince the six. It's time to ask the Old God in the attic what to do.","Изглежда не мога да убедя шестимата. Време е да попитам Древния бог в таванското помещение какво да правя.","review","Progression name candidate; review with surrounding description."
"quest_open_151_base_90yes_god_d","I convinced the six. It's time to speak with the Old God in Mauritzio’s cheese cellar.","Убедих шестимата. Време е да говоря с Древния бог в избата със сирене на Маурицио.","review","Progression name candidate; review with surrounding description."
"quest_open_152_astrologer_dark_come_d","Something strange is happening. Visit Jack and Gunter in the Port Area near the Main Pier.","Случва се нещо странно. Посети Джак и Гюнтер в Пристанищния район близо до Главния кей.","review","Progression name candidate; review with surrounding description."
"quest_open_152_astrologer_dark_hand_d","Bring an Elegant Hand to Jack in the Port Area near the Main Pier.","Донеси Елегантна ръка на Джак в Пристанищния район близо до Главния кей.","review","Progression name candidate; review with surrounding description."
"quest_open_153_crossroad_dark_chair_d","Bring a Comfortable Chair to Agatha at the Crossroads.","Донеси Удобен стол на Агата при Кръстопътя.","review","Progression name candidate; review with surrounding description."
"quest_open_153_crossroad_dark_come_d","Something strange is happening. Visit Agatha and Herbert at the Crossroads.","Случва се нещо странно. Посети Агата и Хърбърт при Кръстопътя.","review","Progression name candidate; review with surrounding description."
"quest_open_154_linda_dark_come_d","Something strange is happening. Visit Linda and Albert at the Dockside Club.","Случва се нещо странно. Посети Линда и Албърт в Крайбрежния клуб.","review","Progression name candidate; review with surrounding description."
"quest_open_154_linda_dark_drape_d","Bring Luxury Drapes to Albert at the Dockside Club.","Донеси луксозни завеси на Албърт в Крайбрежния клуб.","review","Progression name candidate; review with surrounding description."
"quest_open_155_guards_bridge_ask_d","Speak with Herbert in the Barracks about the plan to fight through to the woodcarvers.","Говори с Хърбърт в казармата за плана да си пробиете път до дърворезбарите.","review","Progression name candidate; review with surrounding description."
"quest_open_156_base_pieces_sixth_d","Find the sixth portal fragment. It is somewhere in the debris in the Inquisition Base.","Намери шестия фрагмент от портала. Намира се някъде сред отломките в базата на Инквизицията.","review","Progression name candidate; review with surrounding description."
"quest_open_157_base_palace_ask_d","Speak with Davy the Dagger at the Dockside Club.","Говори с Дейви Камата в Крайбрежния клуб.","review","Progression name candidate; review with surrounding description."
"quest_open_157_base_palace_home_d","Go home and wait for Davy the Dagger to provide information about the Palace.","Прибери се у дома и изчакай Дейви Камата да даде информация за Двореца.","review","Progression name candidate; review with surrounding description."
"quest_open_157_base_palace_pay_d","Pay Davy the Dagger for the intel about the Palace. He frequents the Dockside Club.","Плати на Дейви Камата за информацията за Двореца. Той често е в Крайбрежния клуб.","review","Progression name candidate; review with surrounding description."
"quest_open_158_astrologer_palace_help_d","Ask Jack and Gunter to help you restore the portal. They're in the Port Area near the Main Pier.","Помоли Джак и Гюнтер да помогнат с възстановяването на портала. Те са в Пристанищния район близо до Главния кей.","review","Progression name candidate; review with surrounding description."
"quest_open_158_astrologer_palace_press_d","Give the Small Printing Press to Gunter in the Port Area near the Main Pier.","Дай Малката печатна преса на Гюнтер в Пристанищния район близо до Главния кей.","review","Progression name candidate; review with surrounding description."
"quest_open_158_astrologer_palace_prothesis_d","Bring the Prosthetic Hand to Jack. He's with his friend at the Port by the Main Pier.","Донеси протезната ръка на Джак. Той е с приятеля си на пристанището до Главния кей.","review","Progression name candidate; review with surrounding description."
"quest_open_159_crossroad_palace_device_d","Bring the Automatic Writing Device to Agatha at the Crossroads.","Донеси Автоматичното устройство за писане на Агата при Кръстопътя.","review","Progression name candidate; review with surrounding description."
"quest_open_159_crossroad_palace_help_d","Ask Agatha and Herbert to help you restore the portal. They live at the Crossroads.","Помоли Агата и Хърбърт да помогнат с възстановяването на портала. Те живеят при Кръстопътя.","review","Progression name candidate; review with surrounding description."
"quest_open_159_crossroad_palace_trilogy_d","Bring the Trilogy to Herbert at the Crossroads.","Донеси Трилогията на Хърбърт при Кръстопътя.","review","Progression name candidate; review with surrounding description."
"quest_open_16_foreman_letter_wake_d","I need to wait for news from Jack. Some rest would help too.","Трябва да изчакам новини от Джак. Малко почивка също ще ми се отрази добре.","review","Progression name candidate; review with surrounding description."
"quest_open_160_linda_palace_bottles_d","Bring Bottles to Albert at the Dockside Club.","Донеси бутилки на Албърт в Крайбрежния клуб.","review","Progression name candidate; review with surrounding description."
"quest_open_160_linda_palace_chocolate_d","Bring Chocolate to Linda at the Dockside Club.","Донеси шоколад на Линда в Крайбрежния клуб.","review","Progression name candidate; review with surrounding description."
"quest_open_160_linda_palace_help_d","Ask Linda and Albert to help you restore the portal. They're at the Dockside Club.","Помоли Линда и Албърт да помогнат с възстановяването на портала. Те са в Крайбрежния клуб.","review","Progression name candidate; review with surrounding description."
"quest_open_162_village_pardon_ask_d","Get a Royal Pardon from the Mailbox in the Village.","Вземи кралско опрощение от пощенската кутия в селото.","review","Progression name candidate; review with surrounding description."
"quest_open_162_village_pardon_ink_d","Refill the ink in the Village Mailbox.","Напълни мастилото в селската пощенска кутия.","review","Progression name candidate; review with surrounding description."
"quest_open_162_village_pardon_pay_d","Pay the fine to the Village Mailbox.","Плати глобата на селската пощенска кутия.","review","Progression name candidate; review with surrounding description."
"quest_open_163_village_fish_bring_d","Catch a fish and bring it to Herm at his store. There's a couple of fishing spots: one to the left of the house at the Inquisition Base, and another along the road to the Village.","Улови риба и я занеси на Хърм в магазина му. Има няколко места за риболов: едно вляво от къщата в базата на Инквизицията и друго край пътя към селото.","review","Progression name candidate; review with surrounding description."
"quest_open_163_village_fish_rod_d","Get a fishing rod from the Twin Brothers. They're somewhere in the southern part of the village, over the bridge in Twins’ Land.","Вземи въдица от близнаците. Те са някъде в южната част на селото, отвъд моста в Земята на близнаците.","review","Progression name candidate; review with surrounding description."
"quest_open_17_village_nun_meet_d","Time to meet the Nun.","Време е да се срещнеш с Монахинята.","review","Progression name candidate; review with surrounding description."
"quest_open_17_village_nun_tavern_d","Go to the Village Tavern to meet the Nun.","Отиди в селската кръчма, за да се срещнеш с Монахинята.","review","Progression name candidate; review with surrounding description."
"quest_open_18_base_doctor_closed_d","Open the closed hatch in your new home.","Отвори затворения капак в новия си дом.","review","Progression name candidate; review with surrounding description."
"quest_open_18_base_doctor_encounter_d","Go down into the dungeon under your house.","Слез в подземието под къщата си.","review","Progression name candidate; review with surrounding description."
"quest_open_19_base_ceremony_quality_d","Upgrade the church so the Nun can deliver sermons there. She's already there waiting.","Подобри църквата, за да може Монахинята да изнася проповеди там. Тя вече те чака.","review","Progression name candidate; review with surrounding description."
"quest_open_19_base_ceremony_sermon_d","It turns out I'll need to give the sermons in the Church myself.","Оказва се, че аз самият трябва да изнасям проповедите в църквата.","review","Progression name candidate; review with surrounding description."
"quest_open_20_doctor_meeting_blockage_d","Get rid of the blockage in the dungeon under your house.","Премахни препятствието в подземието под къщата си.","review","Progression name candidate; review with surrounding description."
"quest_open_20_doctor_meeting_door_d","Knock on the Plague Doctor's door.","Почукай на вратата на Чумния лекар.","review","Progression name candidate; review with surrounding description."
"quest_open_22_doctor_tower_door_d","Open the prison bars into the Abandoned Tower.","Отвори решетката към Изоставената кула.","review","Progression name candidate; review with surrounding description."
"quest_open_22_doctor_tower_enter_0_d","Enter the Abandoned Tower.","Влез в Изоставената кула.","review","Progression name candidate; review with surrounding description."
"quest_open_22_doctor_tower_hatch_d","Open the hatch and let the Plague Doctor into the tower.","Отвори капака и пусни Чумния лекар в кулата.","review","Progression name candidate; review with surrounding description."
"quest_open_22_doctor_tower_powder_d","Ask the Plague Doctor in the Abandoned Tower how to make Dream Dust.","Попитай Чумния лекар в Изоставената кула как се прави Прах от сънища.","review","Progression name candidate; review with surrounding description."
"quest_open_23_guards_mercenaries_hire_d","Pay the mercenaries in the Barracks to fight in the next battle.","Плати наемниците в казармата, за да се бият в следващата битка.","review","Progression name candidate; review with surrounding description."
"quest_open_23_guards_mercenaries_meet_d","There's mercenaries in the Barracks. I need to make a deal with them.","В казармата има наемници. Трябва да се договоря с тях.","review","Progression name candidate; review with surrounding description."
"quest_open_24_doctor_zombies_lab_0_d","Follow Albert using the hatch in the Alchemy Lab.","Следвай Албърт през капака в алхимичната лаборатория.","review","Progression name candidate; review with surrounding description."
"quest_open_24_doctor_zombies_powder_d","Bring the Dream Dust to the Plague Doctor in the Abandoned Tower.","Донеси Прах от сънища на Чумния лекар в Изоставената кула.","review","Progression name candidate; review with surrounding description."
"quest_open_26_port_foreman_reunite_d","Find Jack — he must be in the Port Area, in the liberated part of the Town.","Намери Джак - трябва да е в Пристанищния район, в освободената част на града.","review","Progression name candidate; review with surrounding description."
"quest_open_27_port_astrologer_cards_d","Bring the tarot cards to the Astrologer in his tower. To find the cards, I need to speak with Linda, the hostess of the Dockside Club at the Port.","Донеси таро картите на Астролога в кулата му. За да ги намеря, трябва да говоря с Линда, домакинята на Крайбрежния клуб в пристанището.","review","Progression name candidate; review with surrounding description."
"quest_open_27_port_astrologer_meet_d","Find the Astrologer at the port, he's somewhere in the tower there.","Намери Астролога в пристанището - някъде е в кулата.","review","Progression name candidate; review with surrounding description."
"quest_open_27_port_astrologer_wait_d","To summon the Fairy, I need the Astrologer. He's somewhere in the Town Port. So first I'll need to help Herbert liberate the Town.","За да призова Феята, ми трябва Астрологът. Той е някъде в Градското пристанище. Първо ще трябва да помогна на Хърбърт да освободи града.","review","Progression name candidate; review with surrounding description."
"quest_open_27_port_astrologer_zombie_get_d","Get zombies from the Astrologer in his tower.","Вземи зомбита от Астролога в кулата му.","review","Progression name candidate; review with surrounding description."
"quest_open_27_port_astrologer_zombie_home_d","Gunter said his zombies will be waiting for me at home. Time to go check.","Гюнтер каза, че зомбитата му ще ме чакат у дома. Време е да проверя.","review","Progression name candidate; review with surrounding description."
"quest_open_28_base_fairy_summon_d","Summon the Fairy in your home by the Kitchen table. But first find a way to Town with the help of Herbert. The Astrologer lives there, who sells Comet's Tails.","Призови Феята у дома до кухненската маса. Но първо намери начин да стигнеш до града с помощта на Хърбърт. Там живее Астрологът, който продава Опашки на комети.","review","Progression name candidate; review with surrounding description."
"quest_open_29_port_linda_meet_d","Meet Linda, the hostess of the Dockside Club at the Port.","Срещни се с Линда, домакинята на Крайбрежния клуб в пристанището.","review","Progression name candidate; review with surrounding description."
"quest_open_31_forest_guards_pass_d","Jack says there's iron in the forest. I guess it's time to take a look. The forest is West of the Village.","Джак казва, че в гората има желязо. Май е време да проверя. Гората е на запад от селото.","review","Progression name candidate; review with surrounding description."
"quest_open_32_guards_book_bring_d","Herbert was sad. Speak with him in the Barracks.","Хърбърт беше тъжен. Говори с него в казармата.","review","Progression name candidate; review with surrounding description."
"quest_open_34_port_looters_book_d","Bring looter keys to Davy the Dagger at the Dockside Club.","Донеси ключове за мародери на Дейви Камата в Крайбрежния клуб.","review","Progression name candidate; review with surrounding description."
"quest_open_34_port_looters_meet_d","Ask the mysterious person at the Dockside Club about a romance novel.","Попитай мистериозния човек в Крайбрежния клуб за романтичен роман.","review","Progression name candidate; review with surrounding description."
"quest_open_35_port_pop_repair_d","Restore the old shop at the Port near the Dockside Club.","Възстанови стария магазин в пристанището близо до Крайбрежния клуб.","review","Progression name candidate; review with surrounding description."
"quest_open_35_port_pop_shop_d","Tell Linda that you restored the old shop.","Кажи на Линда, че си възстановил стария магазин.","review","Progression name candidate; review with surrounding description."
"quest_open_36_port_trademaster_lenses_d","Bring the optic glass to the Manager at the Main Pier.","Донеси оптично стъкло на Управителя на Главния кей.","review","Progression name candidate; review with surrounding description."
"quest_open_37_village_forest_pass_d","The guards won't let me into the forest. I should ask Jully in the Village Tavern about it.","Стражите няма да ме пуснат в гората. Трябва да попитам Юли в селската кръчма.","review","Progression name candidate; review with surrounding description."
"quest_open_38_village_mailbox_certificate_d","Get the Head of Village Certificate from the Royal Postbox.","Вземи свидетелство от Главата на селото от Кралската пощенска кутия.","review","Progression name candidate; review with surrounding description."
"quest_open_38_village_mailbox_repair_d","Jully asked me to fix the village's Royal Postbox. It's by the Village Tavern.","Юли ме помоли да поправя Кралската пощенска кутия на селото. Тя е до селската кръчма.","review","Progression name candidate; review with surrounding description."
"quest_open_39_village_frill_bring_d","Bring Herm some lace. He's at his store in the Village.","Донеси дантела на Хърм. Той е в магазина си в селото.","review","Progression name candidate; review with surrounding description."
"quest_open_40_village_fishing_bring_d","Bring the fishing line to the Twin Brothers. They have their own land in the Village.","Донеси кордата за риболов на близнаците. Те имат собствена земя в селото.","review","Progression name candidate; review with surrounding description."
"quest_open_41_forest_bonfire_food_d","I should bring some yummies to the guards by the fire. They gather every night near the Hangman's House.","Трябва да занеса вкусотии на стражите край огъня. Всяка нощ се събират близо до Къщата на палача.","review","Progression name candidate; review with surrounding description."
"quest_open_42_crossroad_nun_donkey_d","Ask Agatha what her problem is with the Donkey. She lives at the Crossroads.","Попитай Агата какъв е проблемът ѝ с Магарето. Тя живее при Кръстопътя.","review","Progression name candidate; review with surrounding description."
"quest_open_42_crossroad_nun_writing_d","Bring writing supplies to Agatha, the Nun. She lives at the Crossroads.","Донеси пособия за писане на Агата, Монахинята. Тя живее при Кръстопътя.","review","Progression name candidate; review with surrounding description."
"quest_open_43_astrologer_pr_after_ceremony_d","Meet Gunter after your next Ceremony.","Срещни се с Гюнтер след следващата си церемония.","review","Progression name candidate; review with surrounding description."
"quest_open_43_astrologer_pr_tower_d","Ask the Astrologer why your parishioners are losing interest in the sermons. He can be found in the Astrologer's Tower.","Попитай Астролога защо миряните ти губят интерес към проповедите. Можеш да го намериш в кулата на Астролога.","review","Progression name candidate; review with surrounding description."
"quest_open_44_port_violine_paint_d","Bring Linda some paint to freshen up her Dockside Club at the Port.","Донеси боя на Линда, за да освежи Крайбрежния си клуб в пристанището.","review","Progression name candidate; review with surrounding description."
"quest_open_45_guards_reading_book_d","Procure the Romance Novel through a mysterious person in the Dockside Club. Then bring it to Herbert in the Barracks.","Осигури романтичния роман чрез мистериозен човек в Крайбрежния клуб. После го занеси на Хърбърт в казармата.","review","Progression name candidate; review with surrounding description."
"quest_open_46_pre_A_fights_clean_d","I should tell Herbert that the first region of Town is clear and secured.","Трябва да кажа на Хърбърт, че първият район на града е чист и обезопасен.","review","Progression name candidate; review with surrounding description."
"quest_open_47_pre_A2_fights_before_1_d","To win the next battle, I need to speak with the guards at the outpost.","За да спечеля следващата битка, трябва да говоря със стражите на поста.","review","Progression name candidate; review with surrounding description."
"quest_open_47_pre_A2_fights_before_2_d","Win the battle:
Eastern Districts Purge","Спечели битката:`r`nПрочистване на източните райони","review","Progression name candidate; review with surrounding description."
"quest_open_47_pre_A2_fights_before_win_1_d","Win the battle:
Eastern Districts: Active Scouting","Спечели битката:`r`nИзточни райони: активно разузнаване","review","Progression name candidate; review with surrounding description."
"quest_open_48_pre_A3_fights_before_d","Win the battle:
Market Square Purge","Спечели битката:`r`nПрочистване на пазарния площад","review","Progression name candidate; review with surrounding description."
"quest_open_49_pre_A4_fights_before_1_d","Win the battle:
Central Districts Purge: Part I","Спечели битката:`r`nПрочистване на централните райони: част I","review","Progression name candidate; review with surrounding description."
"quest_open_49_pre_A4_fights_before_2_d","Win the battle:
Central Districts Purge: Part II","Спечели битката:`r`nПрочистване на централните райони: част II","review","Progression name candidate; review with surrounding description."
"quest_open_50_pre_S1_fights_win_d","Win the battle:
Sewer Brawl I","Спечели битката:`r`nБитка в канализацията I","review","Progression name candidate; review with surrounding description."
"quest_open_50_pre_S2_fights_win_d","Win the battle:
Sewer Brawl II","Спечели битката:`r`nБитка в канализацията II","review","Progression name candidate; review with surrounding description."
"quest_open_51_crossroad_fixed_better_corpses_d","Ask Agatha about better corpses.","Попитай Агата за по-добрите трупове.","review","Progression name candidate; review with surrounding description."
"quest_open_51_crossroad_fixed_corpse_delivery_d","Speak with Agatha at the Crossroads to restore corpse delivery.","Говори с Агата при Кръстопътя, за да възстановите доставките на трупове.","review","Progression name candidate; review with surrounding description."
"quest_open_51_crossroad_fixed_graveyard_d","Improve the Graveyard and return to Agatha at the Crossroads.","Подобри гробището и се върни при Агата при Кръстопътя.","review","Progression name candidate; review with surrounding description."
"quest_open_51_crossroad_fixed_path_completed_d","Fix the Manhole at the Crossroad, and report to Agatha at her nearby residence.","Поправи шахтата при Кръстопътя и докладвай на Агата в близкото ѝ жилище.","review","Progression name candidate; review with surrounding description."
"quest_open_52_village_pass_ask_d","Get a Forest Pass from Jully. He stays at the Village Tavern. I just need to ask Januarius to call him.","Вземи пропуск за гората от Юли. Той стои в селската кръчма. Просто трябва да помоля Януари да го повика.","review","Progression name candidate; review with surrounding description."
"quest_open_52_village_pass_papers_d","Deliver the Temporary Head of Village Certificate to Jully in the Village Tavern.","Достави временното свидетелство от Главата на селото на Юли в селската кръчма.","review","Progression name candidate; review with surrounding description."
"quest_open_53_forest_pass_return_d","Show the Forest Pass to the guards at the Forest Outpost.","Покажи пропуска за гората на стражите на горския пост.","review","Progression name candidate; review with surrounding description."
"quest_open_54_forest_bandits_meet_d","Explore the Forest.","Изследвай гората.","review","Progression name candidate; review with surrounding description."
"quest_open_55_base_strike_donkey_d","Tell Donkey that he can continue bringing corpses. He's likely by the Graveyard, in front of the Morgue.","Кажи на Магарето, че може да продължи да носи трупове. Вероятно е край гробището, пред моргата.","review","Progression name candidate; review with surrounding description."
"quest_open_56_forest_pardon_give_d","Bring the royal pardon to the Bandits at their Forest Camp.","Донеси кралското опрощение на бандитите в лагера им в гората.","review","Progression name candidate; review with surrounding description."
"quest_open_57_forest_mine_candle_d","Give Larry a candle. He's probably at home, or somewhere in the Inquisition Base.","Дай свещ на Лари. Вероятно е у дома или някъде в базата на Инквизицията.","review","Progression name candidate; review with surrounding description."
"quest_open_57_forest_mine_convince_d","Persuade Larry the skull to impersonate Robert the skeleton. Larry is probably at home, or somewhere in the Inquisition Base.","Убеди черепа Лари да се представи за скелета Робърт. Вероятно е у дома или някъде в базата на Инквизицията.","review","Progression name candidate; review with surrounding description."
"quest_open_58_port_supplies_order_d","I need to fulfill Orders, and then talk to Jack in the Town Warehouse.","Трябва да изпълня поръчки и после да говоря с Джак в Градския склад.","review","Progression name candidate; review with surrounding description."
"quest_open_6_intro_guards_burial_d","Bring a Burial Certificate to Herbert, head of the guards. He's at the Crossroads.","Донеси свидетелство за погребение на Хърбърт, главата на стражата. Той е при Кръстопътя.","review","Progression name candidate; review with surrounding description."
"quest_open_60_port_workshop_free_d","I need to clear the zombies around Jack's workshop, and then bring him the good news. He's staying at the Town Warehouse.","Трябва да прочистя зомбитата около работилницата на Джак и после да му занеса добрите новини. Той е в Градския склад.","review","Progression name candidate; review with surrounding description."
"quest_open_61_after_clearing_A_complete_visual_d","Win every battle on this side of the river.","Спечели всяка битка от тази страна на реката.","review","Progression name candidate; review with surrounding description."
"quest_open_62_swamp_fairy_find_d","I need to find a way to the Swamp. Apparently I need to enter the Forest, and then head south.","Трябва да намеря начин да стигна до блатото. Изглежда трябва да вляза в гората и да продължа на юг.","review","Progression name candidate; review with surrounding description."
"quest_open_63_swamp_goddess_speak_d","Go to the Heart of the Swamp and meet the Goddess.","Отиди в Сърцето на блатото и се срещни с Богинята.","review","Progression name candidate; review with surrounding description."
"quest_open_64_doctor_violine_ask_d","Ask the Plague Doctor about his sister's violin for Linda. He's always in his Lab in the dungeon under my house.","Попитай Чумния лекар за цигулката на сестра му за Линда. Той винаги е в лабораторията си в подземието под къщата ми.","review","Progression name candidate; review with surrounding description."
"quest_open_65_doctor_lacquer_give_d","Bring wood varnish for the violin to Plague Doctor, in his Lab in the dungeon under my house.","Донеси лак за цигулката на Чумния лекар в лабораторията му в подземието под къщата ми.","review","Progression name candidate; review with surrounding description."
"quest_open_66_port_smell_violine_d","I have the violin. I just need to give it to Linda at her Dockside Club.","Имам цигулката. Трябва само да я дам на Линда в Крайбрежния ѝ клуб.","review","Progression name candidate; review with surrounding description."
"quest_open_67_port_incense_give_d","Bring some incense to Linda at her Dockside Club.","Донеси тамян на Линда в Крайбрежния ѝ клуб.","review","Progression name candidate; review with surrounding description."
"quest_open_68_port_concert_start_d","Everything is ready for the concert. Speak with Linda at her Dockside Club.","Всичко е готово за концерта. Говори с Линда в Крайбрежния ѝ клуб.","review","Progression name candidate; review with surrounding description."
"quest_open_69_doctor_project_ask_d","I need to speak to Albert. He's always in his Lab in the dungeon under my house.","Трябва да говоря с Албърт. Той винаги е в лабораторията си в подземието под къщата ми.","review","Progression name candidate; review with surrounding description."
"quest_open_7_village_head_meet_d","Talk to the Head of the Village, collect the money for the Burial Certificate, and ask about fairies. Look for him in the Village Tavern.","Говори с главата на селото, вземи парите за свидетелството за погребение и попитай за феите. Потърси го в селската кръчма.","review","Progression name candidate; review with surrounding description."
"quest_open_71_doctor_sister_corpse_d","Albert needs a really good zombie. Like with 8 <sprite name=""rskull"">! I need to place it in a special spot in the Plague's Doctor Lab.","На Албърт му трябва наистина добро зомби. Например с 8 <sprite name=""rskull"">! Трябва да го поставя на специално място в лабораторията на Чумния лекар.","review","Progression name candidate; review with surrounding description."
"quest_open_72_crossroad_reader_convence_d","Ask Agatha, the Nun, if she can read for Herbert. She lives at the Crossroads.","Попитай Агата, Монахинята, дали може да чете на Хърбърт. Тя живее при Кръстопътя.","review","Progression name candidate; review with surrounding description."
"quest_open_73_crossroad_better_corpses_d","Speak with Agatha at the Crossroads to get better corpses.","Говори с Агата при Кръстопътя, за да получиш по-добри трупове.","review","Progression name candidate; review with surrounding description."
"quest_open_73_crossroad_better_upgraded_d","I need to improve the Crossroads by bringing materials to Agatha.","Трябва да подобря Кръстопътя, като донеса материали на Агата.","review","Progression name candidate; review with surrounding description."
"quest_open_74_crossroad_chore_ceremony_d","Hold a ceremony at the Church.","Изнеси церемония в църквата.","review","Progression name candidate; review with surrounding description."
"quest_open_74_crossroad_chore_ready_d","Assemble a Choir at the Church, and then tell Agatha at the Crossroads.","Сформирай хор в църквата и после кажи на Агата при Кръстопътя.","review","Progression name candidate; review with surrounding description."
"quest_open_75_forest_explosives_take_d","Get the explosives from the Bandits. They're at their camp in the Forest.","Вземи експлозивите от бандитите. Те са в лагера си в гората.","review","Progression name candidate; review with surrounding description."
"quest_open_76_astrologer_press_ceremony_d","Hold a sermon to try out the new Hypno-device.","Изнеси проповед, за да изпробваш новото хипнотично устройство.","review","Progression name candidate; review with surrounding description."
"quest_open_76_astrologer_press_hypno_d","Buy a Hypno-device from the Astrologer in his Tower, charge it in the Abandoned Tower, and return it to him.","Купи хипнотично устройство от Астролога в кулата му, зареди го в Изоставената кула и му го върни.","review","Progression name candidate; review with surrounding description."
"quest_open_77_astrologer_printing_book_d","Print the Poetry Book and bring it to the Astrologer in his tower.","Отпечатай книгата със стихове и я занеси на Астролога в кулата му.","review","Progression name candidate; review with surrounding description."
"quest_open_78_astrologer_jack_signed_d","Bring the signed agreement to the Astrologer in his Tower.","Донеси подписаното споразумение на Астролога в кулата му.","review","Progression name candidate; review with surrounding description."
"quest_open_79_village_goddess_speak_d","Ask Jully to help with the ritual for the Goddess in the Swamp. He's staying at the Village Tavern. I just need to ask Januarius to call him.","Помоли Юли да помогне с ритуала за Богинята в блатото. Той стои в селската кръчма. Просто трябва да помоля Януари да го повика.","review","Progression name candidate; review with surrounding description."
"quest_open_8_village_trader_meet_d","Ask the Merchant about helping supply the village. His name is Herm, just like the name of his store.","Попитай търговеца за помощ със снабдяването на селото. Казва се Хърм, точно като магазина му.","review","Progression name candidate; review with surrounding description."
"quest_open_80_village_candidates_plan_d","Speak with Januarius about candidates for the Village election. He's in the Tavern.","Говори с Януари за кандидатите за селските избори. Той е в кръчмата.","review","Progression name candidate; review with surrounding description."
"quest_open_81_guards_elections_ask_d","Speak with Herbert in Barracks about security during the elections.","Говори с Хърбърт в казармата за охраната по време на изборите.","review","Progression name candidate; review with surrounding description."
"quest_open_81_guards_elections_convince_d","Convince Herbert in the Barracks to handle security for the elections.","Убеди Хърбърт в казармата да поеме охраната за изборите.","review","Progression name candidate; review with surrounding description."
"quest_open_82_port_elections_ask_d","Ask Linda at her Dockside Club for permission to use her place as a voting site.","Помоли Линда в Крайбрежния ѝ клуб за разрешение да използваш мястото като изборна секция.","review","Progression name candidate; review with surrounding description."
"quest_open_82_port_elections_convince_d","Convince Linda at her Dockside Club to allow her place to be used as a voting site.","Убеди Линда в Крайбрежния ѝ клуб да позволи мястото ѝ да бъде използвано като изборна секция.","review","Progression name candidate; review with surrounding description."
"quest_open_83_astrologer_elections_ask_d","Speak with the Astrologer in his Tower about a PR campaign for the elections.","Говори с Астролога в кулата му за кампания за намаляване на паниката за изборите.","review","Progression name candidate; review with surrounding description."
"quest_open_83_astrologer_elections_convince_d","Convince the Astrologer in his Tower about a PR campaign for the elections.","Убеди Астролога в кулата му да проведе кампания за намаляване на паниката за изборите.","review","Progression name candidate; review with surrounding description."
"quest_open_84_astrologer_necronomicon_ask_d","Speak with the Astrologer in his tower about the Necronomicon.","Говори с Астролога в кулата му за Некрономикона.","review","Progression name candidate; review with surrounding description."
"quest_open_84_astrologer_necronomicon_get_d","Return to the Astrologer's Tower and ask him about the Necronomicon again.","Върни се в кулата на Астролога и го попитай отново за Некрономикона.","review","Progression name candidate; review with surrounding description."
"quest_open_85_guards_reader_tell_d","Tell Herbert that Agatha will read for him. He's in the Barracks.","Кажи на Хърбърт, че Агата ще му чете. Той е в казармата.","review","Progression name candidate; review with surrounding description."
"quest_open_86_port_notebook_speak_d","Speak with Linda in Dockside Club after concert.","Говори с Линда в Крайбрежния клуб след концерта.","review","Progression name candidate; review with surrounding description."
"quest_open_87_doctor_linda_ask_albert_d","Go see Albert in his Lab in the dungeon under my house.","Отиди при Албърт в лабораторията му в подземието под къщата.","review","Progression name candidate; review with surrounding description."
"quest_open_87_doctor_linda_ask_linda_d","Pay a visit to Linda at her Dockside Club at the Port.","Посети Линда в Крайбрежния ѝ клуб в пристанището.","review","Progression name candidate; review with surrounding description."
"quest_open_87_doctor_linda_get_out_d","Give Albert and Linda some time alone.","Дай на Албърт и Линда малко време насаме.","review","Progression name candidate; review with surrounding description."
"quest_open_87_doctor_linda_notebook_d","Bring a notebook to Linda at the Dockside Club. The best gift?","Донеси бележник на Линда в Крайбрежния клуб. Най-добрият подарък?","review","Progression name candidate; review with surrounding description."
"quest_open_87_doctor_linda_sleep_d","After some time, visit Linda and Albert again.","След известно време посети Линда и Албърт отново.","review","Progression name candidate; review with surrounding description."
"quest_open_87_doctor_linda_visit_tell_d","Again, ask Albert if Linda can come visit him. He's always in his Lab in the dungeon under my house.","Отново попитай Албърт дали Линда може да го посети. Той винаги е в лабораторията си в подземието под къщата.","review","Progression name candidate; review with surrounding description."
"quest_open_87_doctor_linda_visit_try_d","Ask Albert if Linda can come visit him. He's always in his Lab in the dungeon under my house.","Попитай Албърт дали Линда може да го посети. Той винаги е в лабораторията си в подземието под къщата.","review","Progression name candidate; review with surrounding description."
"quest_open_88_larry_portal_ask_d","Ask Larry about the portal. He must be at home.","Попитай Лари за портала. Трябва да е у дома.","review","Progression name candidate; review with surrounding description."
"quest_open_89_astrologer_portal_ask_d","Ask Gunter about the portal. He lives in his Astrologer's Tower.","Попитай Гюнтер за портала. Той живее в кулата на Астролога.","review","Progression name candidate; review with surrounding description."
"quest_open_9_village_brothers_discussion_d","Find the twin brothers. They're somewhere in the southern part of the village, over the bridge in Twins’ Land.","Намери близнаците. Те са някъде в южната част на селото, отвъд моста в Земята на близнаците.","review","Progression name candidate; review with surrounding description."
"quest_open_9_village_brothers_heffry_d","Ask Heffry what happened. He's in Twin's Land.","Попитай Хефри какво се е случило. Той е в Земята на близнаците.","review","Progression name candidate; review with surrounding description."
"quest_open_9_village_brothers_jeffry_d","Talk to Jeffry and make peace between the twins. He's further along in the southern part of the village, near the Hangman's House.","Говори с Джефри и помири близнаците. Той е по-нататък в южната част на селото, близо до Къщата на палача.","review","Progression name candidate; review with surrounding description."
"quest_open_9_village_brothers_pottery_d","Bring pottery to the twins. They're in their land.","Донеси керамика на близнаците. Те са в своята земя.","review","Progression name candidate; review with surrounding description."
"quest_open_90_village_elections_ready_d","Go to the Village Tavern for the election. Who will win — Jeffry or Heffry?","Отиди в селската кръчма за изборите. Кой ще спечели - Джефри или Хефри?","review","Progression name candidate; review with surrounding description."
"quest_open_91_linda_cough_ask_d","Speak with Linda about Albert's health. She's always at her Dockside Club.","Говори с Линда за здравето на Албърт. Тя винаги е в Крайбрежния си клуб.","review","Progression name candidate; review with surrounding description."
"quest_open_92_doctor_cure_tell_d","It seems we found a remedy for Albert's cough. I should speak with him in his Lab. ","Изглежда намерихме лек за кашлицата на Албърт. Трябва да говоря с него в лабораторията му.","review","Progression name candidate; review with surrounding description."
"quest_open_93_linda_potato_give_d","Bring the po-ta-to to Linda in her Dockside Club. It should help Albert's cough.","Донеси По-та-то То-ма-то на Линда в Крайбрежния ѝ клуб. То трябва да помогне на кашлицата на Албърт.","review","Progression name candidate; review with surrounding description."
"quest_open_94_crossroad_reputation_ask_d","I should find out more from Agatha about the precarious state of her reputation. She lives at the Crossroads.","Трябва да науча повече от Агата за несигурното състояние на репутацията ѝ. Тя живее при Кръстопътя.","review","Progression name candidate; review with surrounding description."
"quest_open_95_guards_organ_tell_d","I tell Herbert in the Barracks that I finished the organ.","Кажи на Хърбърт в казармата, че съм завършил органа.","review","Progression name candidate; review with surrounding description."
"quest_open_96_crossroad_organ_build_d","Build an Organ for the Church. I'll need special wood from the Stilt Houses.","Построй орган за църквата. Ще ми трябва специално дърво от Къщите на кокили.","review","Progression name candidate; review with surrounding description."
"quest_open_96_crossroad_organ_tell_d","I should speak with Agatha at the Crossroads about the new organ at the church.","Трябва да говоря с Агата при Кръстопътя за новия орган в църквата.","review","Progression name candidate; review with surrounding description."
"quest_open_98_workshop_tunnel_ask_d","Ask Jack about the water tunnel to the Royal Foundry. He's at the Town Workshop.","Попитай Джак за водния тунел към Кралската леярна. Той е в градската работилница.","review","Progression name candidate; review with surrounding description."
"quest_open_98_workshop_tunnel_ask_portal_d","Ask Jack about the Water Tunnel.","Попитай Джак за водния тунел.","review","Progression name candidate; review with surrounding description."
"quest_open_99_workshop_repair_contract_d","Ask Jack to be frontman for the Restore the Town campaign. He's probably in the Town Warehouse or Town Workshop.","Помоли Джак да бъде фронтмен на кампанията „Възстанови града“. Вероятно е в Градския склад или в градската работилница.","review","Progression name candidate; review with surrounding description."
"quest_open_99_workshop_repair_material_1_d","Provide Jack with materials to help him to restore his workshop. He's normally there.","Дай на Джак материали, за да му помогнеш да възстанови работилницата си. Обикновено е там.","review","Progression name candidate; review with surrounding description."
"quest_paint","Paint","Боя","review","Progression name candidate; review with surrounding description."
"quest_summon_fairy","Summon Fairy","Призови Феята","review","Progression name candidate; review with surrounding description."
"tech_box_appliances_1","Appliances I","Уреди I","review","Progression name candidate; review with surrounding description."
"tech_box_appliances_2","Appliances II","Уреди II","review","Progression name candidate; review with surrounding description."
"tech_carved_wood","Wood Carving","Дърворезба","review","Progression name candidate; review with surrounding description."
"tech_clothes_1","Clothes I","Дрехи I","review","Progression name candidate; review with surrounding description."
"tech_clothes_2","Clothes II","Дрехи II","review","Progression name candidate; review with surrounding description."
"tech_conveyors","Conveyors","Конвейери","review","Progression name candidate; review with surrounding description."
"tech_customization","Suit Up!","Изтупай се!","review","Progression name candidate; review with surrounding description."
"tech_delicate_work_2","Delicate Work II","Фина изработка II","review","Progression name candidate; review with surrounding description."
"tech_delicate_work_3","Delicate Work III","Фина изработка III","review","Progression name candidate; review with surrounding description."
"tech_flour_supplies","Flour Supplies","Брашнени припаси","review","Progression name candidate; review with surrounding description."
"tech_furnace_bellows","Bellows","Мях за пещ","review","Progression name candidate; review with surrounding description."
"tech_house_repair","Houses Repairing","Ремонт на къщи","review","Progression name candidate; review with surrounding description."
"tech_iron_anvil","Iron Smithing","Ковачество на желязо","review","Progression name candidate; review with surrounding description."
"tech_jeweler_table","Delicate Work","Фина изработка","review","Progression name candidate; review with surrounding description."
"tech_kitchen_supplies","Kitchen Supplies","Кухненски припаси","review","Progression name candidate; review with surrounding description."
"tech_lenses","Lenses","Лещи","review","Progression name candidate; review with surrounding description."
"tech_marble_concept","The Concept of Marble","Идеята за мрамора","review","Progression name candidate; review with surrounding description."
"tech_not_all_techs_unlocked","Unlock required technology","Необходима е технология","review","Progression name candidate; review with surrounding description."
"tech_not_enough_resources","Not enough resources to unlock","Няма достатъчно ресурси за отключване","review","Progression name candidate; review with surrounding description."
"tech_preserve_2_supplies","Preservation Supplies II","Припаси за съхранение II","review","Progression name candidate; review with surrounding description."
"tech_preserve_supplies","Preservation Supplies","Припаси за съхранение","review","Progression name candidate; review with surrounding description."
"tech_price","Price","Цена","review","Progression name candidate; review with surrounding description."
"tech_rep_not_enough_rep","Not enough reputation to unlock","Няма достатъчно репутация за отключване","review","Progression name candidate; review with surrounding description."
"tech_rep_unlock_way","Unlock Way","Отключи пътя","review","Progression name candidate; review with surrounding description."
"tech_self_books","Self-Help Books","Книги за самопомощ","review","Progression name candidate; review with surrounding description."
"tech_self_books_2","Self-Help Books II","Книги за самопомощ II","review","Progression name candidate; review with surrounding description."
"tech_sewing","Sewing Basics","Основи на шиенето","review","Progression name candidate; review with surrounding description."
"tech_steel_instruments_1","Steel Instruments I","Стоманени инструменти I","review","Progression name candidate; review with surrounding description."
"tech_steel_instruments_2","Steel Instruments II","Стоманени инструменти II","review","Progression name candidate; review with surrounding description."
"tech_steel_works","Steel Works","Стоманолеярна","review","Progression name candidate; review with surrounding description."
"tech_storytelling","Storytelling I","Разказване на истории I","review","Progression name candidate; review with surrounding description."
"tech_storytelling_2","Storytelling II","Разказване на истории II","review","Progression name candidate; review with surrounding description."
"tech_tab_Anatomy","Anatomy
and alchemy","Анатомия и алхимия","review","Progression name candidate; review with surrounding description."
"tech_tab_Building","Building","Строителство","review","Progression name candidate; review with surrounding description."
"tech_tab_Cooking","Cooking","Готвене","review","Progression name candidate; review with surrounding description."
"tech_tab_Farming","Farming","Земеделие","review","Progression name candidate; review with surrounding description."
"tech_tab_Housekeeping","Housekeeping","Поддръжка","review","Progression name candidate; review with surrounding description."
"tech_tab_Metallurgy","Metallurgy","Металургия","review","Progression name candidate; review with surrounding description."
"tech_tab_Theology","Theology","Теология","review","Progression name candidate; review with surrounding description."
"tech_town_building_1","Market Stalls I","Пазарни сергии I","review","Progression name candidate; review with surrounding description."
"tech_town_building_2","Market Stalls II","Пазарни сергии II","review","Progression name candidate; review with surrounding description."
"tech_town_building_3","Market Stalls III","Пазарни сергии III","review","Progression name candidate; review with surrounding description."
"tech_town_building_big_1","Artisans I","Занаятчии I","review","Progression name candidate; review with surrounding description."
"tech_town_building_big_2","Artisans II","Занаятчии II","review","Progression name candidate; review with surrounding description."
"tech_vegetables_supply","Vegetable Supplies","Зеленчукови припаси","review","Progression name candidate; review with surrounding description."
"tech_vine_press","Cold Pressing","Студено пресоване","review","Progression name candidate; review with surrounding description."
"tech_vineyard_improvement","Vineyard Improvement","Подобряване на лозята","review","Progression name candidate; review with surrounding description."
"tech_ways_of_stone","Ways of Stone","Пътищата на камъка","review","Progression name candidate; review with surrounding description."
"tech_zombie_carousel","Zombie Gears","Зомби въртележки","review","Progression name candidate; review with surrounding description."
"tech_zombie_delivery","Zombie Delivery","Зомби доставки","review","Progression name candidate; review with surrounding description."
"tech_zombie_mechanisms","Zombie Mechanisms","Зомби механизми","review","Progression name candidate; review with surrounding description."
"zperk_advanced_blacksmith","Advanced Blacksmith","Напреднал ковач","review","Progression name candidate; review with surrounding description."
"zperk_advanced_blacksmith_d","The zombie stopped hammering its own fingers.

+4 <sprite name=""talent_red""> when working with iron.","Зомбито спря да си удря пръстите с чука.

+4 <sprite name=""talent_red""> при работа с желязо.","review","Progression name candidate; review with surrounding description."
"zperk_alchemist","Dead alchemist","Мъртъв алхимик","review","Progression name candidate; review with surrounding description."
"zperk_alchemist_d","Sometimes recipes give a little extra. Don't ask how. The zombie sometimes gets more items from the Formulation Bench.","Понякога рецептите дават малко повече. Не питай как. Зомбито понякога получава повече предмети от Масата за формули.","review","Progression name candidate; review with surrounding description."
"zperk_alchemy_talent","Undead researcher","Немъртъв изследовател","review","Progression name candidate; review with surrounding description."
"zperk_alchemy_talent_d","Failure is just another form of experimentation.

+4 <sprite name=""talent_blue""> when working at the Alchemy Workbench.","Провалът е просто друга форма на експериментиране.

+4 <sprite name=""talent_blue""> при работа на Алхимичната работна маса.","review","Progression name candidate; review with surrounding description."
"zperk_apprentice_carpenter","Apprentice Carpenter","Чирак дърводелец","review","Progression name candidate; review with surrounding description."
"zperk_apprentice_carpenter_d","The zombie has learned the difference between a log and a plank.

+2 <sprite name=""talent_orange""> when working with wood.","Зомбито научи разликата между трупа и дъската.

+2 <sprite name=""talent_orange""> при работа с дърво.","review","Progression name candidate; review with surrounding description."
"zperk_axeman","Axeman","Дървосекач","review","Progression name candidate; review with surrounding description."
"zperk_axeman_d","A zombie equipped with an axe sometimes gets extra logs when chopping trees.","Зомби с екипирана брадва понякога получава допълнителни дърва, когато сече дървета.","review","Progression name candidate; review with surrounding description."
"zperk_blacksmith_1","Blacksmith","Ковач","review","Progression name candidate; review with surrounding description."
"zperk_blacksmith_1_d","The zombie sometimes crafts extra items from bronze work.","Зомбито понякога изработва допълнителни предмети от бронз.","review","Progression name candidate; review with surrounding description."
"zperk_blacksmith_2","Blacksmith II","Ковач II","review","Progression name candidate; review with surrounding description."
"zperk_blacksmith_2_d","The zombie sometimes crafts extra items from ironwork.","Зомбито понякога изработва допълнителни предмети от желязо.","review","Progression name candidate; review with surrounding description."
"zperk_blindseye","Blindseye","Сляп стрелец","review","Progression name candidate; review with surrounding description."
"zperk_blindseye_d","The zombie learned to draw the bow, rather than just throwing arrows by hand: higher bow damage.","Зомбито се научи да опъва лъка, вместо просто да хвърля стрели с ръка: по-високи щети от лък.","review","Progression name candidate; review with surrounding description."
"zperk_books_talent","Dead author","Мъртъв автор","review","Progression name candidate; review with surrounding description."
"zperk_books_talent_d","Every bestseller starts with a blank page.

+4 <sprite name=""talent_yellow""> when crafting empty books.","Всеки бестселър започва с празна страница.

+4 <sprite name=""talent_yellow""> при изработката на празни книги.","review","Progression name candidate; review with surrounding description."
"zperk_brewer","Brewer","Пивовар","review","Progression name candidate; review with surrounding description."
"zperk_brewer_d","The zombie learned to brew hops and honey without adding its own secret ingredients.

+3 <sprite name=""talent_green""> at the brewery.","Зомбито се научи да вари хмел и мед, без да добавя собствените си тайни съставки.

+3 <sprite name=""talent_green""> в пивоварната.","review","Progression name candidate; review with surrounding description."
"zperk_carpenter","Carpenter","Дърводелец","review","Progression name candidate; review with surrounding description."
"zperk_carpenter_d","The zombie sometimes crafts extra items from wood.","Зомбито понякога изработва допълнителни предмети от дърво.","review","Progression name candidate; review with surrounding description."
"zperk_church_supplies_talent","Holy corpse","Свещен труп","review","Progression name candidate; review with surrounding description."
"zperk_church_supplies_talent_d","Even the church can't complain about free labor.

+4 <sprite name=""talent_blue""> when crafting church supplies.","Дори църквата не може да се оплаче от безплатния труд.

+4 <sprite name=""talent_blue""> при изработката на църковни припаси.","review","Progression name candidate; review with surrounding description."
"zperk_clay","Clay master","Майстор на глината","review","Progression name candidate; review with surrounding description."
"zperk_clay_d","The zombie sometimes crafts extra items from clay.","Зомбито понякога изработва допълнителни предмети от глина.","review","Progression name candidate; review with surrounding description."
"zperk_cube_distillations_1","Dead distiller","Мъртъв дестилатор","review","Progression name candidate; review with surrounding description."
"zperk_cube_distillations_1_d","Even the cube seems impressed. The zombie gets more items from the Distillation Cube.","Дори кубът изглежда впечатлен. Зомбито получава повече предмети от Дестилационния куб.","review","Progression name candidate; review with surrounding description."
"zperk_dead_king","Dead King","Мъртъв крал","review","Progression name candidate; review with surrounding description."
"zperk_dead_king_d","The zombie writes everything faster: books, stories, and newspapers.","Зомбито пише всичко по-бързо: книги, истории и вестници.","review","Progression name candidate; review with surrounding description."
"zperk_dead_organist","Dead organist","Мъртъв органист","review","Progression name candidate; review with surrounding description."
"zperk_dead_organist_d","When playing organ, gives more <sprite name=""cross"">.","Когато свири на орган, дава повече <sprite name=""cross"">.","review","Progression name candidate; review with surrounding description."
"zperk_dead_printer","Dead printer","Мъртъв печатар","review","Progression name candidate; review with surrounding description."
"zperk_dead_printer_d","The zombie produces more paper and newspapers.","Зомбито произвежда повече хартия и вестници.","review","Progression name candidate; review with surrounding description."
"zperk_dead_shakespeare","Dead Shakespeare","Мъртъв Шекспир","review","Progression name candidate; review with surrounding description."
"zperk_dead_shakespeare_d","Every zombie has a story. Most end in tragedy. The zombie writes better stories.","Всяко зомби има история. Повечето завършват трагично. Зомбито пише по-добри истории.","review","Progression name candidate; review with surrounding description."
"zperk_dead_singer","Dead singer","Мъртъв певец","review","Progression name candidate; review with surrounding description."
"zperk_dead_singer_d","When in choir, it gives more <sprite name=""cross"">.","Когато е в хора, дава повече <sprite name=""cross"">.","review","Progression name candidate; review with surrounding description."
"zperk_dead_writer","Dead writer","Мъртъв писател","review","Progression name candidate; review with surrounding description."
"zperk_dead_writer_d","The zombie can write: books, notes, newspapers...","Зомбито може да пише: книги, бележки, вестници...","review","Progression name candidate; review with surrounding description."
"zperk_deft_zombie","Deft zombie","Сръчно зомби","review","Progression name candidate; review with surrounding description."
"zperk_deft_zombie_d","The zombie receives more <sprite name=""tech_green"">.","Зомбито получава повече <sprite name=""tech_green"">.","review","Progression name candidate; review with surrounding description."
"zperk_distillations_talent","Rotten distiller","Гнил дестилатор","review","Progression name candidate; review with surrounding description."
"zperk_distillations_talent_d","+4 <sprite name=""talent_blue""> when working at the Distillation Cube.","+4 <sprite name=""talent_blue""> при работа с Дестилационния куб.","review","Progression name candidate; review with surrounding description."
"zperk_excavator","Excavator","Изкопвач","review","Progression name candidate; review with surrounding description."
"zperk_excavator_d","The zombie has mastered the shovel. Increased speed when digging clay and sand.","Зомбито е овладяло лопатата. Увеличена скорост при копаене на глина и пясък.","review","Progression name candidate; review with surrounding description."
"zperk_factory_operative","Factory Operative","Фабричен работник","review","Progression name candidate; review with surrounding description."
"zperk_factory_operative_d","The zombie works better under the punishing conditions of conveyor production.","Зомбито работи по-добре в безмилостните условия на производството с конвейери.","review","Progression name candidate; review with surrounding description."
"zperk_farmer_1","Farmer I","Земеделец I","review","Progression name candidate; review with surrounding description."
"zperk_farmer_1_d","The zombie produces better seeds and bigger crops.","Зомбито произвежда по-добри семена и по-големи реколти.","review","Progression name candidate; review with surrounding description."
"zperk_farmer_2","Farmer II","Земеделец II","review","Progression name candidate; review with surrounding description."
"zperk_farmer_2_d","The zombie produces even better seeds and bigger crops.","Зомбито произвежда още по-добри семена и по-големи реколти.","review","Progression name candidate; review with surrounding description."
"zperk_fertilizer_expert","Fertilizer Expert","Експерт по торене","review","Progression name candidate; review with surrounding description."
"zperk_fertilizer_expert_d","The zombie knows how to tell the different fertilizers apart.

+3 <sprite name=""talent_blue""> when making fertilizer.","Зомбито знае как да различава отделните видове тор.

+3 <sprite name=""talent_blue""> при правене на тор.","review","Progression name candidate; review with surrounding description."
"zperk_firewood","Firewood master","Майстор на дървата за огрев","review","Progression name candidate; review with surrounding description."
"zperk_firewood_d","The zombie crafts extra firewood.","Зомбито изработва допълнителни дърва за огрев.","review","Progression name candidate; review with surrounding description."
"zperk_formulation_talent","Mad necrochemist","Луд некрохимик","review","Progression name candidate; review with surrounding description."
"zperk_formulation_talent_d","If it's bubbling, don't stand too close.

+4 <sprite name=""talent_blue""> when working at the Formulation Bench.","Ако бълбука, не стой прекалено близо.

+4 <sprite name=""talent_blue""> при работа на Масата за формули.","review","Progression name candidate; review with surrounding description."
"zperk_glass","Glass master","Майстор на стъклото","review","Progression name candidate; review with surrounding description."
"zperk_glass_d","The zombie sometimes crafts extra item of glass.","Зомбито понякога изработва допълнителен стъклен предмет.","review","Progression name candidate; review with surrounding description."
"zperk_gold","Gold Digger","Златотърсач","review","Progression name candidate; review with surrounding description."
"zperk_gold_d","The zombie sometimes finds gold when sifting sand.","Зомбито понякога намира злато при пресяване на пясък.","review","Progression name candidate; review with surrounding description."
"zperk_good_zombie","Good zombie","Добро зомби","review","Progression name candidate; review with surrounding description."
"zperk_good_zombie_d","The perk limit is increased.","Лимитът на уменията е увеличен.","review","Progression name candidate; review with surrounding description."
"zperk_grave_crafter","Dead grave builder","Мъртъв строител на гробове","review","Progression name candidate; review with surrounding description."
"zperk_grave_crafter_d","A beautiful grave is your last chance to make a good first impression. The zombie crafts gravestones and fences more quickly.","Красивият гроб е последният ти шанс да направиш добро първо впечатление. Зомбито изработва надгробни плочи и огради по-бързо.","review","Progression name candidate; review with surrounding description."
"zperk_graves_fences_talent","Grave architect","Архитект на гробове","review","Progression name candidate; review with surrounding description."
"zperk_graves_fences_talent_d","+4 <sprite name=""talent_orange""> when crafting gravestones and grave fences.","+4 <sprite name=""talent_orange""> при изработката на надгробни плочи и огради за гробове.","review","Progression name candidate; review with surrounding description."
"zperk_impaler","Impaler","Набивач","review","Progression name candidate; review with surrounding description."
"zperk_impaler_d","The zombie gets that the sharp end points toward the enemy: higher spear damage.","Зомбито разбра, че острият край сочи към врага: по-високи щети от копие.","review","Progression name candidate; review with surrounding description."
"zperk_jeweller","Dead jeweler","Мъртъв златар","review","Progression name candidate; review with surrounding description."
"zperk_jeweller_d","Diamonds are forever. So is this employee. The zombie creates jewelry faster.","Диамантите са вечни. Както и този служител. Зомбито изработва бижута по-бързо.","review","Progression name candidate; review with surrounding description."
"zperk_jeweller_talent","Corpse jeweler","Златар на трупове","review","Progression name candidate; review with surrounding description."
"zperk_jeweller_talent_d","Zombie make a pretty!

+4 <sprite name=""talent_red""> when working at the Jewelry Table.","Зомбито прави красота!

+4 <sprite name=""talent_red""> при работа на Масата за бижута.","review","Progression name candidate; review with surrounding description."
"zperk_logger","Logger","Дървосекач","review","Progression name candidate; review with surrounding description."
"zperk_logger_d","The zombie figured out which end of the axe to hold. Woodcutting speed increased.","Зомбито разбра кой край на брадвата да държи. Скоростта на сечене е увеличена.","review","Progression name candidate; review with surrounding description."
"zperk_magpies_eye","Magpie’s Eye","Окото на свраката","review","Progression name candidate; review with surrounding description."
"zperk_magpies_eye_d","The zombie notices the shiny things in the mine, and can recover gems.","Зомбито забелязва блестящите неща в мината и може да извади скъпоценни камъни.","review","Progression name candidate; review with surrounding description."
"zperk_mason","Mason","Зидар","review","Progression name candidate; review with surrounding description."
"zperk_mason_d","The zombie sometimes crafts extra items from stonework.","Зомбито понякога изработва допълнителни каменни предмети.","review","Progression name candidate; review with surrounding description."
"zperk_master_blacksmith","Master Blacksmith","Майстор ковач","review","Progression name candidate; review with surrounding description."
"zperk_master_blacksmith_d","The zombie figured out heat control.

+6 <sprite name=""talent_red""> when working with steel.","Зомбито разбра как се контролира топлината.

+6 <sprite name=""talent_red""> при работа със стомана.","review","Progression name candidate; review with surrounding description."
"zperk_master_carpenter","Master Carpenter","Майстор дърводелец","review","Progression name candidate; review with surrounding description."
"zperk_master_carpenter_d","The zombie has learned to saw in a straight line.

+4 <sprite name=""talent_orange""> when working with wood.","Зомбито се научи да реже по права линия.

+4 <sprite name=""talent_orange""> при работа с дърво.","review","Progression name candidate; review with surrounding description."
"zperk_master_stonemason","Master Stonemason","Майстор каменоделец","review","Progression name candidate; review with surrounding description."
"zperk_master_stonemason_d","The zombie learned to control the force of its strikes.

+4 <sprite name=""talent_orange""> when working with marble.","Зомбито се научи да контролира силата на ударите си.

+4 <sprite name=""talent_orange""> при работа с мрамор.","review","Progression name candidate; review with surrounding description."
"zperk_miller","Miller","Мелничар","review","Progression name candidate; review with surrounding description."
"zperk_miller_d","The zombie pours wheat between the millstones instead of all over the floor: yields more flour.","Зомбито изсипва житото между воденичните камъни, вместо по целия под: получаваш повече брашно.","review","Progression name candidate; review with surrounding description."
"zperk_musician_advanced","Skilled Musician","Умел музикант","review","Progression name candidate; review with surrounding description."
"zperk_musician_advanced_d","Not bad for someone without a pulse. Increases <sprite name=""cross""> when assigned to the choir or organ.","Не е зле за някого без пулс. Увеличава <sprite name=""cross"">, когато е в хора или свири на орган.","review","Progression name candidate; review with surrounding description."
"zperk_musician_basic","Novice Musician","Начинаещ музикант","review","Progression name candidate; review with surrounding description."
"zperk_musician_basic_d","At least the rats seem to enjoy it. Slightly increases <sprite name=""cross""> when assigned to the choir or organ.","Поне плъховете изглежда се наслаждават. Леко увеличава <sprite name=""cross"">, когато е в хора или свири на орган.","review","Progression name candidate; review with surrounding description."
"zperk_musician_master","Maestro","Маестро","review","Progression name candidate; review with surrounding description."
"zperk_musician_master_d","Even the angels are taking notes. Greatly increases <sprite name=""cross""> when assigned to the choir or organ.","Дори ангелите си водят записки. Значително увеличава <sprite name=""cross"">, когато е в хора или свири на орган.","review","Progression name candidate; review with surrounding description."
"zperk_newspaper_talent","Dead press","Мъртва преса","review","Progression name candidate; review with surrounding description."
"zperk_newspaper_talent_d","Extra! Extra! Nobody's actually alive to read it.

+4 <sprite name=""talent_yellow""> when working at the Printing Press.","Екстра! Екстра! Всъщност никой не е жив, за да го прочете.

+4 <sprite name=""talent_yellow""> при работа на Печатната преса.","review","Progression name candidate; review with surrounding description."
"zperk_novice_blacksmith","Novice Blacksmith","Начинаещ ковач","review","Progression name candidate; review with surrounding description."
"zperk_novice_blacksmith_d","The zombie figured out which end of the hammer to hold.

+2 <sprite name=""talent_red""> when working with bronze.","Зомбито разбра кой край на чука да държи.

+2 <sprite name=""talent_red""> при работа с бронз.","review","Progression name candidate; review with surrounding description."
"zperk_novice_fisherman","Novice Fisherman","Начинаещ рибар","review","Progression name candidate; review with surrounding description."
"zperk_novice_fisherman_d","The zombie learned that bobbers float and sinkers sink: higher chance to catch common fish.","Зомбито научи, че плувките плуват, а тежестите потъват: по-голям шанс за улов на обикновена риба.","review","Progression name candidate; review with surrounding description."
"zperk_novice_stonemason","Novice Stonemason","Начинаещ каменоделец","review","Progression name candidate; review with surrounding description."
"zperk_novice_stonemason_d","The zombie realized the chisel is for the stone, not for gnawing.

+2 <sprite name=""talent_orange""> when working with stone.","Зомбито разбра, че длетото е за камъка, а не за гризане.

+2 <sprite name=""talent_orange""> при работа с камък.","review","Progression name candidate; review with surrounding description."
"zperk_paper","Paper Maker","Производител на хартия","review","Progression name candidate; review with surrounding description."
"zperk_paper_d","The zombie sometimes crafts extra paper.","Зомбито понякога изработва допълнителна хартия.","review","Progression name candidate; review with surrounding description."
"zperk_paper_talent","Dead tree society","Мъртво дружество на дърветата","review","Progression name candidate; review with surrounding description."
"zperk_paper_talent_d","Dead tree, dead worker — a perfect match.

+4 <sprite name=""talent_yellow""> when crafting paper.","Мъртво дърво, мъртъв работник - идеална комбинация.

+4 <sprite name=""talent_yellow""> при изработката на хартия.","review","Progression name candidate; review with surrounding description."
"zperk_potions_talent","Zombie alchemist","Зомби алхимик","review","Progression name candidate; review with surrounding description."
"zperk_potions_talent_d","Some ingredients are fresher than others.

+4 <sprite name=""talent_blue""> when crafting potions.","Някои съставки са по-пресни от други.

+4 <sprite name=""talent_blue""> при изработката на отвари.","review","Progression name candidate; review with surrounding description."
"zperk_preserver","Preserver","Консервант","review","Progression name candidate; review with surrounding description."
"zperk_preserver_d","The zombie learned to seal jars before their contents come alive.

+4 <sprite name=""talent_green""> when making canned goods.","Зомбито се научи да затваря бурканите, преди съдържанието им да оживее.

+4 <sprite name=""talent_green""> при правене на консерви.","review","Progression name candidate; review with surrounding description."
"zperk_presser","Presser","Пресовач","review","Progression name candidate; review with surrounding description."
"zperk_presser_d","The zombie learned not to spill juice all over the floor.

+4 <sprite name=""talent_green""> when pressing juice.","Зомбито се научи да не разлива сок по целия под.

+4 <sprite name=""talent_green""> при пресоване на сок.","review","Progression name candidate; review with surrounding description."
"zperk_puff_master","Puff Master","Майстор на издухването","review","Progression name candidate; review with surrounding description."
"zperk_puff_master_d","The zombie puts what remains of its lungs to good use.

+3 <sprite name=""talent_red""> when working with glass.","Зомбито използва добре останалото от белите му дробове.

+3 <sprite name=""talent_red""> при работа със стъкло.","review","Progression name candidate; review with surrounding description."
"zperk_quarryman","Quarryman","Кариерен работник","review","Progression name candidate; review with surrounding description."
"zperk_quarryman_d","The zombie has mastered the pickaxe. Quarrying speed increased.","Зомбито е овладяло кирката. Скоростта на добив в каменоломната е увеличена.","review","Progression name candidate; review with surrounding description."
"zperk_smart_zombie","Smart zombie","Умно зомби","review","Progression name candidate; review with surrounding description."
"zperk_smart_zombie_d","The zombie receives more <sprite name=""tech_blue"">.","Зомбито получава повече <sprite name=""tech_blue"">.","review","Progression name candidate; review with surrounding description."
"zperk_speed","Speed Master","Майстор на скоростта","review","Progression name candidate; review with surrounding description."
"zperk_speed_d","The zombie moves faster.","Зомбито се движи по-бързо.","review","Progression name candidate; review with surrounding description."
"zperk_stories_talent","Ghostwriter","Призрачен писател","review","Progression name candidate; review with surrounding description."
"zperk_stories_talent_d","Nobody remembers the author anyway.

+4 <sprite name=""talent_yellow""> when writing stories.","Никой така или иначе не помни автора.

+4 <sprite name=""talent_yellow""> при писане на истории.","review","Progression name candidate; review with surrounding description."
"zperk_strong_zombie","Strong zombie","Силно зомби","review","Progression name candidate; review with surrounding description."
"zperk_strong_zombie_d","The zombie receives more <sprite name=""tech_red"">.","Зомбито получава повече <sprite name=""tech_red"">.","review","Progression name candidate; review with surrounding description."
"zperk_tailor","Tailor","Шивач","review","Progression name candidate; review with surrounding description."
"zperk_tailor_d","The zombie has gotten better with fabric and thread: fewer scraps, more finished items.","Зомбито се е подобрило с плата и конците: по-малко отпадъци, повече готови предмети.","review","Progression name candidate; review with surrounding description."
"zperk_tin_can","Tin Can","Консерва","review","Progression name candidate; review with surrounding description."
"zperk_tin_can_d","The zombie sees that armor is for wearing, not rattling around in a bag: higher defense.","Зомбито разбра, че бронята се носи, а не трака в чантата: по-висока защита.","review","Progression name candidate; review with surrounding description."
"zperk_undead_resistance","Undead Resilience","Издръжливост на немъртвите","review","Progression name candidate; review with surrounding description."
"zperk_undead_resistance_d","The zombie remembered it's already dead, and stopped noticing minor wounds: higher health.","Зомбито си спомни, че вече е мъртво, и спря да забелязва дребните рани: по-високо здраве.","review","Progression name candidate; review with surrounding description."
"zperk_veteran_fisherman","Veteran Fisherman","Ветеран рибар","review","Progression name candidate; review with surrounding description."
"zperk_veteran_fisherman_d","The zombie learned to set the hook in time: higher chance to catch rare fish.","Зомбито се научи да засича навреме: по-голям шанс за улов на рядка риба.","review","Progression name candidate; review with surrounding description."
"zperk_winemaker","Winemaker","Винар","review","Progression name candidate; review with surrounding description."
"zperk_winemaker_d","The zombie has learned the winemaking process.

+5 <sprite name=""talent_green""> when making wine.","Зомбито се научи на процеса за правене на вино.

+5 <sprite name=""talent_green""> при правене на вино.","review","Progression name candidate; review with surrounding description."
"zperk_writer","Dead Talent","Мъртъв талант","review","Progression name candidate; review with surrounding description."
"zperk_writer_d","The zombie can write a story...","Зомбито може да напише история...","review","Progression name candidate; review with surrounding description."
"zperk_writing_talent","Dead pen","Мъртво перо","review","Progression name candidate; review with surrounding description."
"zperk_writing_talent_d","Writer's block isn't a problem if you don't have a brain. 

+4 <sprite name=""talent_yellow""> when working at the Writing Desk.","Творческият блок не е проблем, ако нямаш мозък.

+4 <sprite name=""talent_yellow""> при работа на Писалището.","review","Progression name candidate; review with surrounding description."
"zperk_zombie_miner","Zombie Miner","Зомби миньор","review","Progression name candidate; review with surrounding description."
"zperk_zombie_miner_d","The zombie works better in the poisonous fumes of the mine — unlike you.","Зомбито работи по-добре в отровните изпарения на мината - за разлика от теб.","review","Progression name candidate; review with surrounding description."
"zperk_zombie_tools","Zombie tools","Зомби инструменти","review","Progression name candidate; review with surrounding description."
"zperk_zombie_tools_d","Tools give double bonus talent to the zombie.","Инструментите дават двоен бонус към таланта на зомбито.","review","Progression name candidate; review with surrounding description."
