"key","original","bg","status","notes"
"0_fairy_find_out","Dust in the Kitchen","","untranslated",""
"1_intro_prison_brake_1","The chains won't let me move.","Веригите не ми позволяват да се движа.","review","Day 1 opening scene pilot translation."
"1_intro_prison_brake_10","Yes, I'm free!","Да, свободен съм!","review","Day 1 opening scene pilot translation."
"1_intro_prison_brake_11","Great job! What determination! Now get me outta this sarcophagus.","Браво! Каква решителност! Сега ме измъкни от този саркофаг.","review","Day 1 opening scene pilot translation."
"1_intro_prison_brake_5","Well... just keep at it. You've been pulling at them for years.","Е, продължавай да дърпаш. От години се мъчиш с тях.","review","Day 1 opening scene pilot translation."
"1_intro_prison_brake_6","The second one feels stronger though.","Втората обаче изглежда по-здрава.","review","Day 1 opening scene pilot translation."
"1_intro_prison_brake_6_1","Those fairies, I never trust them...","На тези феи никога не съм им имал доверие...","review","Day 1 opening scene pilot translation."
"1_intro_prison_brake_7","Come on, don't give up that easily!","Хайде, не се отказвай толкова лесно!","review","Day 1 opening scene pilot translation."
"1_intro_prison_brake_8","It's still so sturdy...","Още е доста здрава...","review","Day 1 opening scene pilot translation."
"1_intro_prison_brake_9","I have a feeling you're almost there!","Имам чувството, че почти успяваш!","review","Day 1 opening scene pilot translation."
"1_intro_prison_door_1","Looks like I need a key.","Изглежда ми трябва ключ.","review","Day 1 opening scene pilot translation."
"1_intro_prison_door_2","Better bring everything from the chest.","По-добре вземи всичко от сандъка.","review","Day 1 opening scene pilot translation."
"1_intro_prison_door_3","Try to look natural. We don't want to draw any unwanted attention.","Опитай се да изглеждаш естествено. Не искаме да привличаме нежелано внимание.","review","Day 1 opening scene pilot translation."
"1_intro_prison_door_4","Between an escaped convict and a floating skull, you'll be the one drawing attention.","Между избягал затворник и летящ череп именно ти ще привлечеш вниманието.","review","Day 1 opening scene pilot translation."
"1_intro_prison_door_5","I don't know what happened, and I don't want to stick around and find out.","Не знам какво се е случило и не искам да оставам, за да разбера.","review","Day 1 opening scene pilot translation."
"1_intro_prison_new_zone_1","Isn't a prison supposed to have guards?","Нали в затвора би трябвало да има стражи?","review","Day 1 opening scene pilot translation."
"1_intro_prison_new_zone_10","That's what we need to open a door! Grab the lot!","Това ни трябва, за да отворим врата! Грабвай всичко!","review","Day 1 opening scene pilot translation."
"1_intro_prison_new_zone_2","Yeah, yeah — let's complain about how this isn't hard enough.","Да, да - нека се оплачем, че това не е достатъчно трудно.","review","Day 1 opening scene pilot translation."
"1_intro_prison_new_zone_3","Look! A note.","Виж! Бележка.","review","Day 1 opening scene pilot translation."
"1_intro_prison_new_zone_4","So what was in the stash?","И какво имаше в скривалището?","review","Day 1 opening scene pilot translation."
"1_intro_prison_new_zone_5","The King's signet...","Кралският печат...","review","Day 1 opening scene pilot translation."
"1_intro_prison_new_zone_6","... very fancy...","...много изискано...","review","Day 1 opening scene pilot translation."
"1_intro_prison_new_zone_7","... an Inquisitor's medallion...","...медальон на инквизитор...","review","Day 1 opening scene pilot translation."
"1_intro_prison_new_zone_8","... could be useful...","...може да е полезен...","review","Day 1 opening scene pilot translation."
"1_intro_prison_new_zone_9",".... and a rusty key.","...и ръждясал ключ.","review","Day 1 opening scene pilot translation."
"1_intro_prison_sarcophage_1","This pickaxe will do the job.","Тази кирка ще свърши работа.","review","Day 1 opening scene pilot translation."
"1_intro_prison_sarcophage_1_inventory","To open my inventory, I need to press @(GameKeyCharacterWindow).","За да отворя инвентара си, трябва да натисна @(GameKeyCharacterWindow).","review","Day 1 opening scene pilot translation."
"1_intro_prison_sarcophage_10","I hate to break it to you, but you're a...","Не ми се иска да ти го казвам, но ти си...","review","Day 1 opening scene pilot translation."
"1_intro_prison_sarcophage_11","Yes... I might be a skull, but I bet we'll be best friends.","Да... може да съм череп, но се обзалагам, че ще станем най-добри приятели.","review","Day 1 opening scene pilot translation."
"1_intro_prison_sarcophage_11_CORRECT","A talking skull?! No way, that's impossible.","Говорещ череп?! Няма начин, това е невъзможно.","review","Day 1 opening scene pilot translation."
"1_intro_prison_sarcophage_12","Right. I appreciate the sarcasm.","Точно така. Оценявам сарказма.","review","Day 1 opening scene pilot translation."
"1_intro_prison_sarcophage_13","It's kind of my thing.","Това си е моят стил.","review","Day 1 opening scene pilot translation."
"1_intro_prison_sarcophage_14","Thanks for getting me outta that can.","Благодаря, че ме измъкна от този сандък.","review","Day 1 opening scene pilot translation."
"1_intro_prison_sarcophage_15","I got a feeling we're gonna be best buddies. Ha ha.","Имам чувството, че ще станем най-добри приятели. Ха-ха.","review","Day 1 opening scene pilot translation."
"1_intro_prison_sarcophage_16","Let's get outta here.","Да се махаме оттук.","review","Day 1 opening scene pilot translation."
"1_intro_prison_sarcophage_2","I need something to open it with.","Трябва ми нещо, с което да го отворя.","review","Day 1 opening scene pilot translation."
"1_intro_prison_sarcophage_3","I guess I need to equip the pickaxe first.","Май първо трябва да екипирам кирката.","review","Day 1 opening scene pilot translation."
"1_intro_prison_sarcophage_4","I... I just can't.","Аз... просто не мога.","review","Day 1 opening scene pilot translation."
"1_intro_prison_sarcophage_5","You're probably too weak and hungry. Do you see any food?","Вероятно си прекалено слаб и гладен. Виждаш ли храна?","review","Day 1 opening scene pilot translation."
"1_intro_prison_sarcophage_6","I think I see some mushrooms.","Май виждам гъби.","review","Day 1 opening scene pilot translation."
"1_intro_prison_sarcophage_7","Very nutrient rich... and maybe even a little hallucinogenic he he...","Много хранителни... и може би дори леко халюциногенни, хе-хе...","review","Day 1 opening scene pilot translation."
"1_intro_prison_sarcophage_8","Still won't budge.","Пак не помръдва.","review","Day 1 opening scene pilot translation."
"1_intro_prison_sarcophage_9","Well did you eat the mushrooms, genius?","Е, изяде ли гъбите, гений такъв?","review","Day 1 opening scene pilot translation."
"1_intro_prison_wake_1","Wake up, Keeper!","Събуди се, Гробарю!","review","Day 1 opening scene pilot translation."
"1_intro_prison_wake_10","Hooray!","Ура!","review","Day 1 opening scene pilot translation."
"1_intro_prison_wake_11","One chain down...","Една верига по-малко...","review","Day 1 opening scene pilot translation."
"1_intro_prison_wake_12","Oh, this is harder than I thought... there's simply not enough faith left in the world...","О, това е по-трудно, отколкото мислех... просто не е останала достатъчно вяра в света...","review","Day 1 opening scene pilot translation."
"1_intro_prison_wake_13","I won't be able to break the second chain...","Няма да мога да счупя втората верига...","review","Day 1 opening scene pilot translation."
"1_intro_prison_wake_14","Well then, looks like saving the world will have to wait.","Тогава спасяването на света ще трябва да почака.","review","Day 1 opening scene pilot translation."
"1_intro_prison_wake_15","This is no joke... Time is short... Summon me as soon as you can...","Това не е шега... Времето изтича... Призови ме веднага щом можеш...","review","Day 1 opening scene pilot translation."
"1_intro_prison_wake_16","Hey pal... Are you back? And conscious?","Хей, приятелю... Върна ли се? И в съзнание ли си?","review","Day 1 opening scene pilot translation."
"1_intro_prison_wake_17","Yeah, yeah...","Да, да...","review","Day 1 opening scene pilot translation."
"1_intro_prison_wake_18_a","Who are you?","Кой си ти?","review","Day 1 opening scene pilot translation."
"1_intro_prison_wake_18_a_1","Larry. Nice to meet you. We've been roommates for nearly a decade... he he.","Лари. Приятно ми е. Почти десетилетие сме съквартиранти... хе-хе.","review","Day 1 opening scene pilot translation."
"1_intro_prison_wake_18_b","Where are we?","Къде сме?","review","Day 1 opening scene pilot translation."
"1_intro_prison_wake_18_b_1","A five-star Inquisitor dungeon — where torturing is maintained at an exquisite standard.","Петзвездно подземие на Инквизицията - тук изтезанията се поддържат на изискано ниво.","review","Day 1 opening scene pilot translation."
"1_intro_prison_wake_19","I don't remember... Do I know you?","Не помня... Познавам ли те?","review","Day 1 opening scene pilot translation."
"1_intro_prison_wake_2","Don't make me bite you!","Не ме карай да те охапя!","review","Day 1 opening scene pilot translation."
"1_intro_prison_wake_20","We've never had a chance to talk. You're always in the middle of being tortured...","Никога не сме имали възможност да поговорим. Ти винаги беше по средата на поредното изтезание...","review","Day 1 opening scene pilot translation."
"1_intro_prison_wake_21","Or unconscious... since the Inquisitors packed up and left...","Или в безсъзнание... откакто инквизиторите си събраха багажа и си тръгнаха...","review","Day 1 opening scene pilot translation."
"1_intro_prison_wake_22","But never mind all that... Now that the fairy helped you, we might actually have a chance!","Но няма значение... Сега, след като феята ти помогна, може и да имаме шанс!","review","Day 1 opening scene pilot translation."
"1_intro_prison_wake_3","Ouch!","Ох!","review","Day 1 opening scene pilot translation."
"1_intro_prison_wake_3_1","What the...","Какво по...","review","Day 1 opening scene pilot translation."
"1_intro_prison_wake_4","Where am I? Who are you?","Къде съм? Коя си ти?","review","Day 1 opening scene pilot translation."
"1_intro_prison_wake_5","You can call me Soul... and it's time for you to step forward!","Можеш да ме наричаш Душа... и е време да действаш!","review","Day 1 opening scene pilot translation."
"1_intro_prison_wake_6","It took you eight years to ruin this world... Now it's your destiny to save it.","За осем години успя да съсипеш този свят... Сега съдбата ти е да го спасиш.","review","Day 1 opening scene pilot translation."
"1_intro_prison_wake_7","Sounds kind of... debatable... anyway, looks like I'm all chained up here.","Звучи малко... спорно... както и да е, изглежда съм в окови.","review","Day 1 opening scene pilot translation."
"1_intro_prison_wake_8","I'll set you free, but you have to save us all. Do you promise?","Ще те освободя, но трябва да спасиш всички ни. Обещаваш ли?","review","Day 1 opening scene pilot translation."
"1_intro_prison_wake_9","Ok, sure...","Добре, разбира се...","review","Day 1 opening scene pilot translation."
"10_village_food_samples","Planted and Delivered","Засадено и доставено","review","Day 1 opening scene pilot translation."
"10_village_food_samples_0","Give free samples.","Дай безплатни проби.","review","Day 1 opening scene pilot translation."
"10_village_food_samples_1","These samples are phenomenal.","Тези проби са феноменални.","review","Day 1 opening scene pilot translation."
"10_village_food_samples_2","This is the best harvest we've had in some time.","Това е най-добрата реколта, която сме имали от доста време.","review","Day 1 opening scene pilot translation."
"10_village_food_samples_3","So, will you buy my vegetables from now on?","Значи, ще купуваш ли зеленчуците ми занапред?","review","Day 1 opening scene pilot translation."
"10_village_food_samples_4","Quality products demand quality compensation.","Качествените стоки изискват качествено заплащане.","review","Day 1 opening scene pilot translation."
"10_village_food_samples_5","You know, being back in business feels good.","Знаеш ли, хубаво е отново да съм в бизнеса.","review","Day 1 opening scene pilot translation."
"10_village_food_samples_6","We might even rack up a surplus and start trading.","Може дори да натрупаме излишък и да започнем да търгуваме.","review","Day 1 opening scene pilot translation."
"10_village_food_samples_7","I have some spare seeds too.","Имам и малко излишни семена.","review","Day 1 opening scene pilot translation."
"10_village_food_samples_8","If you keep trading with me, that will definitely increase your reputation in the village.","Ако продължиш да търгуваш с мен, това определено ще повиши репутацията ти в селото.","review","Day 1 opening scene pilot translation."
"10_village_food_samples_9","And we'll be able to expand my business.","И ще можем да разширим бизнеса ми.","review","Day 1 opening scene pilot translation."
"11_guards_morale_graveyard","Grave Expectations","Гробни очаквания","review","Day 1 opening scene pilot translation."
"11_guards_morale_graveyard_1","The graveyard is looking better.","Гробището изглежда по-добре.","review","Day 1 opening scene pilot translation."
"11_guards_morale_graveyard_10","And everybody's just... kinda okay with it.","А всички просто... някак си го приемат.","review","Day 1 opening scene pilot translation."
"11_guards_morale_graveyard_11","That's sad to hear.","Тъжно е да го чуя.","review","Day 1 opening scene pilot translation."
"11_guards_morale_graveyard_12","But very true to say.","Но е самата истина.","review","Day 1 opening scene pilot translation."
"11_guards_morale_graveyard_13","Encourage the man...","Насърчи човека...","review","Day 1 opening scene pilot translation."
"11_guards_morale_graveyard_14","So with a little faith on your side, you'll fight the zombies back?","Значи с малко вяра на твоя страна ще отблъснеш зомбитата?","review","Day 1 opening scene pilot translation."
"11_guards_morale_graveyard_15","Maybe... We can try it at least.","Може би... Поне можем да опитаме.","review","Day 1 opening scene pilot translation."
"11_guards_morale_graveyard_16","But I can't imagine where you're going to find enough faith...","Но не мога да си представя откъде ще намериш достатъчно вяра...","review","Day 1 opening scene pilot translation."
"11_guards_morale_graveyard_2","That's great news.","Това е чудесна новина.","review","Day 1 opening scene pilot translation."
"11_guards_morale_graveyard_3","""You don't have to shout good news. It need only be whispered.""","Добрата новина не трябва да се крещи. Достатъчно е да бъде прошепната.","review","Day 1 opening scene pilot translation."
"11_guards_morale_graveyard_4","I can't help but ask, what's with the quotes?","Не мога да не попитам - защо са тези кавички?","review","Day 1 opening scene pilot translation."
"11_guards_morale_graveyard_5","Oh, never mind. It's just from a book I like.","О, няма значение. Просто е цитат от книга, която харесвам.","review","Day 1 opening scene pilot translation."
"11_guards_morale_graveyard_6","So what's your plan? Are we going to gather some supplies and fight the zombies back?","И така, какъв е планът ти? Ще съберем ли провизии и ще отблъснем ли зомбитата?","review","Day 1 opening scene pilot translation."
"11_guards_morale_graveyard_7","What? No, of course not!","Какво? Не, разбира се, че не!","review","Day 1 opening scene pilot translation."
"11_guards_morale_graveyard_8","All we've been doing is retreating... and losing faith.","През цялото време отстъпваме... и губим вяра.","review","Day 1 opening scene pilot translation."
"11_guards_morale_graveyard_9","Seems there's nowhere left to retreat... and no faith left to lose.","Изглежда, че вече няма накъде да отстъпваме... и няма останала вяра, която да губим.","review","Day 1 opening scene pilot translation."
"12_village_boat_brothers_1","Ask them to row.","Помоли ги да гребат.","review","Day 1 opening scene pilot translation."
"12_village_boat_brothers_2","Are you guys ready to row to the port?","Готови ли сте да гребете до пристанището?","review","Day 1 opening scene pilot translation."
"12_village_boat_brothers_3","Hooray, we're about to have a boat again!","Ура, скоро отново ще имаме лодка!","review","Day 1 opening scene pilot translation."
"12_village_boat_brothers_4","Yeah, I wouldn't be so thrilled. The Shop Foreman's gifts are never free... ","Да, не бих се радвал толкова. Подаръците на Майстора никога не са безплатни...","review","Day 1 opening scene pilot translation."
"12_village_boat_finally_1","So you're to set sail?","Значи ще отплавате?","review","Day 1 opening scene pilot translation."
"12_village_boat_finally_2","Yep, everything is ready. We're just waiting for right wind!","Да, всичко е готово. Само чакаме попътен вятър!","review","Day 1 opening scene pilot translation."
"12_village_boat_finally_3","I'll send you a message on our return.","Ще ти пиша, когато се върнем.","review","Day 1 opening scene pilot translation."
"12_village_boat_tools_1","Here's your tools.","Ето ги инструментите ти.","review","Day 1 opening scene pilot translation."
"12_village_boat_tools_2","Thanks! Once I get my workshop back, I'll take you on as an apprentice.","Благодаря! Когато си върна работилницата, ще те взема за чирак.","review","Day 1 opening scene pilot translation."
"12_village_boat_tools_3","Now, ask the brothers if they're ready for the trip to the port.","Сега попитай братята дали са готови за пътуването до пристанището.","review","Day 1 opening scene pilot translation."
"12_village_boat_tools_4","Okay, I'll ask them.","Добре, ще ги попитам.","review","Day 1 opening scene pilot translation."
"12_village_boat_wood","Jack in a Boat","Джак в лодка","review","Day 1 opening scene pilot translation."
"12_village_boat_wood_1","Give materials","Дай материалите.","review","Day 1 opening scene pilot translation."
"12_village_boat_wood_10","Of course you do.","Разбира се, че ти трябват.","review","Day 1 opening scene pilot translation."
"12_village_boat_wood_11","They told me they'd agree... if someone they trust asked them.","Казаха ми, че ще се съгласят... ако някой, на когото имат доверие, ги помоли.","review","Day 1 opening scene pilot translation."
"12_village_boat_wood_12","Ok, I'll talk to them.","Добре, ще поговоря с тях.","review","Day 1 opening scene pilot translation."
"12_village_boat_wood_2","Here's everything you asked for.","Ето всичко, което поиска.","review","Day 1 opening scene pilot translation."
"12_village_boat_wood_3","There are some... complications with building the boat.","Има някои... усложнения с построяването на лодката.","review","Day 1 opening scene pilot translation."
"12_village_boat_wood_4","But don't worry, I'm a professional!","Но не се тревожи, аз съм професионалист!","review","Day 1 opening scene pilot translation."
"12_village_boat_wood_5","I just need a set bronze tools. ","Трябват ми само комплект бронзови инструменти.","review","Day 1 opening scene pilot translation."
"12_village_boat_wood_6","You can't really get them in the village.","В селото не можеш да се сдобиеш с такива.","review","Day 1 opening scene pilot translation."
"12_village_boat_wood_7","Is that all you need? Just so I don't run back and forth.","Това ли е всичко, от което се нуждаеш? Само да не тичам напред-назад.","review","Day 1 opening scene pilot translation."
"12_village_boat_wood_8","Don't worry, that's the last thing I need.","Не се тревожи, това е последното, от което имам нужда.","review","Day 1 opening scene pilot translation."
"12_village_boat_wood_9","... Oh wait... I also need those two boys in matching outfits there to row.","... О, чакай... Трябват ми и онези двама младежи с еднакви дрехи, за да гребат.","review","Day 1 opening scene pilot translation."
"13_village_fairy_ask","Good Fellow","Добряк","review","Day 1 opening scene pilot translation."
"13_village_fairy_jully_1","So... what can you tell me about fairies?","И така... какво можеш да ми кажеш за феите?","review","Day 1 opening scene pilot translation."
"13_village_fairy_jully_10","Anyway... back to fairies.","Както и да е... да се върнем на феите.","review","Day 1 opening scene pilot translation."
"13_village_fairy_jully_11","You'll need a couple of teeth.","Ще ти трябват няколко зъба.","review","Day 1 opening scene pilot translation."
"13_village_fairy_jully_12","Will a dead man's teeth work?","Ще свършат ли зъбите на мъртвец?","review","Day 1 opening scene pilot translation."
"13_village_fairy_jully_13","Yeah... hmm... in that case, you'd also need Dream Dust.","Да... хм... в такъв случай ще ти трябва и Прах от сънища.","review","Day 1 opening scene pilot translation."
"13_village_fairy_jully_14","Where am I supposed to find that?","Откъде се очаква да намеря това?","review","Day 1 opening scene pilot translation."
"13_village_fairy_jully_15","Where indeed... You won't like this...","Къде ли наистина... Няма да ти хареса...","review","Day 1 opening scene pilot translation."
"13_village_fairy_jully_16","The Plague Doctor... that excuse of a man.","Чумният лекар... това човешко недоразумение.","review","Day 1 opening scene pilot translation."
"13_village_fairy_jully_17","He's your one option... But I have to warn you... He's cursed.","Той е единствената ти възможност... Но трябва да те предупредя... прокълнат е.","review","Day 1 opening scene pilot translation."
"13_village_fairy_jully_18","Well I'll try to—","Е, ще опитам да-","review","Day 1 opening scene pilot translation."
"13_village_fairy_jully_19","His cursed home is somewhere... underground.","Прокълнатият му дом е някъде... под земята.","review","Day 1 opening scene pilot translation."
"13_village_fairy_jully_2","How can I summon one?","Как мога да призова някоя?","review","Day 1 opening scene pilot translation."
"13_village_fairy_jully_20","Yeah... I've seen him in the dungeon under my house...","Да... виждал съм го в подземието под къщата ми...","review","Day 1 opening scene pilot translation."
"13_village_fairy_jully_3","Hmm... You have helped us, I'll give you that.","Хм... помогна ни, това не мога да го отрека.","review","Day 1 opening scene pilot translation."
"13_village_fairy_jully_4","Maybe you really are starting to think beyond more than just yourself...","Може би наистина започваш да мислиш и за нещо повече от себе си...","review","Day 1 opening scene pilot translation."
"13_village_fairy_jully_5","Fairies... hmm...","Феи... хм...","review","Day 1 opening scene pilot translation."
"13_village_fairy_jully_6","Ancient spirits of nature... from a time before the god with the red eye.","Древни природни духове... от времето преди бога с червеното око.","review","Day 1 opening scene pilot translation."
"13_village_fairy_jully_7","Hey, I saw that guy! He even talked to me!","Хей, аз съм виждал този човек! Даже говори с мен!","review","Day 1 opening scene pilot translation."
"13_village_fairy_jully_8","Yeah, yeah... don't talk rubbish. He's long gone! Abandoned us all...","Да, да... не говори глупости. Отдавна си е отишъл! Изостави всички ни...","review","Day 1 opening scene pilot translation."
"13_village_fairy_jully_9","There's a village on the other side of town. They still worship him — can you believe it?","От другата страна на града има едно село. Те още му се кланят - можеш ли да повярваш?","review","Day 1 opening scene pilot translation."
"14_guard_faith_battle_1","Everything seems ready...","Изглежда всичко е готово...","review","Day 1 opening scene pilot translation."
"14_guard_faith_battle_2","Just take this red banner. The others will follow you.","Вземи това червено знаме. Останалите ще те последват.","review","Day 1 opening scene pilot translation."
"14_guard_faith_bell_1","The Bell","Камбаната","review","Day 1 opening scene pilot translation."
"14_guard_faith_bell_2","Here's the bell I was talking about.","Ето я камбаната, за която ти говорех.","review","Day 1 opening scene pilot translation."
"14_guard_faith_bell_3","I'll set it up and explain to everyone just how important it is...","Ще я поставя и ще обясня на всички колко е важна...","review","Day 1 opening scene pilot translation."
"14_guard_faith_bring","Fighting Spirit Required","Изисква се боен дух","review","Day 1 opening scene pilot translation."
"14_guard_faith_head_1","Give Faith","Дай вяра","review","Day 1 opening scene pilot translation."
"14_guard_faith_head_10","Yes, it is.","Да, така е.","review","Day 1 opening scene pilot translation."
"14_guard_faith_head_11","We need to bring our Sword count to an appropriate number.","Трябва да увеличим броя на мечовете до приемливо ниво.","review","Day 1 opening scene pilot translation."
"14_guard_faith_head_12","And I can assure you... that isn't happening without that squad of Hired Swords on board.","И мога да те уверя... че това няма да стане без онзи отряд наемни мечоносци.","review","Day 1 opening scene pilot translation."
"14_guard_faith_head_13","Ok... I think I can manage all this...","Добре... Мисля, че мога да се справя с всичко това...","review","Day 1 opening scene pilot translation."
"14_guard_faith_head_14","Hold on...","Почакай...","review","Day 1 opening scene pilot translation."
"14_guard_faith_head_15","Even with all that, we'll still need a miracle...","Дори и с всичко това, пак ще ни трябва чудо...","review","Day 1 opening scene pilot translation."
"14_guard_faith_head_16","to beat all those zombies. Or a cheap trick.","за да победим всички онези зомбита. Или евтин номер.","review","Day 1 opening scene pilot translation."
"14_guard_faith_head_17","A cheap trick?","Евтин номер?","review","Day 1 opening scene pilot translation."
"14_guard_faith_head_18","Like an ace up your sleeve.","Като коз в ръкава.","review","Day 1 opening scene pilot translation."
"14_guard_faith_head_19","It won't give us an advantage, but it might give us a second chance.","Няма да ни даде предимство, но може да ни даде втори шанс.","review","Day 1 opening scene pilot translation."
"14_guard_faith_head_2","Interesting... it's the first time in many years that someone actually cares.","Интересно... за първи път от много години някой наистина проявява загриженост.","review","Day 1 opening scene pilot translation."
"14_guard_faith_head_20","Alright... Tell me.","Добре... Разкажи ми.","review","Day 1 opening scene pilot translation."
"14_guard_faith_head_21","We need to make a bell...","Трябва да направим камбана...","review","Day 1 opening scene pilot translation."
"14_guard_faith_head_22","A mesmerizing half-hour later...","Половин омагьосващ час по-късно...","review","Day 1 opening scene pilot translation."
"14_guard_faith_head_23","... and that's how we can drive them to retreat, and save ourselves if the battle turns.","... и така ще ги принудим да отстъпят и ще се спасим, ако битката се обърне срещу нас.","review","Day 1 opening scene pilot translation."
"14_guard_faith_head_25","Heh... I'm just glad you're the one testing it.","Хех... само се радвам, че точно ти ще я изпробваш.","review","Day 1 opening scene pilot translation."
"14_guard_faith_head_26","Bring me the bell. I'll get everything else prepared.","Донеси ми камбаната. Аз ще подготвя всичко останало.","review","Day 1 opening scene pilot translation."
"14_guard_faith_head_3","So... we going to fight the zombies back now?","И така... сега ли ще отблъснем зомбитата?","review","Day 1 opening scene pilot translation."
"14_guard_faith_head_4","Oh no, not we... mostly you. I'm too old for this.","О, не, не ние... предимно ти. Аз съм твърде стар за това.","review","Day 1 opening scene pilot translation."
"14_guard_faith_head_5","Ok, I'm ready! Let's kick some zombie butt!","Добре, готов съм! Да сритаме задниците на зомбитата!","review","Day 1 opening scene pilot translation."
"14_guard_faith_head_6","Not so fast...","Не бързай толкова...","review","Day 1 opening scene pilot translation."
"14_guard_faith_head_7","We need to prepare. And since our dear Master Jack has abandoned ship,","Трябва да се подготвим. А тъй като нашият скъп майстор Джак изостави кораба,","review","Day 1 opening scene pilot translation."
"14_guard_faith_head_8","it's up to you to gather all the supplies and materials we'll need.","от теб зависи да събереш всички провизии и материали, които ще ни трябват.","review","Day 1 opening scene pilot translation."
"14_guard_faith_head_9","Hmm... Sounds like a lot of work.","Хм... Звучи като доста работа.","review","Day 1 opening scene pilot translation."
"14_guard_faith_sword_1","We're ready.","Готови сме.","review","Day 1 opening scene pilot translation."
"14_guard_faith_sword_2","Good to hear. I hope you'll lead our forces into battle!","Радвам се да го чуя. Надявам се да поведеш силите ни в битката!","review","Day 1 opening scene pilot translation."
"14_guard_faith_swords","Swords and Bell","Мечове и камбана","review","Day 1 opening scene pilot translation."
"15_guards_fightback_lose_1","Something went wrong. We couldn't take them. This time.","Нещо се обърка. Този път не успяхме да ги превземем.","review","Day 1 opening scene pilot translation."
"15_guards_fightback_lose_2","Can't say I'm surprised... But you're free to keep trying.","Не мога да кажа, че съм изненадан... Но можеш да продължаваш да опитваш.","review","Day 1 opening scene pilot translation."
"15_guards_fightback_lose_3","Usually, we only assemble our defense lines once a week. After the bell rings.","Обикновено събираме отбранителните си линии само веднъж седмично. След като камбаната удари.","review","Day 1 opening scene pilot translation."
"15_guards_fightback_lose_4","But this area near the gate is always secure.","Но районът около портата винаги е обезопасен.","review","Day 1 opening scene pilot translation."
"15_guards_fightback_lose_5","You can try again when you're ready.","Можеш да опиташ отново, когато си готов.","review","Day 1 opening scene pilot translation."
"15_guards_fightback_win","First... Sludge?","Първа кръв... ъъ, първа тиня?","review","Day 1 opening scene pilot translation."
"15_guards_fightback_win_1","Well well... I wish I could say you did  good job...","Я виж ти... Иска ми се да кажа, че си свършил добра работа...","review","Day 1 opening scene pilot translation."
"15_guards_fightback_win_10","I'll check the perimeter and assign more guards.","Ще проверя периметъра и ще разпределя още стражи.","review","Day 1 opening scene pilot translation."
"15_guards_fightback_win_11","Good job!","Добра работа!","review","Day 1 opening scene pilot translation."
"15_guards_fightback_win_12","Alright... time to open the zone and push toward the port.","Добре... време е да отворим района и да продължим към пристанището.","review","Day 1 opening scene pilot translation."
"15_guards_fightback_win_2","Then just say it.","Тогава просто го кажи.","review","Day 1 opening scene pilot translation."
"15_guards_fightback_win_3","There was no hope for us before.","Преди за нас нямаше надежда.","review","Day 1 opening scene pilot translation."
"15_guards_fightback_win_4","There was nothing left to defend... at least, that's how it felt.","Нямаше какво да защитаваме... поне така се чувствахме.","review","Day 1 opening scene pilot translation."
"15_guards_fightback_win_5","But now... I have this strange feeling... Hope.","Но сега... имам това странно усещане... Надежда.","review","Day 1 opening scene pilot translation."
"15_guards_fightback_win_6","That actually sounds kind of... good?","Това всъщност звучи някак... добре?","review","Day 1 opening scene pilot translation."
"15_guards_fightback_win_7","Heh... I was supposed to retire the week all this started.","Хех... трябваше да се пенсионирам седмицата, в която започна всичко това.","review","Day 1 opening scene pilot translation."
"15_guards_fightback_win_8","But now? There's no peace, no quiet, and definitely no time for reading a good book.","Но сега? Няма покой, няма тишина и определено няма време за хубава книга.","review","Day 1 opening scene pilot translation."
"15_guards_fightback_win_9","Anyway... it's your call now. Use what we took by sword, and secure this area.","Както и да е... сега ти решаваш. Използвай това, което спечелихме с меч, и обезопаси района.","review","Day 1 opening scene pilot translation."
"16_foreman_letter_foreman_1","Read the letter","Прочети писмото.","review","Day 1 opening scene pilot translation."
"16_foreman_letter_foreman_10","Anything else, sweetie?","Нещо друго, миличък?","review","Day 1 opening scene pilot translation."
"16_foreman_letter_foreman_11","Yeah... one more... for my friend.","Да... още едно... за моя приятел.","review","Day 1 opening scene pilot translation."
"16_foreman_letter_foreman_12","And one from my friend...","И едно от моя приятел...","review","Day 1 opening scene pilot translation."
"16_foreman_letter_foreman_13","How thoughtful of you.","Колко мило от твоя страна.","review","Day 1 opening scene pilot translation."
"16_foreman_letter_foreman_14","Be back in a minute...","Ще се върна след минутка...","review","Day 1 opening scene pilot translation."
"16_foreman_letter_foreman_15","Where was I... Ah yes, I met an absolutely brilliant man of science.","Къде бях... А, да, срещнах един невероятно гениален учен.","review","Day 1 opening scene pilot translation."
"16_foreman_letter_foreman_16","He recognized my extraordinary skills!","Той разпозна необикновените ми умения!","review","Day 1 opening scene pilot translation."
"16_foreman_letter_foreman_17","And oddly enough, he seemed to know quite a bit about someone...","И, колкото и странно да е, сякаш знаеше доста за някого...","review","Day 1 opening scene pilot translation."
"16_foreman_letter_foreman_18","Who resembles you quite closely... Very strange...","Който много прилича на теб... Много странно...","review","Day 1 opening scene pilot translation."
"16_foreman_letter_foreman_19","He also shared a recipe with me, for a bell.","Той също ми даде рецепта за камбана.","review","Day 1 opening scene pilot translation."
"16_foreman_letter_foreman_2","My dear friend,","Скъпи мой приятелю,","review","Day 1 opening scene pilot translation."
"16_foreman_letter_foreman_20","Instructions enclosed on how to build and use the bell.","Вътре има инструкции как да я построиш и използваш.","review","Day 1 opening scene pilot translation."
"16_foreman_letter_foreman_22","It should help you fight off the zombies and clear out the port district.","Тя би трябвало да ти помогне да отблъснеш зомбитата и да прочистиш района на пристанището.","review","Day 1 opening scene pilot translation."
"16_foreman_letter_foreman_22_1","So how exactly is this thing supposed to work?","И как точно се очаква да работи това нещо?","review","Day 1 opening scene pilot translation."
"16_foreman_letter_foreman_22_2","The sound of such a bell is like an order for zombies to withdraw and return to the center of the Town.","Звукът на такава камбана е като заповед към зомбитата да се оттеглят и да се върнат в центъра на града.","review","Day 1 opening scene pilot translation."
"16_foreman_letter_foreman_22_3","Oh! Like they withdraw on <sprite name=""day_sloth""> morning, when the bell rings.","О! Като когато се оттеглят сутринта на <sprite name=""day_sloth"">, щом камбаната удари.","review","Day 1 opening scene pilot translation."
"16_foreman_letter_foreman_22_4","This bell is like that one, just smaller.","Тази е като онази, само че по-малка.","review","Day 1 opening scene pilot translation."
"16_foreman_letter_foreman_22_5","So it's not just any bell... It's supposed to be magic.","Значи не е просто обикновена камбана... Трябва да е магическа.","review","Day 1 opening scene pilot translation."
"16_foreman_letter_foreman_23","P.S. There's no materials here. The warehouse is in the zombie part of the port.","П.П. Тук няма материали. Складът е в частта на пристанището, завладяна от зомбитата.","review","Day 1 opening scene pilot translation."
"16_foreman_letter_foreman_24","We'll get to it as soon as you retake the port.","Ще се заемем с него, щом си върнеш пристанището.","review","Day 1 opening scene pilot translation."
"16_foreman_letter_foreman_25","P.S.S. Please avoid using the boat until we've recovered the warehouse....","П.П.П. Моля те, избягвай да използваш лодката, докато не си върнем склада....","review","Day 1 opening scene pilot translation."
"16_foreman_letter_foreman_3","To begin with, I have to tell you — the material you provided...","Първо трябва да ти кажа - материалите, които ми даде...","review","Day 1 opening scene pilot translation."
"16_foreman_letter_foreman_4","Hey... keep it down.","Хей... по-тихо.","review","Day 1 opening scene pilot translation."
"16_foreman_letter_foreman_5","... was very low quality indeed!","... наистина бяха с много ниско качество!","review","Day 1 opening scene pilot translation."
"16_foreman_letter_foreman_6","This is the sole reason for the poor seaworthiness of the boat I built.","Именно затова лодката, която построих, не е особено годна за плаване.","review","Day 1 opening scene pilot translation."
"16_foreman_letter_foreman_7","Therefore, I'm not risking my way back by sea...","Затова няма да рискувам да се върна по море...","review","Day 1 opening scene pilot translation."
"16_foreman_letter_foreman_8","My place on the boat will be taken by the Nun. ","На лодката ми ще се качи Монахинята.","review","Day 1 opening scene pilot translation."
"16_foreman_letter_foreman_9","She promised to help boost your morale.","Тя обеща да повдигне морала ти.","review","Day 1 opening scene pilot translation."
"16_foreman_letter_plan_1","Did you get any of that?","Разбра ли нещо от това?","review","Day 1 opening scene pilot translation."
"16_foreman_letter_plan_2","Yeah, easy. First meet the Nun at the village tavern.","Да, лесно. Първо трябва да се срещна с Монахинята в селската кръчма.","review","Day 1 opening scene pilot translation."
"16_foreman_letter_plan_3","Second, get to the port district through the town full of zombies.","Второ, трябва да стигна до района на пристанището през града, пълен със зомбита.","review","Day 1 opening scene pilot translation."
"16_foreman_letter_plan_4","And the bell?","А камбаната?","review","Day 1 opening scene pilot translation."
"16_foreman_letter_plan_5","What about the bell?","Ами камбаната?","review","Day 1 opening scene pilot translation."
"16_foreman_letter_plan_6","That's not clear for now, but keep that recipe ready.","Това засега не е ясно, но трябва да подготвя рецептата.","review","Day 1 opening scene pilot translation."
"16_foreman_letter_plan_7","When life gives you a recipe for a magic bell, you'll probably need one soon enough.","Когато животът ти даде рецепта за магическа камбана, вероятно скоро ще ти потрябва.","review","Day 1 opening scene pilot translation."
"16_foreman_letter_twins_1","Knock, knock","Чук-чук.","review","Day 1 opening scene pilot translation."
"16_foreman_letter_twins_2","Come in.","Влез.","review","Day 1 opening scene pilot translation."
"16_foreman_letter_twins_3","Hi...","Здрасти...","review","Day 1 opening scene pilot translation."
"16_foreman_letter_twins_4","We're back from port. And we got a Nun.","Върнахме се от пристанището. И доведохме една Монахиня.","review","Day 1 opening scene pilot translation."
"16_foreman_letter_twins_5","A nun? Where's Jack?","Монахиня? Къде е Джак?","review","Day 1 opening scene pilot translation."
"16_foreman_letter_twins_6","He stayed at the port...","Остана на пристанището...","review","Day 1 opening scene pilot translation."
"16_foreman_letter_twins_7","But sent you a message...","Но ти изпрати съобщение...","review","Day 1 opening scene pilot translation."
"16_foreman_letter_twins_8","The Nun at the tavern... she's waiting for you.","Монахинята е в кръчмата... чака те.","review","Day 1 opening scene pilot translation."
"16_foreman_letter_twins_9","Thanks.","Благодаря.","review","Day 1 opening scene pilot translation."
"17_village_nun_leaving_1","Pleeeeeaseeee...","Моооооля те...","review","Day 1 opening scene pilot translation."
"17_village_nun_leaving_2","You say something?","Ти каза ли нещо?","review","Day 1 opening scene pilot translation."
"17_village_nun_leaving_3","Who? Me?","Кой? Аз ли?","review","Day 1 opening scene pilot translation."
"17_village_nun_leaving_4","Nooooo...","Неееее...","review","Day 1 opening scene pilot translation."
"17_village_nun_meeting_1","Hi, I'm the local Graveyard Keeper. I heard you were looking for me.","Здравейте, аз съм местният Гробар. Чух, че ме търсите.","review","Day 1 opening scene pilot translation."
"17_village_nun_meeting_10","Here... take this book: ""So You Decided to Decorate Your Church.""","Ето... вземи тази книга: „Значи реши да украсиш църквата.“","review","Day 1 opening scene pilot translation."
"17_village_nun_meeting_11","It's a classic.","Класика.","review","Day 1 opening scene pilot translation."
"17_village_nun_meeting_12","Thanks... I guess.","Благодаря... предполагам.","review","Day 1 opening scene pilot translation."
"17_village_nun_meeting_13","Now go! Decorate the church so I can perform a ceremony!","А сега върви! Украси църквата, за да мога да извърша церемония!","review","Day 1 opening scene pilot translation."
"17_village_nun_meeting_14","I'll come by every <sprite name=""day_wrath""> to check your progress.","Ще идвам всеки <sprite name=""day_wrath"">, за да проверявам напредъка ти.","review","Day 1 opening scene pilot translation."
"17_village_nun_meeting_15","Once everything's ready, I'll perform the first ceremony myself.","Щом всичко е готово, сама ще извърша първата церемония.","review","Day 1 opening scene pilot translation."
"17_village_nun_meeting_16","Try to get out of it","Опитай да се измъкнеш.","review","Day 1 opening scene pilot translation."
"17_village_nun_meeting_17","And why exactly should I help you and sort out the church?","И защо точно трябва да ти помагам и да привеждам църквата в ред?","review","Day 1 opening scene pilot translation."
"17_village_nun_meeting_18","Don't talk rubbish! Faith!","Не говори глупости! Вяра!","review","Day 1 opening scene pilot translation."
"17_village_nun_meeting_19","Faith?","Вяра?","review","Day 1 opening scene pilot translation."
"17_village_nun_meeting_2","I heard you're also an Inquisitor. Is that true?","Чух, че сте и инквизитор. Вярно ли е?","review","Day 1 opening scene pilot translation."
"17_village_nun_meeting_20","You'll definitely need plenty.","Определено ще ти трябва много.","review","Day 1 opening scene pilot translation."
"17_village_nun_meeting_21","Trust me... I'm a nun!","Повярвай ми... монахиня съм!","review","Day 1 opening scene pilot translation."
"17_village_nun_meeting_22","Holy signs shall visit upon you...","Нека свети знамения те споходят...","review","Day 1 opening scene pilot translation."
"17_village_nun_meeting_23","... Okay.","... Добре.","review","Day 1 opening scene pilot translation."
"17_village_nun_meeting_3","Yes... Yes I am. I have a medallion and everything.","Да... Да, такъв съм. Имам медальон и всичко останало.","review","Day 1 opening scene pilot translation."
"17_village_nun_meeting_4","Excellent! At last, someone who can burn all those heretics!","Чудесно! Най-сетне някой, който може да изгори всички онези еретици!","review","Day 1 opening scene pilot translation."
"17_village_nun_meeting_5","Sweeeet....","Чудееесно...","review","Day 1 opening scene pilot translation."
"17_village_nun_meeting_6","Have you finished repairing the old temple for me?","Успя ли да поправиш стария храм за мен?","review","Day 1 opening scene pilot translation."
"17_village_nun_meeting_7","Reassure the Nun...","Успокой Монахинята...","review","Day 1 opening scene pilot translation."
"17_village_nun_meeting_8","Uh... I'm still kind of in the middle of the process...","Ъъ... още съм по средата на процеса...","review","Day 1 opening scene pilot translation."
"17_village_nun_meeting_9","Don't lie to me! You know nothing of temples!","Не ме лъжи! Нищо не разбираш от храмове!","review","Day 1 opening scene pilot translation."
"17_village_nun_tavern","Holy Moly!","Боже мили!","review","Day 1 opening scene pilot translation."
"17_village_nun_tavern_1","Ah at last...","А, най-сетне...","review","Day 1 opening scene pilot translation."
"17_village_nun_tavern_2","I'm here to talk to the Nun.","Дошъл съм да говоря с Монахинята.","review","Day 1 opening scene pilot translation."
"17_village_nun_tavern_3","Could you please hurry up and do whatever she asks?","Можеш ли да побързаш и да направиш каквото поиска?","review","Day 1 opening scene pilot translation."
"17_village_nun_tavern_4","The sooner we get her out of the tavern, the better.","Колкото по-скоро я изкараме от кръчмата, толкова по-добре.","review","Day 1 opening scene pilot translation."
"17_village_nun_tavern_5","I mean... she's scaring away all my customers!","Искам да кажа... тя гони всичките ми клиенти!","review","Day 1 opening scene pilot translation."
"17_village_nun_tavern_6","I'll see what I can do...","Ще видя какво мога да направя...","review","Day 1 opening scene pilot translation."
"18_base_doctor_encounter","Dungeons and... that's it, probably.","Подземия и... това е, май.","review","Day 1 opening scene pilot translation."
"18_doctor_after_all_1","You know what?","Знаеш ли какво?","review","Day 1 opening scene pilot translation."
"18_doctor_after_all_2","What?","Какво?","review","Day 1 opening scene pilot translation."
"18_doctor_after_all_3","I kinda like it down here!","Май ми харесва тук долу!","review","Day 1 opening scene pilot translation."
"18_doctor_after_all_4","Guess I got used to dark, underground places...","Май свикнах с тъмните подземни места...","review","Day 1 opening scene pilot translation."
"18_doctor_after_all_5","Yeah, you kinda blend in.","Да, доста добре се сливаш с обстановката.","review","Day 1 opening scene pilot translation."
"18_doctor_after_all_6","Also, my nose is itching... just like the first time they brought you to the dungeon!","Освен това носът ме сърби... точно като първия път, когато те доведоха в подземието!","review","Day 1 opening scene pilot translation."
"18_doctor_after_all_7","We definitely need to get rid of this blockage and explore deeper.","Определено трябва да премахнем това препятствие и да изследваме по-надълбоко.","review","Day 1 opening scene pilot translation."
"18_doctor_after_all_8","And by we, I mostly mean you!","И под „ние“ имам предвид предимно теб!","review","Day 1 opening scene pilot translation."
"18_doctor_after_all_9","So I'll wait upstairs while you... deal with that mess.","Аз ще те чакам горе, докато ти... оправяш кашата.","review","Day 1 opening scene pilot translation."
"18_doctor_basement_first_1","Wow, our very own dungeon! How cool is that?!","Еха, наше собствено подземие! Колко яко е това?!","review","Day 1 opening scene pilot translation."
"18_doctor_basement_first_2","You know... I have some bad memories about dungeons.","Знаеш ли... имам лоши спомени от подземията.","review","Day 1 opening scene pilot translation."
"18_doctor_basement_first_3","No, no... listen...","Не, не... слушай...","review","Day 1 opening scene pilot translation."
"18_doctor_basement_first_4","I think it's actually a pretty big one. Maybe even connects different places underground.","Мисля, че всъщност е доста голямо. Може дори да свързва различни места под земята.","review","Day 1 opening scene pilot translation."
"18_doctor_basement_first_5","It might even be linked to the town sewers.","Може дори да е свързано с канализацията на града.","review","Day 1 opening scene pilot translation."
"18_doctor_basement_first_6","Can you imagine how many interesting things might be hidden in the dungeon of a mysterious Inquisitor's base?","Можеш ли да си представиш колко интересни неща може да са скрити в подземието на базата на един загадъчен инквизитор?","review","Day 1 opening scene pilot translation."
"18_doctor_basement_first_7","Hmm... maybe you're right. This basement could be useful.","Хм... може би си прав. Това мазе може да се окаже полезно.","review","Day 1 opening scene pilot translation."
"18_doctor_basement_first_8","We need to explore it.","Трябва да го изследваме.","review","Day 1 opening scene pilot translation."
"18_doctor_encounter_first_1","*cough-cough*","*кхъ-кхъ*","review","Day 1 opening scene pilot translation."
"18_doctor_encounter_first_10","I fear I shall never escape this heavy burden.","Страхувам се, че никога няма да се освободя от това тежко бреме.","review","Day 1 opening scene pilot translation."
"18_doctor_encounter_first_2","I'll never find a way inside the tower...","Никога няма да намеря начин да вляза в кулата...","review","Day 1 opening scene pilot translation."
"18_doctor_encounter_first_3","Hey! Who are you?","Хей! Ти кой си?","review","Day 1 opening scene pilot translation."
"18_doctor_encounter_first_4","*cough-cough*","*кхъ-кхъ*","review","Day 1 opening scene pilot translation."
"18_doctor_encounter_first_5","I thought you peasants were afraid of dungeons.","Мислех, че вие, селяните, се страхувате от подземията.","review","Day 1 opening scene pilot translation."
"18_doctor_encounter_first_6","Hey, I'm not a peasant. I'm the Graveyard Keeper... ","Не съм селянин. Аз съм Гробарят...","review","Day 1 opening scene pilot translation."
"18_doctor_encounter_first_7","... and part-time Inquisitor!","... и инквизитор на половин работен ден!","review","Day 1 opening scene pilot translation."
"18_doctor_encounter_first_8","And actually this is my dungeon!","И всъщност това е моето подземие!","review","Day 1 opening scene pilot translation."
"18_doctor_encounter_first_9","Whatever... Good for you...","Както и да е... браво на теб...","review","Day 1 opening scene pilot translation."
"18_doctor_guessing_correctly_1","Who the sard was that?!","Кой беше този, по дяволите?!","review","Day 1 opening scene pilot translation."
"18_doctor_guessing_correctly_2","Don't know for sure...","Не знам със сигурност...","review","Day 1 opening scene pilot translation."
"18_doctor_guessing_correctly_3","But my guess — the Plague Doctor.","Но предполагам - Чумният лекар.","review","Day 1 opening scene pilot translation."
"18_doctor_guessing_correctly_4","And I've got business with him.","А аз имам работа с него.","review","Day 1 opening scene pilot translation."
"19_base_ceremony_church_1","Make ready as you will!","Подготви се както намериш за добре!","review","Day 1 opening scene pilot translation."
"19_base_ceremony_church_2","Feel free, like I'm not even here...","Чувствай се свободно, сякаш изобщо не съм тук...","review","Day 1 opening scene pilot translation."
"19_base_ceremony_church_3","But know that I'm still watching you!","Но да знаеш, че все още те наблюдавам!","review","Day 1 opening scene pilot translation."
"19_base_ceremony_church_4","Should I...","Да започна ли...","review","Day 1 opening scene pilot translation."
"19_base_ceremony_church_5","Give me a sign...","Дай ми знак...","review","Day 1 opening scene pilot translation."
"19_base_ceremony_next_1","That was... bad...","Това беше... зле...","review","Day 1 opening scene pilot translation."
"19_base_ceremony_next_10","Ok.","Добре.","review","Day 1 opening scene pilot translation."
"19_base_ceremony_next_2","I warned you.","Предупредих те.","review","Day 1 opening scene pilot translation."
"19_base_ceremony_next_3","Still, better than nothing.","Все пак е по-добре от нищо.","review","Day 1 opening scene pilot translation."
"19_base_ceremony_next_4","You need to get to the people in the port.","Трябва да стигнеш до хората на пристанището.","review","Day 1 opening scene pilot translation."
"19_base_ceremony_next_5","Reach out to them... make them happy... and your ceremonies will...","Свържи се с тях... направи ги щастливи... и церемониите ти ще...","review","Day 1 opening scene pilot translation."
"19_base_ceremony_next_6","Easier said than done.","Лесно е да се каже.","review","Day 1 opening scene pilot translation."
"19_base_ceremony_next_7","I'll be at the crossroads near the Town Wall, awaiting my new prophecy.","Ще бъда на кръстопътя край градската стена и ще чакам новото си пророчество.","review","Day 1 opening scene pilot translation."
"19_base_ceremony_next_8","You'll have to support me with writing supplies and paper!","Ще трябва да ме снабдяваш с пособия за писане и хартия!","review","Day 1 opening scene pilot translation."
"19_base_ceremony_next_9","I shall have to write down all my holy experiences.","Ще трябва да запиша всичките си свети преживявания.","review","Day 1 opening scene pilot translation."
"19_base_ceremony_ready_1","Everything's ready.","Всичко е готово.","review","Day 1 opening scene pilot translation."
"19_base_ceremony_ready_10","I can't... You'll have to manage. You're an Inquisitor, right?","Не мога... ще трябва да се справиш. Ти си инквизитор, нали?","review","Day 1 opening scene pilot translation."
"19_base_ceremony_ready_11","Yes...","Да...","review","Day 1 opening scene pilot translation."
"19_base_ceremony_ready_12","That's practically a priest. Besides, the locals trust you more!","Това на практика е почти като да си свещеник. Освен това местните ти имат повече доверие!","review","Day 1 opening scene pilot translation."
"19_base_ceremony_ready_13","That's very important. In places like this we practically convert trust into Faith... and money!","Това е много важно. На места като това превръщаме доверието направо във вяра... и пари!","review","Day 1 opening scene pilot translation."
"19_base_ceremony_ready_14","But I've never done anything like this...","Но никога не съм правил нещо подобно...","review","Day 1 opening scene pilot translation."
"19_base_ceremony_ready_15","Just say a few words. The vibe of the place will do all the work!","Просто кажи няколко думи. Атмосферата на мястото ще свърши цялата работа!","review","Day 1 opening scene pilot translation."
"19_base_ceremony_ready_16","By the way... did your Inquisition provide you a ceremony license?","Между другото... Инквизицията снабди ли те с разрешително за церемонии?","review","Day 1 opening scene pilot translation."
"19_base_ceremony_ready_17","Uh, not really...","Ъъ, не точно...","review","Day 1 opening scene pilot translation."
"19_base_ceremony_ready_18","How in blazes?! Ok, let's calm down... Today I'll stick around.","Как, по дяволите?! Добре, нека се успокоим... Днес ще остана тук.","review","Day 1 opening scene pilot translation."
"19_base_ceremony_ready_19","But next time don't even think of preaching without a license!","Но следващия път дори не си помисляй да проповядваш без разрешително!","review","Day 1 opening scene pilot translation."
"19_base_ceremony_ready_2","Good. It's barely suitable... but...","Добре. Едва става... но...","review","Day 1 opening scene pilot translation."
"19_base_ceremony_ready_20","I promise.","Обещавам.","review","Day 1 opening scene pilot translation."
"19_base_ceremony_ready_21","Ok, go take your place.","Добре, заеми мястото си.","review","Day 1 opening scene pilot translation."
"19_base_ceremony_ready_3","Did you see that?","Видя ли това?","review","Day 1 opening scene pilot translation."
"19_base_ceremony_ready_4","What?","Какво?","review","Day 1 opening scene pilot translation."
"19_base_ceremony_ready_5","Could it have been...","Възможно ли е да е било...","review","Day 1 opening scene pilot translation."
"19_base_ceremony_ready_6","It definitely was. A holy sign, and not the first one.","Определено беше. Свято знамение, и то не първото.","review","Day 1 opening scene pilot translation."
"19_base_ceremony_ready_7","Who am I to disobey...","Кой съм аз, че да не се подчиня...","review","Day 1 opening scene pilot translation."
"19_base_ceremony_ready_8","I must hurry to the crossroads! That is my place.","Трябва да побързам към кръстопътя! Там ми е мястото.","review","Day 1 opening scene pilot translation."
"19_base_ceremony_ready_9","What about the ceremony?","Ами церемонията?","review","Day 1 opening scene pilot translation."
"2_intro_scout_bridge_1","Now what? The bridge is blocked.","А сега какво? Мостът е блокиран.","review","Day 1 opening scene pilot translation."
"2_intro_scout_bridge_2","And it's getting dark.","И се стъмва.","review","Day 1 opening scene pilot translation."
"2_intro_scout_bridge_3","Lets hide in that building with the massive door.","Да се скрием в онази сграда с огромната врата.","review","Day 1 opening scene pilot translation."
"2_intro_scout_cross_the_corner_1","This place looks long abandoned, Larry...","Това място изглежда отдавна изоставено, Лари...","review","Day 1 opening scene pilot translation."
"2_intro_scout_cross_the_corner_2","By the way, I never had a chance to ask your name.","Между другото, така и не успях да те попитам как се казваш.","review","Day 1 opening scene pilot translation."
"2_intro_scout_cross_the_corner_3","I'm not sure... all my memories feel like bad dreams.","Не съм сигурен... всичките ми спомени се усещат като лоши сънища.","review","Day 1 opening scene pilot translation."
"2_intro_scout_cross_the_corner_4","The fairy called me Keeper.","Феята ме нарече Гробар.","review","Day 1 opening scene pilot translation."
"2_intro_scout_cross_the_corner_5","That's a good name... I like it.","Добро име... харесва ми.","review","Day 1 opening scene pilot translation."
"2_intro_scout_cross_the_corner_6","Ok, Keeper... let's move.","Добре, Гробарю... да вървим.","review","Day 1 opening scene pilot translation."
"2_intro_scout_inside_1","Whoa, this is a pretty nice place.","Еха, това е доста приятно място.","review","Day 1 opening scene pilot translation."
"2_intro_scout_inside_2","Yeah. They even have a bed here, and some cheese.","Да. Има дори легло и малко сирене.","review","Day 1 opening scene pilot translation."
"2_intro_scout_inside_3","Must be good cheese if they're even eating it in bed.","Сигурно е хубаво сирене, щом го ядат и в леглото.","review","Day 1 opening scene pilot translation."
"2_intro_scout_inside_4","Let's start a fire. There's already a hole in the roof for the smoke.","Да запалим огън. Вече има дупка на покрива за дима.","review","Day 1 opening scene pilot translation."
"2_intro_scout_inside_5","No, no we better keep a low profile, at least until we know more.","Не, не, по-добре да не се набиваме на очи, поне докато не научим повече.","review","Day 1 opening scene pilot translation."
"2_intro_scout_inside_6","Eat your cheese and go to bed. I'll stand guard.","Изяж си сиренето и си легни. Аз ще пазя.","review","Day 1 opening scene pilot translation."
"2_intro_scout_inside_7","You can trust your skull friend. He he.","Можеш да се довериш на приятеля си череп. Хе-хе.","review","Day 1 opening scene pilot translation."
"2_intro_scout_inside_8","I just hope nothing falls on me through that hole while I'm sleeping.","Само се надявам, докато спя, през тази дупка да не падне нещо върху мен.","review","Day 1 opening scene pilot translation."
"2_intro_scout_inside_9","This is a good place — and I do need to rest.","Това е добро място - а и наистина трябва да си почина.","review","Day 1 opening scene pilot translation."
"2_intro_scout_living_area_1","Everything is so... deserted...","Всичко е толкова... запустяло...","review","Day 1 opening scene pilot translation."
"2_intro_scout_living_area_2","Where do we even go?","Накъде изобщо да вървим?","review","Day 1 opening scene pilot translation."
"2_intro_scout_living_area_3","We better not follow this street... the gate leads to the palace.","По-добре да не следваме тази улица... портата води към двореца.","review","Day 1 opening scene pilot translation."
"2_intro_scout_living_area_4","And you know what the palace means, right?","А знаеш какво означава дворецът, нали?","review","Day 1 opening scene pilot translation."
"2_intro_scout_living_area_5","What?","Какво?","review","Day 1 opening scene pilot translation."
"2_intro_scout_living_area_6","Guards, my friend...","Стражи, приятелю...","review","Day 1 opening scene pilot translation."
"2_intro_scout_living_area_7","You're right... we want to avoid any guards...","Прав си... искаме да избегнем стражите...","review","Day 1 opening scene pilot translation."
"2_intro_scout_living_area_8","Larry is right, we need to go the other way.","Лари е прав, трябва да тръгнем в другата посока.","review","Day 1 opening scene pilot translation."
"2_intro_scout_new_zone_1","The best way to get lost is blend into the crowd...","Най-лесно е да останеш незабелязан, като се слееш с тълпата...","review","Day 1 opening scene pilot translation."
"2_intro_scout_new_zone_2","Where's the Town?","Къде е градът?","review","Day 1 opening scene pilot translation."
"2_intro_scout_new_zone_3","We're in it... Well, inside the walls.","В него сме... Е, вътре в стените му.","review","Day 1 opening scene pilot translation."
"2_intro_scout_new_zone_4","Just need to head down from Crown Hill...","Просто трябва да слезем от Коронния хълм...","review","Day 1 opening scene pilot translation."
"2_intro_scout_new_zone_5","Do you mind if I put you in my bag?","Ще имаш ли нещо против да те сложа в чантата си?","review","Day 1 opening scene pilot translation."
"2_intro_scout_new_zone_6","It's a bit humiliating... but you're right. A jumping skull might draw some unwanted attention... he he...","Малко е унизително... но си прав. Подскачащ череп може да привлече нежелано внимание... хе-хе...","review","Day 1 opening scene pilot translation."
"2_intro_scout_road_baricade_1","Hm... Looks like they were defending themselves from something...","Хм... Изглежда са се защитавали от нещо...","review","Day 1 opening scene pilot translation."
"2_intro_scout_road_baricade_2","Maybe... although everything looks safe enough now.","Може би... макар че сега всичко изглежда достатъчно безопасно.","review","Day 1 opening scene pilot translation."
"2_intro_scout_road_baricade_3","So...","Та...","review","Day 1 opening scene pilot translation."
"2_intro_scout_road_baricade_4","So what?","Та какво?","review","Day 1 opening scene pilot translation."
"2_intro_scout_road_baricade_5","So grab an axe... Clear the path.","Та грабвай брадва... Разчисти пътя.","review","Day 1 opening scene pilot translation."
"2_intro_scout_road_baricade_6","Alright, you stupid barricade. Game on!","Добре, глупава барикадо. Играта започва!","review","Day 1 opening scene pilot translation."
"2_intro_scout_road_baricade_7","Good to see you dispatch such a formidable foe.","Радвам се да видя как победи такъв страховит противник.","review","Day 1 opening scene pilot translation."
"2_intro_scout_sewers_1","How did you even get to this part of the Town?","Как изобщо стигна до тази част на града?","review","Day 1 opening scene pilot translation."
"2_intro_scout_sewers_10","Move!","Движи се!","review","Day 1 opening scene pilot translation."
"2_intro_scout_sewers_2","Well... I was just wandering around, you know...","Ами... просто се скитах насам-натам, нали знаеш...","review","Day 1 opening scene pilot translation."
"2_intro_scout_sewers_3","Just like that?","Просто така?","review","Day 1 opening scene pilot translation."
"2_intro_scout_sewers_4","A guy who sleeps in the most dangerous part of the town...","Човек, който спи в най-опасната част на града...","review","Day 1 opening scene pilot translation."
"2_intro_scout_sewers_5","You're something else, you know. What is your name?","Ти си интересен тип, знаеш ли. Как се казваш?","review","Day 1 opening scene pilot translation."
"2_intro_scout_sewers_6","Umm, it's Keeper.... You can call me Keeper.","Ъм, Гробар е... Можеш да ме наричаш Гробар.","review","Day 1 opening scene pilot translation."
"2_intro_scout_sewers_7","Anyway, we'll need to hurry for the last bit.","Както и да е, трябва да побързаме за последната част.","review","Day 1 opening scene pilot translation."
"2_intro_scout_sewers_8","Make sure the zombies don't catch you.","Внимавай зомбитата да не те хванат.","review","Day 1 opening scene pilot translation."
"2_intro_scout_sewers_9","The who?","Кои?","review","Day 1 opening scene pilot translation."
"2_intro_scout_squer_1","What happened here...? Where is everybody?","Какво се е случило тук...? Къде са всички?","review","Day 1 opening scene pilot translation."
"2_intro_scout_squer_2","No idea... the place doesn't look like I remember it.","Нямам представа... мястото не изглежда така, както го помня.","review","Day 1 opening scene pilot translation."
"2_intro_scout_squer_3","The fairy told me I ruined everything...","Феята ми каза, че съм съсипал всичко...","review","Day 1 opening scene pilot translation."
"2_intro_scout_squer_4","Don't worry... Looks like things went south while you were busy swinging in chains.","Не се тревожи... Изглежда нещата са тръгнали на зле, докато си се люлял в оковите.","review","Day 1 opening scene pilot translation."
"2_intro_scout_squer_5","Right...","Така е...","review","Day 1 opening scene pilot translation."
"2_intro_scout_squer_6","Anyway, we need to find somewhere quiet and safe to lay low.","Както и да е, трябва да намерим някое тихо и безопасно място, където да се снишим.","review","Day 1 opening scene pilot translation."
"2_intro_scout_squer_7","It's quiet here... but it definitely doesn't feel safe.","Тук е тихо... но определено не се чувства безопасно.","review","Day 1 opening scene pilot translation."
"2_intro_scout_squer_8","Agreed... let's keep moving.","Съгласен съм... да продължаваме.","review","Day 1 opening scene pilot translation."
"2_intro_scout_wake_up_1","Wake up...","Събуди се...","review","Day 1 opening scene pilot translation."
"2_intro_scout_wake_up_10","Something bad is outside.","Навън има нещо лошо.","review","Day 1 opening scene pilot translation."
"2_intro_scout_wake_up_11","You've got to demolish the outhouse! Hurry!","Трябва да събориш нужника! Бързо!","review","Day 1 opening scene pilot translation."
"2_intro_scout_wake_up_12","Quickly now! The sewers!","Бързо, към канализацията!","review","Day 1 opening scene pilot translation."
"2_intro_scout_wake_up_2","Do you hear that bell?","Чуваш ли тази камбана?","review","Day 1 opening scene pilot translation."
"2_intro_scout_wake_up_3","Yeah... very grim.","Да... доста мрачно.","review","Day 1 opening scene pilot translation."
"2_intro_scout_wake_up_3_1","Shh! Do you hear that? —","Шшт! Чуваш ли това?","review","Day 1 opening scene pilot translation."
"2_intro_scout_wake_up_3_2","Someone's on the roof!","Някой е на покрива!","review","Day 1 opening scene pilot translation."
"2_intro_scout_wake_up_4","Sard...","Прокл...","review","Day 1 opening scene pilot translation."
"2_intro_scout_wake_up_5","Are you okay?!","Добре ли си?!","review","Day 1 opening scene pilot translation."
"2_intro_scout_wake_up_6","Who are... Never mind — run!","Кои са... Няма значение - бягай!","review","Day 1 opening scene pilot translation."
"2_intro_scout_wake_up_7","Wait, what's happening?!","Чакай, какво става?!","review","Day 1 opening scene pilot translation."
"2_intro_scout_wake_up_8","No time to explain!","Няма време за обяснения!","review","Day 1 opening scene pilot translation."
"2_intro_scout_wake_up_9","Follow me if you want to live!","Следвай ме, ако искаш да живееш!","review","Day 1 opening scene pilot translation."
"2_intro_scout_zombie_baricade_1","Hey there's a guy over there.","Хей, там има някакъв човек.","review","Day 1 opening scene pilot translation."
"2_intro_scout_zombie_baricade_10","Did you understand anything he said, Larry?","Разбра ли нещо от това, което каза, Лари?","review","Day 1 opening scene pilot translation."
"2_intro_scout_zombie_baricade_11","Not sure. He might have said go left then down.","Не съм сигурен. Може да е казал да тръгнем наляво и после надолу.","review","Day 1 opening scene pilot translation."
"2_intro_scout_zombie_baricade_12","Or it could have been something about your mother. He he...","Или може да е било нещо за майка ти. Хе-хе...","review","Day 1 opening scene pilot translation."
"2_intro_scout_zombie_baricade_13","How could he be so rude?!","Как може да е толкова невъзпитан?!","review","Day 1 opening scene pilot translation."
"2_intro_scout_zombie_baricade_2","Let's get closer.","Да се приближим.","review","Day 1 opening scene pilot translation."
"2_intro_scout_zombie_baricade_3","I can't get past this barricade.","Не мога да мина покрай тази барикада.","review","Day 1 opening scene pilot translation."
"2_intro_scout_zombie_baricade_4","Hey, mister!","Хей, господине!","review","Day 1 opening scene pilot translation."
"2_intro_scout_zombie_baricade_5","Hey!","Хей!","review","Day 1 opening scene pilot translation."
"2_intro_scout_zombie_baricade_6","Urrrrrrrrr","Ъъррррррррр","review","Day 1 opening scene pilot translation."
"2_intro_scout_zombie_baricade_7","What?","Какво?","review","Day 1 opening scene pilot translation."
"2_intro_scout_zombie_baricade_8","Urrrrrrrrr","Ъъррррррррр","review","Day 1 opening scene pilot translation."
"2_intro_scout_zombie_baricade_9","Ask Larry for help","Помоли Лари за помощ.","review","Day 1 opening scene pilot translation."
"20_doctor_meeting_after_1","Knock Knock!","Чук-чук!","review","Day 1 opening scene pilot translation."
"20_doctor_meeting_after_2","Any progress?","Има ли напредък?","review","Day 1 opening scene pilot translation."
"20_doctor_meeting_after_3","Dream Dust.","Прах от сънища.","review","Day 1 opening scene pilot translation."
"20_doctor_meeting_door_1","*cough-cough*","*кхъ-кхъ*","review","Day 1 opening scene pilot translation."
"20_doctor_meeting_door_2","See? It's him!","Виждаш ли? Той е!","review","Day 1 opening scene pilot translation."
"20_doctor_meeting_door_3","You got your sword with you? Let's jump him!","Носиш ли си меча? Да го нападнем!","review","Day 1 opening scene pilot translation."
"20_doctor_meeting_door_4","First — yes. Second — no. We'll be polite.","Първо - да. Второ - не. Ще бъдем учтиви.","review","Day 1 opening scene pilot translation."
"20_doctor_meeting_door_knocking_1","Knock Knock!","Чук-чук!","review","Day 1 opening scene pilot translation."
"20_doctor_meeting_door_knocking_2","Who's there?","Кой е?","review","Day 1 opening scene pilot translation."
"20_doctor_meeting_door_knocking_3","OPEN UP...","ОТВОРИ...","review","Day 1 opening scene pilot translation."
"20_doctor_meeting_door_knocking_4","Be polite!","Бъди учтив!","review","Day 1 opening scene pilot translation."
"20_doctor_meeting_door_knocking_5","Sorry to bother you, but we're kind of... neighbors.","Извинявай, че те безпокоя, но сме нещо като... съседи.","review","Day 1 opening scene pilot translation."
"20_doctor_meeting_door_knocking_6","So I decided to introduce myself.","Затова реших да се представя.","review","Day 1 opening scene pilot translation."
"20_doctor_meeting_door_knocking_7","Hey, anybody know how to make a facepalm without any hands?","Хей, някой знае ли как се прави facepalm без ръце?","review","Day 1 opening scene pilot translation."
"20_doctor_meeting_door_open_1","It seems that someone has no fear of ancient evil.","Изглежда някой не се страхува от древното зло.","review","Day 1 opening scene pilot translation."
"20_doctor_meeting_door_open_10","I'm an Inquisitor and now I run this base. You're basically living in my basement.","Аз съм инквизитор и сега управлявам тази база. Ти буквално живееш в мазето ми.","review","Day 1 opening scene pilot translation."
"20_doctor_meeting_door_open_11","An Inquisitor? How's that? *cough-cough*","Инквизитор? Как така? *кхъ-кхъ*","review","Day 1 opening scene pilot translation."
"20_doctor_meeting_door_open_12","Haven't you all... perished?","Не сте ли измрели всички?","review","Day 1 opening scene pilot translation."
"20_doctor_meeting_door_open_13","No, we haven't. I have a medallion.","Не, не сме. Имам медальон.","review","Day 1 opening scene pilot translation."
"20_doctor_meeting_door_open_14","Of course you do. I've been looking for one for years. And you just have one!","Разбира се, че имаш. От години търся такъв. А ти просто си имаш един!","review","Day 1 opening scene pilot translation."
"20_doctor_meeting_door_open_15","Listen... *cough-cough*","Слушай... *кхъ-кхъ*","review","Day 1 opening scene pilot translation."
"20_doctor_meeting_door_open_16","We must get into the tower at... your base.","Трябва да влезем в кулата... в твоята база.","review","Day 1 opening scene pilot translation."
"20_doctor_meeting_door_open_17","To open the gate, you need... a medallion and a secret combination.","За да отвориш портата, ти трябват... медальон и тайна комбинация.","review","Day 1 opening scene pilot translation."
"20_doctor_meeting_door_open_18","And as circumstance would have it... I possess the combination.","И по стечение на обстоятелствата... аз разполагам с комбинацията.","review","Day 1 opening scene pilot translation."
"20_doctor_meeting_door_open_19","And I have the medallion. So...","А аз имам медальона. Значи...","review","Day 1 opening scene pilot translation."
"20_doctor_meeting_door_open_2","Are you sick or something?","Болен ли си или нещо такова?","review","Day 1 opening scene pilot translation."
"20_doctor_meeting_door_open_20","But I don't see why I should just...","Но не виждам защо просто трябва да...","review","Day 1 opening scene pilot translation."
"20_doctor_meeting_door_open_21","Why?! Are you nuts? A secret tower in an Inquisitor base?!","Защо?! Луд ли си? Тайна кула в база на инквизитор?!","review","Day 1 opening scene pilot translation."
"20_doctor_meeting_door_open_22","...","...","review","Day 1 opening scene pilot translation."
"20_doctor_meeting_door_open_23","Oops...","Опа...","review","Day 1 opening scene pilot translation."
"20_doctor_meeting_door_open_24","I'm not even surprised anymore. You just have everything... An Inquisitor base...","Вече дори не съм изненадан. Ти просто имаш всичко... База на инквизитор...","review","Day 1 opening scene pilot translation."
"20_doctor_meeting_door_open_25","A cool talking skull...","Як говорещ череп...","review","Day 1 opening scene pilot translation."
"20_doctor_meeting_door_open_26","Thanks...","Благодаря...","review","Day 1 opening scene pilot translation."
"20_doctor_meeting_door_open_27","Just open the damn tower, and open the damn hatch so I can get in...","Просто отвори проклетата кула и проклетия люк, за да мога да вляза...","review","Day 1 opening scene pilot translation."
"20_doctor_meeting_door_open_28","I'm tired of this place...","Писна ми от това място...","review","Day 1 opening scene pilot translation."
"20_doctor_meeting_door_open_29","I'll be at my crate.","Ще бъда при сандъка си.","review","Day 1 opening scene pilot translation."
"20_doctor_meeting_door_open_3","No, I'm good.","Не, добре съм.","review","Day 1 opening scene pilot translation."
"20_doctor_meeting_door_open_4","Then what need have you of a doctor?","Тогава за какво ти е нужен лекар?","review","Day 1 opening scene pilot translation."
"20_doctor_meeting_door_open_5","A Plague...*cough-cough*","Чумен...*кхъ-кхъ*","review","Day 1 opening scene pilot translation."
"20_doctor_meeting_door_open_6","Yeah, right... So I need you to tell me how to make Dream Dust!","Да бе, добре... Значи трябва да ми кажеш как се прави Прах от сънища!","review","Day 1 opening scene pilot translation."
"20_doctor_meeting_door_open_7","Dream Dust... is a most complicated substance... ","Прахът от сънища... е изключително сложно вещество...","review","Day 1 opening scene pilot translation."
"20_doctor_meeting_door_open_8","But I see no reason to tell you anything!","Но не виждам причина да ти казвам каквото и да било!","review","Day 1 opening scene pilot translation."
"20_doctor_meeting_footprints_1","Heh heh... See? That wasn't so hard.","Хех-хех... Виждаш ли? Не беше толкова трудно.","review","Day 1 opening scene pilot translation."
"20_doctor_meeting_footprints_2","Do you see those footprints?","Виждаш ли тези стъпки?","review","Day 1 opening scene pilot translation."
"20_doctor_meeting_footprints_3","No, I don't see anything. Are you sure?","Не, не виждам нищо. Сигурен ли си?","review","Day 1 opening scene pilot translation."
"20_doctor_meeting_footprints_4","Of course! You can't make out anything from that height.","Разбира се! От такава височина нищо не можеш да различиш.","review","Day 1 opening scene pilot translation."
"20_doctor_meeting_footprints_5","Let's follow them...","Да ги проследим...","review","Day 1 opening scene pilot translation."
"20_doctor_meeting_footprints_6","The guy with the long nose probably left them.","Онзи с дългия нос вероятно ги е оставил.","review","Day 1 opening scene pilot translation."
"21_base_donkey_1","Excuse me... but we may have a problem.","Извинявай... но може да имаме проблем.","review","Day 1 opening scene pilot translation."
"21_base_donkey_2","What kind of problem?","Какъв проблем?","review","Day 1 opening scene pilot translation."
"21_base_donkey_3","The Nun said that... a filthy animal like me can't desecrate a holy place.","Монахинята каза, че мръсно животно като мен не може да осквернява свято място.","review","Day 1 opening scene pilot translation."
"21_base_donkey_4","She... she said she'd send me to the slaughter house once she takes over.","Тя... тя каза, че ще ме прати в кланицата, щом поеме управлението.","review","Day 1 opening scene pilot translation."
"21_base_donkey_5","Come on... She seems like a nice lady. She was probably just joking.","Стига... Тя изглежда като добър човек. Сигурно просто се е шегувала.","review","Day 1 opening scene pilot translation."
"21_base_donkey_6","I don't know... Larry seems to think otherwise.","Не знам... Лари явно мисли друго.","review","Day 1 opening scene pilot translation."
"21_base_donkey_7","Then maybe you should ask Larry for help instead of me.","Тогава може би трябва да поискаш помощ от Лари, а не от мен.","review","Day 1 opening scene pilot translation."
"22_doctor_tower_asking_1","Dream Dust.","Прах от сънища.","review","Day 1 opening scene pilot translation."
"22_doctor_tower_asking_10","I need to summon a fairy.","Трябва да призова фея.","review","Day 1 opening scene pilot translation."
"22_doctor_tower_asking_11","Ah! Of course.","А! Разбира се.","review","Day 1 opening scene pilot translation."
"22_doctor_tower_asking_12","Please bring the powder to me when it's ready...","Моля те, донеси ми праха, когато е готов...","review","Day 1 opening scene pilot translation."
"22_doctor_tower_asking_13","I'll check it, and give you a few... precautionary tips.","Ще го проверя и ще ти дам няколко... предпазни съвета.","review","Day 1 opening scene pilot translation."
"22_doctor_tower_asking_14","Unless you're okay with summoning something much more hairy than fairy...","Освен ако не си съгласен да призовеш нещо много по-космато от фея...","review","Day 1 opening scene pilot translation."
"22_doctor_tower_asking_15","And scary... he he.","И страшно... хи-хи.","review","Day 1 opening scene pilot translation."
"22_doctor_tower_asking_16","Yeah... Still can't believe your luck...","Да... Все още не мога да повярвам на късмета ти...","review","Day 1 opening scene pilot translation."
"22_doctor_tower_asking_17","You know, despite first impressions, I'm beginning to like that guy.","Знаеш ли, въпреки първото впечатление, започвам да го харесвам.","review","Day 1 opening scene pilot translation."
"22_doctor_tower_asking_18","Only because he called you a cool skull.","Само защото те нарече як череп.","review","Day 1 opening scene pilot translation."
"22_doctor_tower_asking_19","I'm going home...","Прибирам се...","review","Day 1 opening scene pilot translation."
"22_doctor_tower_asking_2","You know, I'm really starting to question your luck...","Знаеш ли, започвам сериозно да се съмнявам в късмета ти...","review","Day 1 opening scene pilot translation."
"22_doctor_tower_asking_3","What do you mean?","Какво имаш предвид?","review","Day 1 opening scene pilot translation."
"22_doctor_tower_asking_4","You specifically needed this exact sort of laboratory to make Dream Dust.","Точно такъв тип лаборатория ти трябваше, за да направиш Прах от сънища.","review","Day 1 opening scene pilot translation."
"22_doctor_tower_asking_5","Heh... I guess I'm his lucky skull.","Хех... Май съм му късметлийският череп.","review","Day 1 opening scene pilot translation."
"22_doctor_tower_asking_6","Anyway here's a recipe... ","Както и да е, ето една рецепта...","review","Day 1 opening scene pilot translation."
"22_doctor_tower_asking_7","And my notes on basic alchemy.","И бележките ми за основна алхимия.","review","Day 1 opening scene pilot translation."
"22_doctor_tower_asking_8","Thanks.","Благодаря.","review","Day 1 opening scene pilot translation."
"22_doctor_tower_asking_9","And why, may I ask, do you need this powder?","И защо, ако мога да попитам, ти трябва този прах?","review","Day 1 opening scene pilot translation."
"22_doctor_tower_entering_1","Let's see what we have here...","Да видим какво имаме тук...","review","Day 1 opening scene pilot translation."
"22_doctor_tower_entering_2","Looking for something specific?","Търсиш ли нещо конкретно?","review","Day 1 opening scene pilot translation."
"22_doctor_tower_entering_3","No, no...","Не, не...","review","Day 1 opening scene pilot translation."
"22_doctor_tower_entering_4","But if you find a book with a screaming skull on the cover...","Но ако намериш книга с крещящ череп на корицата...","review","Day 1 opening scene pilot translation."
"22_doctor_tower_entering_5","I'd love to take a peek.","С удоволствие бих я разгледал.","review","Day 1 opening scene pilot translation."
"22_doctor_tower_entering_7","Okay, let's let our sickly friend in...","Добре, нека пуснем болнавия ни приятел...","review","Day 1 opening scene pilot translation."
"22_doctor_tower_entering_8","We had a deal...","Имаме сделка...","review","Day 1 opening scene pilot translation."
"22_doctor_tower_hatch_opening_1","At last! Wait...","Най-сетне! Чакай...","review","Day 1 opening scene pilot translation."
"22_doctor_tower_hatch_opening_10","There is still time...","Все още има време...","review","Day 1 opening scene pilot translation."
"22_doctor_tower_hatch_opening_2","Where the sard are all the books?! Where's the library?","Къде по дяволите са всички книги?! Къде е библиотеката?","review","Day 1 opening scene pilot translation."
"22_doctor_tower_hatch_opening_3","Exactly!","Точно така!","review","Day 1 opening scene pilot translation."
"22_doctor_tower_hatch_opening_4","Try to be excited...","Опитай се да се зарадваш...","review","Day 1 opening scene pilot translation."
"22_doctor_tower_hatch_opening_5","Don't know what you were expecting.","Не знам какво си очаквал.","review","Day 1 opening scene pilot translation."
"22_doctor_tower_hatch_opening_6","But this place looks kinda cool.","Но мястото е доста яко.","review","Day 1 opening scene pilot translation."
"22_doctor_tower_hatch_opening_7","What's cool about an abandoned alchemy laboratory?!","Какво му е якото на изоставена алхимична лаборатория?!","review","Day 1 opening scene pilot translation."
"22_doctor_tower_hatch_opening_8","Okay, okay... I'll start from the beginning...","Добре, добре... ще започна отначало...","review","Day 1 opening scene pilot translation."
"22_doctor_tower_opening_1","Hey! ","Хей!","review","Day 1 opening scene pilot translation."
"22_doctor_tower_opening_2","Seriously, pal, what is going on?!","Сериозно, приятелю, какво става?!","review","Day 1 opening scene pilot translation."
"22_doctor_tower_opening_3","What?","Какво?","review","Day 1 opening scene pilot translation."
"22_doctor_tower_opening_4","Whining and complaining — with Larry... Exploring a cool tower — without Larry!","Мрънкане и оплакване - с Лари... Разглеждане на яка кула - без Лари!","review","Day 1 opening scene pilot translation."
"22_doctor_tower_opening_5","Move over.","Премести се.","review","Day 1 opening scene pilot translation."
"23_guards_mercenaries_meet","Hooligans for Hire","Хулигани под наем","review","Day 1 opening scene pilot translation."
"23_guards_mercenaries_meeting_1","Hello.","Здравейте.","review","Day 1 opening scene pilot translation."
"23_guards_mercenaries_meeting_2","Greetings! We've come to this town to provide our services.","Поздрави! Дойдохме в този град, за да предлагаме услугите си.","review","Day 1 opening scene pilot translation."
"23_guards_mercenaries_meeting_3","We will fight for you. For a fee, of course.","Ще се бием за вас. Срещу заплащане, разбира се.","review","Day 1 opening scene pilot translation."
"23_guards_mercenaries_meeting_4","Each fight requires payment up front.","Всяка битка се заплаща предварително.","review","Day 1 opening scene pilot translation."
"23_guards_mercenaries_meeting_5","And the harder it is, the bigger the payment.","И колкото по-трудна е битката, толкова по-голямо е заплащането.","review","Day 1 opening scene pilot translation."
"23_guards_mercenaries_meeting_6","How about some kind of free trial?","Какво ще кажете за някакъв безплатен пробен бой?","review","Day 1 opening scene pilot translation."
"23_guards_mercenaries_meeting_7","I wish I could help you with that, but alas, I cannot agree.","Бих искал да ви помогна с това, но уви, не мога да се съглася.","review","Day 1 opening scene pilot translation."
"23_guards_mercenaries_pay_1","Pay for a battle.","Плати за битка.","review","Day 1 opening scene pilot translation."
"23_guards_mercenaries_pay_2","Can I hire you for the next battle?","Мога ли да ви наема за следващата битка?","review","Day 1 opening scene pilot translation."
"23_guards_mercenaries_pay_3","See you on the battlefield.","Ще се видим на бойното поле.","review","Day 1 opening scene pilot translation."
"24_doctor_zombies_asking_1","Let's see...","Да видим...","review","Day 1 opening scene pilot translation."
"24_doctor_zombies_asking_10","In this case, you're lucky... You can mix everything in your kitchen.","В този случай си късметлия... Можеш да смесиш всичко в кухнята си.","review","Day 1 opening scene pilot translation."
"24_doctor_zombies_asking_11","Just... mix? No magic rituals or ancient words?","Само... да смеся всичко? Без магически ритуали или древни думи?","review","Day 1 opening scene pilot translation."
"24_doctor_zombies_asking_12","It's just a common *cough-cough* fairy...","Това е просто обикновена фея...*кхъ-кхъ*","review","Day 1 opening scene pilot translation."
"24_doctor_zombies_asking_13","Oh wait... You need to mix everything with a feather from a comet's tail.","О, чакай... Трябва да смесиш всичко с перо от опашката на комета.","review","Day 1 opening scene pilot translation."
"24_doctor_zombies_asking_14","A feather from... a comet's tail?!","Перо от... опашката на комета?!","review","Day 1 opening scene pilot translation."
"24_doctor_zombies_asking_15","Yes. There's an astrologer in the port area. He's got plenty.","Да. На пристанището има астролог. Той има предостатъчно.","review","Day 1 opening scene pilot translation."
"24_doctor_zombies_asking_16","Sells them for a fair price. Sailors love them. Very popular.","Продава ги на прилична цена. Моряците ги обожават. Много са популярни.","review","Day 1 opening scene pilot translation."
"24_doctor_zombies_asking_18","But... comets are celestial bodies. They don't have feathers.","Но... кометите са небесни тела. Те нямат пера.","review","Day 1 opening scene pilot translation."
"24_doctor_zombies_asking_19","Oh yeah? Then how is he selling them?","О, така ли? Тогава как ги продава?","review","Day 1 opening scene pilot translation."
"24_doctor_zombies_asking_2","Where it is.","Къде е.","review","Day 1 opening scene pilot translation."
"24_doctor_zombies_asking_20","Fair enough...","Вярно...","review","Day 1 opening scene pilot translation."
"24_doctor_zombies_asking_21","Zombies","Зомбита","review","Day 1 opening scene pilot translation."
"24_doctor_zombies_asking_22","Is that a pair of zombies?","Това двойка зомбита ли е?","review","Day 1 opening scene pilot translation."
"24_doctor_zombies_asking_23","Yes. Do you have a better explanation for two rotting people nonchalantly walking around?","Да. Имаш ли по-добро обяснение защо двама гниещи хора се разхождат невъзмутимо наоколо?","review","Day 1 opening scene pilot translation."
"24_doctor_zombies_asking_24","No... but they look pretty peaceful.","Не... но изглеждат доста спокойни.","review","Day 1 opening scene pilot translation."
"24_doctor_zombies_asking_25","Yes. Peaceful, but useless. Although they're good for dumb labor.","Да. Спокойни, но безполезни. Макар че стават за тежка работа.","review","Day 1 opening scene pilot translation."
"24_doctor_zombies_asking_26","Unfortunately, for the most part they just make more mess than progress.","За съжаление, през повечето време създават повече бъркотия, отколкото работа.","review","Day 1 opening scene pilot translation."
"24_doctor_zombies_asking_27","Hey, this might also sound dumb... But would you like to take them?","Хей, това може да прозвучи глупаво... но искаш ли да ги вземеш?","review","Day 1 opening scene pilot translation."
"24_doctor_zombies_asking_28","To bury them?","За да ги погреба?","review","Day 1 opening scene pilot translation."
"24_doctor_zombies_asking_29","Heck no! They can work for you.","Ни най-малко! Могат да работят за теб.","review","Day 1 opening scene pilot translation."
"24_doctor_zombies_asking_3","You've got a nice home.","Имаш хубав дом.","review","Day 1 opening scene pilot translation."
"24_doctor_zombies_asking_30","Oh... an extra set of hands. I like it. Got any more?","О... още един чифт ръце. Харесва ми. Имаш ли още?","review","Day 1 opening scene pilot translation."
"24_doctor_zombies_asking_31","Nope. The astrologer from the port sold them to me.","Не. Астрологът от пристанището ми ги продаде.","review","Day 1 opening scene pilot translation."
"24_doctor_zombies_asking_32","Told me they're very old and ""very special.""","Каза ми, че са много стари и „много специални“.","review","Day 1 opening scene pilot translation."
"24_doctor_zombies_asking_34","I'm definitely paying the Astronomer a visit.","Определено ще навестя Астролога.","review","Day 1 opening scene pilot translation."
"24_doctor_zombies_asking_35","One more reason to make my way to the port.","Още една причина да се отправя към пристанището.","review","Day 1 opening scene pilot translation."
"24_doctor_zombies_asking_36","You should also pay a visit to that blocked room beside your morgue...","Трябва да посетиш и онова блокирано помещение до моргата...","review","Day 1 opening scene pilot translation."
"24_doctor_zombies_asking_37","The inquisitors, it would appear, were once in there dabbling in resurrection.","Изглежда, че някога инквизиторите са се занимавали с възкресение там.","review","Day 1 opening scene pilot translation."
"24_doctor_zombies_asking_38","You mean zombies?","Имаш предвид зомбита?","review","Day 1 opening scene pilot translation."
"24_doctor_zombies_asking_39","Go... just go... *cough-cough*","Върви... просто върви... *кхъ-кхъ*","review","Day 1 opening scene pilot translation."
"24_doctor_zombies_asking_5","Thanks!","Благодаря!","review","Day 1 opening scene pilot translation."
"24_doctor_zombies_asking_6","Ah yes, of course... you're right, I'm wrong.","А, да, разбира се... прав си, аз греша.","review","Day 1 opening scene pilot translation."
"24_doctor_zombies_asking_7","Your powder is good.","Прахът ти е добър.","review","Day 1 opening scene pilot translation."
"24_doctor_zombies_asking_8","Fairy","Фея","review","Day 1 opening scene pilot translation."
"24_doctor_zombies_asking_9","So how exactly do I use this stuff to summon a fairy?","И така, как точно използвам това, за да призова фея?","review","Day 1 opening scene pilot translation."
"24_doctor_zombies_hatch_1","I don't want to give this guy another reason to be mean.","Не искам да давам на този човек още една причина да бъде гаден.","review","Day 1 opening scene pilot translation."
"24_doctor_zombies_powder","Sweet Dreams","Сладки сънища","review","Day 1 opening scene pilot translation."
"24_doctor_zombies_showing_1","Check the Dream Dust.","Провери Праха от сънища.","review","Day 1 opening scene pilot translation."
"24_doctor_zombies_showing_3","Hmm... Dream Dust should be a different color.","Хм... Прахът от сънища трябва да е с друг цвят.","review","Day 1 opening scene pilot translation."
"24_doctor_zombies_showing_4","But I followed the recipe exactly.","Но следвах рецептата точно.","review","Day 1 opening scene pilot translation."
"24_doctor_zombies_showing_5","We'll double-check.... Follow me.","Ще проверим още веднъж... Следвай ме.","review","Day 1 opening scene pilot translation."
"25_village_watchmen_1_1","I see you've got an axe.","Виждам, че имаш брадва.","review","Day 1 opening scene pilot translation."
"25_village_watchmen_1_2","And a shovel.","И лопата.","review","Day 1 opening scene pilot translation."
"25_village_watchmen_1_3","And a pickaxe.","И кирка.","review","Day 1 opening scene pilot translation."
"25_village_watchmen_1_4","Very well equipped. But don't even think about using them here — it's forbidden!","Добре си се екипирал. Но и дума да не става да ги използваш тук - забранено е!","review","Day 1 opening scene pilot translation."
"25_village_watchmen_2_1","Do you know where the zombies come from?","Знаеш ли откъде идват зомбитата?","review","Day 1 opening scene pilot translation."
"25_village_watchmen_2_2","I think you turn into one if they bite you.","Мисля, че се превръщаш в зомби, ако те ухапят.","review","Day 1 opening scene pilot translation."
"25_village_watchmen_2_3","But who bit the first one?","Но кой е ухапал първото?","review","Day 1 opening scene pilot translation."
"25_village_watchmen_2_4","Hmm.","Хм.","review","Day 1 opening scene pilot translation."
"25_village_watchmen_2_5","What if a stork brought somebody a zombie instead of a baby?","Ами ако щъркел е донесъл на някого зомби вместо бебе?","review","Day 1 opening scene pilot translation."
"25_village_watchmen_2_6","Yeah, nice theory.","Да, чудесна теория.","review","Day 1 opening scene pilot translation."
"25_village_watchmen_3_1","Psst. Is that the guy who got the supplies?","Псст. Това ли е човекът, който донесе провизиите?","review","Day 1 opening scene pilot translation."
"25_village_watchmen_3_2","Should we, like... thank him?","Да му... благодарим ли?","review","Day 1 opening scene pilot translation."
"25_village_watchmen_3_3","Nah. We don't want him getting a big head and acting funny.","Не. Не искаме да се възгордее и да започне да се прави на интересен.","review","Day 1 opening scene pilot translation."
"25_village_watchmen_4_1","That Nun gives me the heebie-jeebies...","От тази Монахиня ме побиват тръпки...","review","Day 1 opening scene pilot translation."
"25_village_watchmen_4_2","I just try not to look her in the eyes.","Гледам да не я гледам в очите.","review","Day 1 opening scene pilot translation."
"25_village_watchmen_4_3","I try not to look at all.","Аз изобщо гледам да не я поглеждам.","review","Day 1 opening scene pilot translation."
"25_village_watchmen_4_4","Please tell me she's not behind me right now.","Кажи ми, че в момента не стои зад мен.","review","Day 1 opening scene pilot translation."
"25_village_watchmen_4_5","You're alright.","Спокойно, всичко е наред.","review","Day 1 opening scene pilot translation."
"25_village_watchmen_4_6","Phew.","Хух.","review","Day 1 opening scene pilot translation."
"25_village_watchmen_5_1","Sooo... what's up with this weather?","Та... какво става с това време?","review","Day 1 opening scene pilot translation."
"25_village_watchmen_5_2","What do you mean?","Какво имаш предвид?","review","Day 1 opening scene pilot translation."
"25_village_watchmen_5_3","I'm just trying to have a conversation here.","Просто се опитвам да завържа разговор.","review","Day 1 opening scene pilot translation."
"25_village_watchmen_5_4","Without saying anything?","Без да казваш нищо?","review","Day 1 opening scene pilot translation."
"25_village_watchmen_5_5","Hey! I said ""weather"".","Хей! Казах „времето“.","review","Day 1 opening scene pilot translation."
"25_village_watchmen_6_1","What's your favorite kind of meat?","Какво е любимото ти месо?","review","Day 1 opening scene pilot translation."
"25_village_watchmen_6_2","Whatever I can get.","Каквото намеря.","review","Day 1 opening scene pilot translation."
"25_village_watchmen_6_3","Smart man. I like chicken.","Умен човек. Аз обичам пилешко.","review","Day 1 opening scene pilot translation."
"25_village_watchmen_6_4","You run like a chicken.","Бягаш като пиле.","review","Day 1 opening scene pilot translation."
"25_village_watchmen_6_5","Very funny.","Много смешно.","review","Day 1 opening scene pilot translation."
"26_port_foreman_1","HEY! ","ХЕЙ!","review","Day 1 opening scene pilot translation."
"26_port_foreman_10","IS THE OTHER SIDE SAFE?!","БЕЗОПАСНО ЛИ Е ОТ ДРУГАТА СТРАНА?!","review","Day 1 opening scene pilot translation."
"26_port_foreman_11","YES!","ДА!","review","Day 1 opening scene pilot translation."
"26_port_foreman_12","YOU SURE?","СИГУРЕН ЛИ СИ?","review","Day 1 opening scene pilot translation."
"26_port_foreman_13","YES!","ДА!","review","Day 1 opening scene pilot translation."
"26_port_foreman_14","Ahhh, boy am I glad to see you!","Ааа, колко се радвам да те видя!","review","Day 1 opening scene pilot translation."
"26_port_foreman_15","What took you so long?!","Къде се забави толкова?!","review","Day 1 opening scene pilot translation."
"26_port_foreman_16","... Anyway, I never doubted you for a second.","... Както и да е, нито за миг не се усъмних в теб.","review","Day 1 opening scene pilot translation."
"26_port_foreman_17","Your bell helped a lot!","Камбаната ти много помогна!","review","Day 1 opening scene pilot translation."
"26_port_foreman_18","Do you know where I can find the Astrologer?","Знаеш ли къде мога да намеря Астролога?","review","Day 1 opening scene pilot translation."
"26_port_foreman_19","Oh yeah, he's the one who told me about the bell!","О, да, той ми каза за камбаната!","review","Day 1 opening scene pilot translation."
"26_port_foreman_2","YOU! Over there on the other side!","ТИ! Там, от другата страна!","review","Day 1 opening scene pilot translation."
"26_port_foreman_20","He should be at his observatory...","Трябва да е в обсерваторията си...","review","Day 1 opening scene pilot translation."
"26_port_foreman_21","It's a tower attached to a... foot.","Това е кула, прикрепена към... крак.","review","Day 1 opening scene pilot translation."
"26_port_foreman_22","A foot?","Крак?","review","Day 1 opening scene pilot translation."
"26_port_foreman_23","You'll understand when you see it.","Ще разбереш, когато го видиш.","review","Day 1 opening scene pilot translation."
"26_port_foreman_24","Ok, I've been waiting sooo long...","Добре, чакам толкова дългооо...","review","Day 1 opening scene pilot translation."
"26_port_foreman_25","Finally, I can go see what we have at the warehouse!","Най-сетне мога да отида да видя какво имаме в склада!","review","Day 1 opening scene pilot translation."
"26_port_foreman_26","I just need to figure out this door... Hmm... What do we have here...","Само трябва да разбера как се отваря тази врата... Хм... Я да видим какво имаме тук...","review","Day 1 opening scene pilot translation."
"26_port_foreman_3","HI JACK!","ХЕЙ, ДЖАК!","review","Day 1 opening scene pilot translation."
"26_port_foreman_4","OH. IT'S YOU!","О. ТИ СИ!","review","Day 1 opening scene pilot translation."
"26_port_foreman_5","DO YOU HEAR ME?","ЧУВАШ ЛИ МЕ?","review","Day 1 opening scene pilot translation."
"26_port_foreman_6","I'M ALL EARS?","СЛУШАМ ТЕ!","review","Day 1 opening scene pilot translation."
"26_port_foreman_7","WHAT?","КАКВО?","review","Day 1 opening scene pilot translation."
"26_port_foreman_8","I HEAR YOU!","ЧУВАМ ТЕ!","review","Day 1 opening scene pilot translation."
"26_port_foreman_9","GOOD!","ДОБРЕ!","review","Day 1 opening scene pilot translation."
"26_port_foreman_demo_1","CAN YOU LOWER THE BRIDGE?","","untranslated",""
"26_port_foreman_demo_10","So what’s next?","","untranslated",""
"26_port_foreman_demo_11","Nothing new... I’ll keep bringing you corpses...","","untranslated",""
"26_port_foreman_demo_12","Your harvest will grow.","","untranslated",""
"26_port_foreman_demo_13","You should be pretty familiar with the routine by now.","","untranslated",""
"26_port_foreman_demo_14","I see.","","untranslated",""
"26_port_foreman_demo_15","So there’s nothing left to do?","","untranslated",""
"26_port_foreman_demo_16","Oh, there’s always something...","","untranslated",""
"26_port_foreman_demo_17","I like that attitude.","","untranslated",""
"26_port_foreman_demo_18","But I'm not telling you anything new.","","untranslated",""
"26_port_foreman_demo_19","Just be patient.","","untranslated",""
"26_port_foreman_demo_2","NO CAN DO!","","untranslated",""
"26_port_foreman_demo_20","So there’s nothing left to do?","","untranslated",""
"26_port_foreman_demo_21","Oh, there’s always something...","","untranslated",""
"26_port_foreman_demo_3","WHY NOT?","","untranslated",""
"26_port_foreman_demo_4","THEY TOLD ME NOT TO!","","untranslated",""
"26_port_foreman_demo_5","SEE YOU LATER!","","untranslated",""
"26_port_foreman_demo_6","Trying to get to the other side is pointless.","","untranslated",""
"26_port_foreman_demo_7","But what about saving the Town? I wanted to be a real hero.","","untranslated",""
"26_port_foreman_demo_8","You know... everything comes at a price...","","untranslated",""
"26_port_foreman_demo_9","Even for pirates.","","untranslated",""
"26_port_foreman_reunite","Docked and Found","Пристигна и се намери","review","Day 1 opening scene pilot translation."
"27_port_astrologer_cards_1","Deck of cards","Тесте карти","review","Day 1 opening scene pilot translation."
"27_port_astrologer_cards_2","I brought you your deck, Astrologer.","Донесох ти тестето, Астролог.","review","Day 1 opening scene pilot translation."
"27_port_astrologer_cards_3","Oh, thank you so much. Now my predictions will be accurate again!","О, благодаря ти много. Сега предсказанията ми отново ще са точни!","review","Day 1 opening scene pilot translation."
"27_port_astrologer_cards_4","I'd also like to see your next ceremony. ","Бих искал да видя и следващата ти церемония.","review","Day 1 opening scene pilot translation."
"27_port_astrologer_cards_5","Sharing knowledge is always good in our line of work.","Споделянето на знания винаги е полезно в нашата работа.","review","Day 1 opening scene pilot translation."
"27_port_astrologer_meet","Friendship Written in the Stars","Приятелство, написано в звездите","review","Day 1 opening scene pilot translation."
"27_port_astrologer_meeting_1","Holy... it's you... you actually found me...","Боже... ти си... наистина ме намери...","review","Day 1 opening scene pilot translation."
"27_port_astrologer_meeting_2","Yeah. I need a word with you.","Да. Трябва да поговоря с теб.","review","Day 1 opening scene pilot translation."
"27_port_astrologer_meeting_3","Hey, that's a weird way to greet your customers, you know.","Хей, знаеш ли, това е доста странен начин да посрещаш клиентите си.","review","Day 1 opening scene pilot translation."
"27_port_astrologer_meeting_4","Who are you?","Кой си ти?","review","Day 1 opening scene pilot translation."
"27_port_astrologer_meeting_5","I'm the Graveyard Keeper. New in town.","Аз съм Гробарят. Нов съм в града.","review","Day 1 opening scene pilot translation."
"27_port_astrologer_meeting_6","New? Hmm... sorry about all that. You just remind me of an old friend...","Нов? Хм... съжалявам за всичко това. Просто ми напомняш на стар приятел...","review","Day 1 opening scene pilot translation."
"27_port_astrologer_meeting_7","I am the Mysterious Guntarius... but you can call me Gunter.","Аз съм Мистериозният Гюнтариус... но можеш да ме наричаш Гюнтер.","review","Day 1 opening scene pilot translation."
"27_port_astrologer_meeting_8","So... what brings you here?","И така... какво те води насам?","review","Day 1 opening scene pilot translation."
"27_port_astrologer_meeting_9_a","Comet's tail.","Кометна опашка","review","Day 1 opening scene pilot translation."
"27_port_astrologer_meeting_9_a_1","I need something called a comet's tail... whatever people mean by that.","Трябва ми нещо, наречено кометна опашка... каквото и да означава това.","review","Day 1 opening scene pilot translation."
"27_port_astrologer_meeting_9_a_2","Ah, the tail of a comet! Have you seen one blaze through the sky?","А, опашката на комета! Виждал ли си как преминава огнена през небето?","review","Day 1 opening scene pilot translation."
"27_port_astrologer_meeting_9_a_3","Comets are celestial bodies. They don't have tails you can sell.","Кометите са небесни тела. Нямат опашки, които можеш да продаваш.","review","Day 1 opening scene pilot translation."
"27_port_astrologer_meeting_9_a_4","Ah, a fellow astrologer! Excellent. Then you qualify for the guild discount!","А, колега астролог! Чудесно. Тогава имаш право на отстъпка за членове на гилдията!","review","Day 1 opening scene pilot translation."
"27_port_astrologer_meeting_9_b","Zombies","Зомбита","review","Day 1 opening scene pilot translation."
"27_port_astrologer_meeting_9_b_1","Albert gave me some of his ""good"" zombies. I need to know how you made them.","Албърт ми даде няколко от своите „добри“ зомбита. Трябва да разбера как си ги направил.","review","Day 1 opening scene pilot translation."
"27_port_astrologer_meeting_9_b_10","I see.","Разбирам.","review","Day 1 opening scene pilot translation."
"27_port_astrologer_meeting_9_b_11","By the way, I found some bottles of smelly goo that came with the zombies.","Между другото, намерих няколко бутилки с миризлива гадост, дошли заедно със зомбитата.","review","Day 1 opening scene pilot translation."
"27_port_astrologer_meeting_9_b_12","It's for sale. Something that smells this awful must be worth a fortune.","Продават се. Нещо, което мирише толкова ужасно, трябва да струва цяло състояние.","review","Day 1 opening scene pilot translation."
"27_port_astrologer_meeting_9_b_2","Made them? No, no, I didn't make them... ","Направил съм ги? Не, не, не съм ги направил...","review","Day 1 opening scene pilot translation."
"27_port_astrologer_meeting_9_b_3","I kind of borrowed them.","Взех ги назаем.","review","Day 1 opening scene pilot translation."
"27_port_astrologer_meeting_9_b_4","I've got three more I can give you.","Имам още три, които мога да ти дам.","review","Day 1 opening scene pilot translation."
"27_port_astrologer_meeting_9_b_5","For free?","Безплатно?","review","Day 1 opening scene pilot translation."
"27_port_astrologer_meeting_9_b_6","For a small favor.","Срещу една малка услуга.","review","Day 1 opening scene pilot translation."
"27_port_astrologer_meeting_9_b_7","As you'd expect, during a zombie plague, house zombies drop in value quite precipitously...","Както можеш да очакваш, по време на зомби чума домашните зомбита рязко губят стойност...","review","Day 1 opening scene pilot translation."
"27_port_astrologer_meeting_9_b_8","And you know how to make new ones?","А ти знаеш как да правиш нови?","review","Day 1 opening scene pilot translation."
"27_port_astrologer_meeting_9_b_9","Kind of... but I'm not prepared to share that secret with just any old Graveyard Keeper.","Горе-долу... но не съм готов да споделя тази тайна с кой да е Гробар.","review","Day 1 opening scene pilot translation."
"27_port_astrologer_meeting_9_c","A small favor","Малка услуга","review","Day 1 opening scene pilot translation."
"27_port_astrologer_meeting_9_c_1","So what's this small favor you mentioned?","И каква е тази малка услуга, за която спомена?","review","Day 1 opening scene pilot translation."
"27_port_astrologer_meeting_9_c_2","That's easy... You need to go to the Broth... I mean, the local restaurant!","Лесно е... Трябва да отидеш в Бульо... искам да кажа, в местния ресторант!","review","Day 1 opening scene pilot translation."
"27_port_astrologer_meeting_9_c_3","Find Linda and collect my tarot cards.","Намери Линда и вземи таро картите ми.","review","Day 1 opening scene pilot translation."
"27_port_astrologer_meeting_9_c_4","Why can't you get them yourself?","Защо не си ги вземеш сам?","review","Day 1 opening scene pilot translation."
"27_port_astrologer_meeting_9_c_5","Last time I had to leave in a bit of a rush... to make some astrological observations.","Последния път трябваше да си тръгна доста набързо... за да направя някои астрологични наблюдения.","review","Day 1 opening scene pilot translation."
"27_port_astrologer_meeting_9_c_6","And I may have forgot to pay my bill...","И може би съм забравил да си платя сметката...","review","Day 1 opening scene pilot translation."
"27_port_astrologer_zombie_1","Take zombies.","Вземи зомбита.","review","Day 1 opening scene pilot translation."
"27_port_astrologer_zombie_10","Whaaaaat? An astrologer trick someone? Unthinkable!","Каквооо? Астролог да измами някого? Невъзможно!","review","Day 1 opening scene pilot translation."
"27_port_astrologer_zombie_2","Excellent. They're yours.","Чудесно. Твои са.","review","Day 1 opening scene pilot translation."
"27_port_astrologer_zombie_3","So... I can just take them now?","Значи мога просто да ги взема сега?","review","Day 1 opening scene pilot translation."
"27_port_astrologer_zombie_4","Absolutely not!","В никакъв случай!","review","Day 1 opening scene pilot translation."
"27_port_astrologer_zombie_5","Wait — we had a deal!","Чакай - имахме сделка!","review","Day 1 opening scene pilot translation."
"27_port_astrologer_zombie_6","Relax! I'll deliver them to your place. I know... some alternative routes.","Спокойно! Ще ги доставя до дома ти. Знам... няколко алтернативни маршрута.","review","Day 1 opening scene pilot translation."
"27_port_astrologer_zombie_7","The last thing I need is someone seeing you leading zombies out of my observatory.","Последното, от което имам нужда, е някой да те види как извеждаш зомбита от обсерваторията ми.","review","Day 1 opening scene pilot translation."
"27_port_astrologer_zombie_8","You can expect them by morning.","Очаквай ги до сутринта.","review","Day 1 opening scene pilot translation."
"27_port_astrologer_zombie_9","Okay... but don't you dare try to trick me.","Добре... но да не си посмял да ме измамиш.","review","Day 1 opening scene pilot translation."
"27_port_astrologer_zombie_larry_1","It's quite a delivery for you... some gnarly-looking zombies.","Доста добра доставка... някакви доста зловещо изглеждащи зомбита.","review","Day 1 opening scene pilot translation."
"27_port_astrologer_zombie_larry_2","I'll put them to use... I'm thinking about taking production in a greener direction.","Ще ги използвам... мисля да насоча производството в по-зелена посока.","review","Day 1 opening scene pilot translation."
"27_port_astrologer_zombie_larry_3","Sounds like nonsense...","Звучи като глупости...","review","Day 1 opening scene pilot translation."
"27_port_astrologer_zombie_larry_4","Just imagine... green zombies doing all the hard work instead of me.","Само си представи... зелени зомбита, които вършат цялата тежка работа вместо мен.","review","Day 1 opening scene pilot translation."
"28_base_fairy_1","Ha! I knew it... All that fairy malarkey was a lie!","Ха! Знаех си... Всички тези приказки за феи са били лъжа!","review","Day 1 opening scene pilot translation."
"28_base_fairy_10","Last time you told me I was the one behind the whole zombie thing. — But that's absolutely not true!","Последния път ми каза, че аз стоя зад цялата история със зомбитата. - Но това изобщо не е вярно!","review","Day 1 opening scene pilot translation."
"28_base_fairy_11","It was you... well, not you, but... you.","Беше ти... е, не ти, а... ти.","review","Day 1 opening scene pilot translation."
"28_base_fairy_12","See? She's crazy!","Виждаш ли? Тя е луда!","review","Day 1 opening scene pilot translation."
"28_base_fairy_13","Do you remember your previous life? How you came into this world?","Помниш ли предишния си живот? Как се появи на този свят?","review","Day 1 opening scene pilot translation."
"28_base_fairy_14","Kind of... but it was so long ago... Maybe it wasn't real. I don't know.","Горе-долу... но беше толкова отдавна... Може би не е било истинско. Не знам.","review","Day 1 opening scene pilot translation."
"28_base_fairy_15","Hey! Stop messing with my friend! We've got a pretty happy life here.","Хей! Стига си се заяждала с приятеля ми! Тук си живеем доста щастливо.","review","Day 1 opening scene pilot translation."
"28_base_fairy_16","He's got a point. I do like my life here.","Има право. Харесва ми животът тук.","review","Day 1 opening scene pilot translation."
"28_base_fairy_17","That's exactly why the Ancient God split your soul!","Точно затова Древният бог е разделил душата ти!","review","Day 1 opening scene pilot translation."
"28_base_fairy_18","And while you were being dragged to the dungeon and tortured...","А докато те влачеха към подземието и те измъчваха...","review","Day 1 opening scene pilot translation."
"28_base_fairy_19","Your other part...","Другата ти половина...","review","Day 1 opening scene pilot translation."
"28_base_fairy_2","Shouldn't be surprised... How do these people know so much about fairies anyway?","Не би трябвало да се изненадваш... Как тези хора изобщо знаят толкова много за феите?","review","Day 1 opening scene pilot translation."
"28_base_fairy_2_1","Well, at least we found some cheese in the cupboard...","Е, поне намерихме малко сирене в шкафа...","review","Day 1 opening scene pilot translation."
"28_base_fairy_2_2","It better be good!","Дано да е хубаво!","review","Day 1 opening scene pilot translation."
"28_base_fairy_20","The other you was out there, destroying everything that was left.","Другият ти аз беше навън и унищожаваше всичко, което беше останало.","review","Day 1 opening scene pilot translation."
"28_base_fairy_20_1","He even destroyed the magic portal... the very core of the world!","Той дори унищожи магическия портал... самото ядро на света!","review","Day 1 opening scene pilot translation."
"28_base_fairy_21","I'm sure he... I mean I... didn't mean it.","Сигурен съм, че той... искам да кажа, аз... не съм го направил нарочно.","review","Day 1 opening scene pilot translation."
"28_base_fairy_22","Oh, I'm pretty sure he did. He was pure evil.","О, почти съм сигурна, че го е направил. Той беше чисто зло.","review","Day 1 opening scene pilot translation."
"28_base_fairy_23","I hope you're not like him. This world needs your help!","Надявам се, че не си като него. Този свят се нуждае от твоята помощ!","review","Day 1 opening scene pilot translation."
"28_base_fairy_24_a","Doubt","Съмнение","review","Day 1 opening scene pilot translation."
"28_base_fairy_24_a_1","Come on... I know myself. There were never any evil parts in me.","Хайде... Познавам се. В мен никога не е имало зли части.","review","Day 1 opening scene pilot translation."
"28_base_fairy_24_a_10","Okay... that stuff definitely sounds like a big mistake.","Добре... това определено звучи като огромна грешка.","review","Day 1 opening scene pilot translation."
"28_base_fairy_24_a_2","Okay... let's check. He fed people burgers made of the meat of corpses...","Добре... да проверим. Той е хранел хората с бургери от месо на трупове...","review","Day 1 opening scene pilot translation."
"28_base_fairy_24_a_3","What?!","Какво?!","review","Day 1 opening scene pilot translation."
"28_base_fairy_24_a_4","Sold those burgers to the mob, during a witch burning that he himself helped organize...","Продавал е тези бургери на тълпата по време на изгаряне на вещица, което сам е помогнал да организира...","review","Day 1 opening scene pilot translation."
"28_base_fairy_24_a_5","Seriously?","Сериозно ли?","review","Day 1 opening scene pilot translation."
"28_base_fairy_24_a_6","He also assisted some bloodsucking monsters and dark cultists.","Помагал е и на кръвопиещи чудовища и мрачни култисти.","review","Day 1 opening scene pilot translation."
"28_base_fairy_24_a_7","Okay, that is looking pretty evil... even for me.","Добре, това вече изглежда доста зло... дори за мен.","review","Day 1 opening scene pilot translation."
"28_base_fairy_24_a_8","Whose side are you on?!","На чия страна си?!","review","Day 1 opening scene pilot translation."
"28_base_fairy_24_a_9","He created the first zombie... and used a magic portal for his own gain.","Той е създал първото зомби... и е използвал магически портал за собствена изгода.","review","Day 1 opening scene pilot translation."
"28_base_fairy_24_b","Zombie","Зомби","review","Day 1 opening scene pilot translation."
"28_base_fairy_24_b_1","So this whole zombie thing... You know how it started?","Значи цялата тази работа със зомбитата... знаеш ли как е започнала?","review","Day 1 opening scene pilot translation."
"28_base_fairy_24_b_10","I believe it's your other friend... the donkey... who knows how to resurrect zombies..","Сигурно другият ти приятел... магарето... знае как се възкресяват зомбита.","review","Day 1 opening scene pilot translation."
"28_base_fairy_24_b_11","You just need those shiny crystals, to prevent the Ancient God's magic from corrupting the strong ones.","Трябват ти само тези блестящи кристали, за да не позволиш на магията на Древния бог да поквари силните.","review","Day 1 opening scene pilot translation."
"28_base_fairy_24_b_12","Where can I find those?","Къде мога да ги намеря?","review","Day 1 opening scene pilot translation."
"28_base_fairy_24_b_13","That's easy... They grow at my place — the Nature Goddess's temple at the lake. Although... now it's a swamp.","Лесно е... Те растат при мен - в храма на Богинята на природата при езерото. Макар че... сега е блато.","review","Day 1 opening scene pilot translation."
"28_base_fairy_24_b_2","I'm just a fairy, I'm not all-knowing. But I'm pretty sure the Evil Keeper started it.","Аз съм само фея, не съм всезнаеща. Но съм почти сигурна, че я е започнал Злият Гробар.","review","Day 1 opening scene pilot translation."
"28_base_fairy_24_b_3","Can I make one? They're very helpful.","Мога ли да си направя едно? Много са полезни.","review","Day 1 opening scene pilot translation."
"28_base_fairy_24_b_4","What are you talking about?","За какво говориш?","review","Day 1 opening scene pilot translation."
"28_base_fairy_24_b_5","I've got a couple zombies doing work for me around the house.","Имам няколко зомбита, които работят за мен около къщата.","review","Day 1 opening scene pilot translation."
"28_base_fairy_24_b_6","You're kidding...","Шегуваш се...","review","Day 1 opening scene pilot translation."
"28_base_fairy_24_b_7","Whoops. You might be in trouble...","Опа. Може да си загазил...","review","Day 1 opening scene pilot translation."
"28_base_fairy_24_b_8","Hey... they're harmless!","Хей... те са безобидни!","review","Day 1 opening scene pilot translation."
"28_base_fairy_24_b_9","Seems like you've got a thing for... skulls... and zombies.","Май си падаш по... черепи и зомбита.","review","Day 1 opening scene pilot translation."
"28_base_fairy_24_c","Saving the World","Спасяване на света","review","Day 1 opening scene pilot translation."
"28_base_fairy_24_c_1","So... hypothetically... if I did decide to save the world... what should I do?","И така... хипотетично... ако реша да спася света... какво трябва да направя?","review","Day 1 opening scene pilot translation."
"28_base_fairy_24_c_2","Hypothetically? The world's collapsing with you on board!","Хипотетично? Светът се разпада с теб на борда!","review","Day 1 opening scene pilot translation."
"28_base_fairy_24_c_3","Okay, okay... that sounds pretty convincing.","Добре, добре... това звучи доста убедително.","review","Day 1 opening scene pilot translation."
"28_base_fairy_24_c_4","You'll need to defeat yourself. Your evil half I mean.","Ще трябва да победиш себе си. Имам предвид злата си половина.","review","Day 1 opening scene pilot translation."
"28_base_fairy_24_c_5","Heh... feels like I've been working on that my whole life...","Хех... сякаш цял живот работя по това...","review","Day 1 opening scene pilot translation."
"28_base_fairy_24_c_5_1","But most importantly, you must restore the magic portal!","Но най-важното е да възстановиш магическия портал!","review","Day 1 opening scene pilot translation."
"28_base_fairy_24_c_6","I'll need some guidance for this.","Ще имам нужда от някакви насоки.","review","Day 1 opening scene pilot translation."
"28_base_fairy_24_c_7","Wise words. That is why you must travel to the temple of the Nature Goddess, in the swamp.","Мъдри думи. Затова трябва да пътуваш до храма на Богинята на природата, в блатото.","review","Day 1 opening scene pilot translation."
"28_base_fairy_24_c_8","She is weak... but she might answer you.","Тя е слаба... но може и да ти отговори.","review","Day 1 opening scene pilot translation."
"28_base_fairy_24_c_9","How many temples do you people have around here?","Колко храма имате тук?","review","Day 1 opening scene pilot translation."
"28_base_fairy_25","No more questions! You've got plenty to do.","Без повече въпроси! Имаш предостатъчно работа.","review","Day 1 opening scene pilot translation."
"28_base_fairy_26","I'll be waiting for you... in the swamp!","Ще те чакам... в блатото!","review","Day 1 opening scene pilot translation."
"28_base_fairy_27","Gotta admit she's got style.","Трябва да призная, че има стил.","review","Day 1 opening scene pilot translation."
"28_base_fairy_3","Achoo!","Апчих!","review","Day 1 opening scene pilot translation."
"28_base_fairy_4","Bless you.","Наздраве.","review","Day 1 opening scene pilot translation."
"28_base_fairy_5","What took you so long? Doing side quests?","Къде се забави толкова? Вършеше странични задачи ли?","review","Day 1 opening scene pilot translation."
"28_base_fairy_6","Oh, Mother Nature... What's that skull doing there?","О, Майко Природо... Какво прави този череп тук?","review","Day 1 opening scene pilot translation."
"28_base_fairy_7","I'm his friend!","Аз съм му приятел!","review","Day 1 opening scene pilot translation."
"28_base_fairy_8","Really? You have a strange appeal to skulls...","Наистина? Имаш странно влечение към черепите...","review","Day 1 opening scene pilot translation."
"28_base_fairy_9","Anyway... You've taken the first step in saving this world!","Както и да е... Направи първата стъпка към спасяването на този свят!","review","Day 1 opening scene pilot translation."
"28_base_fairy_summon","Chasing Fairy Lights","В преследване на фееричните светлини","review","Day 1 opening scene pilot translation."
"29_port_linda_cards_1","Deck of Cards","Тесте карти","review","Day 1 opening scene pilot translation."
"29_port_linda_cards_10","Open... and well supplied.","Отворен... и добре зареден.","review","Day 1 opening scene pilot translation."
"29_port_linda_cards_11","I can help with that.","Мога да помогна с това.","review","Day 1 opening scene pilot translation."
"29_port_linda_cards_12","Oh! I'd be so grateful! So very grateful...","О! Ще съм ти толкова благодарна! Наистина много благодарна...","review","Day 1 opening scene pilot translation."
"29_port_linda_cards_13","You manage that, and I'll definitely give you Gunter's deck.","Ако се погрижиш за това, със сигурност ще ти дам тестето на Гюнтер.","review","Day 1 opening scene pilot translation."
"29_port_linda_cards_2","Did you happen to find a deck of tarot cards?","Случайно да си намерила тесте таро карти?","review","Day 1 opening scene pilot translation."
"29_port_linda_cards_3","Why yes... I did.","О, да... намерих.","review","Day 1 opening scene pilot translation."
"29_port_linda_cards_4","Tell Gunter I'm not giving it back.","Кажи на Гюнтер, че няма да му ги върна.","review","Day 1 opening scene pilot translation."
"29_port_linda_cards_5","His fortune-telling is complete nonsense.","Предсказанията му са пълни глупости.","review","Day 1 opening scene pilot translation."
"29_port_linda_cards_6","Although he did say a hero would come...","Макар че каза, че щял да дойде герой...","review","Day 1 opening scene pilot translation."
"29_port_linda_cards_7","So can I get his deck back?","Значи мога да си взема тестето обратно?","review","Day 1 opening scene pilot translation."
"29_port_linda_cards_8","Still... he also predicted that the old shop in the port would open again.","И все пак... той предсказа и че старата работилница на пристанището ще отвори отново.","review","Day 1 opening scene pilot translation."
"29_port_linda_cards_9","Bringing this town back to life is very important for my... work.","Да върнем града към живот е много важно за моята... работа.","review","Day 1 opening scene pilot translation."
"29_port_linda_meet","Safe Harbor","Сигурно пристанище","review","Day 1 opening scene pilot translation."
"29_port_linda_meeting_1","Hi. I'm the Graveyard Keeper.","Здравейте. Аз съм Гробарят.","review","Day 1 opening scene pilot translation."
"29_port_linda_meeting_2","Oh, of course... of course! Your fame precedes you!","О, разбира се... разбира се! Славата ви ви изпреварва!","review","Day 1 opening scene pilot translation."
"29_port_linda_meeting_3","We've all been waiting for a hero like you.","Всички чакахме герой като вас.","review","Day 1 opening scene pilot translation."
"29_port_linda_meeting_3_1","My name is Linda by the way.","Между другото, казвам се Линда.","review","Day 1 opening scene pilot translation."
"29_port_linda_meeting_4","I'm flattered...","Поласкан съм...","review","Day 1 opening scene pilot translation."
"29_port_linda_meeting_5","So, you run this tavern?","Ти ли държиш тази кръчма?","review","Day 1 opening scene pilot translation."
"29_port_linda_meeting_6","Tavern? Oh no, it's much more than that...","Кръчма? О, не, тя е много повече от това...","review","Day 1 opening scene pilot translation."
"29_port_linda_meeting_7","We had all kinds of entertainment here, back in the day...","Навремето тук имахме всякакви забавления...","review","Day 1 opening scene pilot translation."
"29_port_linda_meeting_8","Good to know.","Добре е да го знам.","review","Day 1 opening scene pilot translation."
"3_intro_defence_after_sewer_1","Who the hell are you?","Кой, по дяволите, си ти?","review","Day 1 opening scene pilot translation."
"3_intro_defence_after_sewer_10","I'm here... to save the...","Тук съм... за да спася...","review","Day 1 opening scene pilot translation."
"3_intro_defence_after_sewer_11","Don't tell me you're an Inquisitor... 'cause that's a familiar tale...","Само не ми казвай, че си инквизитор... защото тази история ми е позната...","review","Day 1 opening scene pilot translation."
"3_intro_defence_after_sewer_12","Sir! A new wave of zombies is approaching!","Господине! Нова вълна зомбита приближава!","review","Day 1 opening scene pilot translation."
"3_intro_defence_after_sewer_13","You're not a zombie... maybe you actually are an Inquisitor...","Не си зомби... може би наистина си инквизитор...","review","Day 1 opening scene pilot translation."
"3_intro_defence_after_sewer_14","Either way, you can hold a weapon.","Както и да е, можеш да държиш оръжие.","review","Day 1 opening scene pilot translation."
"3_intro_defence_after_sewer_15","That's all that matters right now.","Това е единственото важно нещо в момента.","review","Day 1 opening scene pilot translation."
"3_intro_defence_after_sewer_16","You haven't got armor and a sword, though...","Но нямаш броня и меч...","review","Day 1 opening scene pilot translation."
"3_intro_defence_after_sewer_17","Go get them from the workshop.","Вземи ги от работилницата.","review","Day 1 opening scene pilot translation."
"3_intro_defence_after_sewer_2","I found him in the infected part of town...","Намерих го в заразената част на града...","review","Day 1 opening scene pilot translation."
"3_intro_defence_after_sewer_3","He was wandering around the Inquisitor district, completely lost.","Скиташе се из района на Инквизицията, напълно изгубен.","review","Day 1 opening scene pilot translation."
"3_intro_defence_after_sewer_4","He calls himself Keeper.","Нарича себе си Гробар.","review","Day 1 opening scene pilot translation."
"3_intro_defence_after_sewer_5","A looter. You know that's forbidden, right?","Мародер. Знаеш, че това е забранено, нали?","review","Day 1 opening scene pilot translation."
"3_intro_defence_after_sewer_6","I'm not a...","Аз не съм...","review","Day 1 opening scene pilot translation."
"3_intro_defence_after_sewer_7","Let me see what's in your bag...","Я да видя какво има в чантата ти...","review","Day 1 opening scene pilot translation."
"3_intro_defence_after_sewer_8","Hmm... an ugly skull, a royal signet, and an Inquisitor's medallion.","Хм... грозен череп, кралски печат и медальон на инквизитор.","review","Day 1 opening scene pilot translation."
"3_intro_defence_after_sewer_9","Odd assortment...","Странна колекция...","review","Day 1 opening scene pilot translation."
"3_intro_defence_armour_1","Hello. I need armor and a sword.","Здравейте. Трябват ми броня и меч.","review","Day 1 opening scene pilot translation."
"3_intro_defence_armour_2","Sure. I just dish it out to whoever comes in here.","Разбира се. Раздавам ги на всеки, който влезе тук.","review","Day 1 opening scene pilot translation."
"3_intro_defence_armour_3","Uhh...","Ъъъ...","review","Day 1 opening scene pilot translation."
"3_intro_defence_armour_3_1","Lucky for you I invented these conveyor belts.","Късметлия си, че измислих тези конвейерни ленти.","review","Day 1 opening scene pilot translation."
"3_intro_defence_armour_3_2","I can get resources to the workbench in no time!","Мога да доставя ресурси до работната маса за нула време!","review","Day 1 opening scene pilot translation."
"3_intro_defence_armour_3_3","Now, with the semi-automatic workbench, your armor will be ready in a snap.","Сега, с полуавтоматичната работна маса, бронята ти ще е готова за миг.","review","Day 1 opening scene pilot translation."
"3_intro_defence_armour_3_4","Impressive, right?","Впечатляващо, нали?","review","Day 1 opening scene pilot translation."
"3_intro_defence_armour_3_5","Sarcasm","Сарказъм.","review","Day 1 opening scene pilot translation."
"3_intro_defence_armour_3_6","Absolutely. I finally had enough time to get over my midlife crisis.","Абсолютно. Най-сетне имах време да преодолея кризата на средната възраст.","review","Day 1 opening scene pilot translation."
"3_intro_defence_armour_4","Never mind me, just take the armor and go.","Не ми обръщай внимание, просто вземи бронята и тръгвай.","review","Day 1 opening scene pilot translation."
"3_intro_defence_armour_5","Since you're carrying armor and a sword, you might as well equip them.","Щом носиш броня и меч, можеш направо да ги екипираш.","review","Day 1 opening scene pilot translation."
"3_intro_defence_armour_6","I might have trouble if I left without armor and a sword.","Може да имам проблеми, ако си тръгна без броня и меч.","review","Day 1 opening scene pilot translation."
"3_intro_defence_fight_1","You look great in the armor. Just like a real Inquisitor.","Изглеждаш страхотно в бронята. Точно като истински инквизитор.","review","Day 1 opening scene pilot translation."
"3_intro_defence_fight_10","What are you waiting for? Grab the banner and lead the guys to battle.","Какво чакаш? Грабвай знамето и поведи момчетата в битка.","review","Day 1 opening scene pilot translation."
"3_intro_defence_fight_2","Speaking of which — our boys could use some motivation.","Като стана дума за това - нашите момчета имат нужда от малко мотивация.","review","Day 1 opening scene pilot translation."
"3_intro_defence_fight_3","Look, guys, we've got a real Inquisitor here with us!","Вижте, момчета, с нас има истински инквизитор!","review","Day 1 opening scene pilot translation."
"3_intro_defence_fight_4","Wow.","Еха.","review","Day 1 opening scene pilot translation."
"3_intro_defence_fight_5","That's awesome!","Страхотно!","review","Day 1 opening scene pilot translation."
"3_intro_defence_fight_6","Take this party and go defend the right flank.","Вземи този отряд и защитавай десния фланг.","review","Day 1 opening scene pilot translation."
"3_intro_defence_fight_7","Accept the promotion.","Приеми повишението.","review","Day 1 opening scene pilot translation."
"3_intro_defence_fight_8","Okay, ready guys? Let's go.","Добре, готови ли сте, момчета? Да вървим.","review","Day 1 opening scene pilot translation."
"3_intro_defence_fight_9","Look at you, climbing the ranks!","Гледай се само - изкачваш се в йерархията!","review","Day 1 opening scene pilot translation."
"3_intro_defence_retreat_1","Fall back to the port everyone!","Всички обратно към пристанището!","review","Day 1 opening scene pilot translation."
"3_intro_defence_retreat_10","That was anticlimactic. ","Това беше доста безславно.","review","Day 1 opening scene pilot translation."
"3_intro_defence_retreat_11","At least he bought us some time. Let's go for the gates.","Поне ни спечели малко време. Да се насочим към портите.","review","Day 1 opening scene pilot translation."
"3_intro_defence_retreat_12","Dammit! Those village idiots blocked the gates again.","По дяволите! Тези селски идиоти пак са блокирали портите.","review","Day 1 opening scene pilot translation."
"3_intro_defence_retreat_13","Hey, villagers. Open up!","Хей, селяни. Отворете!","review","Day 1 opening scene pilot translation."
"3_intro_defence_retreat_14","No can do. The village chief says no-no.","Няма да стане. Главата на селото каза не.","review","Day 1 opening scene pilot translation."
"3_intro_defence_retreat_15","Since when does he have more authority than me?! Open up!","Откога той има повече власт от мен?! Отваряйте!","review","Day 1 opening scene pilot translation."
"3_intro_defence_retreat_16","Maybe we should open it?","Може би трябва да я отворим?","review","Day 1 opening scene pilot translation."
"3_intro_defence_retreat_17","Why?","Защо?","review","Day 1 opening scene pilot translation."
"3_intro_defence_retreat_18","I think those guys need our help.","Мисля, че тези хора имат нужда от помощта ни.","review","Day 1 opening scene pilot translation."
"3_intro_defence_retreat_19","Naah. They're fine.","Не. Те са си добре.","review","Day 1 opening scene pilot translation."
"3_intro_defence_retreat_20","Looks like we're all gonna be eaten. Even my bones are about to get gnawed over.","Изглежда всички ще бъдем изядени. Дори костите ми скоро ще бъдат оглозгани.","review","Day 1 opening scene pilot translation."
"3_intro_defence_retreat_21","Maybe show them your fancy medallion?","Може би им покажеш изискания си медальон?","review","Day 1 opening scene pilot translation."
"3_intro_defence_retreat_22","Look, I come from the Inquisition!","Вижте, идвам от Инквизицията!","review","Day 1 opening scene pilot translation."
"3_intro_defence_retreat_23","What's an Inquisitor doing with you lot?","Какво прави инквизитор с вас?","review","Day 1 opening scene pilot translation."
"3_intro_defence_retreat_24","You're here to save us, right?","Тук си, за да ни спасиш, нали?","review","Day 1 opening scene pilot translation."
"3_intro_defence_retreat_25","You know, to help us and restore the Inquisition in the Citadel.","Знаеш, да ни помогнеш и да възстановиш Инквизицията в Цитаделата.","review","Day 1 opening scene pilot translation."
"3_intro_defence_retreat_26_a","Open up right this second you losers!","Отворете веднага, нещастници!","review","Day 1 opening scene pilot translation."
"3_intro_defence_retreat_26_a_1","For I have the King's signet!","Защото имам кралския печат!","review","Day 1 opening scene pilot translation."
"3_intro_defence_retreat_26_b","Could you please open the gates?","Бихте ли отворили портите, моля?","review","Day 1 opening scene pilot translation."
"3_intro_defence_retreat_26_b_1","I bear the King's signet, after all...","Все пак нося кралския печат...","review","Day 1 opening scene pilot translation."
"3_intro_defence_retreat_27","Wow, he has so much shiny stuff. Must be an Inquisitor.","Еха, има толкова много блестящи неща. Сигурно е инквизитор.","review","Day 1 opening scene pilot translation."
"3_intro_defence_retreat_3","I've heard of your plight.","Чувал съм за бедата ви.","review","Day 1 opening scene pilot translation."
"3_intro_defence_retreat_4","And I've come to vanquish all thy foes!","И дойдох да унищожа всичките ви врагове!","review","Day 1 opening scene pilot translation."
"3_intro_defence_retreat_5","It took me three days and three nights to get here, aboard a merchant ship.","Три дни и три нощи пътувах дотук с търговски кораб.","review","Day 1 opening scene pilot translation."
"3_intro_defence_retreat_6","But now I'm ready to be your savior!","Но сега съм готов да бъда вашият спасител!","review","Day 1 opening scene pilot translation."
"3_intro_defence_retreat_7","Die you filthy abominations!","Умрете, мръсни изчадия!","review","Day 1 opening scene pilot translation."
"3_intro_defence_retreat_8","Hey! Wait! Biting isn't fair!","Хей! Чакайте! Хапането не е честно!","review","Day 1 opening scene pilot translation."
"3_intro_defence_retreat_9","Help! Urrrr....","Помощ! Ъъррр...","review","Day 1 opening scene pilot translation."
"30_port_warehouse_1","What happened? Did you find what you needed at the warehouse?","Какво се случи? Намери ли каквото ти трябваше в склада?","review","Day 1 opening scene pilot translation."
"30_port_warehouse_2","No! I was almost finished breaking in... and then this awful man showed up!","Не! Почти бях приключила с взлома... и тогава се появи този ужасен човек!","review","Day 1 opening scene pilot translation."
"30_port_warehouse_3","He wouldn't let me in.","Той не ми позволи да вляза.","review","Day 1 opening scene pilot translation."
"30_port_warehouse_4","As I told you, the entirety of the contents technically belongs to the Town...","Както ти казах, цялото съдържание по закон принадлежи на града...","review","Day 1 opening scene pilot translation."
"30_port_warehouse_5","I've lived here my whole life!","Живея тук откакто се помня!","review","Day 1 opening scene pilot translation."
"30_port_warehouse_6","But as you can see, if you'll allow me...","Но както виждаш, ако ми позволиш...","review","Day 1 opening scene pilot translation."
"30_port_warehouse_find_out_1","It's utterly barbaric!","Това е направо варварство!","review","Day 1 opening scene pilot translation."
"30_port_warehouse_inside_1","... Hey. Where is everything?","... Хей. Къде е всичко?","review","Day 1 opening scene pilot translation."
"30_port_warehouse_inside_10","We're the only ones who can get those supplies back.","Само ние можем да си върнем тези провизии.","review","Day 1 opening scene pilot translation."
"30_port_warehouse_inside_11","Supplies","Провизии","review","Day 1 opening scene pilot translation."
"30_port_warehouse_inside_12","I don't know. I can grow crops, sure... but other resources are pretty limited.","Не знам. Мога да отглеждам култури, разбира се... но другите ресурси са доста ограничени.","review","Day 1 opening scene pilot translation."
"30_port_warehouse_inside_13","No problem...","Няма проблем...","review","Day 1 opening scene pilot translation."
"30_port_warehouse_inside_14","There's an old quarry and mine in the forest near the village.","В гората близо до селото има стара каменоломна и мина.","review","Day 1 opening scene pilot translation."
"30_port_warehouse_inside_15","Those silly peasants closed off the forest... Gods know why.","Тези глупави селяни са затворили гората... Бог знае защо.","review","Day 1 opening scene pilot translation."
"30_port_warehouse_inside_16","But I'm sure you'll find a way in.","Но съм сигурен, че ще намериш начин да влезеш.","review","Day 1 opening scene pilot translation."
"30_port_warehouse_inside_17","Some iron would be enough for a start...","За начало ще ни стигне малко желязо...","review","Day 1 opening scene pilot translation."
"30_port_warehouse_inside_18","Okay, I'll see what I can do.","Добре, ще видя какво мога да направя.","review","Day 1 opening scene pilot translation."
"30_port_warehouse_inside_19","Why are you doing all this?","Защо правиш всичко това?","review","Day 1 opening scene pilot translation."
"30_port_warehouse_inside_2","Gone...","Изчезнало е...","review","Day 1 opening scene pilot translation."
"30_port_warehouse_inside_20","Why am I so obsessed with supplies and tech?","Защо съм толкова обсебена от провизиите и технологиите?","review","Day 1 opening scene pilot translation."
"30_port_warehouse_inside_21","Because that's the only thing that matters.","Защото това е единственото, което има значение.","review","Day 1 opening scene pilot translation."
"30_port_warehouse_inside_22","And now... with your help ... I can finally bring science and progress to this world.","А сега... с твоя помощ... най-сетне мога да донеса на този свят наука и прогрес.","review","Day 1 opening scene pilot translation."
"30_port_warehouse_inside_23","One step at a time...","Една стъпка след друга...","review","Day 1 opening scene pilot translation."
"30_port_warehouse_inside_24","But why?","Но защо?","review","Day 1 opening scene pilot translation."
"30_port_warehouse_inside_25","Why?","Защо?","review","Day 1 opening scene pilot translation."
"30_port_warehouse_inside_26","Because I need a mechanical, fully automated hand, that's why!","Защото ми трябва механична, напълно автоматизирана ръка, ето защо!","review","Day 1 opening scene pilot translation."
"30_port_warehouse_inside_3","But... but...!","Но... но...!","review","Day 1 opening scene pilot translation."
"30_port_warehouse_inside_4","There's nothing left. I fear we're doomed.","Нищо не е останало. Страхувам се, че сме обречени.","review","Day 1 opening scene pilot translation."
"30_port_warehouse_inside_5","The only way to get more supplies is to wait for a new trade ship.","Единственият начин да получим още провизии е да изчакаме нов търговски кораб.","review","Day 1 opening scene pilot translation."
"30_port_warehouse_inside_6","And for that, I'll need to make preparations.","А за това ще трябва да се подготвя.","review","Day 1 opening scene pilot translation."
"30_port_warehouse_inside_7","If anyone wants to help the Town, meet me at the port.","Ако някой иска да помогне на града, да ме чака на пристанището.","review","Day 1 opening scene pilot translation."
"30_port_warehouse_inside_8","If anyone wants to help... blah blah blah...","Ако някой иска да помогне... бля-бля-бля...","review","Day 1 opening scene pilot translation."
"30_port_warehouse_inside_9","Listen — we're both engineers.","Слушай - и двамата сме инженери.","review","Day 1 opening scene pilot translation."
"31_forest_guards_earlier_1","Can't let you go wandering into the forest...","","untranslated",""
"31_forest_guards_earlier_2","Too dangerous!","","untranslated",""
"31_forest_guards_entrance_1","Halt! Where do you think you're going?","","untranslated",""
"31_forest_guards_entrance_10","... for example, the Head of the Village, then I'll let you through.","","untranslated",""
"31_forest_guards_entrance_2","Umm... into the forest?","","untranslated",""
"31_forest_guards_entrance_3","Sorry, can't let you through. Too dangerous.","","untranslated",""
"31_forest_guards_entrance_4","Yeah, it's like, full of goblins.","","untranslated",""
"31_forest_guards_entrance_5","Again with the goblins... Tibo, they don't exist.","","untranslated",""
"31_forest_guards_entrance_6","Then who's stealing all my right socks?!","","untranslated",""
"31_forest_guards_entrance_7","*Sigh* ","","untranslated",""
"31_forest_guards_entrance_8","I really need to go into the forest though.","","untranslated",""
"31_forest_guards_entrance_9","If someone from the village vouched for you...","","untranslated",""
"31_forest_guards_pass","Into the Forest (Eventually)","","untranslated",""
"32_guards_book_1","I can't help but notice how grim you are all the time.","","untranslated",""
"32_guards_book_10","Or maybe it's just the fresh air and all the physical activity.","","untranslated",""
"32_guards_book_11","Anyway... is there anything I can do to cheer you up?","","untranslated",""
"32_guards_book_12","Hm... Oh what the heck... Could you get me a love novel?","","untranslated",""
"32_guards_book_13","Yeah. I kept putting it off, and then everything went to hell.","","untranslated",""
"32_guards_book_13_1","I'm surprised. But not judging...","","untranslated",""
"32_guards_book_15","Do you know where I could find one?","","untranslated",""
"32_guards_book_16","In the zombie-infested part of the Town... in my old house.","","untranslated",""
"32_guards_book_17","Right... any idea how I'm supposed to get there?","","untranslated",""
"32_guards_book_18","You don't have to.","","untranslated",""
"32_guards_book_19","Maybe the looters' boss at the port tavern could help you.","","untranslated",""
"32_guards_book_2","Nothing escapes... the Inquisitor's eye...","","untranslated",""
"32_guards_book_20","I'd do it myself... but you know... those novels could ruin my reputation.","","untranslated",""
"32_guards_book_21","I see...","","untranslated",""
"32_guards_book_22","Whereas I'm the weirdo who lives in the graveyard.","","untranslated",""
"32_guards_book_23","My reputation is bulletproof.","","untranslated",""
"32_guards_book_3","Seriously, though. I think we're doing good.","","untranslated",""
"32_guards_book_4","Maybe, but... you still have a lot of time ahead of you.","","untranslated",""
"32_guards_book_5","And I'm just old... and looking for a little peace.","","untranslated",""
"32_guards_book_6","Yeah. I understand.","","untranslated",""
"32_guards_book_7","In my previous life, I think I wanted that too.","","untranslated",""
"32_guards_book_8","What changed?","","untranslated",""
"32_guards_book_9","Maybe I found some balance now...","","untranslated",""
"32_guards_book_bring","Sad Captain, No Action","","untranslated",""
"33_base_complain_1","Hey, where's the body?","","untranslated",""
"33_base_complain_10","She's ordered... in the name of the Church... that all corpses are to remain with her for a time.","","untranslated",""
"33_base_complain_11","That's... weird. So you're refusing to collect bodies from her?","","untranslated",""
"33_base_complain_12","Definitely.","","untranslated",""
"33_base_complain_13","Any idea why she's doing this?","","untranslated",""
"33_base_complain_14","Of course I... I mean – no! No idea. She's just weird, okay?","","untranslated",""
"33_base_complain_15","Alright, fine. I'll talk to her. Those corpses need to get moving again.","","untranslated",""
"33_base_complain_16","I've got big plans for them.","","untranslated",""
"33_base_complain_17","Zombie Resurrection","","untranslated",""
"33_base_complain_18","The fairy from the swamp told me that you know how to resurrect corpses... how to make zombies.","","untranslated",""
"33_base_complain_19","Who, me? That must be some other donkey.","","untranslated",""
"33_base_complain_2","I'm kinda on strike...","","untranslated",""
"33_base_complain_20","Yeah, sure... there are so many talking donkeys in the graveyard business.","","untranslated",""
"33_base_complain_21","Alright, alright. Maybe I have... a book!  The book may help you.","","untranslated",""
"33_base_complain_22","I've got some problems I need solved. You want the book? Help me out first.","","untranslated",""
"33_base_complain_23","Look who's talking. What if I just fired you? Remember — ""Better to have a job than be turned into stew.""","","untranslated",""
"33_base_complain_24","Ha! That was a long time ago — before the Town started getting back on its feet.","","untranslated",""
"33_base_complain_25","Nowadays, a clever donkey like me has plenty of options.","","untranslated",""
"33_base_complain_26","Lucky for you... hauling corpses is my true calling!","","untranslated",""
"33_base_complain_27","So, do we have a deal?","","untranslated",""
"33_base_complain_28","Necro....? Ok never mind, it's a deal.","","untranslated",""
"33_base_complain_3","Wait – you? On strike? I thought we were done with your whole commie phase.","","untranslated",""
"33_base_complain_4","Yeah yeah, no more red flags... But this time it's the unbearable working conditions.","","untranslated",""
"33_base_complain_5","What are you talking about?","","untranslated",""
"33_base_complain_6","That awful, scary woman. – She hates donkeys.","","untranslated",""
"33_base_complain_7","You mean the Nun?","","untranslated",""
"33_base_complain_8","Yes! And now she's staying in the old well house... at  the crossroads.","","untranslated",""
"33_base_complain_9","So?","","untranslated",""
"34_port_looters_first_1","If you're looking for small talk...","","untranslated",""
"34_port_looters_first_2","You definitely got the wrong guy.","","untranslated",""
"34_port_looters_keys_1","Love novel.","","untranslated",""
"34_port_looters_keys_2","I got you those keys.","","untranslated",""
"34_port_looters_keys_3","What a coincidence, I got your book.","","untranslated",""
"34_port_looters_keys_4","Wow, I didn't think you'd be so fast.","","untranslated",""
"34_port_looters_keys_5","Usually it takes a couple of days.","","untranslated",""
"34_port_looters_keys_6","You bring the keys, place an order, and I leave your item in the chest behind me.","","untranslated",""
"34_port_looters_keys_7","I'm here every <sprite name=""day_lust"">, collecting new orders.","","untranslated",""
"34_port_looters_meet","Wharf Rats","","untranslated",""
"34_port_looters_meeting_1","I'm looking for the boss of the looters.","","untranslated",""
"34_port_looters_meeting_10","A love novel, actually. A specific book, from a specific house.","","untranslated",""
"34_port_looters_meeting_11","Heh... Now I get it. You know what?","","untranslated",""
"34_port_looters_meeting_12","What?","","untranslated",""
"34_port_looters_meeting_13","You don't need the looters. Davy is your man.","","untranslated",""
"34_port_looters_meeting_14","I'll get it for you... in exchange for some swording.","","untranslated",""
"34_port_looters_meeting_15","What do you mean?","","untranslated",""
"34_port_looters_meeting_16","I admire what you're doing... fighting back the undead.","","untranslated",""
"34_port_looters_meeting_17","I just need you to do it... in specific places.","","untranslated",""
"34_port_looters_meeting_18","Sounds fair fo me.","","untranslated",""
"34_port_looters_meeting_2","Well that's lucky... you found me instead.","","untranslated",""
"34_port_looters_meeting_3","Yeah, that's very nice. But I still need to contact the looters.","","untranslated",""
"34_port_looters_meeting_4","You really don't. You found me... Davy...  Davy the Dagger!","","untranslated",""
"34_port_looters_meeting_5","Oh... Hi Davy.","","untranslated",""
"34_port_looters_meeting_6","So, what do you need the looters for?","","untranslated",""
"34_port_looters_meeting_7","Well, this might sound strange...","","untranslated",""
"34_port_looters_meeting_8","But I need something retrieved from the infected part of the Town.","","untranslated",""
"34_port_looters_meeting_9","That is very strange indeed... you need looters to loot something for you...","","untranslated",""
"34_port_looters_order_0","Techbooks","","untranslated",""
"34_port_looters_order_1","Make an order","","untranslated",""
"34_port_looters_order_2","Red Techbooks","","untranslated",""
"34_port_looters_order_3","Green Techbooks","","untranslated",""
"34_port_looters_order_4","Blue Techbooks","","untranslated",""
"34_port_looters_order_5","Random Techbooks","","untranslated",""
"34_port_looters_order_6","Zombie Collars","","untranslated",""
"34_port_looters_order_7","Stories","","untranslated",""
"34_port_looters_order_8","Valuables","","untranslated",""
"34_port_looters_order_9","Seeds","","untranslated",""
"34_port_looters_order_big","Big order","","untranslated",""
"34_port_looters_order_medium","Medium order","","untranslated",""
"34_port_looters_order_small","Small order","","untranslated",""
"35_port_pop_new_people_1","New people?","","untranslated",""
"35_port_pop_new_people_10","Heh. I'll have to pack it with tons of Faith to make it even remotely believable.","","untranslated",""
"35_port_pop_new_people_2","Can you explain how exactly you plan to bring more folks here?","","untranslated",""
"35_port_pop_new_people_3","We have a very charming town... It's just missing one thing — actual townsfolk.","","untranslated",""
"35_port_pop_new_people_4","Once a week, on <sprite name=""day_lust"">, a merchant ship docks at the port.","","untranslated",""
"35_port_pop_new_people_5","So what's your plan?","","untranslated",""
"35_port_pop_new_people_6","I'll make sure the next one is carrying people looking for a fresh start.","","untranslated",""
"35_port_pop_new_people_7","But I'll need some advertising materials from you.","","untranslated",""
"35_port_pop_new_people_8","Like... a brochure? For the Town?","","untranslated",""
"35_port_pop_new_people_9","Exactly! Something to really sell the charm.","","untranslated",""
"35_port_pop_shop_1","The shop is open.","","untranslated",""
"35_port_pop_shop_10","Plus, I'm an expert at making things look better than they actually are.","","untranslated",""
"35_port_pop_shop_11","Speaking of how things look... don't you think this place could use a little freshening up?","","untranslated",""
"35_port_pop_shop_12","It's fine. Maybe slap on some paint — and say it's vintage.","","untranslated",""
"35_port_pop_shop_13","Exactly! You're absolutely right. It would be so lovely if you could bring me some paint.","","untranslated",""
"35_port_pop_shop_14","Alright, I'll see what I can do.","","untranslated",""
"35_port_pop_shop_2","How lovely it is to finally buy fresh food again...","","untranslated",""
"35_port_pop_shop_3","How did we ever manage without such a handy man!","","untranslated",""
"35_port_pop_shop_4","You mean handsome, of course.","","untranslated",""
"35_port_pop_shop_5","Ha! Sure, let's go with that.","","untranslated",""
"35_port_pop_shop_6","I like you... You can have Gunter's cards.","","untranslated",""
"35_port_pop_shop_7","The two of us together, we're ready to draw new people to the Town!","","untranslated",""
"35_port_pop_shop_8","Yeah, a zombie apocalypse would be the perfect sightseeing...","","untranslated",""
"35_port_pop_shop_9","Fiddlesticks... People see what they want to see. ","","untranslated",""
"36_port_trademaster_lenses","Crystal Clear","","untranslated",""
"36_port_trademaster_lenses_1","Give lenses.","","untranslated",""
"36_port_trademaster_lenses_2","Great! Now we can finish the lights and secure the bay.","","untranslated",""
"36_port_trademaster_lenses_3","I'm curious to see what exotic stuff the ships bring.","","untranslated",""
"36_port_trademaster_lenses_4","I bet you are.","","untranslated",""
"36_port_trademaster_lenses_5","Stop by every <sprite name=""day_lust"">, and I'll have new exotic goods ready for you.","","untranslated",""
"36_port_trademaster_meeting_1","Ah. good! It's a pleasure to see you.","","untranslated",""
"36_port_trademaster_meeting_10","We need some kind of floating lighthouse to mark the most dangerous spots.","","untranslated",""
"36_port_trademaster_meeting_11","I've got everything ready... except we still don't have the lenses for the lamps.","","untranslated",""
"36_port_trademaster_meeting_12","I'll see what I can do.","","untranslated",""
"36_port_trademaster_meeting_13_a","Ships of the dead?","","untranslated",""
"36_port_trademaster_meeting_13_a_1","Back then, we thought it was best to send away our departed...","","untranslated",""
"36_port_trademaster_meeting_13_a_10","Yes... I've heard about that. If it really works... then we might still have a chance.","","untranslated",""
"36_port_trademaster_meeting_13_a_11","Of course you do.","","untranslated",""
"36_port_trademaster_meeting_13_a_2","Away? But why?","","untranslated",""
"36_port_trademaster_meeting_13_a_3","Well, we had a problem sending their souls to rest, after the Bridge to the Afterlife was destroyed.","","untranslated",""
"36_port_trademaster_meeting_13_a_4","Whoa. Who would do a thing like that?","","untranslated",""
"36_port_trademaster_meeting_13_a_5","We did. Long ago, we abandoned our old faith... and betrayed our god.","","untranslated",""
"36_port_trademaster_meeting_13_a_6","You could still just bury them, you know.","","untranslated",""
"36_port_trademaster_meeting_13_a_7","That wouldn't put them to rest.","","untranslated",""
"36_port_trademaster_meeting_13_a_8","Well, it would... but only if a special Graveyard Keeper interred them in sacred soil.","","untranslated",""
"36_port_trademaster_meeting_13_a_9","That's exactly what I've been doing at my graveyard.","","untranslated",""
"36_port_trademaster_meeting_13_b","About the big ship.","","untranslated",""
"36_port_trademaster_meeting_13_b_1","Why is it so important to bring in bigger ships?","","untranslated",""
"36_port_trademaster_meeting_13_b_2","Good question. The bigger the ship, the farther it sails.","","untranslated",""
"36_port_trademaster_meeting_13_b_3","Really unique and exotic items come from afar... and we need them.","","untranslated",""
"36_port_trademaster_meeting_13_b_4","What for?","","untranslated",""
"36_port_trademaster_meeting_13_b_5","That's not a great question, but I'll answer.","","untranslated",""
"36_port_trademaster_meeting_13_b_6","What's the point of living in a smelly and crowded place, if you can't get access to exotic things?","","untranslated",""
"36_port_trademaster_meeting_13_b_7","This might sound weird... but somehow I agree with you.","","untranslated",""
"36_port_trademaster_meeting_2","What was that about the merchant ship and helping the Town?","","untranslated",""
"36_port_trademaster_meeting_3","Right. Small ships come to the harbor, mostly taking away refugees... ","","untranslated",""
"36_port_trademaster_meeting_4","Sometimes they bring a little food.","","untranslated",""
"36_port_trademaster_meeting_5","We'll soon change that!","","untranslated",""
"36_port_trademaster_meeting_6","That's the spirit! I like it.","","untranslated",""
"36_port_trademaster_meeting_7","We definitely need to make it possible for big ships to enter the bay.","","untranslated",""
"36_port_trademaster_meeting_8","So, what's the problem?","","untranslated",""
"36_port_trademaster_meeting_9","A lot of ships full of dead bodies sank in the bay.","","untranslated",""
"37_village_forest_pass","Into the Forest","","untranslated",""
"37_village_forest_pass_1","Ask about the forest.","","untranslated",""
"37_village_forest_pass_10","Can you be more specific?","","untranslated",""
"37_village_forest_pass_11","... Deadly bandits live there. They've terrorized us for years!","","untranslated",""
"37_village_forest_pass_12","Yeah... I've seen your village guards. The only thing terrorizing them is hangovers.","","untranslated",""
"37_village_forest_pass_13","... Magical, flying, glowing demons! They'll tear you apart!","","untranslated",""
"37_village_forest_pass_14","She wouldn't be happy to hear you call her a demon.","","untranslated",""
"37_village_forest_pass_15","Let's do it like last time...","","untranslated",""
"37_village_forest_pass_16","I help around the village, and you grant me access to the forest.","","untranslated",""
"37_village_forest_pass_17","Not so fast... Of course you'll need to help. ","","untranslated",""
"37_village_forest_pass_18","But first, fix the Royal Post Box near the tavern.","","untranslated",""
"37_village_forest_pass_19","Why's that so important?","","untranslated",""
"37_village_forest_pass_2","I know the forest is closed, but I really need to go in.","","untranslated",""
"37_village_forest_pass_20","Now that there's a competitor in the port, Januarius is nervous.","","untranslated",""
"37_village_forest_pass_21","We need ways to attract customers... A Royal Box would be a great start.","","untranslated",""
"37_village_forest_pass_22","The kingdom is in ruins. Will that even work?","","untranslated",""
"37_village_forest_pass_23","By the magic of Mother Nature...","","untranslated",""
"37_village_forest_pass_24","Mother Nature and...","","untranslated",""
"37_village_forest_pass_25","Bureaucracy!","","untranslated",""
"37_village_forest_pass_26","So yes, if you fix it, it will work.","","untranslated",""
"37_village_forest_pass_27","... Right. I'll see what I can do.","","untranslated",""
"37_village_forest_pass_28","I'll need proof that you really fixed it.","","untranslated",""
"37_village_forest_pass_29","Bring me an official certificate from the Mailbox, confirming my status as Head of the Village.","","untranslated",""
"37_village_forest_pass_3","Oh my... you'll need to talk to Jully about that.","","untranslated",""
"37_village_forest_pass_4","The forest is a sensitive subject for him.","","untranslated",""
"37_village_forest_pass_5","Ask about the forest.","","untranslated",""
"37_village_forest_pass_6","I need your permission to enter the forest.","","untranslated",""
"37_village_forest_pass_7","You've got no business in that forest.","","untranslated",""
"37_village_forest_pass_8","I literally have a lot to do there.","","untranslated",""
"37_village_forest_pass_9","It's closed for a reason!","","untranslated",""
"38_village_mailbox_1","Repair the box...","","untranslated",""
"38_village_mailbox_10","Please select an option:","","untranslated",""
"38_village_mailbox_2","How am I supposed to fix you?","","untranslated",""
"38_village_mailbox_3","... clink...","","untranslated",""
"38_village_mailbox_4","Please state your name.","","untranslated",""
"38_village_mailbox_5","I'm the Graveyard Keeper. I live on the hill across the river.","","untranslated",""
"38_village_mailbox_6","[background music]","","untranslated",""
"38_village_mailbox_7","No way...","","untranslated",""
"38_village_mailbox_8","Your mail is very important to us...","","untranslated",""
"38_village_mailbox_9","[background music continues]","","untranslated",""
"38_village_mailbox_application_a","Cleric Application (not available)","","untranslated",""
"38_village_mailbox_application_b","Cleric Application ","","untranslated",""
"38_village_mailbox_application_b_1","Checking vacancy...","","untranslated",""
"38_village_mailbox_application_b_2","Kingdom's cleric count: 1 of 256 positions.","","untranslated",""
"38_village_mailbox_application_b_3","Cleric license granted.","","untranslated",""
"38_village_mailbox_application_b_4","Kingdom's cleric count: 2 of 256 positions.","","untranslated",""
"38_village_mailbox_certificate","Collect Head of the Village certificate.","","untranslated",""
"38_village_mailbox_certificate_1","Temporary certificate granted.","","untranslated",""
"38_village_mailbox_certificate_2","Note: An official election is required for a permanent Head of the Village certificate.","","untranslated",""
"38_village_mailbox_pay_taxes_a","Pay Taxes (not available)","","untranslated",""
"38_village_mailbox_pay_taxes_b","Pay Taxes ","","untranslated",""
"38_village_mailbox_pay_taxes_b_1","Tax increased!","","untranslated",""
"38_village_mailbox_repair_full","Repair Full Functionality","","untranslated",""
"38_village_mailbox_repair_full_1","Thank you for participating in the Royal Mail Service restoration process.","","untranslated",""
"38_village_mailbox_repair_full_2","Please select an option:","","untranslated",""
"38_village_mailbox_request_deed_a","Request Deed (not available)","","untranslated",""
"38_village_mailbox_request_deed_b","Request Deed","","untranslated",""
"38_village_mailbox_request_deed_b_1","Long-abandoned Inquisitor's base transferred to Graveyard Keeper.","","untranslated",""
"38_village_mailbox_royal_signet","Use Royal Signet","","untranslated",""
"38_village_mailbox_royal_signet_1","This Mailbox is now fully functional.","","untranslated",""
"38_village_mailbox_verification","The 42-Step Verification Process","","untranslated",""
"38_village_mailbox_verification_1","Warning: You may proceed after completing the following 42 simple steps. Continue?","","untranslated",""
"38_village_mailbox_verification_1_a","Yes","","untranslated",""
"38_village_mailbox_verification_1_a_1","Preparing 42-step form...","","untranslated",""
"38_village_mailbox_verification_1_a_10","This Mailbox is now fully functional.","","untranslated",""
"38_village_mailbox_verification_1_a_2","... clink...","","untranslated",""
"38_village_mailbox_verification_1_a_3","... clink...","","untranslated",""
"38_village_mailbox_verification_1_a_4","Warning: Royal Magenta running critically low...","","untranslated",""
"38_village_mailbox_verification_1_a_5","... clink...","","untranslated",""
"38_village_mailbox_verification_1_a_6","Skipping Step 1...","","untranslated",""
"38_village_mailbox_verification_1_a_7","Skipping Step 2...","","untranslated",""
"38_village_mailbox_verification_1_a_8","Oh NO!","","untranslated",""
"38_village_mailbox_verification_1_a_9","Skipping remaining 40 steps...","","untranslated",""
"38_village_mailbox_verification_1_b","No.","","untranslated",""
"39_village_frill_asking_1","Did the port's liberation improve your inventory?","","untranslated",""
"39_village_frill_asking_2","Well, in theory, yes.","","untranslated",""
"39_village_frill_asking_3","But my clothes aren't in the best condition.","","untranslated",""
"39_village_frill_asking_4","I can't make a public appearance looking like this.","","untranslated",""
"39_village_frill_asking_5","Your frill does look a little worn out.","","untranslated",""
"39_village_frill_asking_6","Hey! You were supposed to say I still look good!","","untranslated",""
"39_village_frill_asking_7","Erm... How about I get you some new lace?","","untranslated",""
"39_village_frill_asking_8","Why, that would be a tremendous help!","","untranslated",""
"39_village_frill_asking_9","Okay, I'm on it.","","untranslated",""
"39_village_frill_bring","The Frill of the Chase","","untranslated",""
"39_village_frill_lace_1","Here you go, your new lace.","","untranslated",""
"39_village_frill_lace_2","Thanks. You know, I almost want pay you.","","untranslated",""
"39_village_frill_lace_3","... almost?","","untranslated",""
"39_village_frill_lace_4","Yeah, this was obviously another trial run.","","untranslated",""
"39_village_frill_lace_5","But you're a good guy.","","untranslated",""
"39_village_frill_lace_6","You deserve to almost get paid.","","untranslated",""
"39_village_frill_lace_7","Thanks...","","untranslated",""
"4_intro_base_after_retreat_1","Move, move!","Движение, движение!","review","Day 1 opening scene pilot translation."
"4_intro_base_after_retreat_10","We need to save it... Fight them back!","Трябва да го спасим... Отблъснете ги!","review","Day 1 opening scene pilot translation."
"4_intro_base_after_retreat_11","Sure, you bet... but for now, I need you to check all our supplies.","Разбира се, както кажеш... но засега трябва да провериш всичките ни припаси.","review","Day 1 opening scene pilot translation."
"4_intro_base_after_retreat_12","We need rest. ","Трябва да си починем.","review","Day 1 opening scene pilot translation."
"4_intro_base_after_retreat_13","Meet you all at the guard tower...","Ще се видим при стражевата кула...","review","Day 1 opening scene pilot translation."
"4_intro_base_after_retreat_14","As for you...","А що се отнася до теб...","review","Day 1 opening scene pilot translation."
"4_intro_base_after_retreat_15","I know you're not an Inquisitor...","Знам, че не си инквизитор...","review","Day 1 opening scene pilot translation."
"4_intro_base_after_retreat_16","Whaaaaaaaaat? That's slander!!","Каааакво? Това е клевета!!","review","Day 1 opening scene pilot translation."
"4_intro_base_after_retreat_17","... but I honestly don't care.","...но честно казано, не ми пука.","review","Day 1 opening scene pilot translation."
"4_intro_base_after_retreat_18","Even an impostor may be of use right now.","Дори един самозванец може да ни е полезен в момента.","review","Day 1 opening scene pilot translation."
"4_intro_base_after_retreat_19","We need to bury the fallen on this side of the gate","Трябва да погребем падналите от тази страна на портата.","review","Day 1 opening scene pilot translation."
"4_intro_base_after_retreat_2","Close the gate!","Затворете портата!","review","Day 1 opening scene pilot translation."
"4_intro_base_after_retreat_20","Since you call yourself a Keeper... You do it.","Щом се наричаш Гробар... ти ще го направиш.","review","Day 1 opening scene pilot translation."
"4_intro_base_after_retreat_21","Fine... I'll figure something out.","Добре... ще измисля нещо.","review","Day 1 opening scene pilot translation."
"4_intro_base_after_retreat_22","There's an abandoned Inquisitor base to the west.","На запад има изоставена база на Инквизицията.","review","Day 1 opening scene pilot translation."
"4_intro_base_after_retreat_23","So... as an Inquisitor, I have rights to the place, right?","Значи... като инквизитор имам права над това място, нали?","review","Day 1 opening scene pilot translation."
"4_intro_base_after_retreat_24","Whatever... Sure, I guess you do...","Както и да е... Да, предполагам, че имаш...","review","Day 1 opening scene pilot translation."
"4_intro_base_after_retreat_25","Find a place for a graveyard there.","Намери място за гробище там.","review","Day 1 opening scene pilot translation."
"4_intro_base_after_retreat_26","I'll arrange the body delivery in the morning.","Сутринта ще уредя доставките на тела.","review","Day 1 opening scene pilot translation."
"4_intro_base_after_retreat_27","When you're done, return to me with the burial certificates.","Когато приключиш, върни се при мен със свидетелствата за погребение.","review","Day 1 opening scene pilot translation."
"4_intro_base_after_retreat_28","The Inquisitor's base sounds like a great place to crash.","Базата на Инквизицията звучи като чудесно място за преспиване.","review","Day 1 opening scene pilot translation."
"4_intro_base_after_retreat_29","Why?","Защо?","review","Day 1 opening scene pilot translation."
"4_intro_base_after_retreat_3","Wow... We nearly died.","Еха... За малко да умрем.","review","Day 1 opening scene pilot translation."
"4_intro_base_after_retreat_30","Well, we're basically homeless — and it's a whole fricking base!","Ами, практически сме бездомни - а това е цяла база!","review","Day 1 opening scene pilot translation."
"4_intro_base_after_retreat_31","You're right... I think it might be a good place to stay...","Прав си... май ще е добро място за оставане...","review","Day 1 opening scene pilot translation."
"4_intro_base_after_retreat_4","Argh... You know what? You can stay here!","Ох... Знаеш ли какво? Можеш да останеш тук!","review","Day 1 opening scene pilot translation."
"4_intro_base_after_retreat_5","But you're definitely not allowed to enter the village without permission.","Но определено нямаш право да влизаш в селото без разрешение.","review","Day 1 opening scene pilot translation."
"4_intro_base_after_retreat_6","As you wish... I'll have a few words with your boss tomorrow!","Както желаете... Утре ще си поговоря с началника ви!","review","Day 1 opening scene pilot translation."
"4_intro_base_after_retreat_7","Oh nooo... all my favorite equipment is in there!","О, неее... всичките ми любими инструменти са там!","review","Day 1 opening scene pilot translation."
"4_intro_base_after_retreat_8","I've been setting it up for ages!","Толкова време ми отне да ги подредя!","review","Day 1 opening scene pilot translation."
"4_intro_base_after_retreat_9","I wish there was something we could do about it, my friend...","Иска ми се да можехме да направим нещо по въпроса, приятелю...","review","Day 1 opening scene pilot translation."
"4_intro_base_home_1","You should go to bed. ","Трябва да си легнеш.","review","Day 1 opening scene pilot translation."
"4_intro_base_home_10","Fair point... see you tomorrow.","Добре казано... до утре.","review","Day 1 opening scene pilot translation."
"4_intro_base_home_2","I heard you living types kinda need sleep.","Чувал съм, че живите като теб имат нужда от сън.","review","Day 1 opening scene pilot translation."
"4_intro_base_home_3","And put me on the box by the bed. I don't like being stuck in a dark sack.","И ме сложи на сандъка до леглото. Не обичам да стоя в тъмен чувал.","review","Day 1 opening scene pilot translation."
"4_intro_base_home_4","Heh... So dusty... But it's better than the Inquisitor dungeon...","Кхъ-кхъ... Колко е прашно... Но пак е по-добре от подземието на Инквизицията...","review","Day 1 opening scene pilot translation."
"4_intro_base_home_5","Much better. I actually like this place.","Много по-добре. Всъщност ми харесва тук.","review","Day 1 opening scene pilot translation."
"4_intro_base_home_6","We found a place to lay low... he he.","Намерихме място, където да се снишим... хе-хе.","review","Day 1 opening scene pilot translation."
"4_intro_base_home_7","We just need to clean it up and fix a few things.","Само трябва да го почистим и да поправим няколко неща.","review","Day 1 opening scene pilot translation."
"4_intro_base_home_8","Yeah... it's so dusty I'm gonna sneeze.","Да... толкова е прашно, че ще кихна.","review","Day 1 opening scene pilot translation."
"4_intro_base_home_9","You literally have nothing to sneeze with.","Ти буквално нямаш с какво да кихаш.","review","Day 1 opening scene pilot translation."
"4_intro_base_near_base_1","That hut looks promising.","Тази колиба изглежда обещаващо.","review","Day 1 opening scene pilot translation."
"4_intro_base_near_church_1","Look... the ruins of an ancient god's temple...","Виж... руините на храм на древен бог...","review","Day 1 opening scene pilot translation."
"4_intro_base_near_church_2","Can't think of a better place for a graveyard...","Не мога да измисля по-добро място за гробище...","review","Day 1 opening scene pilot translation."
"4_intro_base_near_church_3","It's the closest thing to a holy place we're gonna find...","Това е най-близкото до свято място, което ще намерим...","review","Day 1 opening scene pilot translation."
"4_intro_base_near_church_4","There's even a spot for a cozy little morgue..","Има дори място за уютна малка морга...","review","Day 1 opening scene pilot translation."
"4_intro_base_near_church_5","Sounds like an easy job to me.","Звучи ми като лесна работа.","review","Day 1 opening scene pilot translation."
"4_intro_base_near_church_6","Let's move... and check out our new property.","Да вървим... и да разгледаме новия си имот.","review","Day 1 opening scene pilot translation."
"4_intro_base_near_church_7","Make a joke.","Кажи шега.","review","Day 1 opening scene pilot translation."
"4_intro_base_near_church_8","Who knows... maybe it comes with a complimentary skeleton for you.","Кой знае... може дори да върви с безплатен скелет.","review","Day 1 opening scene pilot translation."
"4_intro_base_near_church_9","Ha ha... hilarious! You're on fire...","Ха-ха... много смешно! Невероятен си!","review","Day 1 opening scene pilot translation."
"4_intro_base_village_1","Hold it right there. No one passes through.","Стой там. Никой не минава.","review","Day 1 opening scene pilot translation."
"4_intro_base_village_2","Not until the Head of the Village says otherwise.","Не и докато Главата на селото не каже друго.","review","Day 1 opening scene pilot translation."
"4_intro_base_waking_1","I believe that's our cue.","Мисля, че това е нашият знак.","review","Day 1 opening scene pilot translation."
"4_intro_base_waking_2","I'll wait for you by the morgue.","Ще те чакам при моргата.","review","Day 1 opening scene pilot translation."
"40_village_fishing_bring","Plenty of Fish in the Sea","","untranslated",""
"40_village_fishing_catfish_1","Hello.","","untranslated",""
"40_village_fishing_catfish_10","That would be awesome!","","untranslated",""
"40_village_fishing_catfish_11","And in exchange, we could teach you to make new bait for fishing.","","untranslated",""
"40_village_fishing_catfish_12","Deal.","","untranslated",""
"40_village_fishing_catfish_2","We almost caught such a huge catfish!","","untranslated",""
"40_village_fishing_catfish_3","It was the biggest catfish ever!","","untranslated",""
"40_village_fishing_catfish_4","... almost?","","untranslated",""
"40_village_fishing_catfish_5","Yeah, we even saw his mustache and stuff!","","untranslated",""
"40_village_fishing_catfish_6","I think what he means is — we didn't catch him.","","untranslated",""
"40_village_fishing_catfish_7","But... but... okay, we didn't.","","untranslated",""
"40_village_fishing_catfish_8","But only because we didn't have a strong enough fishing line!","","untranslated",""
"40_village_fishing_catfish_9","I could get you a stronger line.","","untranslated",""
"40_village_fishing_line_1","Here's a new fishing line.","","untranslated",""
"40_village_fishing_line_2","Look out, Mr. Catfish — the gloves are off!","","untranslated",""
"40_village_fishing_line_3","We're gonna make such a good soup out of him...","","untranslated",""
"40_village_fishing_line_4","Soup?! I thought we'd fry him.","","untranslated",""
"40_village_fishing_line_5","Guys? What about the bait?","","untranslated",""
"40_village_fishing_line_6","Oh, right. As promised.","","untranslated",""
"41_forest_bonfire_food","Yummies","","untranslated",""
"41_forest_bonfire_food_1","Here you go!","","untranslated",""
"41_forest_bonfire_food_2","Why, thank you so much.","","untranslated",""
"41_forest_bonfire_food_3","Now it's definitely a party!","","untranslated",""
"41_forest_bonfire_food_4","We did promise a reward.","","untranslated",""
"41_forest_bonfire_food_5","How about a recipe for cooking soldier's soup and ale?","","untranslated",""
"41_forest_bonfire_food_6","Sounds awesome!","","untranslated",""
"41_forest_bonfire_food_7","Then it's settled.","","untranslated",""
"41_forest_bonfire_guards_1","Hello.","","untranslated",""
"41_forest_bonfire_guards_2","Hello, hello! Welcome to our modest party.","","untranslated",""
"41_forest_bonfire_guards_3","Are you just... sitting here?","","untranslated",""
"41_forest_bonfire_guards_4","Yes. And we're having the greatest time!","","untranslated",""
"41_forest_bonfire_guards_5","Any chance of getting something to eat or drink?","","untranslated",""
"41_forest_bonfire_guards_6","Sorry, but we've got nothing of the sort.","","untranslated",""
"41_forest_bonfire_guards_7","Oh, that's not a problem. I can get you something!","","untranslated",""
"41_forest_bonfire_guards_8","That would be wonderful!","","untranslated",""
"41_forest_bonfire_guards_9","We're not very rich, but we'll try to reward you with something.","","untranslated",""
"42_crossroad_nun_donkey","The Nun with the Hairy Ass","","untranslated",""
"42_crossroad_nun_donkey_1","Corpse delivery.","","untranslated",""
"42_crossroad_nun_donkey_10","I need those bodies, to put them to rest.","","untranslated",""
"42_crossroad_nun_donkey_11","I see two problems here. Your graveyard... and that animal.","","untranslated",""
"42_crossroad_nun_donkey_12_a","My graveyard?","","untranslated",""
"42_crossroad_nun_donkey_12_a_1","What's wrong with my graveyard?","","untranslated",""
"42_crossroad_nun_donkey_12_a_10","Fine. I'll give you a couple once a week. The poorest of the lot.","","untranslated",""
"42_crossroad_nun_donkey_12_a_11","Come on <sprite name=""day_wrath""> and take them.","","untranslated",""
"42_crossroad_nun_donkey_12_a_2","It's unspeakable! Other than that, it's just fine.","","untranslated",""
"42_crossroad_nun_donkey_12_a_3","Hey, I just started! It takes time!","","untranslated",""
"42_crossroad_nun_donkey_12_a_4","You don't understand... All the living are sinners. – Cursed!","","untranslated",""
"42_crossroad_nun_donkey_12_a_5","But the dead... they are blessed. Like all my poor sisters.","","untranslated",""
"42_crossroad_nun_donkey_12_a_6","Now only I remain... and it is my duty not only to punish the living, but also to pray for the dead.","","untranslated",""
"42_crossroad_nun_donkey_12_a_7","So it's kind of personal?","","untranslated",""
"42_crossroad_nun_donkey_12_a_8","It is my destiny! And yours is to make the graveyard a nicer place for them to find peace.","","untranslated",""
"42_crossroad_nun_donkey_12_a_9","But how can I do that without fresh dead bodies?","","untranslated",""
"42_crossroad_nun_donkey_12_b","Donkey problem","","untranslated",""
"42_crossroad_nun_donkey_12_b_1","What's the problem with the donkey? He's good at delivering corpses.","","untranslated",""
"42_crossroad_nun_donkey_12_b_10","Beneath us lies an ancient crypt. In its center, there stands a well.","","untranslated",""
"42_crossroad_nun_donkey_12_b_11","Its water is said to be sacred... strong enough to defeat even this animal stench.","","untranslated",""
"42_crossroad_nun_donkey_12_b_12","Repair it, and I may permit your creature to handle the corpses.","","untranslated",""
"42_crossroad_nun_donkey_12_b_13","Water is water. Do I really need to crawl into a crypt for this?","","untranslated",""
"42_crossroad_nun_donkey_12_b_14","Did I mention that your animal relieves himself all over my holy ground?","","untranslated",""
"42_crossroad_nun_donkey_12_b_15","And guess who scrubs the stones afterward?","","untranslated",""
"42_crossroad_nun_donkey_12_b_16","Maybe you'll find some carrot seeds among the evidence.","","untranslated",""
"42_crossroad_nun_donkey_12_b_17","Whaaaaat?","","untranslated",""
"42_crossroad_nun_donkey_12_b_18","Nothing. I'll fix your sacred well.","","untranslated",""
"42_crossroad_nun_donkey_12_b_2","No, no... he was in my prophetic vision!","","untranslated",""
"42_crossroad_nun_donkey_12_b_3","But once I fix the graveyard, the bodies will need to arrive much faster...","","untranslated",""
"42_crossroad_nun_donkey_12_b_4","And our long‑eared friend is crucial for that.","","untranslated",""
"42_crossroad_nun_donkey_12_b_5","You know... maybe he deserves this suffering work. I'd rather enjoy seeing him carry something heavy.","","untranslated",""
"42_crossroad_nun_donkey_12_b_6","Yet his foulsome filthiness still embraces this place of final rest.","","untranslated",""
"42_crossroad_nun_donkey_12_b_7","I require water to clean everything up after him.","","untranslated",""
"42_crossroad_nun_donkey_12_b_8","What's the problem? There's a whole river just a couple of meters away.","","untranslated",""
"42_crossroad_nun_donkey_12_b_9","That river is foul. I've seen your animal drink from it. Contentedly.","","untranslated",""
"42_crossroad_nun_donkey_2","My friend told me you're bringing dead bodies here now.","","untranslated",""
"42_crossroad_nun_donkey_3","Yes! It is the prophecy! A holy sign led me to this place.","","untranslated",""
"42_crossroad_nun_donkey_4","Those sinners used to just dump their dead over the wall...","","untranslated",""
"42_crossroad_nun_donkey_5","Yeah, that's how things work. They dump them... the donkey takes them...","","untranslated",""
"42_crossroad_nun_donkey_6","No! Not that filthy animal! I have seen him in my visions. He is an Emissary of Darkness!","","untranslated",""
"42_crossroad_nun_donkey_7","Calm down, he's not a commie anymore... Besides, the corpses will just rot here.","","untranslated",""
"42_crossroad_nun_donkey_8","No, they will not! They do not rot at this crossroads! Probably because of me.","","untranslated",""
"42_crossroad_nun_donkey_9","Many are gathered here now... Maybe because someone isn't doing their job properly!","","untranslated",""
"42_crossroad_nun_supplies_1","Here are your writing supplies...","","untranslated",""
"42_crossroad_nun_supplies_2","You know, your incompetence actually did me a favor.","","untranslated",""
"42_crossroad_nun_supplies_3","While I was waiting, I had plenty of time to watch and think!","","untranslated",""
"42_crossroad_nun_supplies_4","So I suppose I should... thank you.","","untranslated",""
"42_crossroad_nun_supplies_5","Sure... my pleasure...","","untranslated",""
"42_crossroad_nun_writing","Nun of Your Business","","untranslated",""
"43_astrologer_pr_church_1","Hey... Pssss...","","untranslated",""
"43_astrologer_pr_church_2","Oh, hi Gunter. What are you doing here?","","untranslated",""
"43_astrologer_pr_church_3","Shh! Quiet! Did you notice anything strange during the ceremony?","","untranslated",""
"43_astrologer_pr_church_4","Yeah... it was a much smaller gathering than I hoped.","","untranslated",""
"43_astrologer_pr_church_5","Exactly. And I know why... And more importantly, I know how to fix it.","","untranslated",""
"43_astrologer_pr_church_6","I'm all ears.","","untranslated",""
"43_astrologer_pr_church_7","Not here. It's better we're not seen together.","","untranslated",""
"43_astrologer_pr_church_8","Meet me at my Shrine of Prediction. We'll talk there.","","untranslated",""
"43_astrologer_pr_church_9","Alright, I'll be there.","","untranslated",""
"43_astrologer_pr_tower","Congregation Trouble","","untranslated",""
"43_astrologer_pr_tower_1","Problem at the Church","","untranslated",""
"43_astrologer_pr_tower_10","The guards on the wall are literally watching zombies do your landscaping.","","untranslated",""
"43_astrologer_pr_tower_11","I guess I never really thought about it like that...","","untranslated",""
"43_astrologer_pr_tower_12","You see? You're the hero! The preacher! The last hope of civilization... and the guy with the undead interns.","","untranslated",""
"43_astrologer_pr_tower_13","It's confusing. People panic easily. And they're already starting to panic.","","untranslated",""
"43_astrologer_pr_tower_14","Okay... I can hide them. Put 'em underground.","","untranslated",""
"43_astrologer_pr_tower_15","That's a good start. But it's not enough. The people love gossip and anxiety.","","untranslated",""
"43_astrologer_pr_tower_16","So what do you suggest?","","untranslated",""
"43_astrologer_pr_tower_17","You know, before I got into the whole mystical prophecy racket, I was the best writer in the kingdom.","","untranslated",""
"43_astrologer_pr_tower_18","I could be your PR guy!","","untranslated",""
"43_astrologer_pr_tower_19","Because Panic Reduction is what you need. ","","untranslated",""
"43_astrologer_pr_tower_2","So, you know why fewer people showed up last time at <sprite name=""day_wrath""> service?","","untranslated",""
"43_astrologer_pr_tower_20","Ok I get the joke... not bad!","","untranslated",""
"43_astrologer_pr_tower_21","Wait... what joke?","","untranslated",""
"43_astrologer_pr_tower_22","Never mind.","","untranslated",""
"43_astrologer_pr_tower_23","PR stuff?","","untranslated",""
"43_astrologer_pr_tower_24","So how's it gonna work?","","untranslated",""
"43_astrologer_pr_tower_25","Well, ever since I was a kid, I've always been hungry for people's attention.","","untranslated",""
"43_astrologer_pr_tower_26","Until I learned the best way to get it...","","untranslated",""
"43_astrologer_pr_tower_27","Can we skip the whole tragic backstory part?","","untranslated",""
"43_astrologer_pr_tower_28","Sure, you're the boss. And lucky for you, I actually believe you're one of the good ones.","","untranslated",""
"43_astrologer_pr_tower_29","Because otherwise?","","untranslated",""
"43_astrologer_pr_tower_3","Oh yes, I know... Let me check if today is a good day to tell you...","","untranslated",""
"43_astrologer_pr_tower_30","Well, the Astrologer's Code won't let me lie to people.","","untranslated",""
"43_astrologer_pr_tower_31","But since it's me, you'll be ok with... half-truths?","","untranslated",""
"43_astrologer_pr_tower_32","Exactly! Just enough truth to sell the story.","","untranslated",""
"43_astrologer_pr_tower_33","So... here's what I need: some special hypno devices.","","untranslated",""
"43_astrologer_pr_tower_34","What devices? Where can I find them?","","untranslated",""
"43_astrologer_pr_tower_35","That's the good news! I sell exactly what you'll need... at an incredible discount!","","untranslated",""
"43_astrologer_pr_tower_36","Of course. I'm beginning to doubt they'll even work.","","untranslated",""
"43_astrologer_pr_tower_37","That's why you'll have to take them home... and put a little Faith into them.","","untranslated",""
"43_astrologer_pr_tower_38","Oh, and if you've got the right gear on you... you could even make some here.","","untranslated",""
"43_astrologer_pr_tower_39","I'll give you a little privacy.","","untranslated",""
"43_astrologer_pr_tower_4","Mmm, the stars are mildly annoyed... but never mind. Let's talk.","","untranslated",""
"43_astrologer_pr_tower_5","So?","","untranslated",""
"43_astrologer_pr_tower_6","The zombies. The undead. You catching my drift?","","untranslated",""
"43_astrologer_pr_tower_7","Yeah, the town is swarmed... I'm literally fighting them off!","","untranslated",""
"43_astrologer_pr_tower_8","Right, right... let me clarify. People have grown a little concerned about the undead helpers working in your graveyard.","","untranslated",""
"43_astrologer_pr_tower_9","You know, we're a tight knit community... people talk. This might not be so obvious from your perspective.","","untranslated",""
"43_astrologer_pre_ceremony","Ceremony for Gunter","","untranslated",""
"44_port_violine_1","Here's some paint.","","untranslated",""
"44_port_violine_10","Fair point.","","untranslated",""
"44_port_violine_11","I actually do know... someone who can play... but I still need an instrument. A violin.","","untranslated",""
"44_port_violine_12","Oh no. It would take me forever to learn how to craft one...","","untranslated",""
"44_port_violine_13","You don't need to make one. Just bring me one and I'll play it.","","untranslated",""
"44_port_violine_14","It belonged to my best friend Aleksta. She doesn't need it anymore, sadly.","","untranslated",""
"44_port_violine_15","And her violin is... where?","","untranslated",""
"44_port_violine_16","Her creepy brother still has it. He's a doctor. Why do the sweetest girls always have weird brothers?","","untranslated",""
"44_port_violine_17","Her brother?","","untranslated",""
"44_port_violine_18","Yeah, I think he lives somewhere below the Town. Ask around. I hope he's still alive...","","untranslated",""
"44_port_violine_19","Yeah... I know that guy. He's still alive, he's just constantly coughing.","","untranslated",""
"44_port_violine_2","I found some paint that suits your club.","","untranslated",""
"44_port_violine_20","Perfect! Bring me that violin, and then we can talk about new citizens.","","untranslated",""
"44_port_violine_21","Hmm... we had a deal, and now you're changing it? What happened to being an honorable woman?","","untranslated",""
"44_port_violine_22","Oh sweetheart, I am definitely not that kind of woman... He he...","","untranslated",""
"44_port_violine_23","But I can be good to you... after you bring me that violin.","","untranslated",""
"44_port_violine_3","Oh, how lovely. I do like a man of his word!","","untranslated",""
"44_port_violine_4","Good... because I am one. ","","untranslated",""
"44_port_violine_5","So... can we finally talk about bringing more people to the Town?","","untranslated",""
"44_port_violine_6","Yes and no. The paint will help the look... but the music...","","untranslated",""
"44_port_violine_7","Wait. There's no music here?","","untranslated",""
"44_port_violine_8","Exactly! No music... and people love music.","","untranslated",""
"44_port_violine_9","Problem is, there aren't many musicians left. Carrying around those awkward instruments makes it harder to outrun the undead.","","untranslated",""
"45_guards_reading_1","Give the romance novel.","","untranslated",""
"45_guards_reading_10","No! None of the soldiers can know! It would be humiliating.","","untranslated",""
"45_guards_reading_11","If only...","","untranslated",""
"45_guards_reading_12","Hey, you don't by any chance know the lady who lives by the crossroads, in the ruined well house?","","untranslated",""
"45_guards_reading_13","The nun? Sister Agatha?","","untranslated",""
"45_guards_reading_14","Yeah. I've heard her praying. Her voice is... kind of nice.","","untranslated",""
"45_guards_reading_15","Sister Agatha has a nice voice?","","untranslated",""
"45_guards_reading_16","Could you ask her to read it to me?","","untranslated",""
"45_guards_reading_17","She'd have to be in a really good mood to agree.","","untranslated",""
"45_guards_reading_18","But sure... I can try.","","untranslated",""
"45_guards_reading_2","Here's your novel. Hope you enjoy it.","","untranslated",""
"45_guards_reading_3","Thanks. It will be nice to finally put it on the shelf... maybe even read it someday.","","untranslated",""
"45_guards_reading_4","Why not read it now? Why put it off? Life's short.","","untranslated",""
"45_guards_reading_5","Yeah... if only I could read.","","untranslated",""
"45_guards_reading_6","Wait... what? You can't read? You're practically a general!","","untranslated",""
"45_guards_reading_7","I told you... I was just a sergeant. Now I'm in charge of everything!","","untranslated",""
"45_guards_reading_8","Thank mercy for maps and little wooden figures. But anything with real words? Nope.","","untranslated",""
"45_guards_reading_9","Heh, maybe there's someone who can teach you? Or at least read you the damn book?","","untranslated",""
"45_guards_reading_book","Herbert and?","","untranslated",""
"46_pre_A_fights_1","Our Military Plan","","untranslated",""
"46_pre_A_fights_10","Hopefully that way won't be as crowded as town square near the bridge.","","untranslated",""
"46_pre_A_fights_11","But in the meantime, we should scout the square, the area near the main gate.","","untranslated",""
"46_pre_A_fights_12","And by ""we"", of course, I mean you... It's best to be prepared.","","untranslated",""
"46_pre_A_fights_13","Okay, I got the basic plan.","","untranslated",""
"46_pre_A_fights_14","And talk to my lads at the barricades.","","untranslated",""
"46_pre_A_fights_15","The people on ground level often have the best intel.","","untranslated",""
"46_pre_A_fights_16","What guys?","","untranslated",""
"46_pre_A_fights_17","I've already stationed guards at key positions.","","untranslated",""
"46_pre_A_fights_18","We... You will advance from those points.","","untranslated",""
"46_pre_A_fights_19","They'll be easy to spot.","","untranslated",""
"46_pre_A_fights_2","The port is safe for now. There's a lot to rebuild.","","untranslated",""
"46_pre_A_fights_20","Just look for a bunch of gloomy lads standing around a blue banner.","","untranslated",""
"46_pre_A_fights_21","Heh, those red banners always make people gloomy.","","untranslated",""
"46_pre_A_fights_3","But I think... we can push forward.","","untranslated",""
"46_pre_A_fights_4","You think?","","untranslated",""
"46_pre_A_fights_5","It was lucky things went our way this time.","","untranslated",""
"46_pre_A_fights_6","This part of town was pretty isolated. The rest is still brimming with zombies.","","untranslated",""
"46_pre_A_fights_7","But you're right... we need to clear a path up to the next canal.","","untranslated",""
"46_pre_A_fights_8","The one where we first met? We can secure the square.","","untranslated",""
"46_pre_A_fights_9","Right. But next time, we should attack from the port side.","","untranslated",""
"47_after_A2_2_fights_1","So strange... running forward instead of running backward.","","untranslated",""
"47_after_A2_2_fights_10","For teasing.","","untranslated",""
"47_after_A2_2_fights_11","Why? You interested?","","untranslated",""
"47_after_A2_2_fights_12","No, no... I'm too old for that stuff.","","untranslated",""
"47_after_A2_2_fights_13","Anyway, back to military business...","","untranslated",""
"47_after_A2_2_fights_14","I'm listening.","","untranslated",""
"47_after_A2_2_fights_15","The main horde is to the west... They're occupying two main streets in the district.","","untranslated",""
"47_after_A2_2_fights_16","There's a lot of them. The smart move is to clear out the gate square first.","","untranslated",""
"47_after_A2_2_fights_17","That'll cut the horde off from the rest of the town.","","untranslated",""
"47_after_A2_2_fights_18","But, of course — it's your call.","","untranslated",""
"47_after_A2_2_fights_19","Thanks, Herbert.","","untranslated",""
"47_after_A2_2_fights_2","Come on, let's take that new barricade.","","untranslated",""
"47_after_A2_2_fights_20","At your service.","","untranslated",""
"47_after_A2_2_fights_3","Good job. But I don't envy the sorry sot who has to rebuild all of this.","","untranslated",""
"47_after_A2_2_fights_4","Don't remind me...","","untranslated",""
"47_after_A2_2_fights_5","Hey, boys.","","untranslated",""
"47_after_A2_2_fights_6","So much space here... We could really get things up and running again.","","untranslated",""
"47_after_A2_2_fights_7","Shops... bakeries...","","untranslated",""
"47_after_A2_2_fights_8","Do you know that girl?","","untranslated",""
"47_after_A2_2_fights_9","That's Linda... she runs a club at the port.","","untranslated",""
"47_pre_A2_2_fights_1","I think we've seen everything we need to see.","","untranslated",""
"47_pre_A2_2_fights_2","Yeah... there's still plenty of them around.","","untranslated",""
"47_pre_A2_2_fights_3","But the main horde is to the west.","","untranslated",""
"47_pre_A2_2_fights_4","We'll clear this area and push the barricades further that way. Are you ready?","","untranslated",""
"47_pre_A2_2_fights_5","We're ready.","","untranslated",""
"47_pre_A2_2_fights_6","Good thing the bridge on this side is still barricaded.","","untranslated",""
"47_pre_A2_fights_1","Hi guys... How's duty?","","untranslated",""
"47_pre_A2_fights_10","Make some noise, see what crawls out. No surprises that way.","","untranslated",""
"47_pre_A2_fights_11","Thanks. That's a smart approach.","","untranslated",""
"47_pre_A2_fights_2","Good, sir. The rations are better, now that we're getting along with the villagers again.","","untranslated",""
"47_pre_A2_fights_3","I saw from the wall how you fought off those undead!","","untranslated",""
"47_pre_A2_fights_4","It's just the beginning.","","untranslated",""
"47_pre_A2_fights_5","What do you think — can we advance from here and take more ground?","","untranslated",""
"47_pre_A2_fights_6","That's hard to say... It doesn't look like many of them got through this far.","","untranslated",""
"47_pre_A2_fights_7","But with those bastards, you never know. They could be swarming inside any of these houses.","","untranslated",""
"47_pre_A2_fights_8","So, what's the best move?","","untranslated",""
"47_pre_A2_fights_9","Recon first. ","","untranslated",""
"47_pre_A2_fights_before_1","Hope It Doesn't go South","","untranslated",""
"48_after_A3_fights_1","Hurry! We need to fortify the bridges!","","untranslated",""
"48_after_A3_fights_10","Yeah, I'll talk to him.","","untranslated",""
"48_after_A3_fights_11","He did promise to teach me some mechanics.","","untranslated",""
"48_after_A3_fights_12","You're a man of many talents.","","untranslated",""
"48_after_A3_fights_13","I was wrong about you when we first met...","","untranslated",""
"48_after_A3_fights_14","Thanks Herbert.","","untranslated",""
"48_after_A3_fights_2","Give me a minute... I stashed a couple of bottles around here somewhere.","","untranslated",""
"48_after_A3_fights_3","Let's just hope the undead aren't wine enthusiasts...","","untranslated",""
"48_after_A3_fights_4","You've got to find those bottles, man! I can manage to hold them off without you... for a while.","","untranslated",""
"48_after_A3_fights_5","Oh... my workshop... my dear workshop...","","untranslated",""
"48_after_A3_fights_6","So, we're back where it all started.","","untranslated",""
"48_after_A3_fights_7","Oh nooo... What did they dooo to it?!","","untranslated",""
"48_after_A3_fights_8","Heh... you might want to calm your friend down.","","untranslated",""
"48_after_A3_fights_9","He's a good guy... just a little emotional. And a total snob.","","untranslated",""
"48_pre_A3_fights_1","Memorable square, sir... It was here that you led us into battle the first time.","","untranslated",""
"48_pre_A3_fights_10","This time, we'll be ready.","","untranslated",""
"48_pre_A3_fights_2","That's true... but this time we'll be well prepared!","","untranslated",""
"48_pre_A3_fights_3","Yeah... The square looks calm now, but the undead are all hiding inside the houses.","","untranslated",""
"48_pre_A3_fights_4","Sometimes they make their way out... dragging smashed doors like trophies.","","untranslated",""
"48_pre_A3_fights_5","Heh... yeah, they do look kinda funny.","","untranslated",""
"48_pre_A3_fights_6","It's not so funny when those doors are blocking our arrows...","","untranslated",""
"48_pre_A3_fights_7","It's like they're getting smarter.","","untranslated",""
"48_pre_A3_fights_8","Then we'll have to get smarter too.","","untranslated",""
"48_pre_A3_fights_9","Fortify the center of the square, ring the bell... and wait.","","untranslated",""
"48_pre_A3_fights_before","Plaza Battle","","untranslated",""
"49_after_A4_2_fights_1","I heard every guard is gonna get one of the houses here.","","untranslated",""
"49_after_A4_2_fights_10","Think there's a place for a theater here?","","untranslated",""
"49_after_A4_2_fights_11","No clue.","","untranslated",""
"49_after_A4_2_fights_12","I'll just have to find out myself.","","untranslated",""
"49_after_A4_2_fights_13","By the way, are you sure it's safe here?","","untranslated",""
"49_after_A4_2_fights_14","Couldn't be safer. Just hurry up.","","untranslated",""
"49_after_A4_2_fights_15","Good guy... just hangs too much on other people's attention.","","untranslated",""
"49_after_A4_2_fights_16","Back to business. We still need to fight.","","untranslated",""
"49_after_A4_2_fights_17","I recently heard that the best defense is a good offense.","","untranslated",""
"49_after_A4_2_fights_18","That sounds about right...","","untranslated",""
"49_after_A4_2_fights_19","I'll meet you at HQ, and we'll discuss the next phase of the plan.","","untranslated",""
"49_after_A4_2_fights_2","Hurry up, I want the corner one... with a good view of the channel.","","untranslated",""
"49_after_A4_2_fights_3","You mean a good view of the undead horde on the other side of the channel?","","untranslated",""
"49_after_A4_2_fights_4","Ha ha! Saaarrrd...","","untranslated",""
"49_after_A4_2_fights_5","We'll have to stop here. We're hitting our limits.","","untranslated",""
"49_after_A4_2_fights_6","What are you talking about? We're stronger than ever!","","untranslated",""
"49_after_A4_2_fights_7","Look around... everything's in ruins.","","untranslated",""
"49_after_A4_2_fights_8","We need to rebuild everything.","","untranslated",""
"49_after_A4_2_fights_9","We'll call it a new beginning... better than it was before.","","untranslated",""
"49_pre_A4_2_fights_1","So.. final push?","","untranslated",""
"49_pre_A4_2_fights_2","Last push for now, sir.","","untranslated",""
"49_pre_A4_2_fights_3","We're just taking back what was ours not so long ago.","","untranslated",""
"49_pre_A4_2_fights_4","And we won't stop.","","untranslated",""
"49_pre_A4_2_fights_5","The Town will be ours again!","","untranslated",""
"49_pre_A4_fights_1","Hi lads... How's duty?","","untranslated",""
"49_pre_A4_fights_10","You boys really know your job.","","untranslated",""
"49_pre_A4_fights_2","We're inspired. You're really doing good out there.","","untranslated",""
"49_pre_A4_fights_3","Sometimes it's tough holding this position... There's so many undead on the other side.","","untranslated",""
"49_pre_A4_fights_4","Good thing we get a break every <sprite name=""day_sloth"">.","","untranslated",""
"49_pre_A4_fights_5","But don't worry... we'll hold 'em off. Take all the time you need to prepare.","","untranslated",""
"49_pre_A4_fights_6","So, any suggestions?","","untranslated",""
"49_pre_A4_fights_7","I think you should attack from here first... then retreat.","","untranslated",""
"49_pre_A4_fights_8","Yeah, there's too many of them to crush in one go.","","untranslated",""
"49_pre_A4_fights_9","Then strike them again from the square... hit them from the rear.","","untranslated",""
"49_pre_A4_fights_before_1","Street Battles","","untranslated",""
"5_intro_graveyard_autopsy_1","So this is the morgue.","Значи това е моргата.","review","Day 1 opening scene pilot translation."
"5_intro_graveyard_autopsy_10","Are you crazy? How do you even come up with this stuff?","Полудя ли? Как изобщо ти хрумват такива неща?","review","Day 1 opening scene pilot translation."
"5_intro_graveyard_autopsy_11","A much better plan would be taking everything from his pockets!","Много по-добър план би бил да вземем всичко от джобовете му!","review","Day 1 opening scene pilot translation."
"5_intro_graveyard_autopsy_12","I mean, he looks fine. ","Искам да кажа, изглежда си е съвсем добре.","review","Day 1 opening scene pilot translation."
"5_intro_graveyard_autopsy_13","I'm sure at some point we'll figure out the whole autopsy thing.","Сигурен съм, че рано или късно ще разберем как се прави аутопсия.","review","Day 1 opening scene pilot translation."
"5_intro_graveyard_autopsy_14","Oh look — there's actually a book on precisely that!","О, виж - тук всъщност има книга точно за това!","review","Day 1 opening scene pilot translation."
"5_intro_graveyard_autopsy_15","Okay, take the body and follow me.","Добре, вземи тялото и ме следвай.","review","Day 1 opening scene pilot translation."
"5_intro_graveyard_autopsy_2","How do you know?","Откъде знаеш?","review","Day 1 opening scene pilot translation."
"5_intro_graveyard_autopsy_3","While you were sleeping, I stretched my bones a bit.","Докато спеше, пораздвижих малко костите си.","review","Day 1 opening scene pilot translation."
"5_intro_graveyard_autopsy_4","Now put the body on the autopsy table.","Сега сложи тялото на масата за аутопсия.","review","Day 1 opening scene pilot translation."
"5_intro_graveyard_autopsy_5","How did you manage to lose the body already? Go get it!","Как успя да изгубиш тялото още сега? Върви да го вземеш!","review","Day 1 opening scene pilot translation."
"5_intro_graveyard_autopsy_6","So what now?","И сега какво?","review","Day 1 opening scene pilot translation."
"5_intro_graveyard_autopsy_7","No idea.","Нямам представа.","review","Day 1 opening scene pilot translation."
"5_intro_graveyard_autopsy_8","Since everybody is starving... ","Щом всички гладуват...","review","Day 1 opening scene pilot translation."
"5_intro_graveyard_autopsy_9","... maybe we should cut a piece off and sell it?","... може да отрежем парче и да го продадем?","review","Day 1 opening scene pilot translation."
"5_intro_graveyard_burial_1","Hey, where's the body? Get it back!","Хей, къде е тялото? Върни го!","review","Day 1 opening scene pilot translation."
"5_intro_graveyard_burial_10","Good job. Now we can go and show this certificate to the Head of the Guards.","Браво. Сега можем да занесем това свидетелство на Главата на стражата.","review","Day 1 opening scene pilot translation."
"5_intro_graveyard_burial_2","You can bury him here...","Можеш да го погребеш тук...","review","Day 1 opening scene pilot translation."
"5_intro_graveyard_burial_3","We should show some respect.","Трябва да проявим малко уважение.","review","Day 1 opening scene pilot translation."
"5_intro_graveyard_burial_4","It's not right to just throw him into a hole.","Не е редно просто да го хвърлим в някаква дупка.","review","Day 1 opening scene pilot translation."
"5_intro_graveyard_burial_5","He needs some kind of gravestone... or at least a sign.","Трябва му някакъв надгробен камък... или поне надгробен кръст.","review","Day 1 opening scene pilot translation."
"5_intro_graveyard_burial_6","You're free to use whatever you find in that chest.","Можеш да използваш каквото намериш в онзи сандък.","review","Day 1 opening scene pilot translation."
"5_intro_graveyard_burial_7","Just don't forget the shovel...","Само не забравяй лопатата...","review","Day 1 opening scene pilot translation."
"5_intro_graveyard_burial_8","Now put the sign on the grave...","Сега сложи надгробния кръст на гроба...","review","Day 1 opening scene pilot translation."
"5_intro_graveyard_burial_9","It's not much, but whatever...","Не е кой знае какво, но ще свърши работа...","review","Day 1 opening scene pilot translation."
"5_intro_graveyard_donkey_1","I'm a respectable, distinguished, magical animal!","Аз съм уважавано, изтъкнато, магическо животно!","review","Day 1 opening scene pilot translation."
"5_intro_graveyard_donkey_10","Okay, grab the body and follow me.","Добре, грабвай тялото и ме следвай.","review","Day 1 opening scene pilot translation."
"5_intro_graveyard_donkey_2","And what do they ask of me? Carry dead bodies.","И какво искат от мен? Да пренасям мъртви тела.","review","Day 1 opening scene pilot translation."
"5_intro_graveyard_donkey_3","This world has no sense of justice.","В този свят няма никакво чувство за справедливост.","review","Day 1 opening scene pilot translation."
"5_intro_graveyard_donkey_4","You do have quite an advanced vocabulary for a donkey...","За магаре имаш доста богат речник...","review","Day 1 opening scene pilot translation."
"5_intro_graveyard_donkey_5","I think I'm having a deja vu.","Май ме обзема дежа вю.","review","Day 1 opening scene pilot translation."
"5_intro_graveyard_donkey_6","What were you saying about justice?","Какво казваше за справедливостта?","review","Day 1 opening scene pilot translation."
"5_intro_graveyard_donkey_7","Never mind that, I'm actually happy doing any work at all.","Няма значение, всъщност съм щастлив, че изобщо върша някаква работа.","review","Day 1 opening scene pilot translation."
"5_intro_graveyard_donkey_8","It's way better than becoming lunch meat.","Много по-добре е от това да се превърна в месо за обяд.","review","Day 1 opening scene pilot translation."
"5_intro_graveyard_donkey_9","Speaking of which, I brought you a dead body. It needs to be buried.","Като стана дума, донесох ти един труп. Трябва да бъде погребан.","review","Day 1 opening scene pilot translation."
"50_pre_S1_fights_1","Hey guys. You notice anything strange down there?","","untranslated",""
"50_pre_S1_fights_10","That'll be great! Those looters give us a cut. He he","","untranslated",""
"50_pre_S1_fights_2","Nothing unusual... just the usual growling and shambling.","","untranslated",""
"50_pre_S1_fights_3","Good thing they don't know how to use ladders.","","untranslated",""
"50_pre_S1_fights_4","Yeah, we're pretty safe up here... Duty here almost feels like a perk.","","untranslated",""
"50_pre_S1_fights_5","Too bad for me, but I'll need to head down there.","","untranslated",""
"50_pre_S1_fights_6","When you gotta go, you gotta go.","","untranslated",""
"50_pre_S1_fights_7","Just be careful... it's a maze down there. Connects all parts of the town.","","untranslated",""
"50_pre_S1_fights_8","That's exactly why I need to clear it.","","untranslated",""
"50_pre_S1_fights_9","Make it safer for everyone to use.","","untranslated",""
"50_pre_S1_fights_before","Battles in the Sewers","","untranslated",""
"6_intro_guards_burial","Certificate, Please","Свидетелството, моля.","review","Day 1 opening scene pilot translation."
"6_intro_guards_foreman_1","...","...","review","Day 1 opening scene pilot translation."
"6_intro_guards_foreman_2","We don't have much to offer.","Нямаме много какво да предложим.","review","Day 1 opening scene pilot translation."
"6_intro_guards_foreman_3","We need everything — literally everything.","Трябва ни всичко - буквално всичко.","review","Day 1 opening scene pilot translation."
"6_intro_guards_head_1","Show the burial certificate","Покажи свидетелството за погребение.","review","Day 1 opening scene pilot translation."
"6_intro_guards_head_10","I'd say you two weirdos kind of speak the same language.","Бих казал, че вие, двамата чудаци, говорите на един и същ език.","review","Day 1 opening scene pilot translation."
"6_intro_guards_head_11","That's good news.","Това е добра новина.","review","Day 1 opening scene pilot translation."
"6_intro_guards_head_12","Glad to hear it... especially considering how bad things are right now.","Радвам се да го чуя... особено предвид колко зле стоят нещата в момента.","review","Day 1 opening scene pilot translation."
"6_intro_guards_head_13","There's too few people left... just a handful of guards, and a company of mercenary swordsmen.","Останаха твърде малко хора... шепа стражи и отряд наемни мечоносци.","review","Day 1 opening scene pilot translation."
"6_intro_guards_head_14","Morale's really low...","Моралът е съвсем паднал...","review","Day 1 opening scene pilot translation."
"6_intro_guards_head_15","Try to cheer up.","Опитай се да ги развеселиш.","review","Day 1 opening scene pilot translation."
"6_intro_guards_head_16","After all, you're talking to an Inquisitor... and the Graveyard Keeper...","Все пак говориш с инквизитор... и с Гробаря...","review","Day 1 opening scene pilot translation."
"6_intro_guards_head_17","Maybe a better-looking graveyard would boost the morale of the poor souls around here.","Може би по-хубаво гробище ще повдигне морала на горките души наоколо.","review","Day 1 opening scene pilot translation."
"6_intro_guards_head_18","You're actually serious, aren't you? Since, like... we're all gonna end up there soon...","Ти сериозно ли? Така де... всички скоро ще се озовем там...","review","Day 1 opening scene pilot translation."
"6_intro_guards_head_19","What the sard... the lads might actually appreciate the irony!","Какво по дяволите... момчетата може наистина да оценят иронията!","review","Day 1 opening scene pilot translation."
"6_intro_guards_head_2","Thanks for burying the dead...","Благодаря, че погреба мъртвеца...","review","Day 1 opening scene pilot translation."
"6_intro_guards_head_20","Sure, spruce up the graveyard... and I'll owe you a favor.","Добре, стегни гробището... и ще ти дължа услуга.","review","Day 1 opening scene pilot translation."
"6_intro_guards_head_21","Deal!","Сделка!","review","Day 1 opening scene pilot translation."
"6_intro_guards_head_3","I had a friendly chat with the Head of the Village.","Проведох приятелски разговор с Главата на селото.","review","Day 1 opening scene pilot translation."
"6_intro_guards_head_4","He also owns the village tavern. You can find him there.","Той държи и селската таверна. Ще го намериш там.","review","Day 1 opening scene pilot translation."
"6_intro_guards_head_5","He goes in for fairy tales and mumbo jumbo, but he'll pay good money for every burial from now on.","Пада си по приказки и разни суеверия, но занапред ще плаща добре за всяко погребение.","review","Day 1 opening scene pilot translation."
"6_intro_guards_head_6","You said fairy? Do you think he'd know how to summon one?","Каза приказки? Мислиш ли, че ще знае как да призове фея?","review","Day 1 opening scene pilot translation."
"6_intro_guards_head_7","Heh... summon what?","Хех... да призове какво?","review","Day 1 opening scene pilot translation."
"6_intro_guards_head_8","A fairy told me to summon her... so I can save the world...","Една фея ми каза да я призова... за да спася света...","review","Day 1 opening scene pilot translation."
"6_intro_guards_head_9","Heh... yeah, that sounds like his sort of thing.","Хех... да, това звучи точно като нещо в неговия стил.","review","Day 1 opening scene pilot translation."
"7_intro_village_foreman_1","I understand... we're really sorry.","Разбирам... наистина съжаляваме.","review","Day 1 opening scene pilot translation."
"7_intro_village_foreman_2","Doesn't he... don't you understand how important this is?!","Нима той не... не разбираш ли колко важно е това?!","review","Day 1 opening scene pilot translation."
"7_intro_village_foreman_3","We just need more resources and manpower!","Просто ни трябват повече ресурси и работна ръка!","review","Day 1 opening scene pilot translation."
"7_intro_village_foreman_4","There's nothing we can do... we don't even have enough food here.","Нищо не можем да направим... тук дори нямаме достатъчно храна.","review","Day 1 opening scene pilot translation."
"7_intro_village_foreman_5","Nonsense!","Глупости!","review","Day 1 opening scene pilot translation."
"7_intro_village_januarius_1","Ah, the man of the hour! I'm glad someone finally took up the burial business...","Ето го и човека на деня! Радвам се, че най-сетне някой се зае с погребенията...","review","Day 1 opening scene pilot translation."
"7_intro_village_januarius_2","I'll be buying those burial certificates from you.","Ще купувам свидетелствата за погребение от теб.","review","Day 1 opening scene pilot translation."
"7_intro_village_januarius_3","It's kind of an old tradition... Though funny enough, we've never had a graveyard before.","Това е нещо като стара традиция... Макар че, колкото и да е смешно, досега никога не сме имали гробище.","review","Day 1 opening scene pilot translation."
"7_intro_village_januarius_4","Great.","Чудесно.","review","Day 1 opening scene pilot translation."
"7_intro_village_januarius_5","I heard you know a lot about fairies?","Чух, че разбираш много от феи?","review","Day 1 opening scene pilot translation."
"7_intro_village_januarius_6","I've got a fairy-related question for you.","Имам един въпрос за феите.","review","Day 1 opening scene pilot translation."
"7_intro_village_januarius_7","Oh, then you need Jully... wait a sec...","О, тогава ти трябва Юли... почакай малко...","review","Day 1 opening scene pilot translation."
"7_intro_village_januarius_again_1","So... how did your conversation with the Head of the Village go?","И така... как мина разговорът ти с Главата на селото?","review","Day 1 opening scene pilot translation."
"7_intro_village_januarius_again_10","He might have some seeds for you as well.","Може и да има семена за теб.","review","Day 1 opening scene pilot translation."
"7_intro_village_januarius_again_11","Ok, I will.","Добре, ще го направя.","review","Day 1 opening scene pilot translation."
"7_intro_village_januarius_again_2","It didn't go great.","Не мина особено добре.","review","Day 1 opening scene pilot translation."
"7_intro_village_januarius_again_3","Oh... sorry to hear that.","О... съжалявам да го чуя.","review","Day 1 opening scene pilot translation."
"7_intro_village_januarius_again_4","Right.... Listen... Can you tell me how I can help the village?","Добре... Слушай... можеш ли да ми кажеш как да помогна на селото?","review","Day 1 opening scene pilot translation."
"7_intro_village_januarius_again_5","Hmm... It seems our main problem is the lack of food. And firewood.","Хм... Изглежда основният ни проблем е липсата на храна. И на дърва за огрев.","review","Day 1 opening scene pilot translation."
"7_intro_village_januarius_again_6","I actually have some spare land at my place.","Всъщност имам малко свободна земя при мен.","review","Day 1 opening scene pilot translation."
"7_intro_village_januarius_again_7","I could plant something there.","Мога да засадя нещо там.","review","Day 1 opening scene pilot translation."
"7_intro_village_januarius_again_8","That's jolly good!","Това е чудесно!","review","Day 1 opening scene pilot translation."
"7_intro_village_januarius_again_9","You should talk to the Merchant about the food supplies...","Трябва да поговориш с Търговеца за хранителните запаси...","review","Day 1 opening scene pilot translation."
"7_intro_village_jully_1","Who's asking for me?","Кой ме търси?","review","Day 1 opening scene pilot translation."
"7_intro_village_jully_10","Defend your honor","Защити честта си","review","Day 1 opening scene pilot translation."
"7_intro_village_jully_11","I'm the Graveyard Keeper... and part-time Inquisitor!","Аз съм Гробарят... и инквизитор на половин работен ден!","review","Day 1 opening scene pilot translation."
"7_intro_village_jully_12","Not impressed. You townsfolk always need something...","Не съм впечатлен. Вие, гражданите, все имате нужда от нещо...","review","Day 1 opening scene pilot translation."
"7_intro_village_jully_13","You should try giving more.","Трябва да опиташ да даваш повече.","review","Day 1 opening scene pilot translation."
"7_intro_village_jully_14","Help the village, and maybe... just maybe... one day I'll share my secrets.","Помогни на селото и може би... само може би... някой ден ще споделя тайните си с теб.","review","Day 1 opening scene pilot translation."
"7_intro_village_jully_15","Just tell me how I can help.","Просто ми кажи как мога да помогна.","review","Day 1 opening scene pilot translation."
"7_intro_village_jully_16","How? Nearly everything is bad!","Как? Почти всичко е зле!","review","Day 1 opening scene pilot translation."
"7_intro_village_jully_17","Could you be a little more specific?","Можеш ли да бъдеш малко по-конкретен?","review","Day 1 opening scene pilot translation."
"7_intro_village_jully_18","You know what? I don't have time for this... go ask Januarius.","Знаеш ли какво? Нямам време за това... върви и питай Януари.","review","Day 1 opening scene pilot translation."
"7_intro_village_jully_2","Weren't we... just talking?","Нали току-що... не си ли говорихме?","review","Day 1 opening scene pilot translation."
"7_intro_village_jully_3","Not that I recall. State your business!","Не си спомням. Казвай по работа!","review","Day 1 opening scene pilot translation."
"7_intro_village_jully_4","I need to summon a fairy.","Трябва да призова фея.","review","Day 1 opening scene pilot translation."
"7_intro_village_jully_5","Do you know what I should do?","Знаеш ли какво трябва да направя?","review","Day 1 opening scene pilot translation."
"7_intro_village_jully_6","Of course I know... In matters of nature, my knowledge is complete!","Разбира се, че знам... Познанията ми за природата са пълни!","review","Day 1 opening scene pilot translation."
"7_intro_village_jully_7","So... would you be so kind as to tell me?","И така... ще бъдеш ли така добър да ми кажеш?","review","Day 1 opening scene pilot translation."
"7_intro_village_jully_8","Certainly not.","В никакъв случай.","review","Day 1 opening scene pilot translation."
"7_intro_village_jully_9","Who are you, anyway? Another schmuck from the hill?","Ти пък кой си? Поредният глупак от хълма?","review","Day 1 opening scene pilot translation."
"7_village_head_meet","What the Fairy?","Какво, по феите?","review","Day 1 opening scene pilot translation."
"8_5_base_foreman_boat_1","Are you sleeping?","Спиш ли?","review","Day 1 opening scene pilot translation."
"8_5_base_foreman_boat_10","What? What do I owe you for?","Какво? За какво ти дължа?","review","Day 1 opening scene pilot translation."
"8_5_base_foreman_boat_11","I gave you some great armor! What, you thought it was free?","Дадох ти страхотна броня! Какво, да не мислеше, че е безплатна?","review","Day 1 opening scene pilot translation."
"8_5_base_foreman_boat_12","Don't worry, I'll build the boat myself.","Не се тревожи, сам ще построя лодката.","review","Day 1 opening scene pilot translation."
"8_5_base_foreman_boat_13","That's a piece of cake for a professional like me.","За професионалист като мен това е детска игра.","review","Day 1 opening scene pilot translation."
"8_5_base_foreman_boat_14","I just need the materials.","Трябват ми само материалите.","review","Day 1 opening scene pilot translation."
"8_5_base_foreman_boat_15","Will you help me...","Ще ми помогнеш ли...","review","Day 1 opening scene pilot translation."
"8_5_base_foreman_boat_16","Sure, sure... just let me get some sleep first!","Разбира се, разбира се... само първо да си поспя!","review","Day 1 opening scene pilot translation."
"8_5_base_foreman_boat_17","Great, here's a list! ","Чудесно, ето един списък!","review","Day 1 opening scene pilot translation."
"8_5_base_foreman_boat_18","I'll wait for you in the village... on the beach across the bridge.","Ще те чакам в селото... на брега от другата страна на моста.","review","Day 1 opening scene pilot translation."
"8_5_base_foreman_boat_19","Wow... better him a friend than an enemy.","Еха... по-добре приятел, отколкото враг.","review","Day 1 opening scene pilot translation."
"8_5_base_foreman_boat_2","Don't go to sleep!","Не заспивай!","review","Day 1 opening scene pilot translation."
"8_5_base_foreman_boat_20","Anyway... we seriously need a lock on that door.","Както и да е... на тази врата определено ѝ трябва ключалка.","review","Day 1 opening scene pilot translation."
"8_5_base_foreman_boat_3","Holy... Jack! It's night and you're in my house!","Божичко... Джак! Нощ е, а ти си в къщата ми!","review","Day 1 opening scene pilot translation."
"8_5_base_foreman_boat_4","So I have this plan — it's genius.","Имам един план - гениален е.","review","Day 1 opening scene pilot translation."
"8_5_base_foreman_boat_5","There was a stronghold at the port. Some people might have remained there.","На пристанището имаше крепост. Възможно е някои хора да са останали там.","review","Day 1 opening scene pilot translation."
"8_5_base_foreman_boat_6","I hoped the brothers would help me get there, but their boat sank.","Надявах се братята да ми помогнат да стигна дотам, но лодката им потъна.","review","Day 1 opening scene pilot translation."
"8_5_base_foreman_boat_7","Wasn't this the Merchant's plan? I heard you discussing it.","Това не беше ли планът на Търговеца? Чух ви да го обсъждате.","review","Day 1 opening scene pilot translation."
"8_5_base_foreman_boat_8","Umm... who cares who came up with it, alright?","Ъъъ... какво значение има кой го е измислил, нали?","review","Day 1 opening scene pilot translation."
"8_5_base_foreman_boat_9","I need a boat, and you owe me.","Трябва ми лодка, а ти ми дължиш услуга.","review","Day 1 opening scene pilot translation."
"8_village_trader_foreman_1","What kind of merchant are you?!","Що за Търговец си ти?!","review","Day 1 opening scene pilot translation."
"8_village_trader_foreman_2","No materials, no tools. How can we fight to get my workshop back?!","Нямаме материали, нямаме инструменти. Как да се преборим, за да си върна работилницата?!","review","Day 1 opening scene pilot translation."
"8_village_trader_foreman_3","I guess you could try finding stuff at the port.","Предполагам, че можеш да опиташ да намериш нещо на пристанището.","review","Day 1 opening scene pilot translation."
"8_village_trader_foreman_4","The twins have a boat. You could get there that way.","Близнаците имат лодка. Можеш да стигнеш дотам с нея.","review","Day 1 opening scene pilot translation."
"8_village_trader_foreman_5","Okay. I'll go talk to them.","Добре. Ще отида да поговоря с тях.","review","Day 1 opening scene pilot translation."
"8_village_trader_meet","Supply and Demand","Търсене и предлагане","review","Day 1 opening scene pilot translation."
"8_village_trader_meeting_1","Greetings! Never seen you before.","Поздрави! Не съм те виждал досега.","review","Day 1 opening scene pilot translation."
"8_village_trader_meeting_10","Of course! Good will is the essence of business.","Разбира се! Добрата воля е същността на бизнеса.","review","Day 1 opening scene pilot translation."
"8_village_trader_meeting_11","Ok, then I just need some seeds.","Добре, тогава ми трябват само семена.","review","Day 1 opening scene pilot translation."
"8_village_trader_meeting_12","I'd be glad to sell you some.","С удоволствие ще ти продам малко.","review","Day 1 opening scene pilot translation."
"8_village_trader_meeting_13","Wait... that sounds a little unfair.","Чакай... това ми се струва малко нечестно.","review","Day 1 opening scene pilot translation."
"8_village_trader_meeting_14","I'm not proud of it, but I've got to make ends meet somehow.","Не се гордея с това, но някак трябва да свързвам двата края.","review","Day 1 opening scene pilot translation."
"8_village_trader_meeting_15","Other ways to help?","Има ли други начини да помогна?","review","Day 1 opening scene pilot translation."
"8_village_trader_meeting_16","Is there any other way I could help you with provisions?","Има ли друг начин, по който мога да ти помогна с провизиите?","review","Day 1 opening scene pilot translation."
"8_village_trader_meeting_17","It would be nice if I sold you a fishing rod.","Ще е хубаво, ако ти продам въдица.","review","Day 1 opening scene pilot translation."
"8_village_trader_meeting_18","Then I could buy fish from you.","Тогава ще мога да купувам риба от теб.","review","Day 1 opening scene pilot translation."
"8_village_trader_meeting_19","You need free samples of the fish?","Трябват ти безплатни мостри от рибата?","review","Day 1 opening scene pilot translation."
"8_village_trader_meeting_2","I'm the new Graveyard Keeper. From the hill.","Аз съм новият Гробар от хълма.","review","Day 1 opening scene pilot translation."
"8_village_trader_meeting_20","That's a great idea! Except the twins took my fishing rod.","Това е страхотна идея! Само че близнаците взеха въдицата ми.","review","Day 1 opening scene pilot translation."
"8_village_trader_meeting_21","Come to think of it, they were supposed to give it back a whole week ago.","Като се замисля, трябваше да ми я върнат още преди цяла седмица.","review","Day 1 opening scene pilot translation."
"8_village_trader_meeting_22","Could you go check on them?","Можеш ли да провериш какво става с тях?","review","Day 1 opening scene pilot translation."
"8_village_trader_meeting_23","They live on the other side of the river.","Живеят от другата страна на реката.","review","Day 1 opening scene pilot translation."
"8_village_trader_meeting_3","Very interesting. Always good to see a new face. Good for business!","Много интересно. Винаги е хубаво да видиш ново лице. Добре е за бизнеса!","review","Day 1 opening scene pilot translation."
"8_village_trader_meeting_4","Speaking of business — I heard you're having problems with the food supply?","Като стана дума за бизнес - чух, че имате проблеми с хранителните запаси?","review","Day 1 opening scene pilot translation."
"8_village_trader_meeting_5","Oh ho ho! We're short on everything. Not much land to grow food.","О, хо-хо-хо! Нямаме почти нищо. Няма много земя, на която да отглеждаме храна.","review","Day 1 opening scene pilot translation."
"8_village_trader_meeting_6","No woodcutting either — thanks to Jully's spiritual beliefs.","Няма и дърводобив - заради духовните вярвания на Юли.","review","Day 1 opening scene pilot translation."
"8_village_trader_meeting_7","Well, I do have plenty of land to farm and trees to cut on the hill.","Е, аз имам предостатъчно земя за обработване и дървета за сеч на хълма.","review","Day 1 opening scene pilot translation."
"8_village_trader_meeting_8","That's just marvelous! I'd gladly accept some samples.","Това е направо чудесно! С удоволствие ще приема няколко проби.","review","Day 1 opening scene pilot translation."
"8_village_trader_meeting_9","Wait... like, for free?","Чакай... безплатно ли?","review","Day 1 opening scene pilot translation."
"9_village_brothers_discussion","Two Peas in a Pod","Като два граха в една шушулка","review","Day 1 opening scene pilot translation."
"9_village_brothers_discussion_1","It's [your] fault!","[Твоя] е вината!","review","Day 1 opening scene pilot translation."
"9_village_brothers_discussion_2","I told you to row!","Казах ти да гребеш!","review","Day 1 opening scene pilot translation."
"9_village_brothers_discussion_3","I was busy steering!","Бях зает да управлявам лодката!","review","Day 1 opening scene pilot translation."
"9_village_brothers_discussion_4","I thought [I] was steering!","Мислех, че [аз] управлявам лодката!","review","Day 1 opening scene pilot translation."
"9_village_brothers_discussion_5","That's right. You thought you were steering, and that's why this is your fault!","Точно така. Мислеше, че управляваш лодката, и затова вината е твоя!","review","Day 1 opening scene pilot translation."
"9_village_brothers_discussion_6","You know what?","Знаеш ли какво?","review","Day 1 opening scene pilot translation."
"9_village_brothers_discussion_7","What?","Какво?","review","Day 1 opening scene pilot translation."
"9_village_brothers_discussion_8","We're not brothers anymore, Heffry!","Вече не сме братя, Хефри!","review","Day 1 opening scene pilot translation."
"9_village_brothers_foreman_1","Uhhh...","Ъъъ...","review","Day 1 opening scene pilot translation."
"9_village_brothers_foreman_2","I don't get what he wants...","Не разбирам какво иска...","review","Day 1 opening scene pilot translation."
"9_village_brothers_foreman_3","I. Need. Your. Boat!","Трябва. Ми. Твоята. Лодка!","review","Day 1 opening scene pilot translation."
"9_village_brothers_foreman_4","Sorry, the boat sank.","Съжалявам, лодката потъна.","review","Day 1 opening scene pilot translation."
"9_village_brothers_foreman_5","You've got to be kidding me.","Това шега ли е?","review","Day 1 opening scene pilot translation."
"9_village_brothers_heffry_1","While you're figuring out your... relationship issues...","Докато си изяснявате... отношенията...","review","Day 1 opening scene pilot translation."
"9_village_brothers_heffry_10","Tell him I want to be his brother again.","Кажи му, че искам отново да ми бъде брат.","review","Day 1 opening scene pilot translation."
"9_village_brothers_heffry_11","... Ok.","... Добре.","review","Day 1 opening scene pilot translation."
"9_village_brothers_heffry_2","Could you give me your fishing rod?","Ще ми дадеш ли въдицата си?","review","Day 1 opening scene pilot translation."
"9_village_brothers_heffry_3","What rod?","Коя въдица?","review","Day 1 opening scene pilot translation."
"9_village_brothers_heffry_4","Uhh... maybe Jeffry knows where it is. He's the smart one.","Ъъъ... може би Джефри знае къде е. Той е умникът.","review","Day 1 opening scene pilot translation."
"9_village_brothers_heffry_5","Where did he go?","Къде отиде?","review","Day 1 opening scene pilot translation."
"9_village_brothers_heffry_6","Down the road... then turn... uhh...","Надолу по пътя... после завиваш... ъъъ...","review","Day 1 opening scene pilot translation."
"9_village_brothers_heffry_7","Right? Left?","Надясно? Наляво?","review","Day 1 opening scene pilot translation."
"9_village_brothers_heffry_8","Uhh... not to the bridge... behind the tree...","Ъъъ... не към моста... зад дървото...","review","Day 1 opening scene pilot translation."
"9_village_brothers_heffry_9","Very specific. Thanks.","Много конкретно. Благодаря.","review","Day 1 opening scene pilot translation."
"9_village_brothers_jeffry_1","Hi... your brother told me you know where the fishing rod is.","Здравей... брат ти каза, че знаеш къде е въдицата.","review","Day 1 opening scene pilot translation."
"9_village_brothers_jeffry_10","We sank the boat with some pottery... meant for Herm...","Потопихме лодката с малко керамика... предназначена за Херм...","review","Day 1 opening scene pilot translation."
"9_village_brothers_jeffry_11","Ok, I can make pottery for you. And you can go find that fishing rod.","Добре, мога да ти направя керамика. А ти можеш да отидеш да намериш въдицата.","review","Day 1 opening scene pilot translation."
"9_village_brothers_jeffry_12","I'll go to him. We'll be waiting for the pottery.","Ще отида при него. Ще чакаме керамиката.","review","Day 1 opening scene pilot translation."
"9_village_brothers_jeffry_2","Oh yeah... the rod... it's somewhere... I can't remember... too much stress...","О, да... въдицата... някъде е... не мога да си спомня... прекалено съм напрегнат...","review","Day 1 opening scene pilot translation."
"9_village_brothers_jeffry_3","How is he?","Как е?","review","Day 1 opening scene pilot translation."
"9_village_brothers_jeffry_4","How is...","Как е...","review","Day 1 opening scene pilot translation."
"9_village_brothers_jeffry_5","How's Heffry getting by without me?","Как се справя Хефри без мен?","review","Day 1 opening scene pilot translation."
"9_village_brothers_jeffry_6","But — you only just left. Whatever...","Но ти току-що си тръгна. Както и да е...","review","Day 1 opening scene pilot translation."
"9_village_brothers_jeffry_7","He misses you. He wants you to be his brother again.","Липсваш му. Иска отново да му бъдеш брат.","review","Day 1 opening scene pilot translation."
"9_village_brothers_jeffry_8","We're both just too nervous. It's all on account of the pottery...","И двамата сме прекалено напрегнати. Всичко е заради керамиката...","review","Day 1 opening scene pilot translation."
"9_village_brothers_jeffry_9","Pottery?","Керамика?","review","Day 1 opening scene pilot translation."
"9_village_brothers_pottery_1","Give pottery.","Дай керамиката.","review","Day 1 opening scene pilot translation."
"9_village_brothers_pottery_2","This pottery looks ugly.","Тази керамика изглежда ужасно.","review","Day 1 opening scene pilot translation."
"9_village_brothers_pottery_3","Pottery is pottery.","Керамика като керамика.","review","Day 1 opening scene pilot translation."
"9_village_brothers_pottery_4","Take this fishing rod. As a thank you.","Вземи тази въдица. Като благодарност.","review","Day 1 opening scene pilot translation."
