"key","original","bg","status","notes"
"100_village_swamp_after_1","The fairy says I already have all the power I need... As long as I use my own faith.","","untranslated",""
"100_village_swamp_after_2","Honestly? That sounds like cheating.","","untranslated",""
"100_village_swamp_after_3","I'll find my own way back!","","untranslated",""
"100_village_swamp_bandits_1","Hey... you can pass, but him...","","untranslated",""
"100_village_swamp_bandits_2","Ha ha! The Old Goddess will punish you!","","untranslated",""
"100_village_swamp_bandits_3","For everything you've done to her sacred land!","","untranslated",""
"100_village_swamp_bandits_4","Sven, this guy is insane... just let him through.","","untranslated",""
"100_village_swamp_bandits_5","Oh, Goddess... I'm coming.","","untranslated",""
"100_village_swamp_faith","Goddess in the Swamp","","untranslated",""
"100_village_swamp_faith_1","Give faith","","untranslated",""
"100_village_swamp_faith_2","It took me some time to gather all of this.","","untranslated",""
"100_village_swamp_faith_3","Oh, don't be modest. I know you produce faith on an industrial scale.","","untranslated",""
"100_village_swamp_faith_4","A true priest of the Ancient God...","","untranslated",""
"100_village_swamp_faith_5","Very well. Are we ready?","","untranslated",""
"100_village_swamp_faith_6","Yes... lead me to the shrine!","","untranslated",""
"100_village_swamp_goddess_1","You've brought him?","","untranslated",""
"100_village_swamp_goddess_10","Once, the world was in balance.","","untranslated",""
"100_village_swamp_goddess_11","But greed turned them against you.","","untranslated",""
"100_village_swamp_goddess_12","In their greed they began to hate you.","","untranslated",""
"100_village_swamp_goddess_13","You were betrayed... and left alone...","","untranslated",""
"100_village_swamp_goddess_14","Yet I am here to worship you.","","untranslated",""
"100_village_swamp_goddess_15","Hear me. How dare you!","","untranslated",""
"100_village_swamp_goddess_16","I hear you... and I feel all your faith...","","untranslated",""
"100_village_swamp_goddess_17","Wow... it actually worked!","","untranslated",""
"100_village_swamp_goddess_18","I have so many questions... I need your power...","","untranslated",""
"100_village_swamp_goddess_19","Excuse me... I have a rather delicate matter...","","untranslated",""
"100_village_swamp_goddess_2","Yes. It's him.","","untranslated",""
"100_village_swamp_goddess_20","What?","","untranslated",""
"100_village_swamp_goddess_21","I just checked my notes... I think I still owe you some coins for your teeth.","","untranslated",""
"100_village_swamp_goddess_22","Coins... right...","","untranslated",""
"100_village_swamp_goddess_23","Follow me... let the Goddess speak with the Keeper.","","untranslated",""
"100_village_swamp_goddess_3","Worshipers sure aren't what they used to be...","","untranslated",""
"100_village_swamp_goddess_4","If you don't like me, I can leave!","","untranslated",""
"100_village_swamp_goddess_5","No, stay, please.","","untranslated",""
"100_village_swamp_goddess_6","Alright... I'm ready. Tell me when to start...","","untranslated",""
"100_village_swamp_goddess_7","Start the ritual.","","untranslated",""
"100_village_swamp_goddess_8","Alright... wish me luck. This is my first time...","","untranslated",""
"100_village_swamp_goddess_9","Just speak from your heart...","","untranslated",""
"100_village_swamp_leave_1","I still need some answers","","untranslated",""
"100_village_swamp_optional_1","Tell me more about him.","","untranslated",""
"100_village_swamp_optional_10","Heh... of course.","","untranslated",""
"100_village_swamp_optional_11","Thank you.","","untranslated",""
"100_village_swamp_optional_2","Maybe if I knew something about him, it would help me find him.","","untranslated",""
"100_village_swamp_optional_3","He used to be a good boy... always playing those G&G games...","","untranslated",""
"100_village_swamp_optional_4","He lived in fantasy worlds... always inventing new ones.","","untranslated",""
"100_village_swamp_optional_5","Then we were in a car... and then suddenly, we appeared here...","","untranslated",""
"100_village_swamp_optional_6","The portal made us gods, and my brother finally got to create his own little Roman Empire.","","untranslated",""
"100_village_swamp_optional_7","That was many, many years ago...","","untranslated",""
"100_village_swamp_optional_8","These memories so tire me... Go. Find him.","","untranslated",""
"100_village_swamp_optional_9","Wait.","","untranslated",""
"100_village_swamp_outpost_1","Hey folks, do you know where I'm going?","","untranslated",""
"100_village_swamp_outpost_2","Off to pick mushrooms again?","","untranslated",""
"100_village_swamp_outpost_3","I'm going to awaken the Goddess of Nature.","","untranslated",""
"100_village_swamp_outpost_4","Good thing we elected Heffry instead of that guy.","","untranslated",""
"100_village_swamp_outpost_5","Wait... didn't we elect Jeffry?","","untranslated",""
"100_village_swamp_red_eye_1","The Man with the Red Eye.","","untranslated",""
"100_village_swamp_red_eye_10","That's all there is. There's no magical yellow arrow, my friend.","","untranslated",""
"100_village_swamp_red_eye_11","One other detail... the place smells terrible.","","untranslated",""
"100_village_swamp_red_eye_12","Probably the sewers. I should talk to the Looter at the Port Club.","","untranslated",""
"100_village_swamp_red_eye_13","Maybe they can give me a hint.","","untranslated",""
"100_village_swamp_red_eye_14","Just think... perhaps my brother has already sent you some clues.","","untranslated",""
"100_village_swamp_red_eye_2","Do you have enough power to find your brother?","","untranslated",""
"100_village_swamp_red_eye_3","Mmm... I haven't felt this good in years!","","untranslated",""
"100_village_swamp_red_eye_4","Let me take a look...","","untranslated",""
"100_village_swamp_red_eye_5","Oh... he's very weak. Nearly powerless.","","untranslated",""
"100_village_swamp_red_eye_6","He's trapped somewhere underground...","","untranslated",""
"100_village_swamp_red_eye_7","Buildings, streets, zombies... all right above him. Rivers surround it on three sides.","","untranslated",""
"100_village_swamp_red_eye_8","It's like a cell, but not meant for humans...","","untranslated",""
"100_village_swamp_red_eye_9","Hm... I was hoping for something more specific...","","untranslated",""
"100_village_swamp_rest_1","I need some rest... and a snack.","","untranslated",""
"100_village_swamp_rest_2","Alright, let's just get this over with.","","untranslated",""
"100_village_swamp_rest_3","I brought some of your cheese.","","untranslated",""
"100_village_swamp_rest_4","That's not my cheese.","","untranslated",""
"100_village_swamp_rest_5","Weird... two wheels of cheese appeared under my bed.","","untranslated",""
"100_village_swamp_rest_6","Right after we talked about the ritual.","","untranslated",""
"100_village_swamp_rest_7","I figured it was a gift from you.","","untranslated",""
"100_village_swamp_rest_8","Fine... let's go!","","untranslated",""
"51_crossroad_fixed_better_corpse_1","Better Corpse","","untranslated",""
"51_crossroad_fixed_better_corpse_2","What exactly makes for a better corpse?","","untranslated",""
"51_crossroad_fixed_better_corpse_3","I can pray harder before sending them to you...Then they'll have more <sprite name=""skull"">.","","untranslated",""
"51_crossroad_fixed_better_corpse_4","But right now I don't really feel like it.","","untranslated",""
"51_crossroad_fixed_better_corpse_5","Unless...","","untranslated",""
"51_crossroad_fixed_better_corpse_6","Unless what?","","untranslated",""
"51_crossroad_fixed_better_corpse_7","Unless you could fix things up around here.","","untranslated",""
"51_crossroad_fixed_better_corpse_8","Nicer digs would definitely make my prayers more... effective.","","untranslated",""
"51_crossroad_fixed_delivery_1","Corpse Delivery","","untranslated",""
"51_crossroad_fixed_delivery_2","Okay... seems like I've finally met all your requirements.","","untranslated",""
"51_crossroad_fixed_delivery_3","You have.","","untranslated",""
"51_crossroad_fixed_delivery_4","So... my donkey can come and collect fresh corpses now?","","untranslated",""
"51_crossroad_fixed_delivery_5","Can he?","","untranslated",""
"51_crossroad_fixed_delivery_6","You may ask me every <sprite name=""day_wrath""> how many corpses you'll need for the week.","","untranslated",""
"51_crossroad_fixed_delivery_7","If nothing changes, I'll keep sending the same amount.","","untranslated",""
"51_crossroad_fixed_delivery_8","That's what I needed to hear.","","untranslated",""
"51_crossroad_fixed_graveyard_1","I fixed up the graveyard.","","untranslated",""
"51_crossroad_fixed_graveyard_2","The graveyard is still small, but I think it looks good.","","untranslated",""
"51_crossroad_fixed_graveyard_3","Of course it's small... and it's definitely not good yet.","","untranslated",""
"51_crossroad_fixed_graveyard_4","It's... okay.","","untranslated",""
"51_crossroad_fixed_graveyard_5","It takes knowledge to properly keep a graveyard, and bring forth its true greatness.","","untranslated",""
"51_crossroad_fixed_graveyard_6","Yeah, I'm starting to realize how complicated it is.","","untranslated",""
"51_crossroad_fixed_graveyard_7","Lucky for you, my order once possessed such knowledge.","","untranslated",""
"51_crossroad_fixed_path_1","Underground path","","untranslated",""
"51_crossroad_fixed_path_10","And me watching... powerless to help...","","untranslated",""
"51_crossroad_fixed_path_11","Okay, okay... of course we couldn't know...","","untranslated",""
"51_crossroad_fixed_path_2","I fixed your well. The sacred water is restored... although it smells a little suspicious.","","untranslated",""
"51_crossroad_fixed_path_3","Good... I rather like the idea of that filthy donkey enduring a sacred bath.","","untranslated",""
"51_crossroad_fixed_path_4","From now on, he washes his hooves before every visit. No exceptions.","","untranslated",""
"51_crossroad_fixed_path_5","Yeah... sounds a little sadistic.","","untranslated",""
"51_crossroad_fixed_path_6","What ever do you mean?","","untranslated",""
"51_crossroad_fixed_path_7","What do you or your donkey know of suffering?","","untranslated",""
"51_crossroad_fixed_path_8","What do you or your donkey know of pain...","","untranslated",""
"51_crossroad_fixed_path_9","Pain... Can you imagine the pain of my blessed sisters — burning alive?","","untranslated",""
"51_crossroad_fixed_path_before_1","Ask about the path","","untranslated",""
"51_crossroad_fixed_path_before_2","Can you remind me what I'm supposed to do underground?","","untranslated",""
"51_crossroad_fixed_path_before_3","Oh Lord... You were the one who wanted the debris cleared.","","untranslated",""
"51_crossroad_fixed_path_before_4","So I can use the water from the sacred well.","","untranslated",""
"52_village_pass_forest_1","Forest Pass","","untranslated",""
"52_village_pass_forest_2","Could you ask Jully about the Forest Pass?","","untranslated",""
"52_village_pass_forest_3","Oh yes, here — Jully asked me to give you this.","","untranslated",""
"52_village_pass_forest_4","Thanks.... Tell him... he has my vote.","","untranslated",""
"52_village_pass_papers_1","Ask about papers.","","untranslated",""
"52_village_pass_papers_10","He can be a little dramatic, sure... but I don't think he's that bad.","","untranslated",""
"52_village_pass_papers_11","That's easy for you to say. You can come and go as you please.","","untranslated",""
"52_village_pass_papers_12","I'm the one who has to stick around and deal with his... leadership.","","untranslated",""
"52_village_pass_papers_13","He used to be alright... until the whole ""authority"" thing went to his head.","","untranslated",""
"52_village_pass_papers_14","Just give me the paper. I'll take care of it.","","untranslated",""
"52_village_pass_papers_15","WHAT?!","","untranslated",""
"52_village_pass_papers_16","TEMPORARY?!","","untranslated",""
"52_village_pass_papers_17","ELECTION?!","","untranslated",""
"52_village_pass_papers_18","... He took that surprisingly well.","","untranslated",""
"52_village_pass_papers_19","Yeah, I heard.","","untranslated",""
"52_village_pass_papers_2","Hey, Januarius... there might be a problem with the Head of the Village papers.","","untranslated",""
"52_village_pass_papers_20","Anyway, let's give him some time to cool off.","","untranslated",""
"52_village_pass_papers_21","I'll let you know when Jully's ready to talk about the election.","","untranslated",""
"52_village_pass_papers_22","Sure, take all the time you need.","","untranslated",""
"52_village_pass_papers_23","I've got plenty on my plate besides politics.","","untranslated",""
"52_village_pass_papers_3","Hmm... They look good to me.","","untranslated",""
"52_village_pass_papers_4","You see the word ""Temporary"" on them?","","untranslated",""
"52_village_pass_papers_5","Ah... yes. That's... inconvenient.","","untranslated",""
"52_village_pass_papers_6","Jully won't be thrilled.","","untranslated",""
"52_village_pass_papers_7","Exactly. The mailbox said we need an election to make it official.","","untranslated",""
"52_village_pass_papers_8","Hmm... You know what? That might actually be really good!","","untranslated",""
"52_village_pass_papers_9","An election could finally free us from Jully's little dictatorship.","","untranslated",""
"53_forest_pass_1","Show the pass.","","untranslated",""
"53_forest_pass_10","Who is Hans?","","untranslated",""
"53_forest_pass_11","He's an old miner. Lives out in the forest.","","untranslated",""
"53_forest_pass_12","He and his buddy Sven used to make the best moonshine.","","untranslated",""
"53_forest_pass_13","Wait... Sven? I thought he was the leader of the bandits.","","untranslated",""
"53_forest_pass_14","No no, the bandits killed Sven. Their leader is Robert now.","","untranslated",""
"53_forest_pass_15","Veeeery interesting...","","untranslated",""
"53_forest_pass_16","The miner?","","untranslated",""
"53_forest_pass_17","Why's there a miner living in the forest?","","untranslated",""
"53_forest_pass_18","Because there's an old abandoned mine there.","","untranslated",""
"53_forest_pass_19","And a lumber mill.","","untranslated",""
"53_forest_pass_2","Wow... is that a real Forest Pass?","","untranslated",""
"53_forest_pass_20","Also abandoned?","","untranslated",""
"53_forest_pass_21","Obviously.","","untranslated",""
"53_forest_pass_22","Wait... have you already been to the forest?","","untranslated",""
"53_forest_pass_23","Ohhh! I knew it... I knew he had a way!","","untranslated",""
"53_forest_pass_24","Hans told us the mines are connected to the Inquisitor's dungeons.","","untranslated",""
"53_forest_pass_25","Pssst! Shut up!","","untranslated",""
"53_forest_pass_26_a","Hans and the Others","","untranslated",""
"53_forest_pass_26_a_1","This Hans sounds like a fun guy. Where can I find him?","","untranslated",""
"53_forest_pass_26_a_2","He's got a camp just down the road.","","untranslated",""
"53_forest_pass_26_a_3","Right before the bridge to the other side of the river.","","untranslated",""
"53_forest_pass_26_a_4","Yeah... the bridge to the cursed swamp!","","untranslated",""
"53_forest_pass_26_b","The swamp?","","untranslated",""
"53_forest_pass_26_b_1","I thought there used to be a lake over there.","","untranslated",""
"53_forest_pass_26_b_2","Pfffft. There was a lake. Back in the Old God days.","","untranslated",""
"53_forest_pass_26_b_3","Then someone carved a channel to the sea... drained it all.","","untranslated",""
"53_forest_pass_26_b_4","Now it's just a stinky swamp.","","untranslated",""
"53_forest_pass_3","Hey, come here... have a look at this! This guy's got a Forest Pass!","","untranslated",""
"53_forest_pass_4","Oh man, I'm so jealous. All those juicy mushrooms just waiting to be picked...","","untranslated",""
"53_forest_pass_5","So what stops you from going?","","untranslated",""
"53_forest_pass_6","We don't have a pass.","","untranslated",""
"53_forest_pass_7","Also, we're kind of, you know... scared of ghostly killers and bandits.","","untranslated",""
"53_forest_pass_8","Have you ever actually seen any?","","untranslated",""
"53_forest_pass_9","No... but Hans told us.","","untranslated",""
"53_forest_pass_return","Forest Pass","","untranslated",""
"54_forest_bandits_1","Hi, are you Hans?","","untranslated",""
"54_forest_bandits_10","Who plans meetings in a swamp?","","untranslated",""
"54_forest_bandits_11","I need access to the old mine.","","untranslated",""
"54_forest_bandits_12","You look like a miner... is there any iron still left down there?","","untranslated",""
"54_forest_bandits_13","Absolutely not. No iron. Zero.","","untranslated",""
"54_forest_bandits_14","Hans, there's no such thing as a talking hedgehog... you little liar!","","untranslated",""
"54_forest_bandits_15","And who the sard is this?","","untranslated",""
"54_forest_bandits_16","Oh, he's a messenger from the king... we've been pardoned!","","untranslated",""
"54_forest_bandits_17","No, I'm not. As far as I know, there is no king anymore.","","untranslated",""
"54_forest_bandits_18","So that means... I can beat the soul outta you!","","untranslated",""
"54_forest_bandits_19","It's okay, I'm okay! Just give me a minute. Or an hour. Maybe two.","","untranslated",""
"54_forest_bandits_2","Who's asking?","","untranslated",""
"54_forest_bandits_20_a","About the Swamp","","untranslated",""
"54_forest_bandits_20_a_1","I need to cross the bridge to the swamp.","","untranslated",""
"54_forest_bandits_20_a_10","Everyone calls me the Graveyard Keeper.","","untranslated",""
"54_forest_bandits_20_a_11","Correct!","","untranslated",""
"54_forest_bandits_20_a_12","Second question: What is your favorite color?","","untranslated",""
"54_forest_bandits_20_a_13","Black.","","untranslated",""
"54_forest_bandits_20_a_14","Dark brown.","","untranslated",""
"54_forest_bandits_20_a_15","Dark gray.","","untranslated",""
"54_forest_bandits_20_a_16","Correct!","","untranslated",""
"54_forest_bandits_20_a_17","Alright, now let's get to the third question.","","untranslated",""
"54_forest_bandits_20_a_18","Third question: ","","untranslated",""
"54_forest_bandits_20_a_19","Bring us a Royal Pardon from the Royal Mailbox!","","untranslated",""
"54_forest_bandits_20_a_2","You can't without our permission.","","untranslated",""
"54_forest_bandits_20_a_20","Wait... that's not even a question!","","untranslated",""
"54_forest_bandits_20_a_21","Robert gets the third question. But... he's not really in the mood to talk today.","","untranslated",""
"54_forest_bandits_20_a_22","Anyway... no pardon, no crossing.","","untranslated",""
"54_forest_bandits_20_a_3","Hmm... I believe I can.","","untranslated",""
"54_forest_bandits_20_a_4","Try it... and we'll cut the bridge while you're still on it. Right, Sven?","","untranslated",""
"54_forest_bandits_20_a_5","Right! No crossing without permission!","","untranslated",""
"54_forest_bandits_20_a_6","So... is there a way to get permission?","","untranslated",""
"54_forest_bandits_20_a_7","Yes! You just need to answer three of our questions!","","untranslated",""
"54_forest_bandits_20_a_8","... Seriously? Fine. Ask away.","","untranslated",""
"54_forest_bandits_20_a_9","First question: What's your name?","","untranslated",""
"54_forest_bandits_20_b","About the Mine","","untranslated",""
"54_forest_bandits_20_b_1","Is the mine even safe to use?","","untranslated",""
"54_forest_bandits_20_b_10","Yep. That's a pickle.","","untranslated",""
"54_forest_bandits_20_b_11","We have explosives... But we're not giving them to you!","","untranslated",""
"54_forest_bandits_20_b_12","Not unless you help us find our treasure!","","untranslated",""
"54_forest_bandits_20_b_13","Treasure?","","untranslated",""
"54_forest_bandits_20_b_14","Only Robert knows where it is. And he's... not exactly a chatty skull.","","untranslated",""
"54_forest_bandits_20_b_15","Well, I have a good idea who I could ask.","","untranslated",""
"54_forest_bandits_20_b_2","No way. We planted tons of explosives down there.","","untranslated",""
"54_forest_bandits_20_b_3","Hans. Tell him the truth.","","untranslated",""
"54_forest_bandits_20_b_4","Okay, okay... it's safe. We just forgot to take down the warning signs.","","untranslated",""
"54_forest_bandits_20_b_5","Yeah, but the main tunnel is blocked with rocks.","","untranslated",""
"54_forest_bandits_20_b_6","You'll need explosives to open it up.","","untranslated",""
"54_forest_bandits_20_b_7","Okay... and where am I supposed to get the stuff to make explosives?","","untranslated",""
"54_forest_bandits_20_b_8","Down the main tunnel. There's plenty of sulfur down there.","","untranslated",""
"54_forest_bandits_20_b_9","But I can't get down there without explosives.","","untranslated",""
"54_forest_bandits_3","I'm the Graveyard Keeper. I live up on the hill at the old Inquisitor base.","","untranslated",""
"54_forest_bandits_4","So what's a Graveyard Keeper doing in my forest?","","untranslated",""
"54_forest_bandits_5","So... you're Hans?","","untranslated",""
"54_forest_bandits_6","No, he's Hans.","","untranslated",""
"54_forest_bandits_7","Hans also wants to know what you're doing here.","","untranslated",""
"54_forest_bandits_8","First I need to get to the island in the swamp. I have a meeting there.","","untranslated",""
"54_forest_bandits_9","And second...","","untranslated",""
"55_base_strike_10","Why are you happy? You like your job that much?","","untranslated",""
"55_base_strike_11","Not that much, no... but now I think I'm safe.","","untranslated",""
"55_base_strike_12","You see, our deal was — you help me, and I give you the Necronomicon.","","untranslated",""
"55_base_strike_13","The thing is... I don't have it. But I do know a guy who might know where it is.","","untranslated",""
"55_base_strike_14","Hmm...","","untranslated",""
"55_base_strike_15","No, no ""hmm""... remember, you're the one who messed up. All this water torture? That's on you.","","untranslated",""
"55_base_strike_16","So we're even...","","untranslated",""
"55_base_strike_17","I guess that's okay. So who is the guy?","","untranslated",""
"55_base_strike_18","Good, good... Larry warned me you'd be furious, but you're taking it very well... ha ha.","","untranslated",""
"55_base_strike_19","WHO IS THE GUY!?","","untranslated",""
"55_base_strike_2","I figured everything out with Sister Agatha...","","untranslated",""
"55_base_strike_20","Okay, okay... you know, you got a real temper buddy...","","untranslated",""
"55_base_strike_21","It's the Poet... now he's an Astrologer... calls himself Gunter.","","untranslated",""
"55_base_strike_22","I know the guy. Thanks...","","untranslated",""
"55_base_strike_23","Very awkward name choice. I once knew another guy named Gunter... ","","untranslated",""
"55_base_strike_24","Anyway... back to work.","","untranslated",""
"55_base_strike_3","It's not a perfect solution... but the corpses will keep coming.","","untranslated",""
"55_base_strike_4","And?","","untranslated",""
"55_base_strike_5","... and you can keep bringing them.","","untranslated",""
"55_base_strike_6","But?","","untranslated",""
"55_base_strike_7","Yeah... from now on, you have to wash your hooves every time you go collect a corpse.","","untranslated",""
"55_base_strike_8","And absolutely no relieving yourself at the crossroads.","","untranslated",""
"55_base_strike_9","Ohhh... sard... that was close. Good!","","untranslated",""
"55_base_strike_donkey","The Ingenious Gentleman Don Keyote","","untranslated",""
"56_forest_pardon_1","Give the Royal Pardon","","untranslated",""
"56_forest_pardon_10","Yep, go right ahead.","","untranslated",""
"56_forest_pardon_11","By the way... do you like cheese?","","untranslated",""
"56_forest_pardon_12","Cheese?","","untranslated",""
"56_forest_pardon_13","Yeah, we found a wheel of cheese today. Sitting there on the bridge... just appeared out of nowhere.","","untranslated",""
"56_forest_pardon_14","Too bad our family has such a tragic history with dairy...","","untranslated",""
"56_forest_pardon_15","Why not. It looks tasty.","","untranslated",""
"56_forest_pardon_16","Show interest","","untranslated",""
"56_forest_pardon_17","So, now that you've got your pardon... any big plans?","","untranslated",""
"56_forest_pardon_18","Well... I'm gonna collect some mushrooms. For a stew.","","untranslated",""
"56_forest_pardon_19","Me... I'm still figuring it out.","","untranslated",""
"56_forest_pardon_2","Here's your Royal Pardon.","","untranslated",""
"56_forest_pardon_20","No, I mean like... in general. You gonna move back to the village or something?","","untranslated",""
"56_forest_pardon_21","No way! We like it out here. It's peaceful.","","untranslated",""
"56_forest_pardon_22","Good idea.","","untranslated",""
"56_forest_pardon_23","Oh! And let's open a shop. I've always wanted to haggle!","","untranslated",""
"56_forest_pardon_3","Wait, why isn't it on official royal paper?","","untranslated",""
"56_forest_pardon_4","Well, we don't really have a king anymore...","","untranslated",""
"56_forest_pardon_5","Just a temporary, unelected leader.","","untranslated",""
"56_forest_pardon_6","Hey, I know that guy... the weird dude in the wooden mask?","","untranslated",""
"56_forest_pardon_7","Yep. Very lovely.","","untranslated",""
"56_forest_pardon_8","He was trying to pick our mushrooms, so we chased him off.","","untranslated",""
"56_forest_pardon_9","So now I can cross the bridge?","","untranslated",""
"56_forest_pardon_bridge_try_1","Where do you think you're going?","","untranslated",""
"56_forest_pardon_bridge_try_2","What, you want us to chop down this bridge while you're standing on it?","","untranslated",""
"56_forest_pardon_bridge_try_3","Relax, relax... I'm only looking at it.","","untranslated",""
"57_forest_mine_before_1","Hm... there's a sign.","","untranslated",""
"57_forest_mine_before_2","Explosive traps inside. Do not enter. Hans","","untranslated",""
"57_forest_mine_before_3","Great. What a warm welcome.","","untranslated",""
"57_forest_mine_before_4","Looks like only Hans can defuse it.","","untranslated",""
"57_forest_mine_before_continues_1","No... If it collapses, I won't get any iron.","","untranslated",""
"57_forest_mine_convince","Can't See The Forest for the Iron","","untranslated",""
"57_forest_mine_larry_1","The Miners' Treasure","","untranslated",""
"57_forest_mine_larry_10","We should do it at night. It's more dramatic.","","untranslated",""
"57_forest_mine_larry_11","Thanks, Larry.","","untranslated",""
"57_forest_mine_larry_12","Just remember to bring a candle. I want to look my spooky best.","","untranslated",""
"57_forest_mine_larry_2","Larry. I need the help of a talking skull.","","untranslated",""
"57_forest_mine_larry_3","That's very specific. What's the job?","","untranslated",""
"57_forest_mine_larry_4","I need you to pretend you're a different skull...","","untranslated",""
"57_forest_mine_larry_5","The skull of a bandit leader... ","","untranslated",""
"57_forest_mine_larry_6","And convince them to give me their explosives.","","untranslated",""
"57_forest_mine_larry_7","Hmm... do we even look alike?","","untranslated",""
"57_forest_mine_larry_8","You're kidding.","","untranslated",""
"57_forest_mine_larry_9","A skull is a skull... although he might have had a stronger chin.","","untranslated",""
"57_forest_mine_larry_robert_1","Put a candle inside.","","untranslated",""
"57_forest_mine_larry_robert_10","You're always so good at it.","","untranslated",""
"57_forest_mine_larry_robert_11","Ahem... my friends!","","untranslated",""
"57_forest_mine_larry_robert_12","Robert! See, I told you Sven! He can talk!","","untranslated",""
"57_forest_mine_larry_robert_13","Oh Robert, we've missed you so much...","","untranslated",""
"57_forest_mine_larry_robert_14","Yeah, Sven is such a bore.","","untranslated",""
"57_forest_mine_larry_robert_15","Because I get tired of your endless foolery.","","untranslated",""
"57_forest_mine_larry_robert_16","It's not foolery... it's called having an ""imagination"".","","untranslated",""
"57_forest_mine_larry_robert_17","Friends, friends... I'm here to tell you...","","untranslated",""
"57_forest_mine_larry_robert_18","You need to give all your explosives...","","untranslated",""
"57_forest_mine_larry_robert_19","... to my good friend, the Graveyard Keeper!","","untranslated",""
"57_forest_mine_larry_robert_2","Ok, lets do this! I'll be in your bag.","","untranslated",""
"57_forest_mine_larry_robert_20","What?! No way! He still hasn't found our treasure!","","untranslated",""
"57_forest_mine_larry_robert_21","Yeah, where is it, Robert? You're the one who hid it, right?","","untranslated",""
"57_forest_mine_larry_robert_22","Me? The treasure? Uh... yes.","","untranslated",""
"57_forest_mine_larry_robert_23","Yeah. You never even showed us.","","untranslated",""
"57_forest_mine_larry_robert_24","Yeah. You just told us it was in a safe place.","","untranslated",""
"57_forest_mine_larry_robert_25","But it was... a metaphor!","","untranslated",""
"57_forest_mine_larry_robert_26","The real treasure... was our friendship!","","untranslated",""
"57_forest_mine_larry_robert_27","That's what I've been keeping safe. And now... it's yours!","","untranslated",""
"57_forest_mine_larry_robert_28","Be good to each other... my friends.","","untranslated",""
"57_forest_mine_larry_robert_29","... That's kind of beautiful, actually.","","untranslated",""
"57_forest_mine_larry_robert_3","What did I tell you about doing it at night?","","untranslated",""
"57_forest_mine_larry_robert_30","Yeah... when Robert was still around, we really were better friends.","","untranslated",""
"57_forest_mine_larry_robert_31","And now the Graveyard Keeper is also your friend.","","untranslated",""
"57_forest_mine_larry_robert_32","Give him the explosives!","","untranslated",""
"57_forest_mine_larry_robert_33","Okay. For Robert.","","untranslated",""
"57_forest_mine_larry_robert_34","Larry's really killing it. Time to grab him.","","untranslated",""
"57_forest_mine_larry_robert_35","What was that...?","","untranslated",""
"57_forest_mine_larry_robert_36","Never mind.","","untranslated",""
"57_forest_mine_larry_robert_37","Take me home... I feel so empty now. That performance took a lot out of me.","","untranslated",""
"57_forest_mine_larry_robert_4","Are you ready, Larry?","","untranslated",""
"57_forest_mine_larry_robert_5","Always!","","untranslated",""
"57_forest_mine_larry_robert_6","Hey, he doesn't have a big chin! You liar!","","untranslated",""
"57_forest_mine_larry_robert_7","Yeah, yeah... ","","untranslated",""
"57_forest_mine_larry_robert_8","Here they are — this is your moment.","","untranslated",""
"57_forest_mine_larry_robert_9","Oh man, I really miss beating people up...","","untranslated",""
"58_port_supplies_1","Town Supplied","","untranslated",""
"58_port_supplies_10","Good thing I invented conveyor belts and automated workbenches before the zombies showed up.","","untranslated",""
"58_port_supplies_11","Too bad we lost it all when they did.","","untranslated",""
"58_port_supplies_12","Lost it? Ha! Nothing's lost. I'll get my workshop back. I'll rebuild everything.","","untranslated",""
"58_port_supplies_13","Easier said than done...","","untranslated",""
"58_port_supplies_14","Sure. But I'm smart enough to not be afraid of problems.","","untranslated",""
"58_port_supplies_15","I'll handle the production plans at my workshop.","","untranslated",""
"58_port_supplies_16","But the easy stuff? Well that's on you.","","untranslated",""
"58_port_supplies_17","The easy stuff?","","untranslated",""
"58_port_supplies_18","Yeah... You'll just need to clear out all those undead barbarians.","","untranslated",""
"58_port_supplies_19","That's sarcasm. Right?","","untranslated",""
"58_port_supplies_2","I brought that iron you asked for.","","untranslated",""
"58_port_supplies_20","Ok then. Guess it's time for some easy stuff. ","","untranslated",""
"58_port_supplies_3","Ah, finally... You know, you're the one person I can trust!","","untranslated",""
"58_port_supplies_4","And I'm the only hope this town's got...","","untranslated",""
"58_port_supplies_5","Seems like I'm the last one left who remembers how to hammer a nail.","","untranslated",""
"58_port_supplies_6","I know how to...","","untranslated",""
"58_port_supplies_7","Yeah, yeah, sure you do...","","untranslated",""
"58_port_supplies_8","But what we're talking about here is a little more complicated than nails.","","untranslated",""
"58_port_supplies_9","All alone... keeping the fragile flame of civilization alive.","","untranslated",""
"58_port_supplies_order","Workshop Hours","","untranslated",""
"59_town_sewrena_1","More keys","","untranslated",""
"59_town_sewrena_10","Exactly. An arena in the sewers — a Sewrena.","","untranslated",""
"59_town_sewrena_11","Clearing out the undead there would help my business a lot.","","untranslated",""
"59_town_sewrena_12","I'd be very grateful, and you could exchange that gratitude for something more valuable.","","untranslated",""
"59_town_sewrena_13","Now that sounds like a deal, Davy.","","untranslated",""
"59_town_sewrena_2","I see you have some new looting orders, Davy.","","untranslated",""
"59_town_sewrena_3","Yes, demand is growing along with the Town.","","untranslated",""
"59_town_sewrena_4","And you've been helping quite a bit, making the sewers safer for my crew.","","untranslated",""
"59_town_sewrena_5","I try my best. But to keep things fair, my sewer expeditions should be more rewarding.","","untranslated",""
"59_town_sewrena_6","Fair point. Hunting zombies through endless tunnels isn't exactly efficient.","","untranslated",""
"59_town_sewrena_7","There's an old collection reservoir down there. Zombies tend to wash down into it.","","untranslated",""
"59_town_sewrena_8","You could deal with them all in one place, before they spread through the sewer network.","","untranslated",""
"59_town_sewrena_9","You're telling me there's a fighting arena somewhere in the sewers?","","untranslated",""
"60_port_workshop_1","So you got your workshop back. Are you happy?","","untranslated",""
"60_port_workshop_10","But I still need to do what I need to do!","","untranslated",""
"60_port_workshop_11","What's the problem?","","untranslated",""
"60_port_workshop_12","To fix my workshop... I need my workshop!","","untranslated",""
"60_port_workshop_13","Ah. I see.","","untranslated",""
"60_port_workshop_14","Do you? Great. Then you can also see it's a disaster. ","","untranslated",""
"60_port_workshop_15","Starting from scratch is... not my thing.","","untranslated",""
"60_port_workshop_16","Well, I do have an old Inquisitor workshop under my base. Maybe I could use that?","","untranslated",""
"60_port_workshop_17","Perfect. Here's a list of what I need. You can use my blueprints... They're the only thing that survived.","","untranslated",""
"60_port_workshop_18","Sure... if I ever get any spare time.","","untranslated",""
"60_port_workshop_2","Happy? That's pretty much the opposite of what I'm feeling right now...","","untranslated",""
"60_port_workshop_21","Well... I do have a workshop... but it’s not as advanced... I don’t know where I can make all this.","","untranslated",""
"60_port_workshop_22","Be creative, my friend... I’ve heard rumors of an Inquisitor workshop buried somewhere under your base.","","untranslated",""
"60_port_workshop_23","If even half the stories are true, you might find exactly what you need down there.","","untranslated",""
"60_port_workshop_24","Here’s a list of what I need. Use my blueprints... they’re the only thing that survived.","","untranslated",""
"60_port_workshop_25","Alright... I’ll take a look. My basement is big enough to hide a one more secret.","","untranslated",""
"60_port_workshop_3","Hey, it should be easy for such a talented and handy engineer to fix everything up around here.","","untranslated",""
"60_port_workshop_31","Inquisitor workshop","","untranslated",""
"60_port_workshop_32","Can you tell me something about the workshop under my base?","","untranslated",""
"60_port_workshop_33","Not much, to be honest... but the Inquisitors were way ahead of their time. No doubt about that.","","untranslated",""
"60_port_workshop_34","There might still be something left down there... artifacts, devices... trouble.","","untranslated",""
"60_port_workshop_35","Hm... now you’ve got my attention.","","untranslated",""
"60_port_workshop_36","What worries me is the power source.","","untranslated",""
"60_port_workshop_37","I have my water wheel... but the power they were using is a mystery to me.","","untranslated",""
"60_port_workshop_38","I hope I’ll solve this one.","","untranslated",""
"60_port_workshop_4","Talented, yes. Handy, yes. But they ruined everything!","","untranslated",""
"60_port_workshop_5","And for what? None of this stuff even tastes that good!","","untranslated",""
"60_port_workshop_6","You should have kicked those undead out of my workshop sooner!","","untranslated",""
"60_port_workshop_7","I did my best! I have a workshop I'm setting up too.","","untranslated",""
"60_port_workshop_8","There's a big shop under my base that still needs fixing.","","untranslated",""
"60_port_workshop_9","Fine, that's fine. I'm sure you're doing your best...","","untranslated",""
"60_port_workshop_free","Jack's Back in Business","","untranslated",""
"61_after_clearing_A_10","See if you can focus on something peaceful.","","untranslated",""
"61_after_clearing_A_11","Still... there might be something valuable across the river. Survivors, maybe.","","untranslated",""
"61_after_clearing_A_12","Maybe there are, maybe there aren't. We'll talk about an attack when we have a clear and meaningful target.","","untranslated",""
"61_after_clearing_A_13","You speak with such wisdom. It's just a shame to waste such a well-prepared army.","","untranslated",""
"61_after_clearing_A_14","If you're itching for a fight, the sewers are always full of trouble. Davy would be delighted.","","untranslated",""
"61_after_clearing_A_15","Alright... you convinced me.","","untranslated",""
"61_after_clearing_A_16","Great. It's nice to see wisdom prevail. I'll be here if you need any help.","","untranslated",""
"61_after_clearing_A_2","We secured the Town from the walls to the river. It's a good foothold.","","untranslated",""
"61_after_clearing_A_3","I'm ready to push the zombies back even further.","","untranslated",""
"61_after_clearing_A_4","Ah, the passion of youth... but why do we need to push now?","","untranslated",""
"61_after_clearing_A_5","We've reclaimed a good piece of the Town, and we need to rebuild.","","untranslated",""
"61_after_clearing_A_6","I know... I've been helping with the repairs myself.","","untranslated",""
"61_after_clearing_A_7","Right now we don't need more space. We need more people.","","untranslated",""
"61_after_clearing_A_8","Maybe you're right.","","untranslated",""
"61_after_clearing_A_9","Of course I'm right. The river makes a fine natural defense.","","untranslated",""
"61_after_clearing_A_complete_visual","Safe zone.","","untranslated",""
"62_swamp_fairy_1","At last. We've been waiting for you...","","untranslated",""
"62_swamp_fairy_10","You call him Larry now...","","untranslated",""
"62_swamp_fairy_11","I couldn't trust anyone who's betrayed us twice.","","untranslated",""
"62_swamp_fairy_12","Interesting... anyway, he stayed at home.","","untranslated",""
"62_swamp_fairy_13","Good. Continue on your path...","","untranslated",""
"62_swamp_fairy_14","I'll be waiting in the heart of the swamp.","","untranslated",""
"62_swamp_fairy_2","I know things move at your own pace around here.","","untranslated",""
"62_swamp_fairy_3","But keeping us waiting is still rude.","","untranslated",""
"62_swamp_fairy_4","I did what I could... as always...","","untranslated",""
"62_swamp_fairy_5","My lady grows weaker with each passing day.","","untranslated",""
"62_swamp_fairy_6","I see...","","untranslated",""
"62_swamp_fairy_7","You didn't bring that traitor, did you?","","untranslated",""
"62_swamp_fairy_8","My lady wouldn't want to see him.","","untranslated",""
"62_swamp_fairy_9","Who do you mean?","","untranslated",""
"62_swamp_fairy_find","Heart of the Swamp","","untranslated",""
"63_swamp_goddess_1","How many ruined churches do you have around here?","","untranslated",""
"63_swamp_goddess_10","The one who serves your brother.","","untranslated",""
"63_swamp_goddess_11","With respect, my lady... I serve no one.","","untranslated",""
"63_swamp_goddess_12","Oh, of course... you're just next in the cycle...","","untranslated",""
"63_swamp_goddess_13","In a role my brother has already tired of...","","untranslated",""
"63_swamp_goddess_14","Who is your brother, by the way?","","untranslated",""
"63_swamp_goddess_15","The Man with the Red eye...","","untranslated",""
"63_swamp_goddess_16","A role none asked for — but many desired.","","untranslated",""
"63_swamp_goddess_17","I'm terribly sorry...","","untranslated",""
"63_swamp_goddess_18","But could we just skip to the ""save the world"" part?","","untranslated",""
"63_swamp_goddess_19","Impatient. Just like my brother.","","untranslated",""
"63_swamp_goddess_2","Don't spoil the moment complaining!","","untranslated",""
"63_swamp_goddess_20","Naturally, he chose someone like himself...","","untranslated",""
"63_swamp_goddess_21","Now it's your turn to save this world.","","untranslated",""
"63_swamp_goddess_22","From what? We've mostly handled the zombie problem...","","untranslated",""
"63_swamp_goddess_23","From extinction.... Lose the world, and you will lose yourself.","","untranslated",""
"63_swamp_goddess_24","I've been too weak for ages... It was just my brother and the magic portal holding everything together.","","untranslated",""
"63_swamp_goddess_25","Now he's weak too... something bad happened to him...","","untranslated",""
"63_swamp_goddess_26","Your helper said my other half destroyed the world...","","untranslated",""
"63_swamp_goddess_27","Yes... and no. My brother began the process...","","untranslated",""
"63_swamp_goddess_28","But your other part... the previous Keeper... used the magic portal...","","untranslated",""
"63_swamp_goddess_29","Somehow he nearly destroyed my brother and the portal itself.","","untranslated",""
"63_swamp_goddess_3","Follow me... You'll be the first to see her in years!","","untranslated",""
"63_swamp_goddess_30","You must find my brother.","","untranslated",""
"63_swamp_goddess_31","And you must find and restore the portal.","","untranslated",""
"63_swamp_goddess_32","I have... a few questions.","","untranslated",""
"63_swamp_goddess_32_a","Man with the Red Eye.","","untranslated",""
"63_swamp_goddess_32_a_1","Yes. Ancient God. Old God. Many names.","","untranslated",""
"63_swamp_goddess_32_a_2","Where do I find him?","","untranslated",""
"63_swamp_goddess_32_a_3","Somewhere in this world... trapped... nearly powerless.","","untranslated",""
"63_swamp_goddess_32_a_4","I could try to find where he is... but I'm too weak...","","untranslated",""
"63_swamp_goddess_32_a_5","If only one of my worshipers could perform a ritual here...","","untranslated",""
"63_swamp_goddess_32_a_6","I know one. A man in a wooden mask... He's obsessed with nature.","","untranslated",""
"63_swamp_goddess_32_a_7","He sounds just right. He should know the ritual. Bring him here.","","untranslated",""
"63_swamp_goddess_32_a_8","... and I'll tell you where my brother is.","","untranslated",""
"63_swamp_goddess_32_b","The magic portal...","","untranslated",""
"63_swamp_goddess_32_b_1","What kind of magic are we talking about?","","untranslated",""
"63_swamp_goddess_32_b_10","Someone in this world is always bound to the portal, even when it lies shattered in fragments.","","untranslated",""
"63_swamp_goddess_32_b_11","The portal may have corrupted his soul, and driven him a little mad...","","untranslated",""
"63_swamp_goddess_32_b_12","He would be obsessed with the symbols of the days...","","untranslated",""
"63_swamp_goddess_32_b_13","He should know where it is...","","untranslated",""
"63_swamp_goddess_32_b_14","Okay... I'll talk to my friend and try to figure out who that is.","","untranslated",""
"63_swamp_goddess_32_b_2","When we arrived in this world, there was nothing.","","untranslated",""
"63_swamp_goddess_32_b_3","Nothing but the portal.","","untranslated",""
"63_swamp_goddess_32_b_4","It links worlds... and grants wishes.","","untranslated",""
"63_swamp_goddess_32_b_5","Our wishes made us gods. Then we shaped everything.","","untranslated",""
"63_swamp_goddess_32_b_6","So I just wish to save the world?","","untranslated",""
"63_swamp_goddess_32_b_7","Wish whatever you want... but there's a trick to how it grants wishes...","","untranslated",""
"63_swamp_goddess_32_b_8","You just need to restore it and activate it to bring its magic back.","","untranslated",""
"63_swamp_goddess_32_b_9","Alright... how do I find the portal?","","untranslated",""
"63_swamp_goddess_32_c","Shining crystals.","","untranslated",""
"63_swamp_goddess_32_c_1","The fairy told me I could find blue crystals here.","","untranslated",""
"63_swamp_goddess_32_c_2","Yes... they're my tears....","","untranslated",""
"63_swamp_goddess_32_c_3","I shed them every <sprite name=""day_envy"">. Grieving over what has happened to this world.","","untranslated",""
"63_swamp_goddess_32_c_4","They can suppress my brother's red-eye magic.","","untranslated",""
"63_swamp_goddess_32_c_5","If that magic controls the undead...","","untranslated",""
"63_swamp_goddess_32_c_6","Does that mean the undead are his doing?","","untranslated",""
"63_swamp_goddess_32_c_7","Maybe... no... he wouldn't...","","untranslated",""
"63_swamp_goddess_32_c_8","I don't know... I'm so tired...","","untranslated",""
"63_swamp_goddess_4","Behold...","","untranslated",""
"63_swamp_goddess_5","Just a moment...","","untranslated",""
"63_swamp_goddess_6","Ah... what a pleasant dream that was...","","untranslated",""
"63_swamp_goddess_7","Hello...","","untranslated",""
"63_swamp_goddess_8","Oh. Is that who I think it is?","","untranslated",""
"63_swamp_goddess_9","Yes, my lady. The man from another world...","","untranslated",""
"64_doctor_violine_1","The Violin","","untranslated",""
"64_doctor_violine_10","Is Linda... is she well? Is she healthy?","","untranslated",""
"64_doctor_violine_11","As far as I can tell, yes. She looks stunning.","","untranslated",""
"64_doctor_violine_12","Thoughtless of her... both to me and to Aleksta... On that fateful day they were together...","","untranslated",""
"64_doctor_violine_13","What day?","","untranslated",""
"64_doctor_violine_14","*cough-cough* Never mind.","","untranslated",""
"64_doctor_violine_15","It would be... good to hear Aleksta's violin again.","","untranslated",""
"64_doctor_violine_16","So can I take it?","","untranslated",""
"64_doctor_violine_17","Not so fast. That violin is very precious to me.","","untranslated",""
"64_doctor_violine_18","Before I give it away, I want to restore the varnish coating.","","untranslated",""
"64_doctor_violine_19","I guess that means you need some protective lacquer?","","untranslated",""
"64_doctor_violine_2","Albert, do you have a violin by any chance?","","untranslated",""
"64_doctor_violine_20","Exactly. But I don't have any left... and I must give priority to my experiments.","","untranslated",""
"64_doctor_violine_21","No problem. I can find some... or make it myself. Do you happen to know a recipe?","","untranslated",""
"64_doctor_violine_22","Of course I know. You're rather nonchalant for someone who only just started alchemy.","","untranslated",""
"64_doctor_violine_23","Here. Take the recipe.","","untranslated",""
"64_doctor_violine_3","No... Music is pathetic. I never played.","","untranslated",""
"64_doctor_violine_4","Maybe it's not yours. Could it have belonged to your sister?","","untranslated",""
"64_doctor_violine_5","My sister? — What do you know? Who told you that?","","untranslated",""
"64_doctor_violine_6","Answer me! *cough-cough*","","untranslated",""
"64_doctor_violine_7","Calm down. Linda from the port is looking for a musical instrument.","","untranslated",""
"64_doctor_violine_8","She says she was a friend of your sister, and wants to play the violin at her club.","","untranslated",""
"64_doctor_violine_9","... Linda. Yes, she is a friend of Aleksta.","","untranslated",""
"64_doctor_violine_ask","Varnish Before You Fiddle","","untranslated",""
"65_doctor_lacquer_1","Give the Lacquer","","untranslated",""
"65_doctor_lacquer_10","So... can I take the violin now?","","untranslated",""
"65_doctor_lacquer_11","Alright... Tell Linda I'll come hear her play it.","","untranslated",""
"65_doctor_lacquer_12","Do you need a special invitation? A time and date?","","untranslated",""
"65_doctor_lacquer_13","*cough-cough* Don't bother.","","untranslated",""
"65_doctor_lacquer_14","I have a way of showing up... on time.","","untranslated",""
"65_doctor_lacquer_2","Here, I brought that lacquer you asked for.","","untranslated",""
"65_doctor_lacquer_3","Oh... *cough-cough* I already made some myself and covered the violin.","","untranslated",""
"65_doctor_lacquer_4","I couldn't trust a rookie with something so delicate.","","untranslated",""
"65_doctor_lacquer_5","Still... let's see what you made.","","untranslated",""
"65_doctor_lacquer_6","Unbelievable! I've been doing this for years... and you just started!","","untranslated",""
"65_doctor_lacquer_7","Look at that consistency... that shine...","","untranslated",""
"65_doctor_lacquer_8","So... it's good?","","untranslated",""
"65_doctor_lacquer_9","No.... But I'll still keep it. I can fix it. *cough-cough*","","untranslated",""
"66_port_smell_1","Violin","","untranslated",""
"66_port_smell_10","He sounded pretty sure...","","untranslated",""
"66_port_smell_11","Hmm, sounded sure... and how did he smell?","","untranslated",""
"66_port_smell_12","Smell? Uh... I didn't really notice.","","untranslated",""
"66_port_smell_13","My bad for asking a Graveyard Keeper about smells.","","untranslated",""
"66_port_smell_14","I remember him always reeking of chemicals and weird reagents...","","untranslated",""
"66_port_smell_15","Well look, you're the one who invited him... You deal with the smell.","","untranslated",""
"66_port_smell_16","Wait a second — the deal was just to bring you the violin!","","untranslated",""
"66_port_smell_17","Sure, sure. And now we have everything we need to attract more people.","","untranslated",""
"66_port_smell_18","But if you want this whole thing to actually work... then help me make this concert a success.","","untranslated",""
"66_port_smell_19","Okay, fine. How can I help?","","untranslated",""
"66_port_smell_2","Albert gave me the violin.","","untranslated",""
"66_port_smell_20","Buy some exotic incense from the trade ship, and bring it to me.","","untranslated",""
"66_port_smell_3","You're such a good boy!","","untranslated",""
"66_port_smell_4","By the way... who is Albert?","","untranslated",""
"66_port_smell_5","He's Aleksta's brother... Albert.","","untranslated",""
"66_port_smell_6","Right, right... then it looks like I'm all set.","","untranslated",""
"66_port_smell_7","Well, almost. There's one more thing...","","untranslated",""
"66_port_smell_8","Albert said he'd come to hear you play his sister's violin.","","untranslated",""
"66_port_smell_9","Are you sure he's actually going to show up?","","untranslated",""
"66_port_smell_violine","Strings and Sinners","","untranslated",""
"67_port_incense_1","Exotic incense","","untranslated",""
"67_port_incense_2","They smell really good... I'll give them that.","","untranslated",""
"67_port_incense_3","Nice... what fine quality! We never had anything this classy in our town before.","","untranslated",""
"67_port_incense_4","Everything's ready now. I even had some time to practice.","","untranslated",""
"67_port_incense_5","Please stick around...  I want you to hear how amazing I sound!","","untranslated",""
"67_port_incense_6","Be sure to come by on <sprite name=""day_lust"">... I want you to hear how amazing I sound!","","untranslated",""
"68_port_concert_1","Starting the concert?","","untranslated",""
"68_port_concert_10","Pardon me...","","untranslated",""
"68_port_concert_11","What a moron.","","untranslated",""
"68_port_concert_12","Oh, you're here too?","","untranslated",""
"68_port_concert_13","Thanks for helping organize all this.","","untranslated",""
"68_port_concert_14","I like good music. And she knows how to handle a violin.","","untranslated",""
"68_port_concert_15","Yes, she's good... *cough-cough* ... although my sister is... was better.","","untranslated",""
"68_port_concert_16","What happened to your sister?","","untranslated",""
"68_port_concert_17","Of the two girls, of course it was my sister who would be stricken...","","untranslated",""
"68_port_concert_18","But... is she alive?","","untranslated",""
"68_port_concert_19","I like to think so... *cough-cough*","","untranslated",""
"68_port_concert_2","So... is everyone here?","","untranslated",""
"68_port_concert_20","You know what... this music, it gives me hope again.","","untranslated",""
"68_port_concert_21","I saw your little helpers learning some new tricks.","","untranslated",""
"68_port_concert_22","Work is what separates humans from the animals.","","untranslated",""
"68_port_concert_23","Huh... interesting theory. I think we need to talk about that more.","","untranslated",""
"68_port_concert_24","I'll be waiting for you in my lab.","","untranslated",""
"68_port_concert_25","But for now, let's listen.","","untranslated",""
"68_port_concert_26","Hurrah!","","untranslated",""
"68_port_concert_27","Bravo!","","untranslated",""
"68_port_concert_28","Linda... That was beautiful.","","untranslated",""
"68_port_concert_29","Oh, how sweet of you.","","untranslated",""
"68_port_concert_3","I don't see Albert... You told me he'd come.","","untranslated",""
"68_port_concert_30","Let's find a nice quiet place we can talk for a bit, alright?","","untranslated",""
"68_port_concert_31","I really don't have time.","","untranslated",""
"68_port_concert_32","Oh, not even a minute?","","untranslated",""
"68_port_concert_33","A couple of minutes later...","","untranslated",""
"68_port_concert_35","Alright... To the lab then.","","untranslated",""
"68_port_concert_36","See you there. We have zombies to discuss!","","untranslated",""
"68_port_concert_37","Ok.","","untranslated",""
"68_port_concert_4","Just start. He said he has his way of being on time.","","untranslated",""
"68_port_concert_5","If you say so.","","untranslated",""
"68_port_concert_6","There's our doctor now.","","untranslated",""
"68_port_concert_7","That's beautiful... *cough-cough*","","untranslated",""
"68_port_concert_9","Pssst...","","untranslated",""
"68_port_concert_start","Concept for a Concert","","untranslated",""
"69_doctor_project_ask","Personal Zombie Zone","","untranslated",""
"69_doctor-project_1","Discuss zombies","","untranslated",""
"69_doctor-project_10","Wow. I don't even know if that's possible.","","untranslated",""
"69_doctor-project_11","It has to be. You are the one who has given me hope again...","","untranslated",""
"69_doctor-project_12","I just need one good, smart zombie.","","untranslated",""
"69_doctor-project_13","An interesting theory...","","untranslated",""
"69_doctor-project_14","But I must to test it in practice.","","untranslated",""
"69_doctor-project_15","Bring me a good zombie. One with 8 <sprite name=""rskull"">.","","untranslated",""
"69_doctor-project_16","That's... not so easy to achieve.","","untranslated",""
"69_doctor-project_17","Do it, and I'll share the whole of my alchemical knowledge with you.","","untranslated",""
"69_doctor-project_18","Alright, I'll see what I can do.","","untranslated",""
"69_doctor-project_19","Put the zombie on this examination table when you're ready.","","untranslated",""
"69_doctor-project_2","Hi Albert, what do you want to talk about?","","untranslated",""
"69_doctor-project_3","Yes, yes... I've got a little side project. *cough-cough*","","untranslated",""
"69_doctor-project_4","I'm aware you know how to create the undead...","","untranslated",""
"69_doctor-project_5","I'm working on it...","","untranslated",""
"69_doctor-project_6","Don't be so modest. The sad fact is — you're quite gifted.","","untranslated",""
"69_doctor-project_7","But my work is different. I'm seeking to reverse the process.","","untranslated",""
"69_doctor-project_8","What — to make a corpse out of a zombie? That doesn't sound so hard.","","untranslated",""
"69_doctor-project_9","No... to heal a zombie. To bring it back as a person.","","untranslated",""
"69_doctor-project_table","This is where I need to put an 8 <sprite name=""rskull""> zombie.","","untranslated",""
"70_guards_bells_1","The bell.","","untranslated",""
"70_guards_bells_10","It rings every <sprite name=""day_sloth""> morning, and most of them seem to withdraw back to the town center.","","untranslated",""
"70_guards_bells_11","Not all of them, but most.","","untranslated",""
"70_guards_bells_12","Yeah... probably the ones who sang with you in your choir.","","untranslated",""
"70_guards_bells_13","And the evening on the same day, a second bell rings and the zombies come back again.","","untranslated",""
"70_guards_bells_14","Hmm... who do you think is ringing the bell?","","untranslated",""
"70_guards_bells_15","We have no idea.","","untranslated",""
"70_guards_bells_2","We use a little bell to make the zombies go away, but I still don't quite understand how it works.","","untranslated",""
"70_guards_bells_3","Can you tell me more about these mysterious bells?","","untranslated",""
"70_guards_bells_4","There's a bell somewhere in the town center.","","untranslated",""
"70_guards_bells_5","Actually... there's two. A morning one and an evening one.","","untranslated",""
"70_guards_bells_6","Hmm... sounds like the same one to me.","","untranslated",""
"70_guards_bells_7","I used to sing in the church boys' choir. I know a thing or two about bells.","","untranslated",""
"70_guards_bells_8","Anyway, the first time people started turning into zombies, that bell was ringing in the evening.","","untranslated",""
"70_guards_bells_9","Yeah... we had zombies before that, but they weren't aggressive, and only the dead could turn.","","untranslated",""
"71_doctor_sister_10","If I were you, I'd focus on finding a recipe for cough medicine.","","untranslated",""
"71_doctor_sister_11","You really want to know?","","untranslated",""
"71_doctor_sister_12","Alright then...","","untranslated",""
"71_doctor_sister_13","We don't get many visitors here.","","untranslated",""
"71_doctor_sister_14","This is Aleksta. My sister.","","untranslated",""
"71_doctor_sister_15","I still don't understand why it happened to her...","","untranslated",""
"71_doctor_sister_16","Oh Albert... I'm so sorry.","","untranslated",""
"71_doctor_sister_17","A lot of people have lost someone they love.","","untranslated",""
"71_doctor_sister_18","She was everything to me.","","untranslated",""
"71_doctor_sister_19","The only person who ever truly cared about me...","","untranslated",""
"71_doctor_sister_2","Yes... this one's interesting. I think I see a flicker of a soul in its eyes.","","untranslated",""
"71_doctor_sister_20","What's the point of all this knowledge... if I can't even save my Aleksta?","","untranslated",""
"71_doctor_sister_21","Albert... I'll do my best to help you.","","untranslated",""
"71_doctor_sister_22","Maybe I can find the old god who brought me here.","","untranslated",""
"71_doctor_sister_23","He might have the power to help you...","","untranslated",""
"71_doctor_sister_24","Don't be pathetic. What god? That's all fairy tales.","","untranslated",""
"71_doctor_sister_25","All we have is ourselves... and this sickness that cries out for a cure!","","untranslated",""
"71_doctor_sister_26","Sure, Albert. I'll try to help you.","","untranslated",""
"71_doctor_sister_27","Hmm... after Aleksta, you're the second person who's ever cared.","","untranslated",""
"71_doctor_sister_28","What a strange feeling...","","untranslated",""
"71_doctor_sister_29","Anyway. I've work to do.","","untranslated",""
"71_doctor_sister_3","That's unlikely. Their souls are trapped. Caught between two worlds.","","untranslated",""
"71_doctor_sister_4","I was merely speaking metaphorically. It's an illness. And I'll find the cure.","","untranslated",""
"71_doctor_sister_5","He was definitely dead before, Albert. So... what kind of cure are we talking about here?","","untranslated",""
"71_doctor_sister_6","There has to be a cure! *cough-cough*","","untranslated",""
"71_doctor_sister_7","*cough-cough* *cough-cough*","","untranslated",""
"71_doctor_sister_8","And I have little time to find it...","","untranslated",""
"71_doctor_sister_9","Albert, why are you so obsessed with turning a zombie back into a human?","","untranslated",""
"72_crossroad_reader_1","Read for my friend","","untranslated",""
"72_crossroad_reader_10","Is there anything, even the remotest possibility of changing your mind?","","untranslated",""
"72_crossroad_reader_11","No. Absolutely not...","","untranslated",""
"72_crossroad_reader_12","... Although... if, somehow, you managed to get a proper choir singing at your church...","","untranslated",""
"72_crossroad_reader_13","But it's impossible! You can't find any decent singers these days... They're all dead!","","untranslated",""
"72_crossroad_reader_14","Hmm... They're all dead, you say? That's actually... an interesting hint.","","untranslated",""
"72_crossroad_reader_15","Ha! Good luck with that, then.","","untranslated",""
"72_crossroad_reader_2","I have a strange favor to ask... for a friend of mine.","","untranslated",""
"72_crossroad_reader_3","How dare you! Go to the club at the port if you're looking for funny business!","","untranslated",""
"72_crossroad_reader_4","No, no! It's not what you think... I wanted to ask if you could read a book. Out loud.","","untranslated",""
"72_crossroad_reader_5","Read a book?","","untranslated",""
"72_crossroad_reader_6","Yeah... it's a romance novel. Would you be willing to read it aloud for Herbert?","","untranslated",""
"72_crossroad_reader_7","Herbert? The Master of the Guard? I'd never have thought he'd be interested in tales of romance...","","untranslated",""
"72_crossroad_reader_8","He is. But he can't read. And he said you have the sweetest voice he's ever heard.","","untranslated",""
"72_crossroad_reader_9","Oh, I'm flattered! But no. I have far more important things to do!","","untranslated",""
"72_crossroad_reader_convence","The Nun Also Reads","","untranslated",""
"73_crossroad_better_upgraded","Brawns and Brains","","untranslated",""
"73_crossroad_bigger_better_corpses_1","Better corpses","","untranslated",""
"73_crossroad_bigger_better_corpses_2","Can I start getting better corpses now?","","untranslated",""
"73_crossroad_bigger_better_corpses_3","Yeah, yeah... I'll pray harder.","","untranslated",""
"73_crossroad_bigger_better_corpses_4","But on the other hand... I also feel even more like resenting the living.","","untranslated",""
"73_crossroad_bigger_crossroad_2","Everything looks much better around here now.","","untranslated",""
"73_crossroad_bigger_crossroad_3","I hope you'll be able to focus on your prayers more.","","untranslated",""
"73_crossroad_bigger_crossroad_4","Still far from what these poor souls deserve... But I'll have to suffer it.","","untranslated",""
"73_crossroad_bigger_crossroad_5","So if I managed to improve your living conditions, would you be able to prepare the corpses even better?","","untranslated",""
"73_crossroad_bigger_crossroad_6","It's not just the living conditions... it's also the working conditions. I work from home, as you know...","","untranslated",""
"73_crossroad_bigger_crossroad_7","But to answer your question... yes.","","untranslated",""
"74_crossroad_chore_1","The choir is ready","","untranslated",""
"74_crossroad_chore_10","Hmm... as a priest, and the highest church official in... the area... I hereby grant you permission.","","untranslated",""
"74_crossroad_chore_11","What... wait... actually... that should work.","","untranslated",""
"74_crossroad_chore_12","Now that you mention you're a priest... ","","untranslated",""
"74_crossroad_chore_13","I could also do with a confession after the ceremony.","","untranslated",""
"74_crossroad_chore_14","Well... that's totally not necessary...","","untranslated",""
"74_crossroad_chore_15","Great. My soul needs a good rinsing out. It's been too long.","","untranslated",""
"74_crossroad_chore_2","About that choir... I've got one now at the church, and they're singing pretty well.","","untranslated",""
"74_crossroad_chore_3","Nice try... but that's impossible.","","untranslated",""
"74_crossroad_chore_4","No... I really did it.","","untranslated",""
"74_crossroad_chore_5","You know I've taken a vow... I can't leave this crossroads.","","untranslated",""
"74_crossroad_chore_6","So you've obviously decided to fool me!","","untranslated",""
"74_crossroad_chore_7","Come to the next ceremony and see for yourself.","","untranslated",""
"74_crossroad_chore_8","No, I can't...","","untranslated",""
"74_crossroad_chore_9","Be a little creative","","untranslated",""
"74_crossroad_chore_after_sermon_1","So I'm ready... I hope you're good at this.","","untranslated",""
"74_crossroad_chore_after_sermon_10","I was so scared I didn't bury my sisters properly...","","untranslated",""
"74_crossroad_chore_after_sermon_11","I didn't brush my teeth... and I ate too much candy...","","untranslated",""
"74_crossroad_chore_after_sermon_12","Hm... what about hating people?","","untranslated",""
"74_crossroad_chore_after_sermon_13","What are you talking about? This is my confession... and it's over!","","untranslated",""
"74_crossroad_chore_after_sermon_14","Fine. I forgive you... I guess. Can I also suggest being nicer to people?","","untranslated",""
"74_crossroad_chore_after_sermon_15","Yeah, like I promised... I'm going to read to Herbert.","","untranslated",""
"74_crossroad_chore_after_sermon_16","But he'll have to come to my place!","","untranslated",""
"74_crossroad_chore_after_sermon_17","Okay, I'll tell him. He'll be pleased.","","untranslated",""
"74_crossroad_chore_after_sermon_2","So, was I right? My choir is pretty good, isn't it?","","untranslated",""
"74_crossroad_chore_after_sermon_3","The choir? Yeah... not great, but I guess it's okay. So let's start...","","untranslated",""
"74_crossroad_chore_after_sermon_4","Oh God...","","untranslated",""
"74_crossroad_chore_after_sermon_5","""Father...""","","untranslated",""
"74_crossroad_chore_after_sermon_6","Wait, wait... can you not call me Father?","","untranslated",""
"74_crossroad_chore_after_sermon_7","Then what should I call you?","","untranslated",""
"74_crossroad_chore_after_sermon_8_a","Daddy","","untranslated",""
"74_crossroad_chore_after_sermon_8_a_1","...","","untranslated",""
"74_crossroad_chore_after_sermon_8_a_2","Or just call me... Keeper.","","untranslated",""
"74_crossroad_chore_after_sermon_8_b","Graveyard Keeper","","untranslated",""
"74_crossroad_chore_after_sermon_8_b_1","Or just Keeper.","","untranslated",""
"74_crossroad_chore_after_sermon_9","Okay... Keeper. I've sinned...","","untranslated",""
"74_crossroad_chore_ask_1","How to make a choir?","","untranslated",""
"74_crossroad_chore_ask_2","Can you help me assemble a choir?","","untranslated",""
"74_crossroad_chore_ask_3","No... because frankly it's impossible. I knew you couldn't do it!","","untranslated",""
"74_crossroad_chore_ask_4","You'd have to bring your singers back from the dead. Ha ha...","","untranslated",""
"75_forest_explosives_1","Hey, friend!","","untranslated",""
"75_forest_explosives_2","Hey, friend!","","untranslated",""
"75_forest_explosives_3","Hello...","","untranslated",""
"75_forest_explosives_4","Can I have the explosives?","","untranslated",""
"75_forest_explosives_5","Sure!","","untranslated",""
"75_forest_explosives_6","Just be careful in the mine... It's dangerous.","","untranslated",""
"75_forest_explosives_7","I'm always careful. That's why I'm the last one still alive.","","untranslated",""
"75_forest_explosives_8","Hold on a minute... I'm alive too!","","untranslated",""
"75_forest_explosives_9","Sven... calm down. Remember what Robert said... Be nice to me!","","untranslated",""
"75_forest_explosives_no_pardon_1","So... maybe you'll can let me cross the bridge now too?","","untranslated",""
"75_forest_explosives_no_pardon_2","Mmm... no. Robert only said to give you the explosives.","","untranslated",""
"75_forest_explosives_no_pardon_3","Okay... sounds like you and Robert need to have another chat.","","untranslated",""
"75_forest_explosives_no_pardon_4","Hey, uh... where is Robert?","","untranslated",""
"75_forest_explosives_no_pardon_5","Oh, we threw him in the river.","","untranslated",""
"75_forest_explosives_no_pardon_6","He always wanted to visit the sea.","","untranslated",""
"75_forest_explosives_no_pardon_7","... That's what friends do.","","untranslated",""
"76_astrologer_press_after_sermon_1","Hey... I still had the debuff.","","untranslated",""
"76_astrologer_press_after_sermon_10","A discount on what, exactly?","","untranslated",""
"76_astrologer_press_after_sermon_11","On my PR services, of course! I just need a bit of Faith to power my dispatches.","","untranslated",""
"76_astrologer_press_after_sermon_12","No tricks this time?","","untranslated",""
"76_astrologer_press_after_sermon_13","No tricks. Cross my heart. Just me, doing my level best for your public image.","","untranslated",""
"76_astrologer_press_after_sermon_14","About the Faith...","","untranslated",""
"76_astrologer_press_after_sermon_15","How much do you need?","","untranslated",""
"76_astrologer_press_after_sermon_16","Like I said... the more undead you raise, the more Faith I'll need.","","untranslated",""
"76_astrologer_press_after_sermon_17","And at the rate you're going... we'll be looking at some very big numbers.","","untranslated",""
"76_astrologer_press_after_sermon_18","There's got to be a better way to reduce panic.","","untranslated",""
"76_astrologer_press_after_sermon_19","Well... persuading people one-on-one is a lovely idea, but it's not exactly efficient.","","untranslated",""
"76_astrologer_press_after_sermon_2","Yeah... it turns out the hypno devices don't work so well on people.","","untranslated",""
"76_astrologer_press_after_sermon_20","We need to open a media outlet. A newspaper!","","untranslated",""
"76_astrologer_press_after_sermon_21","That would massively increase our reach...","","untranslated",""
"76_astrologer_press_after_sermon_22","You mean, like... with actual news?","","untranslated",""
"76_astrologer_press_after_sermon_23","Not necessarily. It doesn't have to be real. The main thing is that it's good news.","","untranslated",""
"76_astrologer_press_after_sermon_24","You just need to sprinkle in a bit of Faith to make it work.","","untranslated",""
"76_astrologer_press_after_sermon_25","And that way I spend less Faith per week?","","untranslated",""
"76_astrologer_press_after_sermon_26","Exactly. But you'll need a lot of writing...","","untranslated",""
"76_astrologer_press_after_sermon_27","Oh, speaking of which... My friend Jack mentioned this thing... a printing press.","","untranslated",""
"76_astrologer_press_after_sermon_28","If you manage to build one, maybe you could also print a few copies of my poetry?","","untranslated",""
"76_astrologer_press_after_sermon_29","Newspaper first. We'll see about the poetry later.","","untranslated",""
"76_astrologer_press_after_sermon_3","I told you...","","untranslated",""
"76_astrologer_press_after_sermon_30","Fair enough. Just remember... every week we'll need to spend some PR resources.","","untranslated",""
"76_astrologer_press_after_sermon_31","And if you want to be smart, you can always keep a few extra on my desk.","","untranslated",""
"76_astrologer_press_after_sermon_32","I’ll set up a special board for newspapers and hypno devices near my house at the port.","","untranslated",""
"76_astrologer_press_after_sermon_33","You’ll need to leave fresh papers there every week, if you want to keep the townsfolk happy.","","untranslated",""
"76_astrologer_press_after_sermon_34","I thought you said those hypno devices don’t work.","","untranslated",""
"76_astrologer_press_after_sermon_35","Not on their own... but paired with the newspapers, they add a nice touch.","","untranslated",""
"76_astrologer_press_after_sermon_36","Which reminds me — I still have a few uncharged ones for sale... in case you're still interested, ha ha.","","untranslated",""
"76_astrologer_press_after_sermon_4","Yeah, yeah... I was a fool to believe something so silly could actually work.","","untranslated",""
"76_astrologer_press_after_sermon_5","But hey, one positive thing came out of all this.","","untranslated",""
"76_astrologer_press_after_sermon_6","Oh? Do tell.","","untranslated",""
"76_astrologer_press_after_sermon_7","I finally got rid of all those useless hypno devices.","","untranslated",""
"76_astrologer_press_after_sermon_8","What?! I demand a refund!","","untranslated",""
"76_astrologer_press_after_sermon_9","Sorry, we have a strict ""no refund"" policy. But... I can offer you a discount.","","untranslated",""
"76_astrologer_press_device_1","Give Hypno Devices","","untranslated",""
"76_astrologer_press_device_10","Good! Now go ahead and hold your next ceremony. I'll make sure the ""debuff"" is gone in time.","","untranslated",""
"76_astrologer_press_device_2","Here are the hypno devices you asked for. I hope they actually work.","","untranslated",""
"76_astrologer_press_device_3","Oh, of course they will! I've poured all my knowledge and experience into the idea.","","untranslated",""
"76_astrologer_press_device_4","Anyway, I'll give them a trial. After that, we can talk about how many I'll need each week.","","untranslated",""
"76_astrologer_press_device_5","Wait a second... I have to bring you new ones every week?","","untranslated",""
"76_astrologer_press_device_6","Yep. The more undead you raise, the more I'll need. It's simple math.","","untranslated",""
"76_astrologer_press_device_7","What a scam...","","untranslated",""
"76_astrologer_press_device_8","Oh please... You're the one scamming nature. No salaries, no social benefits...","","untranslated",""
"76_astrologer_press_device_9","Alright, alright...","","untranslated",""
"77_ astrologer_printing_1","Printed Poetry","","untranslated",""
"77_ astrologer_printing_10","Wait... What?","","untranslated",""
"77_ astrologer_printing_11","You're too complicated. Too controversial. ","","untranslated",""
"77_ astrologer_printing_12","We need a new frontman... someone with a powerful image.","","untranslated",""
"77_ astrologer_printing_13","Someone who symbolizes progress, and overcoming hardship.","","untranslated",""
"77_ astrologer_printing_14","Don't tell me... someone like you?","","untranslated",""
"77_ astrologer_printing_15","No, no! I mean... of course I enjoy attention... but no. We need someone else.","","untranslated",""
"77_ astrologer_printing_16","Master Jack would be perfect.","","untranslated",""
"77_ astrologer_printing_17","Maybe...","","untranslated",""
"77_ astrologer_printing_18","You just need to convince him. Get him to sign this agreement. I'll take care of the rest.","","untranslated",""
"77_ astrologer_printing_19","Just get him to sign this agreement...","","untranslated",""
"77_ astrologer_printing_2","Here's the book with your poetry. But... why is the author somebody named ""Vagner""?","","untranslated",""
"77_ astrologer_printing_20","And your gratitude will be boundless, right?","","untranslated",""
"77_ astrologer_printing_21","Well, it's in our mutual interests... But yes, my gratitude will be boundless.","","untranslated",""
"77_ astrologer_printing_3","Ah, Vagner... That's my pen name. I'm a man of many talents.","","untranslated",""
"77_ astrologer_printing_4","Anyway, thank you... I've been waiting for this for many years...","","untranslated",""
"77_ astrologer_printing_5","Well I'm glad you're happy. Now you can finally focus on your PR job.","","untranslated",""
"77_ astrologer_printing_6","Yes, right... Speaking of which... we need to make some changes.","","untranslated",""
"77_ astrologer_printing_7","What is it now? The media outlet is working just as well as your hypno gadgets?","","untranslated",""
"77_ astrologer_printing_8","No, no, the media outlet is working great! ","","untranslated",""
"77_ astrologer_printing_9","But it's become unbearably difficult for me... to keep you on as the face of our campaign.","","untranslated",""
"77_astrologer_printing_book","Rhyme and Printed","","untranslated",""
"78_astrologer_jack_1","New Frontman","","untranslated",""
"78_astrologer_jack_10","Jack is the perfect role model.","","untranslated",""
"78_astrologer_jack_11","Thanks again. My work will be so much easier now...","","untranslated",""
"78_astrologer_jack_12","Maybe I'll finally find some time to get back to poetry.","","untranslated",""
"78_astrologer_jack_2","Jack agreed... he looked really excited.","","untranslated",""
"78_astrologer_jack_3","That's just great... Thank you... Graveyard Keeper.","","untranslated",""
"78_astrologer_jack_4","It's so strange, getting help from you again...","","untranslated",""
"78_astrologer_jack_5","Make a joke.","","untranslated",""
"78_astrologer_jack_6","Yeah, seems like I'm the real Jack of all trades! Ha ha.","","untranslated",""
"78_astrologer_jack_7","Ha ha... right. I hope Jack will give me some confidence.","","untranslated",""
"78_astrologer_jack_8","I've struggled with it my whole life...","","untranslated",""
"78_astrologer_jack_9","Desperately seeking other people's attention, yet fearful of it at the same time.","","untranslated",""
"78_astrologer_jack_signed","Stars, Lies, & Contracts","","untranslated",""
"79_village_goddess_1","Jully, I need your help.","","untranslated",""
"79_village_goddess_10","I need you to perform a spring ritual at her shrine.","","untranslated",""
"79_village_goddess_11","You know where her shrine is? For real?","","untranslated",""
"79_village_goddess_12","Yeah... I'll show you.","","untranslated",""
"79_village_goddess_13","Hm... then I'll need to prepare everything...","","untranslated",""
"79_village_goddess_14","That was surprisingly easy.","","untranslated",""
"79_village_goddess_15","On the other hand... why should I trust you?","","untranslated",""
"79_village_goddess_16","You just want to make a fool out of me!","","untranslated",""
"79_village_goddess_17","Oh, don't start... please.","","untranslated",""
"79_village_goddess_18","I need a sign. I want her to help me win the election!","","untranslated",""
"79_village_goddess_19","She's too weak...","","untranslated",""
"79_village_goddess_2","Can't you see?! I'm busy being outraged!","","untranslated",""
"79_village_goddess_20","Is she a Goddess or not?! I'll wait.","","untranslated",""
"79_village_goddess_21","Seems like I need to become the hand of God.","","untranslated",""
"79_village_goddess_22","I should talk to Januarius about this election.","","untranslated",""
"79_village_goddess_3","Yeah... but you're going to love what I have for you.","","untranslated",""
"79_village_goddess_4","Alright... I'm listening...","","untranslated",""
"79_village_goddess_5","The Goddess of Nature needs your help!","","untranslated",""
"79_village_goddess_6","Says who?","","untranslated",""
"79_village_goddess_7","She told me herself. You're her most fervent worshiper.","","untranslated",""
"79_village_goddess_8","Her only worshiper, to be honest...","","untranslated",""
"79_village_goddess_9","True...","","untranslated",""
"79_village_goddess_enter_tavern_1","We're closed!","","untranslated",""
"79_village_goddess_near_tavern_1","Stupid mailbox!","","untranslated",""
"79_village_goddess_near_tavern_2","Stupid election! How is one person supposed to organize all this?!","","untranslated",""
"79_village_goddess_speak","Election Fever","","untranslated",""
"80_village_candidates_1","About the election.","","untranslated",""
"80_village_candidates_10","And I'd hate myself if he wins...","","untranslated",""
"80_village_candidates_11","Still, he's very excited about being elected.","","untranslated",""
"80_village_candidates_12","This book is enormous... I'll find a rule saying he can't.","","untranslated",""
"80_village_candidates_13","So who then?","","untranslated",""
"80_village_candidates_14","We need someone bright, young, and honest...","","untranslated",""
"80_village_candidates_15","Jeffry and Heffry would be the perfect candidates.","","untranslated",""
"80_village_candidates_16","The twins? But they're... they're... well...","","untranslated",""
"80_village_candidates_17","Exactly. With your support and my organization, it's a win-win.","","untranslated",""
"80_village_candidates_18","They're harmless, after all...","","untranslated",""
"80_village_candidates_19","All we need is for Julius to be satisfied.","","untranslated",""
"80_village_candidates_2","I think it's finally time.","","untranslated",""
"80_village_candidates_20","My support?","","untranslated",""
"80_village_candidates_21","Yes... here's the list...","","untranslated",""
"80_village_candidates_22","First, you must perform a ceremony...","","untranslated",""
"80_village_candidates_23","So everyone believes things are going well.","","untranslated",""
"80_village_candidates_24","Second, we need an alternate voting location.","","untranslated",""
"80_village_candidates_25","I'll talk to Linda. Her club would be perfect.","","untranslated",""
"80_village_candidates_26","Third... security measures.","","untranslated",""
"80_village_candidates_27","Alright. I'll talk to Herbert. His guards will do.","","untranslated",""
"80_village_candidates_28","Fourth... we need a PR campaign.","","untranslated",""
"80_village_candidates_29","I honestly have no idea what that is.","","untranslated",""
"80_village_candidates_3","Yeah... I'm excited. We never elected anyone before...","","untranslated",""
"80_village_candidates_30","Luckily, I have a PR agent and an astrologer.","","untranslated",""
"80_village_candidates_31","That should cover it...","","untranslated",""
"80_village_candidates_32","I'll handle the rest myself.","","untranslated",""
"80_village_candidates_33","Alright... I'll come back when everything's ready.","","untranslated",""
"80_village_candidates_4","I just happened to find a big book about elections in the mailbox.","","untranslated",""
"80_village_candidates_5","Let's see... we need at least two candidates...","","untranslated",""
"80_village_candidates_6","One could be you... our beloved hero...","","untranslated",""
"80_village_candidates_7","Oh wait... no, you can't. You weren't born here. Ha ha.","","untranslated",""
"80_village_candidates_8","Why not you and Jully? A perfect win-win.","","untranslated",""
"80_village_candidates_9","Oh no... Jully would hate me if I won.","","untranslated",""
"81_guards_elections_ask","Security Checkpoint: Democracy","","untranslated",""
"81_guards_elections_ask_1","About Security measures","","untranslated",""
"81_guards_elections_ask_2","You know, we're having an election for the town leader.","","untranslated",""
"81_guards_elections_ask_3","Yeah, my men told me...","","untranslated",""
"81_guards_elections_ask_4","That was quick...","","untranslated",""
"81_guards_elections_ask_5","I still don't see why we need the hassle...","","untranslated",""
"81_guards_elections_ask_6","It'll just complicate everything and make things boring...","","untranslated",""
"81_guards_elections_ask_7","I know what you mean. But the town is growing. It needs a capable leader.","","untranslated",""
"81_guards_elections_ask_8","Capable? Have you seen the candidates? I have my doubts...","","untranslated",""
"81_guards_elections_ask_9","Looks like I'll have to convince you.","","untranslated",""
"81_guards_elections_convince_1","Election security.","","untranslated",""
"81_guards_elections_convince_2","A leader means growth.","","untranslated",""
"81_guards_elections_convince_3","More people means more deaths... Agatha will be pleased.","","untranslated",""
"81_guards_elections_convince_4","Hm... when you put it like that...","","untranslated",""
"81_guards_elections_convince_5","Alright. I'm in. My guards will help.","","untranslated",""
"81_guards_elections_convince_6","Thanks, Herbert.","","untranslated",""
"82_port_elections_ask","Vote Early, Vote Naughty","","untranslated",""
"82_port_elections_ask_1","Voting location.","","untranslated",""
"82_port_elections_ask_2","Linda, we're holding an election for town leader...","","untranslated",""
"82_port_elections_ask_3","But that's a terrible idea. People come here for the freedom.","","untranslated",""
"82_port_elections_ask_4","Now we need a leader? What's next.... prohibition? Moral police?","","untranslated",""
"82_port_elections_ask_5","We're surrounded by zombies. We need some stability.","","untranslated",""
"82_port_elections_ask_6","And we'd like to have a voting location at your club.","","untranslated",""
"82_port_elections_ask_7","I'm not so sure. This election sounds suspicious.","","untranslated",""
"82_port_elections_ask_8","I guess I'll just have to convince you.","","untranslated",""
"82_port_elections_convince_1","Alternate voting location.","","untranslated",""
"82_port_elections_convince_2","Stability brings merchants and scientists.","","untranslated",""
"82_port_elections_convince_3","Which means money. And exciting exotic diseases!","","untranslated",""
"82_port_elections_convince_4","Maybe Albert could finally open a practice...","","untranslated",""
"82_port_elections_convince_5","Yeah... Albert would like that.","","untranslated",""
"82_port_elections_convince_6","Maybe he'd even find a cure for Aleksta.","","untranslated",""
"82_port_elections_convince_7","Yes! Exactly!","","untranslated",""
"82_port_elections_convince_8","Fine. You can use my club.","","untranslated",""
"83_astrologer_elections_ask","Destiny Polls","","untranslated",""
"83_astrologer_elections_ask_1","PR campaign","","untranslated",""
"83_astrologer_elections_ask_2","Gunter, we're holding an election for town leader...","","untranslated",""
"83_astrologer_elections_ask_3","You really should have asked me first.","","untranslated",""
"83_astrologer_elections_ask_4","Those candidates are a complete disaster.","","untranslated",""
"83_astrologer_elections_ask_5","Which is exactly why we need you to handle their campaign.","","untranslated",""
"83_astrologer_elections_ask_6","Whoa... no chance. That's way above my pay grade.","","untranslated",""
"83_astrologer_elections_ask_7","Then I guess I'll have to convince you.","","untranslated",""
"83_astrologer_elections_convince_1","Election campaign.","","untranslated",""
"83_astrologer_elections_convince_2","An election campaign would be the perfect stage for our hero.","","untranslated",""
"83_astrologer_elections_convince_3","Jack could publicly support one of the candidates.","","untranslated",""
"83_astrologer_elections_convince_4","Working together would definitely strengthen your friendship.","","untranslated",""
"83_astrologer_elections_convince_5","Hm... we could brand this place the ""Town of Heroes""...","","untranslated",""
"83_astrologer_elections_convince_6","I've even been thinking about opening a tourist bureau.","","untranslated",""
"83_astrologer_elections_convince_7","Alright... I'm in.","","untranslated",""
"84_astrologer_necronomicon_1","Necronomicon","","untranslated",""
"84_astrologer_necronomicon_10","Of course.","","untranslated",""
"84_astrologer_necronomicon_11","So... could you go down and find the book for me?","","untranslated",""
"84_astrologer_necronomicon_12","No. Not right now, I mean.","","untranslated",""
"84_astrologer_necronomicon_13","I'm busy with your PR stuff.","","untranslated",""
"84_astrologer_necronomicon_14","Can't you put that on pause? I really need that book.","","untranslated",""
"84_astrologer_necronomicon_15","Look... I offered to help you, and I'm helping you.","","untranslated",""
"84_astrologer_necronomicon_16","If you want me to have time for your book...","","untranslated",""
"84_astrologer_necronomicon_17","Then I need you to help me help you. Got it?","","untranslated",""
"84_astrologer_necronomicon_18","... Yeah, I guess so.","","untranslated",""
"84_astrologer_necronomicon_2","My friend the Donkey tells me that you...","","untranslated",""
"84_astrologer_necronomicon_3","Oh, that little traitor! So what exactly did he tell you?","","untranslated",""
"84_astrologer_necronomicon_4","He said you know where the Necronomicon is.","","untranslated",""
"84_astrologer_necronomicon_5","That's all he told you...?","","untranslated",""
"84_astrologer_necronomicon_6","Yes. So... do you know where it is?","","untranslated",""
"84_astrologer_necronomicon_7","Feh... yeah, it's somewhere in my old stuff... from my former life.","","untranslated",""
"84_astrologer_necronomicon_8","Down in a basement.","","untranslated",""
"84_astrologer_necronomicon_9","Sweet! Can I have it?","","untranslated",""
"84_astrologer_necronomicon_rep_1","Necronomicon","","untranslated",""
"84_astrologer_necronomicon_rep_10","By the way, if you need stones for the collars... I know a guy who can sell you some.","","untranslated",""
"84_astrologer_necronomicon_rep_11","What guy?","","untranslated",""
"84_astrologer_necronomicon_rep_12","Ha ha... it's me!","","untranslated",""
"84_astrologer_necronomicon_rep_2","Maybe now you'll have time to look for that book?","","untranslated",""
"84_astrologer_necronomicon_rep_3","You know what? I already found it.","","untranslated",""
"84_astrologer_necronomicon_rep_4","Wow... seems like you didn't need that much time after all.","","untranslated",""
"84_astrologer_necronomicon_rep_5","Ha ha... I just enjoyed how well we were working together, partner. I couldn't bring myself to stop you.","","untranslated",""
"84_astrologer_necronomicon_rep_6","Turns out it was under my bed. No wonder I've been having all those nightmares...","","untranslated",""
"84_astrologer_necronomicon_rep_7","So really I should be thanking you for reminding me. Here — take it.","","untranslated",""
"84_astrologer_necronomicon_rep_8","Does it have the ritual for resurrecting a zombie?","","untranslated",""
"84_astrologer_necronomicon_rep_9","Oh yeah. It even includes some commentary from the last Graveyard Keeper.","","untranslated",""
"85_guards_reader_1","Novel reading.","","untranslated",""
"85_guards_reader_10","Alright, if you'll excuse me... I need to go get ready.","","untranslated",""
"85_guards_reader_11","Meanwhile, you just keep doing what you're doing...","","untranslated",""
"85_guards_reader_12","You're definitely doing it right.","","untranslated",""
"85_guards_reader_2","I arranged everything. Agatha will read for you.","","untranslated",""
"85_guards_reader_3","Thanks... Feels like I'm finally getting a proper work-life balance.","","untranslated",""
"85_guards_reader_4","Yeah, I bet. She says she'll read to you at her place.","","untranslated",""
"85_guards_reader_5","Sure, sure... this barracks isn't the right place for quality literature.","","untranslated",""
"85_guards_reader_6","Yeah...","","untranslated",""
"85_guards_reader_7","Maybe one day there will be no more enemies to fight.","","untranslated",""
"85_guards_reader_8","There's always someone to fight, for fighting men like us.","","untranslated",""
"85_guards_reader_9","Yeah... you're probably right.","","untranslated",""
"85_guards_reader_tell","Reader for a Warrior","","untranslated",""
"86_port_notebook_1","It felt so good to play for an audience again...","","untranslated",""
"86_port_notebook_10","How completely he's changed... so mysterious, so unique.","","untranslated",""
"86_port_notebook_11","Yeah, he's definitely... something special.","","untranslated",""
"86_port_notebook_12","But... why do you want to visit him? You're not sick, are you?","","untranslated",""
"86_port_notebook_13","Oh, I've never felt better! I'm thrilled, intrigued!","","untranslated",""
"86_port_notebook_14","He was so confident... so not into me.","","untranslated",""
"86_port_notebook_15","But you're right... I can't just show up empty-handed.","","untranslated",""
"86_port_notebook_16","I could bake him a pie... No, that's too obvious.","","untranslated",""
"86_port_notebook_17","What do you suggest?","","untranslated",""
"86_port_notebook_18","Act smart.","","untranslated",""
"86_port_notebook_19","My mother always said... a book is the best gift.","","untranslated",""
"86_port_notebook_2","Thank you.","","untranslated",""
"86_port_notebook_20","A book! Yes... or better, a notebook.","","untranslated",""
"86_port_notebook_21","Let me guess... you want me to get you one?","","untranslated",""
"86_port_notebook_22","Where else is a girl supposed to find one around here?","","untranslated",""
"86_port_notebook_23","Should I even ask... what's in it for me?","","untranslated",""
"86_port_notebook_24","Oh, stop pretending. I know you're all about helping people...","","untranslated",""
"86_port_notebook_3","By the way. Do you know Albert well? Are you two friends?","","untranslated",""
"86_port_notebook_4","Mmm... we're more like neighbors.","","untranslated",""
"86_port_notebook_5","So... you know where he lives?","","untranslated",""
"86_port_notebook_6","Yeah...","","untranslated",""
"86_port_notebook_7","That's perfect. I need to pay him a visit... We didn't get to finish our little chat.","","untranslated",""
"86_port_notebook_8","I think he's not exactly... seeing visitors.","","untranslated",""
"86_port_notebook_9","Of course he's not. How charming.","","untranslated",""
"86_port_notebook_speak","Book Broker","","untranslated",""
"87_doctor_linda_after_albert_1","What a notebook! Did you make it?","","untranslated",""
"87_doctor_linda_after_albert_2","Yeah, I helped Linda... Seems like she's into you, Albert...","","untranslated",""
"87_doctor_linda_after_albert_3","She was kind. I'm not used to that. But... ""into me""?","","untranslated",""
"87_doctor_linda_after_albert_4","Trust me...","","untranslated",""
"87_doctor_linda_after_albert_5","Anyway... *cough-cough* I need to work...","","untranslated",""
"87_doctor_linda_after_albert_6","Thank you for the notebook... Keeper.","","untranslated",""
"87_doctor_linda_after_albert_7","Yeah right... as if she likes me. Can you even imagine...","","untranslated",""
"87_doctor_linda_after_linda_1","Sorry I followed you to Albert's laboratory...","","untranslated",""
"87_doctor_linda_after_linda_2","Yeah, you did...","","untranslated",""
"87_doctor_linda_after_linda_3","He's so intelligent...","","untranslated",""
"87_doctor_linda_after_linda_4","And he cares for poor Aleksta so much... the poor girl...","","untranslated",""
"87_doctor_linda_after_linda_5","Yeah, he's obsessed with finding a cure... but I'm not sure it's possible...","","untranslated",""
"87_doctor_linda_after_linda_6","Fiddlesticks! Don't be so skeptical. In fact... we're gonna help him find it.","","untranslated",""
"87_doctor_linda_after_linda_7","And by ""we"" you definitely mean me...","","untranslated",""
"87_doctor_linda_after_linda_8","Well, I'm sure you have a plan... And if you need anything from me, I'll be glad to help.","","untranslated",""
"87_doctor_linda_after_linda_9","Of course I have a plan! I just need to find an Old God!","","untranslated",""
"87_doctor_linda_asking_1","Tell him about Linda.","","untranslated",""
"87_doctor_linda_asking_2","What are you staring at me for?","","untranslated",""
"87_doctor_linda_asking_3","Heh... visitors. I don't like them myself... They're too much...","","untranslated",""
"87_doctor_linda_asking_4","He needs to be in a really good mood...","","untranslated",""
"87_doctor_linda_asking_5","Ok... now you've got me worried... what are you mumbling?","","untranslated",""
"87_doctor_linda_asking_second_1","Albert, it's about Linda again...","","untranslated",""
"87_doctor_linda_asking_second_10","Ok... I've got things to do, so...","","untranslated",""
"87_doctor_linda_asking_second_11","I'll leave you two alone... and see you later, Albert...","","untranslated",""
"87_doctor_linda_asking_second_12","I'll give them some privacy...","","untranslated",""
"87_doctor_linda_asking_second_2","Hello boys!","","untranslated",""
"87_doctor_linda_asking_second_3","She's... here to visit you, apparently...","","untranslated",""
"87_doctor_linda_asking_second_4","You know full well, I scarcely have...","","untranslated",""
"87_doctor_linda_asking_second_5","I brought you a gift!","","untranslated",""
"87_doctor_linda_asking_second_6","A gorgeous notebook, with a cover made from the finest human leather!","","untranslated",""
"87_doctor_linda_asking_second_7","The finest quality, I can assure you...","","untranslated",""
"87_doctor_linda_asking_second_8","A gift... for me?","","untranslated",""
"87_doctor_linda_asking_second_9","Well then... you're welcome, I guess...","","untranslated",""
"87_doctor_linda_notebook_1","Give the notebook.","","untranslated",""
"87_doctor_linda_notebook_2","Got you the best notebook you can find.","","untranslated",""
"87_doctor_linda_notebook_3","That's so lovely of you... Now you just need to ask Albert if it's okay for me to visit him.","","untranslated",""
"87_doctor_linda_notebook_4","Oh you people... How did you ever manage your lives before I showed up?","","untranslated",""
"87_doctor_linda_notebook_5","Poorly, as you can see... The Town is in ruins, there's zombies everywhere...","","untranslated",""
"87_doctor_linda_notebook_6","Well, at least you're honest.","","untranslated",""
"87_doctor_linda_notebook_7","I'll talk to Albert.","","untranslated",""
"87_doctor_linda_visit_try","Plague Me Maybe","","untranslated",""
"88_larry_portal_1","About the portal...","","untranslated",""
"88_larry_portal_10","The Goddess said it could be someone a little strange...","","untranslated",""
"88_larry_portal_11","Obsessed with symbols...","","untranslated",""
"88_larry_portal_12","Hey, what about our comrade, the donkey?","","untranslated",""
"88_larry_portal_13","Nah... donkeys don't have souls.","","untranslated",""
"88_larry_portal_14","I thought that was redheads...","","untranslated",""
"88_larry_portal_15","Hey, speaking of redheads... our astrologer fits that description.","","untranslated",""
"88_larry_portal_16","He has symbols all over his floor.","","untranslated",""
"88_larry_portal_17","I should pay him a visit...","","untranslated",""
"88_larry_portal_18","Thanks, Larry... what would I do without you?","","untranslated",""
"88_larry_portal_19","Yep... that's me. A very helpful skull.","","untranslated",""
"88_larry_portal_2","Do you know anything about the magic portal?","","untranslated",""
"88_larry_portal_3","North of town. Granted wishes. Never ended well.","","untranslated",""
"88_larry_portal_4","So... is it still there?","","untranslated",""
"88_larry_portal_5","According to the Inquisitors' notes I found... no. It's not.","","untranslated",""
"88_larry_portal_6","It vanished from the hill, right before the undead outbreak.","","untranslated",""
"88_larry_portal_7","Nobody really knows what happened in the North after that.","","untranslated",""
"88_larry_portal_8","Alright... next question. Whose soul could be bound to it?","","untranslated",""
"88_larry_portal_9","Sard...  how should I know?","","untranslated",""
"88_larry_portal_ask","Any Portal in a Storm","","untranslated",""
"89_astrologer_portal_1","Ask about the portal.","","untranslated",""
"89_astrologer_portal_10","On a scale from 0 to 100, how close are we, really?","","untranslated",""
"89_astrologer_portal_11","Hm... maybe around 50.","","untranslated",""
"89_astrologer_portal_12","Figures... Sard, when you showed up I knew this would end badly.","","untranslated",""
"89_astrologer_portal_13","Focus. Where's the portal, and how do I use it?","","untranslated",""
"89_astrologer_portal_14","You knew someone who looked like me... you must know something.","","untranslated",""
"89_astrologer_portal_15","Yes, but I stayed out of his whole portal business.","","untranslated",""
"89_astrologer_portal_16","Like I said, I was just a side character.","","untranslated",""
"89_astrologer_portal_17","But I do know the man who activated the portal with you... I mean him.","","untranslated",""
"89_astrologer_portal_18","He knows where it is. Probably how it works, too.","","untranslated",""
"89_astrologer_portal_19","If he does, he's the only one.","","untranslated",""
"89_astrologer_portal_2","I need to know everything you have about the magic portal.","","untranslated",""
"89_astrologer_portal_20","Where can I find him?","","untranslated",""
"89_astrologer_portal_21","Last time I saw him, he was in the underground foundry beneath the old bathhouse.","","untranslated",""
"89_astrologer_portal_22","I'm not local... where can I find this bathhouse?","","untranslated",""
"89_astrologer_portal_23","North side of town.","","untranslated",""
"89_astrologer_portal_24","So... just need to get past the zombie horde?","","untranslated",""
"89_astrologer_portal_25","Yes. But there's a shortcut... the foundry's water tunnel.","","untranslated",""
"89_astrologer_portal_26","The entrance isn't far from here, near the navigation lock.","","untranslated",""
"89_astrologer_portal_27","And how does an astrologer know about that?","","untranslated",""
"89_astrologer_portal_28","My best friend Jack told me about it.","","untranslated",""
"89_astrologer_portal_29","He used to maintain the lock and the tunnel.","","untranslated",""
"89_astrologer_portal_3","Oh no... no, no...","","untranslated",""
"89_astrologer_portal_30","So I go to the foundry to meet — a blacksmith?","","untranslated",""
"89_astrologer_portal_31","Not a blacksmith. A bishop. Well... now a monk.","","untranslated",""
"89_astrologer_portal_32","So... through the tunnel, into the foundry under the bathhouse, and meet a monk.","","untranslated",""
"89_astrologer_portal_33","Precisely.","","untranslated",""
"89_astrologer_portal_34_a","Alright. I'll ask Jack if he knows anything about it.","","untranslated",""
"89_astrologer_portal_34_b","Great. Jack told me about this foundry already. I'm working on it.","","untranslated",""
"89_astrologer_portal_4","For someone who knows so much... you sure never learn from your mistakes.","","untranslated",""
"89_astrologer_portal_5","So, the magic portal... do you know where it is?","","untranslated",""
"89_astrologer_portal_6","It's happening again... just like last time...","","untranslated",""
"89_astrologer_portal_7","I was just a side character, and I still got into a lot of trouble...","","untranslated",""
"89_astrologer_portal_8","Tell me... where do we stand with each other?","","untranslated",""
"89_astrologer_portal_9","What do you mean?","","untranslated",""
"90_village_elections_1","Another round for Jack! Our hero, savior of the city!","","untranslated",""
"90_village_elections_10","Exactly. So when can we...","","untranslated",""
"90_village_elections_11","She's displeased with me because I have too little faith.","","untranslated",""
"90_village_elections_12","Can you spare me some? I'll give it back... one day.","","untranslated",""
"90_village_elections_13","How much are we talking about?","","untranslated",""
"90_village_elections_14","Approximately... psh psh psh...","","untranslated",""
"90_village_elections_15","Wow... that's a lot...","","untranslated",""
"90_village_elections_16","Yeah... I've squandered quite a bit...","","untranslated",""
"90_village_elections_17","Bring the faith, and I'll be ready for the ritual.","","untranslated",""
"90_village_elections_2","Jack, the man who gave us everything!","","untranslated",""
"90_village_elections_3","And our newly elected leader... Jeffry!","","untranslated",""
"90_village_elections_4","I'm Heffry.","","untranslated",""
"90_village_elections_5","... Of course!","","untranslated",""
"90_village_elections_6","It might not be obvious... but I'm a man of my word!","","untranslated",""
"90_village_elections_7","So you'll help me with the ritual?","","untranslated",""
"90_village_elections_8","The signs are clear... and the Goddess is not very pleased with me.","","untranslated",""
"90_village_elections_9","But she's giving me a chance to prove myself.","","untranslated",""
"90_village_elections_after_jack_1","So how does it feel to be a hero?","","untranslated",""
"90_village_elections_after_jack_2","Oh, come on... you know that was all Gunter's idea.","","untranslated",""
"90_village_elections_after_jack_3","I don't need the praises of these people.","","untranslated",""
"90_village_elections_after_jack_4","Ah. Now I see why you're so gloomy.","","untranslated",""
"90_village_elections_after_jack_5","No, you don't. Come to my workshop and I'll show you some calculations.","","untranslated",""
"90_village_elections_after_jack_6","Maybe you can even help... after all, you're the real hero here.","","untranslated",""
"90_village_elections_after_jack_7","Alright. I'll drop by as soon as I can... to see those calculations.","","untranslated",""
"90_village_elections_after_leave_1","It would be rude to leave without talking to everyone first.","","untranslated",""
"90_village_elections_after_linda_1","Hey... I didn't expect to see you here.","","untranslated",""
"90_village_elections_after_linda_10","Come to my club later. I'll be waiting. I need to go now.","","untranslated",""
"90_village_elections_after_linda_2","How's the voting going at your club?","","untranslated",""
"90_village_elections_after_linda_3","Very well. Free drinks for anyone who casts a vote.","","untranslated",""
"90_village_elections_after_linda_4","The turnout has already exceeded the number of actual townsfolk. Ha ha.","","untranslated",""
"90_village_elections_after_linda_5","That's... impressive.","","untranslated",""
"90_village_elections_after_linda_6","Yes... but I'm here because I'm worried about Albert's health.","","untranslated",""
"90_village_elections_after_linda_7","He's pouring everything into saving his sister, but he's neglecting himself.","","untranslated",""
"90_village_elections_after_linda_8","That does sound like Albert.","","untranslated",""
"90_village_elections_after_linda_9","I looked into it. I think I found a way to help him.","","untranslated",""
"90_village_elections_after_nun_1","I'm surprised to see you here.","","untranslated",""
"90_village_elections_after_nun_2","If only they'd elected someone like me...","","untranslated",""
"90_village_elections_after_nun_3","Then there would be order! ","","untranslated",""
"90_village_elections_after_nun_4","Anyway... I knew you'd show up.","","untranslated",""
"90_village_elections_after_nun_5","We need to discuss Herbert.","","untranslated",""
"90_village_elections_after_nun_6","What about him?","","untranslated",""
"90_village_elections_after_nun_7","Not here... it could hurt my reputation.","","untranslated",""
"90_village_elections_after_nun_8","Come talk to me later at my place.","","untranslated",""
"90_village_elections_after_nun_9","Oh dear...","","untranslated",""
"90_village_elections_ready","Campaign of Thrones","","untranslated",""
"90_village_elections_ready_1","Ready for the Election.","","untranslated",""
"90_village_elections_ready_10","Yeah... that sounds about right.","","untranslated",""
"90_village_elections_ready_11","Just don't forget who helped you get here.","","untranslated",""
"90_village_elections_ready_12","So... ready to start the election?","","untranslated",""
"90_village_elections_ready_13","Now?","","untranslated",""
"90_village_elections_ready_14","Oh yes. The book says never delay. Fast and smooth.","","untranslated",""
"90_village_elections_ready_15","One election later","","untranslated",""
"90_village_elections_ready_2","I've done everything you asked.","","untranslated",""
"90_village_elections_ready_3","How did Jully take the news about his disqualification?","","untranslated",""
"90_village_elections_ready_4","Oh, perfectly fine. I explained that we'd handle everything...","","untranslated",""
"90_village_elections_ready_5","This time, it'll be just me and him...","","untranslated",""
"90_village_elections_ready_6","So how will it work with Jeffry or Heffry as elected leaders?","","untranslated",""
"90_village_elections_ready_7","The election manual has a whole chapter called ""Tips and Tricks.""","","untranslated",""
"90_village_elections_ready_8","It's mostly about choosing the right candidates... ha ha...","","untranslated",""
"90_village_elections_ready_9","Naturally, the people who can read... and own the manual... get to run everything.","","untranslated",""
"91_linda_cough_1","Albert's health.","","untranslated",""
"91_linda_cough_10","And who are they?","","untranslated",""
"91_linda_cough_11","Some refugees. They want to settle in our town.","","untranslated",""
"91_linda_cough_12","I thought we agreed I help decide when new people are allowed in.","","untranslated",""
"91_linda_cough_13","Apparently, things were bad where they come from... and they couldn't wait.","","untranslated",""
"91_linda_cough_14","But they brought a magical plant with them from distant lands. They claim it can cure Albert.","","untranslated",""
"91_linda_cough_15","Gentlemen, step forward.","","untranslated",""
"91_linda_cough_16","So you want a house in exchange for the plant?","","untranslated",""
"91_linda_cough_17","No, no... we need land. Fertile soil where we can live and farm.","","untranslated",""
"91_linda_cough_18","We'll cultivate it. And give you half of our first harvest... and your friend's cough will be cured.","","untranslated",""
"91_linda_cough_19","See? They're businessmen.","","untranslated",""
"91_linda_cough_2","You wanted to talk about how we can help Albert's health?","","untranslated",""
"91_linda_cough_20","Fine. But where am I supposed to find the land?","","untranslated",""
"91_linda_cough_21","Mind if I help? You can find land like that at the bottom of the ship lock.","","untranslated",""
"91_linda_cough_22","Back when it was drained for repairs, the people got an excellent harvest there.","","untranslated",""
"91_linda_cough_23","Thank you, Captain. See? There's an option.","","untranslated",""
"91_linda_cough_24_a_1","I'll speak with the Head of the Guard about the lock.","","untranslated",""
"91_linda_cough_24_a_2","Maybe we can arrange something for you.","","untranslated",""
"91_linda_cough_24_b_1","I've already drained it. Meet me there, guys.","","untranslated",""
"91_linda_cough_24_b_2","Alright then. We'll go take a look at the soil. Meet us there.","","untranslated",""
"91_linda_cough_25","Good deeds bring good fortune.","","untranslated",""
"91_linda_cough_26","But we can do even more.","","untranslated",""
"91_linda_cough_27","Do more.","","untranslated",""
"91_linda_cough_28","What else can we do for Albert?","","untranslated",""
"91_linda_cough_29","The medicine will help his body.","","untranslated",""
"91_linda_cough_3","Yes... he's so gentle. So intelligent... so devoted to his sister...","","untranslated",""
"91_linda_cough_30","But I have to insist on getting him out of his basement.","","untranslated",""
"91_linda_cough_31","It's cold, unhealthy, and miserable.","","untranslated",""
"91_linda_cough_32","Oh he'll never agree to leave it.","","untranslated",""
"91_linda_cough_33","Then I'll ask him to open a proper practice here. I have rooms to spare.","","untranslated",""
"91_linda_cough_34","That might not be so simple...","","untranslated",""
"91_linda_cough_35","We just need to supply the town with high-quality goods.","","untranslated",""
"91_linda_cough_36","That will make life easier, and will attract wealthy older people.","","untranslated",""
"91_linda_cough_37","Wealthy patients need a doctor. Albert will feel valued again.","","untranslated",""
"91_linda_cough_38","I'm not so sure he'll agree.","","untranslated",""
"91_linda_cough_39","Leave Albert to me. You focus on strengthening the town.","","untranslated",""
"91_linda_cough_4","I never imagined a man could be so selfless.","","untranslated",""
"91_linda_cough_40","Tell me when the supplies are ready.","","untranslated",""
"91_linda_cough_5","I've visited him again recently. Every time, I admire him more.","","untranslated",""
"91_linda_cough_6","It would be so tragic if he coughed his lungs out...","","untranslated",""
"91_linda_cough_7","Exactly. Many people have been coming through the port... and the club.","","untranslated",""
"91_linda_cough_8","I've been asking all of them about medical recipes.","","untranslated",""
"91_linda_cough_9","No luck... until those guys in green showed up.","","untranslated",""
"91_linda_cough_ask","A Cure for Wellness","","untranslated",""
"92_doctor_cure_1","We found a cure.","","untranslated",""
"92_doctor_cure_10","That sounds manageable... but will you come with me? I'm a little squeamish about medical treatments.","","untranslated",""
"92_doctor_cure_11","I've never tested anything on myself. cough-cough","","untranslated",""
"92_doctor_cure_12","Of course, Albert.","","untranslated",""
"92_doctor_cure_13","Thank you. I don't want to seem weak in front of Linda.","","untranslated",""
"92_doctor_cure_14","I think she cares about me... and I care about her...","","untranslated",""
"92_doctor_cure_15","That's adorable. I feel like a little Cupid.","","untranslated",""
"92_doctor_cure_16","She probably wants me to leave this old basement and live closer to her.","","untranslated",""
"92_doctor_cure_17","But what would I do on the surface? Where would I live? And I'd need to take Aleksta with me!","","untranslated",""
"92_doctor_cure_18","Maybe you should just relax and let Linda help you with all this.","","untranslated",""
"92_doctor_cure_19","You're right... I don't want to disappoint her.","","untranslated",""
"92_doctor_cure_2","Linda and I think we found something that could cure you.","","untranslated",""
"92_doctor_cure_20","Let's go then. She's waiting for you.","","untranslated",""
"92_doctor_cure_21","Wait...","","untranslated",""
"92_doctor_cure_22","It's just that... maybe this was supposed to be a surprise...","","untranslated",""
"92_doctor_cure_23","Or was that the church organ...","","untranslated",""
"92_doctor_cure_24","Yes, but you already told me everything. cough-cough","","untranslated",""
"92_doctor_cure_25","My mistake... anyway, just pretend to be surprised.","","untranslated",""
"92_doctor_cure_3","If this is a joke, it's not a very kind one. cough-cough","","untranslated",""
"92_doctor_cure_4","It's no joke. The refugees brought a strange plant.","","untranslated",""
"92_doctor_cure_5","It's called a po-ta-to.","","untranslated",""
"92_doctor_cure_6","I've read about it... or was that a to-ma-to? Some exotic plant from the edge of the world.","","untranslated",""
"92_doctor_cure_7","Linda thinks she can make a remedy. I just need you at the club.","","untranslated",""
"92_doctor_cure_8","Since when did Linda become an alchemist?","","untranslated",""
"92_doctor_cure_9","No alchemy. Just boiling water.","","untranslated",""
"92_doctor_cure_club_1","Did the Keeper tell you already?","","untranslated",""
"92_doctor_cure_club_10","After one successful treatment","","untranslated",""
"92_doctor_cure_club_11","How do you feel, Albert?","","untranslated",""
"92_doctor_cure_club_12","Go on... try to cough.","","untranslated",""
"92_doctor_cure_club_13","Hey... it's better... I can't even force one out...","","untranslated",""
"92_doctor_cure_club_14","That po-ta-to really is miraculous...","","untranslated",""
"92_doctor_cure_club_15","But you'll need to continue the treatment for a week.","","untranslated",""
"92_doctor_cure_club_16","Of course he will.","","untranslated",""
"92_doctor_cure_club_17","I'll return the pot to the kitchen.","","untranslated",""
"92_doctor_cure_club_18","You did it... you found a cure...","","untranslated",""
"92_doctor_cure_club_19","Not alone. Linda gets the credit too.","","untranslated",""
"92_doctor_cure_club_2","Did you tell me... Keeper? cough-cough","","untranslated",""
"92_doctor_cure_club_20","Of course... now I have all the time in the world.","","untranslated",""
"92_doctor_cure_club_21","It's good seeing you like this, my friend.","","untranslated",""
"92_doctor_cure_club_22","If you ever need help...","","untranslated",""
"92_doctor_cure_club_23","You've already done plenty. A healthy man can stand on his own two feet. Ha ha.","","untranslated",""
"92_doctor_cure_club_3","Well... sure... Surprise — we found a cure for your cough!","","untranslated",""
"92_doctor_cure_club_4","Wow... I'm so surprised...","","untranslated",""
"92_doctor_cure_club_5","You boys are acting really weird. But yes, Albert, we found it.","","untranslated",""
"92_doctor_cure_club_6","Just give me a moment.","","untranslated",""
"92_doctor_cure_club_7","What do I do now?","","untranslated",""
"92_doctor_cure_club_8","Just breathe in the steam.","","untranslated",""
"92_doctor_cure_club_9","Alright... I trust you... cough-cough","","untranslated",""
"92_doctor_cure_tell","Heal the Healer","","untranslated",""
"93_linda_potato_1","Give the plant.","","untranslated",""
"93_linda_potato_10","Trust me... he's starting to think differently about that.","","untranslated",""
"93_linda_potato_2","I got the so-called magic plant.","","untranslated",""
"93_linda_potato_3","We need to boil it and have Albert inhale the steam.","","untranslated",""
"93_linda_potato_4","I hope it really is magical... or I don't know what I'll do to those guys in green.","","untranslated",""
"93_linda_potato_5","They don't look like the type who would lie. They seem alright.","","untranslated",""
"93_linda_potato_6","Fine. I'll get a pot and a towel ready.","","untranslated",""
"93_linda_potato_7","You go and bring him here. You're the only one he'll listen to.","","untranslated",""
"93_linda_potato_8","I'll need you to help convince him to try it.","","untranslated",""
"93_linda_potato_9","He always refuses to look after himself.","","untranslated",""
"93_linda_potato_give","Hot Potato Delivery","","untranslated",""
"94_crossroad_repitation_1","Talk about Herbert.","","untranslated",""
"94_crossroad_repitation_10","But Herbert understands me perfectly...","","untranslated",""
"94_crossroad_repitation_11","I lost all my sisters... the nuns. And he lost his retirement.","","untranslated",""
"94_crossroad_repitation_12","Yes... you've both suffered.","","untranslated",""
"94_crossroad_repitation_13","Exactly. But I still have my anger... he has only sadness...","","untranslated",""
"94_crossroad_repitation_14","Though that romantic novel of his is enough to make even me sentimental.","","untranslated",""
"94_crossroad_repitation_15","So you want me to make him angry?","","untranslated",""
"94_crossroad_repitation_16","No. I want you to rebuild the chapel organ.","","untranslated",""
"94_crossroad_repitation_17","I even brought the blueprints.","","untranslated",""
"94_crossroad_repitation_18","And that will make him angry how?","","untranslated",""
"94_crossroad_repitation_19","The organ's thunder and the church's glory will awaken his righteous fury!","","untranslated",""
"94_crossroad_repitation_2","I have to admit, you got me curious... How could Herbert ruin your reputation?","","untranslated",""
"94_crossroad_repitation_20","Doubtful...","","untranslated",""
"94_crossroad_repitation_21","I really think that's a bad idea... we could just steal his sword instead.","","untranslated",""
"94_crossroad_repitation_22","Of course it's a bad idea, if I'm relying on you to sort out your church properly!","","untranslated",""
"94_crossroad_repitation_23","And you need to find a special wood, and a carving master, to make the organ sound good.","","untranslated",""
"94_crossroad_repitation_24","And don't tell Herbert. It has to be a surprise.","","untranslated",""
"94_crossroad_repitation_3","Oh dear... where can I start? Herbert is... kind.","","untranslated",""
"94_crossroad_repitation_4","He's not afraid of me. He actually enjoys my presence.","","untranslated",""
"94_crossroad_repitation_5","And I enjoy reading to him...","","untranslated",""
"94_crossroad_repitation_6","How can that be bad for you reputation?","","untranslated",""
"94_crossroad_repitation_7","Because everyone fears my anger! That's my reputation!","","untranslated",""
"94_crossroad_repitation_8","It's what helps me get through the day...","","untranslated",""
"94_crossroad_repitation_9","You wouldn't understand...","","untranslated",""
"94_crossroad_repitation_wood_1","Special wood.","","untranslated",""
"94_crossroad_repitation_wood_2","What wood, and what carving master are you talking about?","","untranslated",""
"94_crossroad_repitation_wood_3","The masters gathered driftwood from the shore.","","untranslated",""
"94_crossroad_repitation_wood_4","They lived in stilt houses on the western lake.","","untranslated",""
"94_crossroad_repitation_wood_5","And you think they survived?","","untranslated",""
"94_crossroad_repitation_wood_6","The middle of the lake is the safest place around.","","untranslated",""
"94_crossroad_repitation_wood_7","There should be a wooden bridge leading to them.","","untranslated",""
"94_crossroad_repitation_wood_8","Though now it's in the infected district.","","untranslated",""
"94_crossroad_repitation_wood_9","Fine. I'll talk to Herbert and we'll find a way across.","","untranslated",""
"94_crossroad_reputation_ask","Notorious Nun","","untranslated",""
"95_guards_organ_built_1","The church organ","","untranslated",""
"95_guards_organ_built_10","The next time you visit her to read, I bet she'll invite you herself.","","untranslated",""
"95_guards_organ_built_2","It wasn't easy, but I built the church organ like you asked.","","untranslated",""
"95_guards_organ_built_3","That's fantastic... although now I'm nervous about asking her to come hear it.","","untranslated",""
"95_guards_organ_built_4","I don't want her to feel pressured...","","untranslated",""
"95_guards_organ_built_5","Leave it to me. I'll tell her about the organ...","","untranslated",""
"95_guards_organ_built_6","And gently suggest that she invite you.","","untranslated",""
"95_guards_organ_built_7","You really think she'd want to share the moment with me?","","untranslated",""
"95_guards_organ_built_8","I'm absolutely certain.","","untranslated",""
"95_guards_organ_built_9","Then I'll trust you, Keeper. Thank you.","","untranslated",""
"95_guards_organ_not_built_1","The church organ","","untranslated",""
"95_guards_organ_not_built_2","How's the church organ?","","untranslated",""
"95_guards_organ_not_built_3","Still working on it. The wood is hard to get.","","untranslated",""
"95_guards_organ_not_built_4","I understand... but you know Agatha's smile will be worth the trouble.","","untranslated",""
"96_crossroad_organ_built_1","The church organ.","","untranslated",""
"96_crossroad_organ_built_10","I just... I don't...","","untranslated",""
"96_crossroad_organ_built_11","You build one organ, and now suddenly you're all full of yourself.","","untranslated",""
"96_crossroad_organ_built_2","It wasn't easy, but I built the organ you wanted.","","untranslated",""
"96_crossroad_organ_built_3","With the special wood from the lake?","","untranslated",""
"96_crossroad_organ_built_4","From the most special wood in town.","","untranslated",""
"96_crossroad_organ_built_5","Excellent. Herbert will love it...","","untranslated",""
"96_crossroad_organ_built_6","It may not fill him with holy wrath...","","untranslated",""
"96_crossroad_organ_built_7","But his delicate soul will certainly enjoy it.","","untranslated",""
"96_crossroad_organ_built_8","Speaking of delicate matters... I might need another favor...","","untranslated",""
"96_crossroad_organ_built_9","Stop looking so surprised!","","untranslated",""
"96_crossroad_organ_not_built_1","The church organ","","untranslated",""
"96_crossroad_organ_not_built_2","How's the church organ coming along?","","untranslated",""
"96_crossroad_organ_not_built_3","Still working on it. Good wood is hard to find.","","untranslated",""
"96_crossroad_organ_not_built_4","As I expected... an organ is a work of art, not just another piece of furniture.","","untranslated",""
"98_workshop_tunnel_1","Ask about the water tunnel.","","untranslated",""
"98_workshop_tunnel_10","Sounds doable... and apparently there's no other way to save the world.","","untranslated",""
"98_workshop_tunnel_11","First you'll need to get through all those zombies.","","untranslated",""
"98_workshop_tunnel_12","That's exactly what I'm going to talk about with Herbert.","","untranslated",""
"98_workshop_tunnel_2","So I really can get there through the tunnel?","","untranslated",""
"98_workshop_tunnel_3","You can. But first you'll need to reach the tunnel itself.","","untranslated",""
"98_workshop_tunnel_4","It's in the infected part of the town.","","untranslated",""
"98_workshop_tunnel_5","Right now the entrance is flooded, and sealed by a valve.","","untranslated",""
"98_workshop_tunnel_6","But it's possible?","","untranslated",""
"98_workshop_tunnel_7","Yes. You just need to drain the ship lock.","","untranslated",""
"98_workshop_tunnel_8","You close the gate on the left side...","","untranslated",""
"98_workshop_tunnel_9","Then open the tunnel by lifting the valve on the right side of the ship lock.","","untranslated",""
"98_workshop_tunnel_not_101_1","Can you tell me where the water tunnel to the foundry is, and how I can get through it?","","untranslated",""
"98_workshop_tunnel_not_101_2","That tunnel is the only way to reach the area.","","untranslated",""
"98_workshop_tunnel_not_101_3","What a coincidence...","","untranslated",""
"98_workshop_tunnel_not_101_4","That foundry produced the best steel.","","untranslated",""
"99_workshop_repair_complete_1","Ha ha... good job!","","untranslated",""
"99_workshop_repair_complete_10","Ha ha... of course I am. Now, let's see if I can remember where I left off...","","untranslated",""
"99_workshop_repair_complete_11","Ah yes, I was working on some armor...","","untranslated",""
"99_workshop_repair_complete_12","What are you waiting for?","","untranslated",""
"99_workshop_repair_complete_13","Oh! I almost forgot... you're officially my apprentice now.","","untranslated",""
"99_workshop_repair_complete_14","Thank you.","","untranslated",""
"99_workshop_repair_complete_2","Now I have everything I need.","","untranslated",""
"99_workshop_repair_complete_3","Close your eyes...","","untranslated",""
"99_workshop_repair_complete_4","You know, ""thank you"" would be enough.","","untranslated",""
"99_workshop_repair_complete_5","Keep them closed...","","untranslated",""
"99_workshop_repair_complete_6","... Okay, open.","","untranslated",""
"99_workshop_repair_complete_7","Wait... how... how did you fix everything so fast?","","untranslated",""
"99_workshop_repair_complete_8","Ha ha! That's the third time I rebuilt everything. I know a few tricks...","","untranslated",""
"99_workshop_repair_complete_9","Well, you truly are a master.","","untranslated",""
"99_workshop_repair_material_1","Give materials","","untranslated",""
"99_workshop_repair_material_3","That's exactly what I needed.","","untranslated",""
"99_workshop_repair_material_4","Only I can make them this good.","","untranslated",""
"99_workshop_repair_pr_1","About PR","","untranslated",""
"99_workshop_repair_pr_10","The people will laugh at me... I can't go stand up in front of them.","","untranslated",""
"99_workshop_repair_pr_2","Gunter asked me to talk to you about being the frontman for our Restore the Town campaign.","","untranslated",""
"99_workshop_repair_pr_3","Hm... perfectly understandable. I do fit perfectly. Who else is...","","untranslated",""
"99_workshop_repair_pr_4","So talented... so brilliant... so thoughtful...","","untranslated",""
"99_workshop_repair_pr_5","So modest...","","untranslated",""
"99_workshop_repair_pr_6","Be careful... I might make him my favorite apprentice instead of you! Ha ha...","","untranslated",""
"99_workshop_repair_pr_7","Glad you agree. I just need your signature here...","","untranslated",""
"99_workshop_repair_pr_8","Sadly... I can't accept.","","untranslated",""
"99_workshop_repair_pr_9","It's ridiculous... me, a master craftsman — without a proper workshop?","","untranslated",""
"99_workshop_repair_pr_get_1","Get a PR contract","","untranslated",""
"99_workshop_repair_pr_get_2","Now that your workshop is restored, there's nothing holding you back from signing.","","untranslated",""
"99_workshop_repair_pr_get_3","I guess it's my duty to show these people the light of progress.","","untranslated",""
