"key","original","bg","status","notes"
"101_workshop_calculations_1","Look at the calculation.","","untranslated",""
"101_workshop_calculations_10","Trading, services, small crafts...","","untranslated",""
"101_workshop_calculations_11","There's nobody anymore who wants to work in a good old manufactory.","","untranslated",""
"101_workshop_calculations_12","This might surprise you, but... I have plenty of workers willing to work at my factory.","","untranslated",""
"101_workshop_calculations_13","At least, I hope they're willing... It's better than what they'd be doing otherwise.","","untranslated",""
"101_workshop_calculations_14","Your factory? With conveyor belts and automated workbenches?","","untranslated",""
"101_workshop_calculations_15","Yeah... a real underground facility...","","untranslated",""
"101_workshop_calculations_16","Oh, I'd love to see that!","","untranslated",""
"101_workshop_calculations_17","Now that you're so excited, I feel like I should meet certain expectations...","","untranslated",""
"101_workshop_calculations_18","As soon as I check everything over, I'll gladly invite you for a tour.","","untranslated",""
"101_workshop_calculations_19","The second problem?","","untranslated",""
"101_workshop_calculations_2","So, what's this calculation were you talking about?","","untranslated",""
"101_workshop_calculations_20","What's the second problem?","","untranslated",""
"101_workshop_calculations_21","The steel quality...","","untranslated",""
"101_workshop_calculations_22","We'll never achieve the finest quality steel from the Royal Foundry.","","untranslated",""
"101_workshop_calculations_23","Maybe we can restore it?","","untranslated",""
"101_workshop_calculations_24","We might not need to.. Some days ago, I saw smoke coming out of it.","","untranslated",""
"101_workshop_calculations_25","We just need someone to reach it, and check whether the iron masters are still producing steel.","","untranslated",""
"101_workshop_calculations_26_a","Lucky for you... I'm already working on that.","","untranslated",""
"101_workshop_calculations_26_b_1","Is it far? How do we get there?","","untranslated",""
"101_workshop_calculations_26_b_2","It's on the north side of the town.","","untranslated",""
"101_workshop_calculations_26_b_3","The only way to reach it is through a water tunnel.","","untranslated",""
"101_workshop_calculations_26_b_4","Luckily, I know all about it.","","untranslated",""
"101_workshop_calculations_27","I'll bring you some samples, and you can check the quality.","","untranslated",""
"101_workshop_calculations_28","That would be great.","","untranslated",""
"101_workshop_calculations_29","Just great... meanwhile, I still have 25 years of work ahead of me...","","untranslated",""
"101_workshop_calculations_3","It's my industrialization plan.","","untranslated",""
"101_workshop_calculations_4","See these numbers... even with all the resources I have, it'll take 25 years to reach pre-apocalypse levels.","","untranslated",""
"101_workshop_calculations_5","And that was only supposed to be the beginning...","","untranslated",""
"101_workshop_calculations_6","I see... so what's the problem, now that your resources are covered?","","untranslated",""
"101_workshop_calculations_7","There's two main problems.","","untranslated",""
"101_workshop_calculations_8","I'm all alone here... Even if I built a factory, there'd be no one to work in it...","","untranslated",""
"101_workshop_calculations_9","They barely escaped death, but they're all too refined for hard work.","","untranslated",""
"101_workshop_calculations_ask","Front-of-the-Envelope Calculation","","untranslated",""
"102_town_captain_beer","Tales for Ales","","untranslated",""
"102_town_captain_beer_1","Here’s your beer.","","untranslated",""
"102_town_captain_beer_10","One great story later...","","untranslated",""
"102_town_captain_beer_11","That was a great story! You said you had more?","","untranslated",""
"102_town_captain_beer_12","Yeah... but now I’m sad... and not in the mood for another one.","","untranslated",""
"102_town_captain_beer_13","All my stories are in the past... and as for what's awaiting me... well, I already have gray hair.","","untranslated",""
"102_town_captain_beer_14","Maybe another beer will cheer you up.","","untranslated",""
"102_town_captain_beer_15","Nah... I'll need something stronger than beer... if I'm gonna believe I still have any decent stories ahead.","","untranslated",""
"102_town_captain_beer_2","Ah, good... you know, I’ve seen you before.","","untranslated",""
"102_town_captain_beer_3","Another tavern — the Dead Horse.","","untranslated",""
"102_town_captain_beer_4","I thought we’d end up on some grand adventure together... but no.","","untranslated",""
"102_town_captain_beer_5","Then I saw you again... It felt like a sign. Have you any adventures to share?","","untranslated",""
"102_town_captain_beer_6","Honestly, I can’t think of any right now.","","untranslated",""
"102_town_captain_beer_7","I see... you know, I consider myself quite a remarkable character...","","untranslated",""
"102_town_captain_beer_8","Maybe next time.","","untranslated",""
"102_town_captain_beer_9","Maybe... alright then, story time!","","untranslated",""
"102_town_captain_faith_1","Give faith.","","untranslated",""
"102_town_captain_faith_2","Trust me... you have adventures still ahead of you. Just give it time.","","untranslated",""
"102_town_captain_faith_3","... You know what? I believe you. Want to hear another story?","","untranslated",""
"102_town_captain_faith_4","Heh... telling these stories just makes me sad...","","untranslated",""
"102_town_captain_meet_1","Hey... want to hear one of my stories?","","untranslated",""
"102_town_captain_meet_2","Are they any good?","","untranslated",""
"102_town_captain_meet_3","Only the best. I used to be a captain... until my ship sank.","","untranslated",""
"102_town_captain_meet_4","Buy me a beer and I’ll prove it.","","untranslated",""
"103_workshop_steel_1","High-quality steel.","","untranslated",""
"103_workshop_steel_10","But there aren't any masters left there.","","untranslated",""
"103_workshop_steel_11","Then who forged this steel?","","untranslated",""
"103_workshop_steel_12","A group of monks live there now. They run the foundry.","","untranslated",""
"103_workshop_steel_13","Monks... mastering steel and producing this?","","untranslated",""
"103_workshop_steel_14","Apparently, yes.","","untranslated",""
"103_workshop_steel_15","But that's unbelievable! How could they? It would take years...","","untranslated",""
"103_workshop_steel_16","By the way, I cleared the way to the foundry. We can trade with them now.","","untranslated",""
"103_workshop_steel_17","Good news... but still — how did they do it? Even I couldn't master the process.","","untranslated",""
"103_workshop_steel_18","No idea. They just work together. Calmly.","","untranslated",""
"103_workshop_steel_19","I see... together...","","untranslated",""
"103_workshop_steel_2","Jack, I brought an ingot from the Royal Foundry.","","untranslated",""
"103_workshop_steel_20","Thanks.","","untranslated",""
"103_workshop_steel_3","See if it's still any good.","","untranslated",""
"103_workshop_steel_4","Let me check...","","untranslated",""
"103_workshop_steel_5","There's a simple test for that.","","untranslated",""
"103_workshop_steel_6","Oh my...","","untranslated",""
"103_workshop_steel_7","Is that bad?","","untranslated",""
"103_workshop_steel_8","No... quite the opposite. It's better than ever.","","untranslated",""
"103_workshop_steel_9","It looks like the iron masters finally perfected their craft.","","untranslated",""
"104_workshop_industrial_1","Show my factory.","","untranslated",""
"104_workshop_industrial_10","They never get tired.","","untranslated",""
"104_workshop_industrial_11","And no toilet breaks either, I bet...","","untranslated",""
"104_workshop_industrial_12","Did you really build all of this?","","untranslated",""
"104_workshop_industrial_13","Mostly. The space and the underfloor belt gears were already here.","","untranslated",""
"104_workshop_industrial_14","I just repaired and connected them.","","untranslated",""
"104_workshop_industrial_15","And this is under the Inquisitor's base, right?","","untranslated",""
"104_workshop_industrial_16","That's right.","","untranslated",""
"104_workshop_industrial_17","That explains everything.","","untranslated",""
"104_workshop_industrial_18","The king used this place to produce goods for the entire town.","","untranslated",""
"104_workshop_industrial_19","It was so cheap, the guilds could barely compete.","","untranslated",""
"104_workshop_industrial_2","I have something I think might impress you.","","untranslated",""
"104_workshop_industrial_20","He had a perfect monopoly. Prisoners probably did all the work.","","untranslated",""
"104_workshop_industrial_21","Well... I'm glad everything is in good hands now.","","untranslated",""
"104_workshop_industrial_22","It's incredible you achieved all this so quickly...","","untranslated",""
"104_workshop_industrial_23","You're meeting the entire town's demands...","","untranslated",""
"104_workshop_industrial_24","You've surpassed everything I ever imagined.","","untranslated",""
"104_workshop_industrial_25","Let's go back... to my... humble shack...","","untranslated",""
"104_workshop_industrial_3","You mean your underground factory?","","untranslated",""
"104_workshop_industrial_4","Exactly. I think I'm ready to show it.","","untranslated",""
"104_workshop_industrial_5","This is my modern production line.","","untranslated",""
"104_workshop_industrial_6","Unbelievable... it's bigger than anything I've ever seen.","","untranslated",""
"104_workshop_industrial_7","Conveyor belts everywhere... but where does all the power come from?","","untranslated",""
"104_workshop_industrial_8","You see those guys running, turning the wheels?","","untranslated",""
"104_workshop_industrial_9","Yes... I see them.","","untranslated",""
"104_workshop_industrial_show","Factory Tour","","untranslated",""
"105_guards_armor_1","The best armor.","","untranslated",""
"105_guards_armor_10","I'll keep them safe. If things go bad again, they'll earn the right to wear them.","","untranslated",""
"105_guards_armor_11","You're a cautious man.","","untranslated",""
"105_guards_armor_12","Life taught me to be. I never had things easy, so I learned to prepare for the worst.","","untranslated",""
"105_guards_armor_13","I'm tired, Keeper... and not the kind of tired that a good sleep can fix.","","untranslated",""
"105_guards_armor_14","I think you've done enough. You've earned a peaceful life.","","untranslated",""
"105_guards_armor_15","Yeah... I think I am ready to retire. Now it's your problem... Ha ha.","","untranslated",""
"105_guards_armor_16_a_1","Agatha offered me a corner in her place. My first real home in my life... I've always lived in the barracks.","","untranslated",""
"105_guards_armor_16_a_2","Strange how a crossroads can become so peaceful.","","untranslated",""
"105_guards_armor_16_b_1","I'll find myself a little place nearby. I'd like to live closer to Agatha.","","untranslated",""
"105_guards_armor_17","Thank you, Keeper. Truly.","","untranslated",""
"105_guards_armor_18","Good thing I pack light. My sword, my memories... my new armor... and that's about it.","","untranslated",""
"105_guards_armor_2","This armor is a true masterpiece... exactly what you asked for.","","untranslated",""
"105_guards_armor_3","Ha... Every master brags about his creations...","","untranslated",""
"105_guards_armor_4","But this one really deserves it. It's incredible. Better than the King's Guard used to wear.","","untranslated",""
"105_guards_armor_5","One for you. The rest for your lads.","","untranslated",""
"105_guards_armor_6","Mine goes on display. The others I'll keep oiled and carefully stored.","","untranslated",""
"105_guards_armor_7","I thought you were going to give them to your guards.","","untranslated",""
"105_guards_armor_8","Oh, they're safe for now... all thanks to you.","","untranslated",""
"105_guards_armor_9","Those lazy fools would just scratch them on the tavern benches, or pawn them for ale.","","untranslated",""
"105_guards_armor_give","Not in Shining Armor Yet","","untranslated",""
"106_foundry_meeting_1","Let us pray for good steel, brothers!","","untranslated",""
"106_foundry_meeting_10","You're eight years older now... and your eyes give you away.","","untranslated",""
"106_foundry_meeting_11","What do they say?","","untranslated",""
"106_foundry_meeting_12","Yours challenge the world. His only endured it.","","untranslated",""
"106_foundry_meeting_13","I see you know a lot. And that's good.","","untranslated",""
"106_foundry_meeting_14","I have expected this day. I've prepared my answers.","","untranslated",""
"106_foundry_meeting_15","The other me.","","untranslated",""
"106_foundry_meeting_16","Can you tell me about the other version of me?","","untranslated",""
"106_foundry_meeting_17","Was he a villain who destroyed the world?","","untranslated",""
"106_foundry_meeting_18","He was... and still is... my friend.","","untranslated",""
"106_foundry_meeting_19","He wanted to fix things. It all just ended in the usual way.","","untranslated",""
"106_foundry_meeting_2","Amen.","","untranslated",""
"106_foundry_meeting_20","So... was the zombie apocalypse his fault?","","untranslated",""
"106_foundry_meeting_21","I hope not... Honestly I don't know how it could be done without portal magic.","","untranslated",""
"106_foundry_meeting_22","We removed it from the palace — the portal and all its magic.","","untranslated",""
"106_foundry_meeting_23","Why move it?","","untranslated",""
"106_foundry_meeting_24","We all began abusing it for our own benefit.","","untranslated",""
"106_foundry_meeting_25","But in our defense, it was the Keeper's wife who started it.","","untranslated",""
"106_foundry_meeting_26","She always wanted more. Power. A crown. Nonsense.","","untranslated",""
"106_foundry_meeting_27","So six of us activated the portal, and stole it away from the Royal Palace.","","untranslated",""
"106_foundry_meeting_28","After that... everything fell apart.","","untranslated",""
"106_foundry_meeting_29","I only hope it wasn't because of us.","","untranslated",""
"106_foundry_meeting_3","Your Highness!","","untranslated",""
"106_foundry_meeting_4","I told you not to call me that... please.","","untranslated",""
"106_foundry_meeting_5","Dear me... and who is this? A new Graveyard Keeper.","","untranslated",""
"106_foundry_meeting_6","Familiar, yet entirely different. Ha ha...","","untranslated",""
"106_foundry_meeting_7","Please continue the service without me, brothers.","","untranslated",""
"106_foundry_meeting_8","How did you realize I'm not the same Keeper?","","untranslated",""
"106_foundry_meeting_9","Ha ha... a fair question. ","","untranslated",""
"106_foundry_meeting_mirror_1","Use the magic mirror.","","untranslated",""
"106_foundry_meeting_mirror_10","To get the portal piece...","","untranslated",""
"106_foundry_meeting_mirror_11","Hm... what should I ask for... I don't actually need anything personally...","","untranslated",""
"106_foundry_meeting_mirror_12","Then maybe you can just give me the portal piece?","","untranslated",""
"106_foundry_meeting_mirror_13","No, no... ha ha... that's not how things work here. Let's see...","","untranslated",""
"106_foundry_meeting_mirror_14","My brothers are tired of pumping the bellows by hand.","","untranslated",""
"106_foundry_meeting_mirror_15","I can send you some zombies...","","untranslated",""
"106_foundry_meeting_mirror_16","Oh, we don't need whole zombies here...","","untranslated",""
"106_foundry_meeting_mirror_17","Alright, I’ll bring you just zombie power.","","untranslated",""
"106_foundry_meeting_mirror_18","I'm not sure, but it might work.","","untranslated",""
"106_foundry_meeting_mirror_19","Ha ha... I haven't given anyone a quest in eight years...","","untranslated",""
"106_foundry_meeting_mirror_2","Let's try that mirror.","","untranslated",""
"106_foundry_meeting_mirror_3","As you wish. It's quite simple.","","untranslated",""
"106_foundry_meeting_mirror_4","Mirror... mirror... show me the first part of the magic portal.","","untranslated",""
"106_foundry_meeting_mirror_5","You are the most beautiful, of course... wait... what? The portal part... give me a second.","","untranslated",""
"106_foundry_meeting_mirror_6","Very funny... it's right behind you!","","untranslated",""
"106_foundry_meeting_mirror_7","Very funny indeed. Ha ha...","","untranslated",""
"106_foundry_meeting_mirror_8","So I can take the first piece and use the mirror to find the others?","","untranslated",""
"106_foundry_meeting_mirror_9","Of course. But first, you'll need to do my quests.","","untranslated",""
"106_foundry_meeting_portal","Magic Mirror","","untranslated",""
"106_foundry_meeting_portal_1","The Magic Portal","","untranslated",""
"106_foundry_meeting_portal_10","My wife?","","untranslated",""
"106_foundry_meeting_portal_11","Yes. Your other self brought her here. That was a mistake.","","untranslated",""
"106_foundry_meeting_portal_12","The mirror can reveal the location of the next portal fragment.","","untranslated",""
"106_foundry_meeting_portal_13","The magic is a little fancy, so for the first time... we'll use it together.","","untranslated",""
"106_foundry_meeting_portal_2","I need to find the magic portal and use it to save the world.","","untranslated",""
"106_foundry_meeting_portal_3","My brother and I stole it from the Palace... from your other self.","","untranslated",""
"106_foundry_meeting_portal_4","Your wife wished to become a queen, moved into the Palace, and took the portal with her.","","untranslated",""
"106_foundry_meeting_portal_5","We split it up, so they couldn't recover it and use it again.","","untranslated",""
"106_foundry_meeting_portal_6","Interesting... and where are the pieces now?","","untranslated",""
"106_foundry_meeting_portal_7","That's a very good question. I scattered seven pieces among different people.","","untranslated",""
"106_foundry_meeting_portal_8","No easy way this time...","","untranslated",""
"106_foundry_meeting_portal_9","Fortunately, I took a magic mirror from your wife.","","untranslated",""
"106_foundry_meeting_quest_1","Quest for the mirror","","untranslated",""
"106_foundry_meeting_quest_10","Vagner? Hmm... you mean the astrologer, Gunter?","","untranslated",""
"106_foundry_meeting_quest_11","Call him whatever you like. I think you know who I mean.","","untranslated",""
"106_foundry_meeting_quest_12","That mirror is kind of rude.","","untranslated",""
"106_foundry_meeting_quest_13","It's had a tough life...","","untranslated",""
"106_foundry_meeting_quest_2","So... what's the second quest?","","untranslated",""
"106_foundry_meeting_quest_3","You know what? You seem like a decent fellow.","","untranslated",""
"106_foundry_meeting_quest_4","One quest will be enough.","","untranslated",""
"106_foundry_meeting_quest_5","Thank you, I guess... So can I have the mirror?","","untranslated",""
"106_foundry_meeting_quest_6","Sure... but could you try it here to find the next piece... just to make sure it works.","","untranslated",""
"106_foundry_meeting_quest_7","Alright.","","untranslated",""
"106_foundry_meeting_quest_8","Mirror... mirror... show me the second portal fragment.","","untranslated",""
"106_foundry_meeting_quest_9","The second piece lies in the home of your friend... the poet, Vagner.","","untranslated",""
"106_foundry_meeting_steel","Man of Steel","","untranslated",""
"106_foundry_meeting_steel_1","High-quality steel.","","untranslated",""
"106_foundry_meeting_steel_10","Ha ha... not quite. We've also studied every metallurgy book we could find.","","untranslated",""
"106_foundry_meeting_steel_11","I see. So can I get some of that steel?","","untranslated",""
"106_foundry_meeting_steel_12","Of course. Ha ha. It is for sale.","","untranslated",""
"106_foundry_meeting_steel_2","Hey, I see the smelting furnace is still working.","","untranslated",""
"106_foundry_meeting_steel_3","Indeed it is. First it boiled the water for our baths, and now it smelts the finest steel.","","untranslated",""
"106_foundry_meeting_steel_4","So you're still making high-quality steel?","","untranslated",""
"106_foundry_meeting_steel_5","We certainly hope so.","","untranslated",""
"106_foundry_meeting_steel_6","But how? And why? You're monks... you're supposed to make wine at the very most.","","untranslated",""
"106_foundry_meeting_steel_7","It's part of our vow of obedience.","","untranslated",""
"106_foundry_meeting_steel_8","We gather around the furnace and pray to its spirit.","","untranslated",""
"106_foundry_meeting_steel_9","That's all?","","untranslated",""
"107_astrologer_likes_1","PR campaign target.","","untranslated",""
"107_astrologer_likes_10","I could command all the attention I once craved... but I didn't need it then.","","untranslated",""
"107_astrologer_likes_11","I think you're trying to say that friendship is more important than public approval.","","untranslated",""
"107_astrologer_likes_12","Well said... And now it's time to help my friend Jack.","","untranslated",""
"107_astrologer_likes_13","So what's this grand project?","","untranslated",""
"107_astrologer_likes_14","Patience. Jack has to approve it first.","","untranslated",""
"107_astrologer_likes_15","Plus, a project of this scale deserves a proper announcement.","","untranslated",""
"107_astrologer_likes_16_a_1","About Jack... I believe he'll agree to join you.","","untranslated",""
"107_astrologer_likes_16_a_2","That's great. I'll talk to him. We'll make this project right here at the port!","","untranslated",""
"107_astrologer_likes_16_b_1","Heh... I think Jack is still refusing to let go of his factory.","","untranslated",""
"107_astrologer_likes_16_b_2","But I'll show him I can handle the Town's production needs myself.","","untranslated",""
"107_astrologer_likes_16_b_3","Sure... just be gentle with him. He tries to look tougher than he is.","","untranslated",""
"107_astrologer_likes_16_b_4","In the meantime, I'll get everything ready. We'll launch the project at the port.","","untranslated",""
"107_astrologer_likes_2","We've reached our target.","","untranslated",""
"107_astrologer_likes_3","Excellent. I knew we were on the correct trajectory.","","untranslated",""
"107_astrologer_likes_4","That's another role I've perfected!","","untranslated",""
"107_astrologer_likes_5","Poet. Magical Beast. Astrologer. And now — PR strategist.","","untranslated",""
"107_astrologer_likes_6","You perfected the Magic Beast role?","","untranslated",""
"107_astrologer_likes_7","Yeeeh... it was a brief, but very dramatic part of my life.","","untranslated",""
"107_astrologer_likes_8","I might have liked that role the most... I was part of something big. Just like now.","","untranslated",""
"107_astrologer_likes_9","Surrounded by friends. Supported. Confident.","","untranslated",""
"107_astrologer_likes_give","Why don't you like me?","","untranslated",""
"108_astrologer_pieces_1","Piece of a portal","","untranslated",""
"108_astrologer_pieces_10","I don't know what they wished for last time... but now the day of the week are a total mess.","","untranslated",""
"108_astrologer_pieces_11","And apparently, I'm the only one who notices... the Astrologer.","","untranslated",""
"108_astrologer_pieces_12","Ok, maybe the days will get back to normal after we fix the world.","","untranslated",""
"108_astrologer_pieces_13","Fine... Perhaps fixing time itself is part of saving the world.","","untranslated",""
"108_astrologer_pieces_14","Mirror... mirror... reveal the third portal fragment.","","untranslated",""
"108_astrologer_pieces_15","Interesting... Would you care to explain, or shall I?","","untranslated",""
"108_astrologer_pieces_16","You want to tell him yourself?","","untranslated",""
"108_astrologer_pieces_17","You see... I once had two fragments. Charm gave me hers.","","untranslated",""
"108_astrologer_pieces_18","But I wasn't always a respected PR manager and astrologer.","","untranslated",""
"108_astrologer_pieces_19","Back then, I needed the money... so I sold it.","","untranslated",""
"108_astrologer_pieces_2","I know you have the second pice of the portal. Mirrors don't lie.","","untranslated",""
"108_astrologer_pieces_20","You did what? To whom?","","untranslated",""
"108_astrologer_pieces_21","In my defense, I got an excellent price... even for a magical relic.","","untranslated",""
"108_astrologer_pieces_22","Where it is now?","","untranslated",""
"108_astrologer_pieces_23","Somewhere in the middle of the sea.","","untranslated",""
"108_astrologer_pieces_24","It left on a merchant ship.","","untranslated",""
"108_astrologer_pieces_25","Unbelievable...","","untranslated",""
"108_astrologer_pieces_26","Relax. We can buy it back. Everything is negotiable. Speak to the Trade Master at the Main Pier.","","untranslated",""
"108_astrologer_pieces_27","I sure hope so.","","untranslated",""
"108_astrologer_pieces_28","After all, what kind of story would this be if the hero couldn't fix his mistakes?","","untranslated",""
"108_astrologer_pieces_29","It was your mistake!","","untranslated",""
"108_astrologer_pieces_3","Ah, so you visited Brother Bishop... he used to be quite the man of fashion, you know.","","untranslated",""
"108_astrologer_pieces_30","You have a point. Now go and talk with the Trade Master.","","untranslated",""
"108_astrologer_pieces_4","Back then, he had presence.","","untranslated",""
"108_astrologer_pieces_5","So, Gunter... or should I say Vagner — where's the fragment?","","untranslated",""
"108_astrologer_pieces_6","It's here. I always hoped someone would come and restore the portal.","","untranslated",""
"108_astrologer_pieces_7","If the Bishop trusted you with the mirror, I suppose I can trust you too.","","untranslated",""
"108_astrologer_pieces_8","I just hope you'll ask about fixing the days of the week.","","untranslated",""
"108_astrologer_pieces_9","What's wrong with the days?","","untranslated",""
"108_astrologer_pieces_second","The Hungry Cosmos","","untranslated",""
"109_crossroad_magnificent_1","The church quality.","","untranslated",""
"109_crossroad_magnificent_10","Yes. Kind. To people. Ridiculous of course.","","untranslated",""
"109_crossroad_magnificent_11","It's actually a good thing to be kind to others.","","untranslated",""
"109_crossroad_magnificent_12","Oh, how fortunate for me... so, Mr. Kindness. I think I'll ask you for some help.","","untranslated",""
"109_crossroad_magnificent_13","I'm ready. Especially if it proves I'm right.","","untranslated",""
"109_crossroad_magnificent_14","It's... delicate. I need to choose my words carefully.","","untranslated",""
"109_crossroad_magnificent_2","I did what I could. The church looks magnificent.","","untranslated",""
"109_crossroad_magnificent_3","For once... I don't feel like shouting at you.","","untranslated",""
"109_crossroad_magnificent_4","Those readings are bringing out my soft side...","","untranslated",""
"109_crossroad_magnificent_5","And I might even enjoy it.","","untranslated",""
"109_crossroad_magnificent_6","That's not a bad thing, you know.","","untranslated",""
"109_crossroad_magnificent_7","Herbert says the same thing...","","untranslated",""
"109_crossroad_magnificent_8","He says I should be... what was it... ki... kin...","","untranslated",""
"109_crossroad_magnificent_9","Kind?","","untranslated",""
"109_crossroad_magnificent_church","See You in Church","","untranslated",""
"110_town_cheese_find_1","Then maybe you should go find it yourself?","","untranslated",""
"110_town_cheese_find_10","The sewer is gigantic... we'll need more clues to find the place...","","untranslated",""
"110_town_cheese_find_11","Where did this cheese come from?","","untranslated",""
"110_town_cheese_find_12","Hm...","","untranslated",""
"110_town_cheese_find_13","Hey, it's from Mauritzio's cheese factory... Rivers surround it on three sides.","","untranslated",""
"110_town_cheese_find_14","It used to be the best aged cheese in town.","","untranslated",""
"110_town_cheese_find_15","Yeah, good cheese... a gift from the gods... ha ha.","","untranslated",""
"110_town_cheese_find_16","If only we could reach his cellar where he kept it...","","untranslated",""
"110_town_cheese_find_17","Wait a minute! Maybe the Ancient God is there...","","untranslated",""
"110_town_cheese_find_18","The Old God? Anyway, if you help my guys get into the cellars...","","untranslated",""
"110_town_cheese_find_19","Then half the cheese is yours... and the Ancient God too, of course... ha ha.","","untranslated",""
"110_town_cheese_find_2","Oh, I will... cough-cough","","untranslated",""
"110_town_cheese_find_20","Let's go, guys. Drinks on me!","","untranslated",""
"110_town_cheese_find_21","Is that the god who can cure my sister?","","untranslated",""
"110_town_cheese_find_22","I think so... are you starting to believe?","","untranslated",""
"110_town_cheese_find_23","Cheese just appearing out of nowhere... cough-cough","","untranslated",""
"110_town_cheese_find_24","Yes... perhaps... and it might well be my last chance... my cough is growing worse...","","untranslated",""
"110_town_cheese_find_25","I'm really sorry, Albert.","","untranslated",""
"110_town_cheese_find_26","Promise me... if I'm gone, will you ask him about Aleksta?","","untranslated",""
"110_town_cheese_find_27","I promise.","","untranslated",""
"110_town_cheese_find_28","I trust you.","","untranslated",""
"110_town_cheese_find_29","Maybe there's something we can do for your health?","","untranslated",""
"110_town_cheese_find_3","Hey! Don't talk to the customers that way!","","untranslated",""
"110_town_cheese_find_30","There may be a way... but I'm to busy to research it.","","untranslated",""
"110_town_cheese_find_31","Uh... you mind if I take this cheese, by the way?","","untranslated",""
"110_town_cheese_find_4","Ask for hints.","","untranslated",""
"110_town_cheese_find_5","Sorry to interrupt you guys.","","untranslated",""
"110_town_cheese_find_6","Tell him... that the price is ridiculous...","","untranslated",""
"110_town_cheese_find_7","It's a dangerous job...","","untranslated",""
"110_town_cheese_find_8","I need to find a place in the sewer...","","untranslated",""
"110_town_cheese_find_9","A cell, but not for humans...","","untranslated",""
"110_town_cheese_look","Finding Old God","","untranslated",""
"110_town_cheese_look_1","Looking for someone, sweetheart?","","untranslated",""
"110_town_cheese_look_2","You know where Davy the Dagger is?","","untranslated",""
"110_town_cheese_look_3","He's near the sewer entrance, by the west gate...","","untranslated",""
"110_town_cheese_look_4","Dealing with some work-related issues.","","untranslated",""
"110_town_cheese_look_5","Thanks.","","untranslated",""
"111_base_dig_1","Ding dong. Bing bang bong. Dig I am! Or am I?","","untranslated",""
"111_base_dig_10","Long story.","","untranslated",""
"111_base_dig_11","Very long story.","","untranslated",""
"111_base_dig_12","Anyway, I've come here to see you, Keeper Two.","","untranslated",""
"111_base_dig_13","Right now you're the one shaping this story... and shaping the whole world with it.","","untranslated",""
"111_base_dig_14","So I brought you a little gift. Something that lets you see what isn't there.","","untranslated",""
"111_base_dig_15","Your destiny is to take this Red Eye — a fragment of an ancient god's power.","","untranslated",""
"111_base_dig_16","An ancient god... seeing what isn't there... hmm.","","untranslated",""
"111_base_dig_17","Could it help me find a door in a solid wall?","","untranslated",""
"111_base_dig_18","A door? Possibly. But tools like this require... imagination.","","untranslated",""
"111_base_dig_19","Right... because I need that door to free an ancient god. I'd like to talk to him.","","untranslated",""
"111_base_dig_2","What? Who the sard are you?","","untranslated",""
"111_base_dig_20","If I were you... I wouldn't.","","untranslated",""
"111_base_dig_21","Ancient God","","untranslated",""
"111_base_dig_22","Why shouldn't I talk to him?","","untranslated",""
"111_base_dig_23","He seems caring. A good guy, your buddy the ancient god.","","untranslated",""
"111_base_dig_24","He treats the world like it's a play written purely for his own entertainment.","","untranslated",""
"111_base_dig_25","Sometimes he helps the actors. Sometimes he replaces them.","","untranslated",""
"111_base_dig_26","Sometimes he just enjoys watching them suffer. He's dangerous.","","untranslated",""
"111_base_dig_27","How do you know so much about him?","","untranslated",""
"111_base_dig_28","He was the god's High Priest and prophet... am I right?","","untranslated",""
"111_base_dig_29","I was... ","","untranslated",""
"111_base_dig_3","Nice to meet you, Keeper Two.","","untranslated",""
"111_base_dig_30","Also... there were some golden apples once. Apples that grant absolute wisdom.","","untranslated",""
"111_base_dig_31","Long story short... I ate two of them.","","untranslated",""
"111_base_dig_32","Red eye","","untranslated",""
"111_base_dig_33","Hmm... how did you get this Red Eye from the god?","","untranslated",""
"111_base_dig_34","Ha... I was just in the right place at the right time. Picked it up off the floor, literally.","","untranslated",""
"111_base_dig_35","Your wife... the Keeper's wife... wished for it with the portal.","","untranslated",""
"111_base_dig_36","But she had no use for it. She wasn't the right type. She wasn't a Keeper.","","untranslated",""
"111_base_dig_37","You, however... You could reshape the world with it.","","untranslated",""
"111_base_dig_38","So I can skip restoring the portal to save the world?","","untranslated",""
"111_base_dig_39","The portal is the core mechanic... I mean... the central power of this world.","","untranslated",""
"111_base_dig_4","How did you get in here? I locked the door.","","untranslated",""
"111_base_dig_40","But I had a feeling you'd need the eye to keep the story moving.","","untranslated",""
"111_base_dig_41","What about the other keepers?","","untranslated",""
"111_base_dig_42","If you really do have endless wisdom, I have a lot of questions.","","untranslated",""
"111_base_dig_43","Too many answers bring too much pain. I've been there.","","untranslated",""
"111_base_dig_44","Besides, I need to catch a ship and leave Town.","","untranslated",""
"111_base_dig_45","When this story ends, I want to be very far away.","","untranslated",""
"111_base_dig_46","Alright then... give me the eye.","","untranslated",""
"111_base_dig_47","How am I supposed to use it?","","untranslated",""
"111_base_dig_48","I thought that guy must have lost his mind after eating those apples.","","untranslated",""
"111_base_dig_49","So... how exactly do you know him, my friend?","","untranslated",""
"111_base_dig_5","Someone must've left it open. These things happen.","","untranslated",""
"111_base_dig_50","Don't start... that's a totally different story from a very long time ago.","","untranslated",""
"111_base_dig_51","Believe me, you wouldn't enjoy hearing it. It would take forever.","","untranslated",""
"111_base_dig_52","Besides, you can probably read about it in some dusty library.","","untranslated",""
"111_base_dig_53","Alright then... If I want any answers, I guess I'll have to go to the sewers and find that door.","","untranslated",""
"111_base_dig_6","Donkey said he saw someone heading this way...","","untranslated",""
"111_base_dig_7","Well hello, Lucius. You've lost some weight I see. Ha ha.","","untranslated",""
"111_base_dig_8","Digus... good to see you! Though I go by Larry now.","","untranslated",""
"111_base_dig_9","Hold on. You two know each other?","","untranslated",""
"111_base_dig_sleep","Friend or Foe","","untranslated",""
"112_linda_wealth_1","Wealthy townspeople","","untranslated",""
"112_linda_wealth_2","I did as you asked. The shops are packed with lavish, unnecessary items.","","untranslated",""
"112_linda_wealth_3","I've already seen a surge of wealthy patrons at the club.","","untranslated",""
"112_linda_wealth_4","Well done. You're a hero... to me and to the town. Ha ha...","","untranslated",""
"112_linda_wealth_5_a_1","Now we just have to cure Albert's cough.","","untranslated",""
"112_linda_wealth_5_a_2","I can't have him frightening away my best customers!","","untranslated",""
"112_linda_wealth_5_b_1","After we cure him... with my gentle touch, he can become a very respectable doctor.","","untranslated",""
"112_linda_wealth_5_b_10","I was frozen with fear... Aleksta was the one who saved us.","","untranslated",""
"112_linda_wealth_5_b_11","That day I swore I'd become beautiful and brave.","","untranslated",""
"112_linda_wealth_5_b_12","And you have.","","untranslated",""
"112_linda_wealth_5_b_13","But it didn't bring me happiness.","","untranslated",""
"112_linda_wealth_5_b_14","Only after meeting Albert have I come to understand. I could truly be happy with him.","","untranslated",""
"112_linda_wealth_5_b_15","He's different... thoughtful... passionate...","","untranslated",""
"112_linda_wealth_5_b_16","Yes, he's quite a character.","","untranslated",""
"112_linda_wealth_5_b_17","I want to thank you... for everything you've done.","","untranslated",""
"112_linda_wealth_5_b_18","I'll be so happy to be near him...","","untranslated",""
"112_linda_wealth_5_b_19","Is there anything else I can do for you?","","untranslated",""
"112_linda_wealth_5_b_2","It's the least I can do for him.","","untranslated",""
"112_linda_wealth_5_b_20","You've done enough. I'll speak to Albert myself.","","untranslated",""
"112_linda_wealth_5_b_3","I don't think you owe Albert anything.","","untranslated",""
"112_linda_wealth_5_b_4","Well... yes and no. I was friends with Aleksta. She was so beautiful.","","untranslated",""
"112_linda_wealth_5_b_5","Everyone adored her. I was just the awkward little duckling.","","untranslated",""
"112_linda_wealth_5_b_6","Ha... it's hard to believe that now.","","untranslated",""
"112_linda_wealth_5_b_7","Now I know how to carry myself... how to be admired...","","untranslated",""
"112_linda_wealth_5_b_8","But back then, I was just jealous.","","untranslated",""
"112_linda_wealth_5_b_9","We were together when the zombies came.","","untranslated",""
"112_linda_wealth_orders","Wealthy Clients","","untranslated",""
"113_sewers_god_1","At last... I was starting to worry it would take you forever.","","untranslated",""
"113_sewers_god_10","Actual zombie hordes?","","untranslated",""
"113_sewers_god_11","Yes. They captured the entire Town. We only recently starting pushing them back.","","untranslated",""
"113_sewers_god_12","Wow... that Keeper sounds like a disaster.","","untranslated",""
"113_sewers_god_13","Did he and his beloved still have the portal?","","untranslated",""
"113_sewers_god_14","No. It was split into fragments. I'm trying to collect them all.","","untranslated",""
"113_sewers_god_15","Hmm... Breaking the portal might be a really bad idea.","","untranslated",""
"113_sewers_god_16","I need you to tell me how to use the portal properly, so I can wish the world back to normal.","","untranslated",""
"113_sewers_god_17","My sister is always being so dramatic. Every couple of years, someone ""ruins the world""...","","untranslated",""
"113_sewers_god_18","Yet here we all are, still standing.","","untranslated",""
"113_sewers_god_19","On the other hand, starting fresh somewhere else wouldn't be so bad...","","untranslated",""
"113_sewers_god_2","I was even a little worried I'd run out of cheese to guide you.","","untranslated",""
"113_sewers_god_20","I don't like what I'm hearing. I'll give you your eye back, but only if you help me.","","untranslated",""
"113_sewers_god_21","Ah, these Keepers and their free will...","","untranslated",""
"113_sewers_god_22","How to use the portal","","untranslated",""
"113_sewers_god_23","I need to know how to use the portal and make the right wish.","","untranslated",""
"113_sewers_god_24","Well, obviously you need the complete portal... all seven stones.","","untranslated",""
"113_sewers_god_25","To activate it, the seven passions... or sins... must stand near it.","","untranslated",""
"113_sewers_god_26","I thought I only needed to collect the fragments. Where do I find the people?","","untranslated",""
"113_sewers_god_27","I wouldn't want to brag, but in my prime, I could activate the portal all by myself.","","untranslated",""
"113_sewers_god_28","So you could activate it for me?","","untranslated",""
"113_sewers_god_29","Not anymore. Being a god sounds impressive, but it drains your passion.","","untranslated",""
"113_sewers_god_3","To be honest, the cheese didn't guide me much... it was mostly just frustrating.","","untranslated",""
"113_sewers_god_30","Then maybe I could do it myself...","","untranslated",""
"113_sewers_god_31","No. I deliberately choose Keepers without all seven passions. No offense.","","untranslated",""
"113_sewers_god_32","None taken. Then how do I activate the portal?","","untranslated",""
"113_sewers_god_33","You must find seven people, one for each day of the week.","","untranslated",""
"113_sewers_god_34","But there's only six days here.","","untranslated",""
"113_sewers_god_35","Yes, I know... six looks better on the wheel of time.","","untranslated",""
"113_sewers_god_36","So you need six people.","","untranslated",""
"113_sewers_god_37","And how do I find them?","","untranslated",""
"113_sewers_god_38","You probably already have. Or they found you. You'll feel they're special somehow.","","untranslated",""
"113_sewers_god_39","Your connection with them will become clearer.","","untranslated",""
"113_sewers_god_4","You're right... but with such little power left, the cheese hints were the best I could manage.","","untranslated",""
"113_sewers_god_40","Earn their full trust... one hundred percent of it.... and bring them to the portal.","","untranslated",""
"113_sewers_god_41","That's it?","","untranslated",""
"113_sewers_god_42","Yes, that's it. Now my eye, please. I am a god after all.","","untranslated",""
"113_sewers_god_43","With my eye, the portal can work even if you gain only ninety percent of their trust. This will save you some time.","","untranslated",""
"113_sewers_god_5","Anyway... I feel that you have my eye. Give it back now, so you can finish this story.","","untranslated",""
"113_sewers_god_6","I'll regain my power, and you can remain a Keeper for another... let me see... forty years!","","untranslated",""
"113_sewers_god_7","Wait a minute... I think it's my destiny to save the world.","","untranslated",""
"113_sewers_god_8","According to who?","","untranslated",""
"113_sewers_god_9","The fairy, and your sister. They said the other me, Keeper One, ruined the world and awakened the zombie hordes. And the world might die soon.","","untranslated",""
"113_sewers_god_ask_1_1","I have some questions first.","","untranslated",""
"113_sewers_god_ask_1_2","Oh really? One of those Keepers who wants to know everything...","","untranslated",""
"113_sewers_god_ask_1_3","Or we could just skip that part, and go straight to saving the world.","","untranslated",""
"113_sewers_god_ask_2_1","I have some questions first.","","untranslated",""
"113_sewers_god_ask_2_2","I'll gladly answer them after you return my eye.","","untranslated",""
"113_sewers_god_ask_3_1_1","How did you become a god?","","untranslated",""
"113_sewers_god_ask_3_1_2","That happened many years ago... When I was young. Younger than you, actually.","","untranslated",""
"113_sewers_god_ask_3_1_3","I loved reading history and fantasy books.","","untranslated",""
"113_sewers_god_ask_3_1_4","I was a dreamer... and through those dreams, and a bit of bad luck, my sister and I ended up here.","","untranslated",""
"113_sewers_god_ask_3_1_5","There was nothing here but a portal in the void.","","untranslated",""
"113_sewers_god_ask_3_1_6","It seemed ready to grant our wishes. So I created this world.","","untranslated",""
"113_sewers_god_ask_3_1_7","I never asked to become a god... but I suppose this is how you become one.","","untranslated",""
"113_sewers_god_ask_3_2_1","Tell me about portal.","","untranslated",""
"113_sewers_god_ask_3_2_2","There's not much I can tell. It was already here when I arrived.","","untranslated",""
"113_sewers_god_ask_3_2_3","It grants wishes when activated.","","untranslated",""
"113_sewers_god_ask_3_2_4","Though it tends to twist them in rather awkward ways.","","untranslated",""
"113_sewers_god_ask_3_3_1","Your sister","","untranslated",""
"113_sewers_god_ask_3_3_2","She is... or was... a wonderful girl. She loved nature and animals.","","untranslated",""
"113_sewers_god_ask_3_3_3","While I was building my little empire, she spent her time with the trees and the rabbits.","","untranslated",""
"113_sewers_god_ask_3_3_4","I met her. She seems a bit lost now.","","untranslated",""
"113_sewers_god_ask_3_3_5","Truth is, there's not much excitement in simply observing nature.","","untranslated",""
"113_sewers_god_ask_3_3_6","After losing oneself in it for so many years... of course one can become a little strange.","","untranslated",""
"113_sewers_god_ask_3_4_1","Keepers and the old contract","","untranslated",""
"113_sewers_god_ask_3_4_2","At some point I grew bored with this place.","","untranslated",""
"113_sewers_god_ask_3_4_3","I decided to travel to other worlds for a while, just to see what things were like elsewhere.","","untranslated",""
"113_sewers_god_ask_3_4_4","So I came up with a clever plot twist.","","untranslated",""
"113_sewers_god_ask_3_4_5","The idea was, I'd leave someone from the real world here in my place.","","untranslated",""
"113_sewers_god_ask_3_4_6","Someone with free will, to keep things running.","","untranslated",""
"113_sewers_god_ask_3_4_7","A new god... a Keeper. You were all just meant to be my temporary replacements.","","untranslated",""
"113_sewers_god_ask_3_4_8","But somehow, all of you managed to disappoint me. Too much free will.","","untranslated",""
"113_sewers_god_ask_3_4_9","Not you though. You're a decent Keeper.","","untranslated",""
"113_sewers_god_ask_3_5_1","What powers do you have.","","untranslated",""
"113_sewers_god_ask_3_5_2","Oh, all the usual divine powers... lightning bolts, thunder, dramatic entrances... ha ha.","","untranslated",""
"113_sewers_god_ask_3_5_3","Just kidding. My real power is my imagination.","","untranslated",""
"113_sewers_god_ask_3_5_4","Making things up.","","untranslated",""
"113_sewers_god_ask_3_5_5","And my eye helps me see interesting ways to bring those things to life.","","untranslated",""
"113_sewers_god_ask_3_5_6","I used to believe in my own power...","","untranslated",""
"113_sewers_god_ask_3_5_7","But now I rely on other people's faith in me.","","untranslated",""
"113_sewers_god_ask_3_6_1","Why do you need the red eye?","","untranslated",""
"113_sewers_god_ask_3_6_2","I told you... It helps me. It reveals what is hidden.","","untranslated",""
"113_sewers_god_ask_3_6_3","It brings ideas to the surface.","","untranslated",""
"113_sewers_god_ask_3_6_4","But it also gives you magical power, right?","","untranslated",""
"113_sewers_god_ask_3_6_5","Not exactly... it's more like a curse.","","untranslated",""
"113_sewers_god_ask_3_6_6","But I found a way to control it... and even enjoy it.","","untranslated",""
"113_sewers_god_ask_3_7_1","How did you lose your eye?","","untranslated",""
"113_sewers_god_ask_3_7_2","Someone not very bright decided to punish me, using the power of the portal.","","untranslated",""
"113_sewers_god_ask_3_7_3","But instead he only cursed himself.","","untranslated",""
"113_sewers_god_ask_3_7_4","Though to be honest, being locked up with all that cheese was not very pleasant.","","untranslated",""
"113_sewers_god_ask_3_7_5","So I suppose I was punished after all.","","untranslated",""
"113_sewers_god_give_eye_1","Give the eye","","untranslated",""
"113_sewers_god_give_eye_2","Alright. A deal is a deal. Here's your eye. But I still need your help.","","untranslated",""
"113_sewers_god_give_eye_3","Of course. I'm a good god, after all... though I have but little power left.","","untranslated",""
"113_sewers_god_give_eye_4","I require some faith. Please perform my ritual.","","untranslated",""
"113_sewers_god_give_eye_5","That wasn't part of the deal.","","untranslated",""
"113_sewers_god_give_eye_6","It will be much faster than earning that last ten percent of trust.","","untranslated",""
"113_sewers_god_give_eye_7","So... complete the portal, gain the trust of six people, and perform the ritual.","","untranslated",""
"113_sewers_god_give_eye_8","In any order... but I suggest you hurry with the ritual. Then I can help you with those six.","","untranslated",""
"113_sewers_god_give_eye_9","Farewell... I have some godly business to attend to.","","untranslated",""
"113_sewers_god_give_eye_after_1","I have some questions first.","","untranslated",""
"113_sewers_god_give_eye_after_2","I have things to do, and you must perform a ceremony for me.","","untranslated",""
"113_sewers_god_give_eye_after_3","Let's focus on that. I'll answer your questions afterward. I promise.","","untranslated",""
"113_sewers_god_give_eye_after_4","See you after the ceremony.","","untranslated",""
"113_sewers_god_keep_eye_1","Keep the red eye.","","untranslated",""
"113_sewers_god_keep_eye_10","I could repair the attic in my house. Would that suit you?","","untranslated",""
"113_sewers_god_keep_eye_11","Ha ha... a fine place for a powerless god.","","untranslated",""
"113_sewers_god_keep_eye_12","Let me know when it's ready.","","untranslated",""
"113_sewers_god_keep_eye_2","That's quite a lot to process.","","untranslated",""
"113_sewers_god_keep_eye_3","While I'm fixing the portal and thinking all this through, I'd better hold on to the eye.","","untranslated",""
"113_sewers_god_keep_eye_4","Oh Keeper, don't make me regret this.","","untranslated",""
"113_sewers_god_keep_eye_5","You'll get it back once I save the world.","","untranslated",""
"113_sewers_god_keep_eye_6","A poor decision indeed... but I suppose free will is free will.","","untranslated",""
"113_sewers_god_keep_eye_7","Still, I cannot remain here any longer, surrounded by mountains of cheese.","","untranslated",""
"113_sewers_god_keep_eye_8","I'm not really sure where you could stay...","","untranslated",""
"113_sewers_god_keep_eye_9","Well, I could stay at your place for a while.","","untranslated",""
"114_base_god_1","Impressive... just like in the old days. They built this temple to earn my forgiveness.","","untranslated",""
"114_base_god_10","And I am. I'm quietly removing their last doubts. But the final step is yours.","","untranslated",""
"114_base_god_11","Those six","","untranslated",""
"114_base_god_12","I have some questions.","","untranslated",""
"114_base_god_13","You know, I once knew a man who went mad from having too many answers.","","untranslated",""
"114_base_god_14","I like you, and I don't want to see you go mad... So you can ask two questions.","","untranslated",""
"114_base_god_2","But they forgot — not everything is about walls.","","untranslated",""
"114_base_god_3","Did you regain enough power?","","untranslated",""
"114_base_god_4","Yes. I regained it even before the ceremony. Your own belief in me was enough.","","untranslated",""
"114_base_god_5","Still... I must admit, the ceremony was rather pleasant.","","untranslated",""
"114_base_god_6","I'm glad you liked it. Now tell me more about those six people.","","untranslated",""
"114_base_god_7","Simple. Just go to them, and ask for their help activating the magic portal.","","untranslated",""
"114_base_god_8","You might offer them a wish from the portal as payment. That usually works.","","untranslated",""
"114_base_god_9","You said you'd help me convince them.","","untranslated",""
"114_base_god_ceremony","Eye, Red Eye","","untranslated",""
"115_linda_dawn_ask","Love Story","","untranslated",""
"115_linda_dawn_ask_1","Hey Albert. It's nice to see you moved into a proper house.","","untranslated",""
"115_linda_dawn_ask_10","He's doing a lot... even helping me run the Club.","","untranslated",""
"115_linda_dawn_ask_11","Linda deserves some help. A beautiful girl like her shouldn't have to work all day.","","untranslated",""
"115_linda_dawn_ask_12","You're very sweet, Albert.","","untranslated",""
"115_linda_dawn_ask_13","I'm glad you two met. Maybe there's something I can do for you.","","untranslated",""
"115_linda_dawn_ask_14","Actually, yes. I've run out of bottles for my medicine.","","untranslated",""
"115_linda_dawn_ask_15","The demand is enormous these days. Could you craft some for me? Something... appropriately professional.","","untranslated",""
"115_linda_dawn_ask_16","Oh, poor girl... let me help.","","untranslated",""
"115_linda_dawn_ask_17","Maybe Linda also needs something?","","untranslated",""
"115_linda_dawn_ask_18","Oh, I think she's doing fine.","","untranslated",""
"115_linda_dawn_ask_19","Alright, I need to get back to my patients. I'll see you later with the bottles.","","untranslated",""
"115_linda_dawn_ask_2","Yes... Linda can be very persuasive.","","untranslated",""
"115_linda_dawn_ask_20","Bye, Albert.","","untranslated",""
"115_linda_dawn_ask_21","Keeper, wait a moment.","","untranslated",""
"115_linda_dawn_ask_22","I heard you asking how you could help us.","","untranslated",""
"115_linda_dawn_ask_23","That's right.","","untranslated",""
"115_linda_dawn_ask_24","Could you bring me some chocolate? I heard it's quite special.","","untranslated",""
"115_linda_dawn_ask_25","The merchants recently brought some cocoa seeds.","","untranslated",""
"115_linda_dawn_ask_26","Sure, I'll see what I can do.","","untranslated",""
"115_linda_dawn_ask_3","If only. He built a laboratory in the basement, and spends all his time down there.","","untranslated",""
"115_linda_dawn_ask_4","But I also opened a small office on the second floor for patients.","","untranslated",""
"115_linda_dawn_ask_5","I'm only teasing. I can see you're really trying to change... and I respect that.","","untranslated",""
"115_linda_dawn_ask_6","Hold on... Albert, is that your sister working behind the bar?","","untranslated",""
"115_linda_dawn_ask_7","Yes, that's Aleksta. We taught her how to serve beer.","","untranslated",""
"115_linda_dawn_ask_8","Linda and I thought it might help with her recovery.","","untranslated",""
"115_linda_dawn_ask_9","But I'm still doing my experiments. Of course between Linda and all the clients, I don't have as much time.","","untranslated",""
"116_base_attic_1","Behold! I sensed my new residence was ready, so I arrived.","","untranslated",""
"116_base_attic_10","No, I don't. Now that you have a place to stay, tell me more about those six people.","","untranslated",""
"116_base_attic_11","You just need to ask them for a favor... to help you activate the magic portal.","","untranslated",""
"116_base_attic_12","You can bribe them with promises of portal wishes.","","untranslated",""
"116_base_attic_13","That sounds like a decent plan.","","untranslated",""
"116_base_attic_14","Exactly. Repair the portal, convince the six... and don't forget to invite me!","","untranslated",""
"116_base_attic_15","After all, you'll still need me to perform a small trick before you can make proper wishes.","","untranslated",""
"116_base_attic_16","Naturally... you wouldn't want us doing it all without you.","","untranslated",""
"116_base_attic_17","The six","","untranslated",""
"116_base_attic_18","Can you tell me who those six are?","","untranslated",""
"116_base_attic_19","You really don't know? I thought you were an experienced Keeper.","","untranslated",""
"116_base_attic_2","Psst... I saw him hiding in a nearby bush for quite some time.","","untranslated",""
"116_base_attic_20","I just want to be sure.","","untranslated",""
"116_base_attic_21","Yes, yes... better safe than sorry. Six sins ... six people.","","untranslated",""
"116_base_attic_22","Linda, the owner of the Dockside Club. Albert the doctor.","","untranslated",""
"116_base_attic_23","Agatha the nun. Herbert the guard.","","untranslated",""
"116_base_attic_24","Gunter the... PR manager. And Jack the craftsman.","","untranslated",""
"116_base_attic_25","But there are seven stones... who activates the last one?","","untranslated",""
"116_base_attic_26","As far as I know, that always happens rather mysteriously. Someone appears at the last moment.","","untranslated",""
"116_base_attic_27","I suppose it's meant to teach a valuable lesson.","","untranslated",""
"116_base_attic_28","Well... you are a god after all.","","untranslated",""
"116_base_attic_29","Yes, a god living in your attic.","","untranslated",""
"116_base_attic_3","Follow me, I'll show you to your attic.","","untranslated",""
"116_base_attic_30","So, how's our ancient god doing?","","untranslated",""
"116_base_attic_31","You know... he actually seems like a reasonably nice guy.","","untranslated",""
"116_base_attic_32","Still, it's strange having a god living in your attic.","","untranslated",""
"116_base_attic_33","A talking skull is strange too, but I got used to it.","","untranslated",""
"116_base_attic_34","What bothers me is the red eye. I don't feel comfortable having it.","","untranslated",""
"116_base_attic_35","Then give it back... or give it to me, ha ha.","","untranslated",""
"116_base_attic_36","Anyway, right now I need to talk to the people who can help me activate the portal.","","untranslated",""
"116_base_attic_37","Good luck with that. It's not something you ask every day.","","untranslated",""
"116_base_attic_38","Exactly... they'll need to trust me completely. I'll need to pick the right moment to ask.","","untranslated",""
"116_base_attic_4","Be careful with the stairs.","","untranslated",""
"116_base_attic_5","It's quite a lovely place here for you to stay.","","untranslated",""
"116_base_attic_6","Yes... to be honest, I haven't had a home for a long time.","","untranslated",""
"116_base_attic_7","And this place reminds me of my summer vacations when I was a child.","","untranslated",""
"116_base_attic_8","I'm glad you like it.","","untranslated",""
"116_base_attic_9","I hope you don't snore.","","untranslated",""
"117_crossroad_calm_ask","Well-Deserved Rest","","untranslated",""
"117_crossroad_calm_ask_1","Hello. Hope I'm not disturbing you.","","untranslated",""
"117_crossroad_calm_ask_10","Honestly... I'm not sure we need anything else.","","untranslated",""
"117_crossroad_calm_ask_11","I see you're almost done with the book I gave you.","","untranslated",""
"117_crossroad_calm_ask_12","I could bring you more if you like.","","untranslated",""
"117_crossroad_calm_ask_13","That would be nice, wouldn't it, Agatha?","","untranslated",""
"117_crossroad_calm_ask_14","Only if they're good books.","","untranslated",""
"117_crossroad_calm_ask_15","You might enjoy this one, Herbert... but I can't read any more of that dreck.","","untranslated",""
"117_crossroad_calm_ask_16","You know, I'm something of a writer myself. I could try writing a book for you.","","untranslated",""
"117_crossroad_calm_ask_17","A trilogy, maybe. I heard all good stories come in threes.","","untranslated",""
"117_crossroad_calm_ask_18","Then it's a deal, Herbert.","","untranslated",""
"117_crossroad_calm_ask_19","Good thing you know how to write, Keeper.","","untranslated",""
"117_crossroad_calm_ask_2","Keeper! You're always welcome here.","","untranslated",""
"117_crossroad_calm_ask_20","Herbert tells me so many stories about his military past.","","untranslated",""
"117_crossroad_calm_ask_21","If I only knew how to write them down.","","untranslated",""
"117_crossroad_calm_ask_22","Wait a minute... I thought you knew how to read.","","untranslated",""
"117_crossroad_calm_ask_23","Reading, yes... not writing. Nuns are meant to read the holy words, not write new ones.","","untranslated",""
"117_crossroad_calm_ask_24","Hmm... I've been thinking about the design for a semi-automatic device that can write down speech.","","untranslated",""
"117_crossroad_calm_ask_25","I'll bring you one to try.","","untranslated",""
"117_crossroad_calm_ask_26","My old war stories are nothing special.","","untranslated",""
"117_crossroad_calm_ask_27","But I like them... and I want to hold on to them.","","untranslated",""
"117_crossroad_calm_ask_28","Then I'm glad we found a way I can help.","","untranslated",""
"117_crossroad_calm_ask_3","You built a wonderful place for Agatha and me.","","untranslated",""
"117_crossroad_calm_ask_4","And the best part... it's not far from my work. Ha ha.","","untranslated",""
"117_crossroad_calm_ask_5","Ha ha... That was a good one, Agatha.","","untranslated",""
"117_crossroad_calm_ask_6","That must be the first joke I ever heard from her.","","untranslated",""
"117_crossroad_calm_ask_7","Looks like you two finally found some peace.","","untranslated",""
"117_crossroad_calm_ask_8","Strange as it sounds... I haven't felt any anger for quite a while.","","untranslated",""
"117_crossroad_calm_ask_9","That makes me happy. Maybe there's something I could do to make life even more peaceful for you?","","untranslated",""
"118_astrologer_project_ask","I Love You, Man","","untranslated",""
"118_astrologer_project_ask_1","Hi Keeper!","","untranslated",""
"118_astrologer_project_ask_10","It's all about the process, and working together with your friends.","","untranslated",""
"118_astrologer_project_ask_11","Even small achievements feel better when you reach them together.","","untranslated",""
"118_astrologer_project_ask_12","Hey, I'm your friend too. Maybe I could join the project?","","untranslated",""
"118_astrologer_project_ask_13","Well... we're trying to keep things small and avoid bureaucracy.","","untranslated",""
"118_astrologer_project_ask_14","Alright, fair enough. But maybe I could help as an outsourcer?","","untranslated",""
"118_astrologer_project_ask_15","Hmm... I think we already have everything covered. Right, Jack?","","untranslated",""
"118_astrologer_project_ask_16","You're absolutely right, Gunter.","","untranslated",""
"118_astrologer_project_ask_17","Still, I remember you talking about a second prosthetic hand.","","untranslated",""
"118_astrologer_project_ask_18","Which would let you work twice as fast.","","untranslated",""
"118_astrologer_project_ask_19","And Gunter, I could build you a small printing press. You could publish your poems and updates about the colossus.","","untranslated",""
"118_astrologer_project_ask_2","As you can see, we already started that project I told you about.","","untranslated",""
"118_astrologer_project_ask_20","That might help, don't you think?","","untranslated",""
"118_astrologer_project_ask_21","Do you really think people will want to read my poetry and the colossus reports?","","untranslated",""
"118_astrologer_project_ask_22","Of course they will. You're a brilliant poet.","","untranslated",""
"118_astrologer_project_ask_23","Well... in that case, we'll gladly accept the help.","","untranslated",""
"118_astrologer_project_ask_3","No way... you're actually planning to rebuild the colossus?","","untranslated",""
"118_astrologer_project_ask_4","Exactly! I even made a public announcement. Everyone's excited.","","untranslated",""
"118_astrologer_project_ask_5","There's some people from overseas who want to come see the progress.","","untranslated",""
"118_astrologer_project_ask_6","What was that word you used, Gunter... tu...","","untranslated",""
"118_astrologer_project_ask_7","Tourism! Rebuilding the colossus will attract visitors.","","untranslated",""
"118_astrologer_project_ask_8","We're even planning a tour with Davy to the infected part of Town.","","untranslated",""
"118_astrologer_project_ask_9","Big plans, guys! But don't you think this project might be too big for the two of you?","","untranslated",""
"119_pre_B1_fights_herbert","Water Locked","","untranslated",""
"119_pre-B1-fights_herbert_1","Water lock gate","","untranslated",""
"119_pre-B1-fights_herbert_2","Like we talked about before, I have a clear target.","","untranslated",""
"119_pre-B1-fights_herbert_3","Tell me, and I'll try to convince you not to do it.","","untranslated",""
"119_pre-B1-fights_herbert_4","This time it's important. I need to drain the water from the lock.","","untranslated",""
"119_pre-B1-fights_herbert_5","Then you'll have to close the left gate of the lock.","","untranslated",""
"119_pre-B1-fights_herbert_6","Lucky for you, it's not far from our defensive position at the Market Square.","","untranslated",""
"119_pre-B1-fights_herbert_7","Though my guards are reporting there's more zombies gathering on the far side of the bridge.","","untranslated",""
"119_pre-B1-fights_herbert_8","I still need to do it, Herbert.","","untranslated",""
"119_pre-B1-fights_herbert_9","Alright. You're a reasonable man, after all. I'll inform my guards about the coming battle.","","untranslated",""
"119_pre-B1-fights_pre_1","About the lock gate...","","untranslated",""
"119_pre-B1-fights_pre_10","Then wait for the right moment, and make a quick push to the gate.","","untranslated",""
"119_pre-B1-fights_pre_11","That sounds reasonable. Thanks, guys.","","untranslated",""
"119_pre-B1-fights_pre_2","Hi lads... It seems I need to cross the bridge with my troops.","","untranslated",""
"119_pre-B1-fights_pre_3","Long time no see. I thought we were done attacking.","","untranslated",""
"119_pre-B1-fights_pre_4","I hope we don't move our barricade any farther.","","untranslated",""
"119_pre-B1-fights_pre_5","Ha! I agree. Having the market this close is quite comfortable.","","untranslated",""
"119_pre-B1-fights_pre_6","We'll keep this as our main defensive position.","","untranslated",""
"119_pre-B1-fights_pre_7","We only need a quick attack, so I can close the ship lock gate.","","untranslated",""
"119_pre-B1-fights_pre_8","What do you think, guys?","","untranslated",""
"119_pre-B1-fights_pre_9","Hmm... you'll need a solid defense to hold the square across the bridge.","","untranslated",""
"119_pre-B1-fights_win_1","Sard... these gates are heavier than I thought.","","untranslated",""
"119_pre-B1-fights_win_10","Good lads. And now I need to talk with your commander.","","untranslated",""
"119_pre-B1-fights_win_2","I don't have time to bring my zombies in to help.","","untranslated",""
"119_pre-B1-fights_win_3","Told you he'd need our help!","","untranslated",""
"119_pre-B1-fights_win_4","What are you doing here, lads?!","","untranslated",""
"119_pre-B1-fights_win_5","We're here to help you close the gates! Or are you managing fine on your own?","","untranslated",""
"119_pre-B1-fights_win_6","You're just in time.","","untranslated",""
"119_pre-B1-fights_win_7","I'll be bragging for a month that I helped the Keeper.","","untranslated",""
"119_pre-B1-fights_win_8","Fantastic! Now let's get back.","","untranslated",""
"119_pre-B1-fights_win_9","Yes, we shouldn't leave our post for too long.","","untranslated",""
"120_pre_B2_fights_herbert","Steamy Royal","","untranslated",""
"120_pre-B2-fights_foundry_1","At last! Is that the Royal Foundry?","","untranslated",""
"120_pre-B2-fights_foundry_2","It is indeed... though we weren't expecting any visitors. Where did you come from?","","untranslated",""
"120_pre-B2-fights_foundry_3","The path to the safe part of Town is clear now.","","untranslated",""
"120_pre-B2-fights_foundry_4","Oh thank God... we were praying that others survived.","","untranslated",""
"120_pre-B2-fights_foundry_5","Yes, the Town is still pretty functional.","","untranslated",""
"120_pre-B2-fights_foundry_6","That's wonderful news. Maybe now we can finally eat something other than fish from the water tunnel.","","untranslated",""
"120_pre-B2-fights_foundry_7","Of course... but first I need to speak with the bishop.","","untranslated",""
"120_pre-B2-fights_foundry_8","He's not a bishop anymore. He's our brother now. He's over there.","","untranslated",""
"120_pre-B2-fights_herbert_1","The water tunnel","","untranslated",""
"120_pre-B2-fights_herbert_2","I have a new target. It's the entrance to the water tunnel on the right side of the ship lock.","","untranslated",""
"120_pre-B2-fights_herbert_3","Ah yes, I know that tunnel.","","untranslated",""
"120_pre-B2-fights_herbert_4","Good thing you drained the lock... the passage should be dry now.","","untranslated",""
"120_pre-B2-fights_herbert_5","How do I reach it?","","untranslated",""
"120_pre-B2-fights_herbert_6","Definitely not from the square. Instead, attack from the bridge on the port side.","","untranslated",""
"120_pre-B2-fights_herbert_7","From there, the road to the tunnel entrance is almost a straight shot.","","untranslated",""
"120_pre-B2-fights_herbert_8","I'll alert the guards.","","untranslated",""
"120_pre-B2-fights_pre_10","He never mentioned it connected to the sewers.","","untranslated",""
"120_pre-B2-fights_pre_11","Alright then. Good luck.","","untranslated",""
"120_pre-B2-fights_pre_2","Hello lads... looks like I need to reach the water tunnel from here.","","untranslated",""
"120_pre-B2-fights_pre_3","It's not far, but the road ahead is crawling with zombies.","","untranslated",""
"120_pre-B2-fights_pre_4","Keep your eyes open, too. They might jump out from the houses along the street.","","untranslated",""
"120_pre-B2-fights_pre_5","Thanks, lads. The mission seems pretty straightforward.","","untranslated",""
"120_pre-B2-fights_pre_6","You're welcome.","","untranslated",""
"120_pre-B2-fights_pre_7","I thought that tunnel connected to the sewers. Doesn't it?","","untranslated",""
"120_pre-B2-fights_pre_8","Don't look at me. I've got no idea.","","untranslated",""
"120_pre-B2-fights_pre_9","Well, I spoke with a master who knows everything about the tunnels.","","untranslated",""
"120_pre-B2-fights_win_1","This should be the entrance to the tunnel...","","untranslated",""
"120_pre-B2-fights_win_10","New orders are available... ha ha.","","untranslated",""
"120_pre-B2-fights_win_11","What about the water tunnel to the royal foundry?","","untranslated",""
"120_pre-B2-fights_win_12","Oh, that place? Completely overrun with undead.","","untranslated",""
"120_pre-B2-fights_win_13","I need to reach that foundry.","","untranslated",""
"120_pre-B2-fights_win_14","And you came here from the surface? You're a legend, my friend!","","untranslated",""
"120_pre-B2-fights_win_15","But next time, just use the sewer.","","untranslated",""
"120_pre-B2-fights_win_16","Yes... next time I'll use the sewer.","","untranslated",""
"120_pre-B2-fights_win_18","Hey guys, I need to get to the water tunnel leading to the foundry.","","untranslated",""
"120_pre-B2-fights_win_19","Easy... left, right, left, left, left, right...","","untranslated",""
"120_pre-B2-fights_win_2","Sard... this tunnel is full of rats!","","untranslated",""
"120_pre-B2-fights_win_20","No, not left, right... left, left.","","untranslated",""
"120_pre-B2-fights_win_21","Guys... Maybe you could just show me the way?","","untranslated",""
"120_pre-B2-fights_win_22","Oh. Okay... fine.","","untranslated",""
"120_pre-B2-fights_win_3","Come out! I'm armed!","","untranslated",""
"120_pre-B2-fights_win_4","Well, well... what a pleasant surprise. Good day, Keeper.","","untranslated",""
"120_pre-B2-fights_win_5","How did you get here?","","untranslated",""
"120_pre-B2-fights_win_6","Through the sewer, of course. Once the lock drained, new routes opened up.","","untranslated",""
"120_pre-B2-fights_win_7","I thought you avoided going underground yourself.","","untranslated",""
"120_pre-B2-fights_win_8","Normally I do. But this is a special opportunity.","","untranslated",""
"120_pre-B2-fights_win_9","The wealthy district is now within reach... new business opportunities, you see.","","untranslated",""
"121_pre_B3_fights_herbert","Dirt Rights","","untranslated",""
"121_pre-B3-fights_herbert_1","Bottom of the lock","","untranslated",""
"121_pre-B3-fights_herbert_2","Now that the lock is empty, we need to secure the bottom.","","untranslated",""
"121_pre-B3-fights_herbert_3","What's the point? It's just a bunch of dirt.","","untranslated",""
"121_pre-B3-fights_herbert_4","It may be dirt to you, but I know some people who call it soil.","","untranslated",""
"121_pre-B3-fights_herbert_5","And I promised it to them.","","untranslated",""
"121_pre-B3-fights_herbert_6","A man's word is the most valuable thing he has.","","untranslated",""
"121_pre-B3-fights_herbert_7","You'll need to push through from Market Square. Clear the path, and barricade the area afterward.","","untranslated",""
"121_pre-B3-fights_herbert_8","Understood. I'll take care of it.","","untranslated",""
"121_pre-B3-fights_herbert_9","I'll tell the guards.","","untranslated",""
"121_pre-B3-fights_pre_1","The bottom of the lock","","untranslated",""
"121_pre-B3-fights_pre_2","Hello lads... looks like I'll be crossing the bridge again.","","untranslated",""
"121_pre-B3-fights_pre_3","This time I'm reclaiming the bottom of the lock.","","untranslated",""
"121_pre-B3-fights_pre_4","What do you need that for?","","untranslated",""
"121_pre-B3-fights_pre_5","He's obviously planning something. After all those years, the soil down there must be excellent.","","untranslated",""
"121_pre-B3-fights_pre_6","You're absolutely right, my friend. Do you have any advice?","","untranslated",""
"121_pre-B3-fights_pre_7","Make sure you barricade the place once you secure it.","","untranslated",""
"121_pre-B3-fights_pre_8","That shouldn't be hard. There's plenty of debris down there.","","untranslated",""
"121_pre-B3-fights_pre_9","Thanks, lads.","","untranslated",""
"121_pre-B3-fights_win_1","Alright, the place is safe now. I just need to check the barricade.","","untranslated",""
"121_pre-B3-fights_win_2","The barricade seems solid. This place is safe now.","","untranslated",""
"121_pre-B3-fights_win_3","Wait a minute... how am I supposed to get out of here?","","untranslated",""
"121_pre-B3-fights_win_4","Here, guys. Let's find the driest place first.","","untranslated",""
"121_pre-B3-fights_win_5","How did you get here?","","untranslated",""
"121_pre-B3-fights_win_6","Through the sewers. We wanted to settle before you changed your mind.","","untranslated",""
"121_pre-B3-fights_win_7","As soon as we heard where you were headed, we followed.","","untranslated",""
"121_pre-B3-fights_win_8","In case you took it for yourself.","","untranslated",""
"121_pre-B3-fights_win_9","Bless the soul who invented the sewer system.","","untranslated",""
"122_pre-B5-fights_pre_1","The western lake","","untranslated",""
"122_pre-B5-fights_pre_10","Yes, just make sure you hold the bank before crossing.","","untranslated",""
"122_pre-B5-fights_pre_11","Thanks, lads. Your advice never disappoints.","","untranslated",""
"122_pre-B5-fights_pre_2","This time, lads, I need to reach the people living on the western lake.","","untranslated",""
"122_pre-B5-fights_pre_3","The carpenters? They're probably safe in those houses on stilts.","","untranslated",""
"122_pre-B5-fights_pre_4","You don't even need to fight. Just take a boat.","","untranslated",""
"122_pre-B5-fights_pre_5","Do you see any boats here?","","untranslated",""
"122_pre-B5-fights_pre_6","Then I better just fight my way through. After all, I have an army for a reason.","","untranslated",""
"122_pre-B5-fights_pre_7","Any advice?","","untranslated",""
"122_pre-B5-fights_pre_8","Just move across the square and secure the bank.","","untranslated",""
"122_pre-B5-fights_pre_9","Once you reach the wooden bridges, the rest should be easy.","","untranslated",""
"122_pre-B5-fights_win_1","Hey you over there! Lower the bridge!","","untranslated",""
"122_pre-B5-fights_win_10","Maybe because I don't have one.","","untranslated",""
"122_pre-B5-fights_win_11","Good thing we do. You can use it on your way back.","","untranslated",""
"122_pre-B5-fights_win_12","Thanks... I'd also like to get some excellent wood from you.","","untranslated",""
"122_pre-B5-fights_win_13","Then you'll need to talk with our master.","","untranslated",""
"122_pre-B5-fights_win_2","Lower the bridge!","","untranslated",""
"122_pre-B5-fights_win_3","Do you even know who that is?","","untranslated",""
"122_pre-B5-fights_win_4","Keep the bridge up!","","untranslated",""
"122_pre-B5-fights_win_5","I'm a Keeper... the Graveyard Keeper.","","untranslated",""
"122_pre-B5-fights_win_6","I don't know him, but he sure sounds confident.","","untranslated",""
"122_pre-B5-fights_win_7","Lower the bridge a little.","","untranslated",""
"122_pre-B5-fights_win_8","Thanks guys.","","untranslated",""
"122_pre-B5-fights_win_9","Why didn't you just take a boat?","","untranslated",""
"123_basement_factory_elevator_1","Wow... how interesting. What can it be?","","untranslated",""
"123_basement_factory_elevator_2","Drawing from my Graveyard Keeper knowledge, it’s some kind of elevator for resources.","","untranslated",""
"123_basement_factory_elevator_3","If I can restore it, I'll be able to move items from here to the surface.","","untranslated",""
"123_basement_factory_factory_1","I told you clearing that debris would be worth it.","","untranslated",""
"123_basement_factory_factory_2","I have to agree... It’ll take a lot of work to restore everything... but the potential is very promising.","","untranslated",""
"123_basement_factory_find_1","Hey, you started without me again!","","untranslated",""
"123_basement_factory_find_10","I don’t know what that means, but I bet you can...","","untranslated",""
"123_basement_factory_find_11","And here you can rebuild the part that puts the whole thing in motion.","","untranslated",""
"123_basement_factory_find_12","You just need some poor fellows to turn it.","","untranslated",""
"123_basement_factory_find_13","Where would I find someone willing to turn it down here underground?","","untranslated",""
"123_basement_factory_find_14","Well, for example... maybe you can use some of those undead fellows wandering around our yard.","","untranslated",""
"123_basement_factory_find_2","Relax, I’d call you if I found anything interesting.","","untranslated",""
"123_basement_factory_find_3","That’s exactly the problem... you wouldn’t recognize something interesting.","","untranslated",""
"123_basement_factory_find_4","Seems like there’s nothing interesting here...","","untranslated",""
"123_basement_factory_find_5","See, that’s exactly what I’m talking about.","","untranslated",""
"123_basement_factory_find_6","It’s an abandoned Inquisitor factory.","","untranslated",""
"123_basement_factory_find_7","Look, it all connects with gears under the ground...","","untranslated",""
"123_basement_factory_find_8","I bet you can place something that moves over there...","","untranslated",""
"123_basement_factory_find_9","Yeah, like a conveyor belt...","","untranslated",""
"123_basement_factory_mine_1","And what's over there?","","untranslated",""
"123_basement_factory_mine_2","I don’t know, but it seems like it should be a path to the forest.","","untranslated",""
"123_basement_factory_mine_3","I bet this is the path to the forest mine!","","untranslated",""
"123_basement_factory_pass_1","Do you hear that sound behind this debris? Some kind of clinking.","","untranslated",""
"123_basement_factory_pass_2","That echo... there’s a space behind this. A big space.","","untranslated",""
"123_basement_factory_pass_3","This debris looks like it will be hard to clear... and after that I’ll need to reinforce the ceiling.","","untranslated",""
"123_basement_factory_pass_4","I'm not sure it’s worth the trouble.","","untranslated",""
"123_basement_factory_pass_5","But there's got to be something valuable over there!","","untranslated",""
"123_basement_factory_pass_6","Metal, gears... sounds like a machine graveyard.","","untranslated",""
"124_village_money_chest_1","Crafted money.","","untranslated",""
"124_village_money_chest_2","Here, guys... I crafted some money for you.","","untranslated",""
"124_village_money_chest_3","Hmm... it looks different.","","untranslated",""
"124_village_money_chest_4","But it’s so pretty...","","untranslated",""
"124_village_money_chest_5","You’re right! Ok, here's the chest like we agreed.","","untranslated",""
"124_village_money_januarius","Press for Cash","","untranslated",""
"124_village_money_januarius_1","Budget problems","","untranslated",""
"124_village_money_januarius_10","And then I can stamp them with the royal seal.","","untranslated",""
"124_village_money_januarius_11","Maybe this could actually work.","","untranslated",""
"124_village_money_januarius_12","But if we want a full budget, we’ll need a lot of them.","","untranslated",""
"124_village_money_januarius_13","I’ll fire up my printing machine as soon as I can.","","untranslated",""
"124_village_money_januarius_2","I just had a rather awkward conversation with Jeffry and Heffry.","","untranslated",""
"124_village_money_januarius_3","They asked me to craft some money for the town budget.","","untranslated",""
"124_village_money_januarius_4","Heh... they’re so naive. But we actually do have a problem.","","untranslated",""
"124_village_money_januarius_5","The economy is growing, and we’re running out of coins.","","untranslated",""
"124_village_money_januarius_6","If only we could actually craft money... I don’t know — maybe out of paper! Ha ha.","","untranslated",""
"124_village_money_januarius_7","Hmm... you know, that could actually work.","","untranslated",""
"124_village_money_januarius_8","No, I was just kidding. Who would buy paper money?","","untranslated",""
"124_village_money_januarius_9","I’ll try to make colorful paper bank notes.","","untranslated",""
"124_village_money_stamp_1","Paper money.","","untranslated",""
"124_village_money_stamp_10","You're a wise tavern keeper, my friend!","","untranslated",""
"124_village_money_stamp_11","Told you it would work.","","untranslated",""
"124_village_money_stamp_12","I’m honestly surprised... just imagine the possibilities this opens...","","untranslated",""
"124_village_money_stamp_2","I made some... and they look surprisingly good. We just need a royal stamp to make them official.","","untranslated",""
"124_village_money_stamp_3","That's convenient... I just happen to have one. It came with the election guide.","","untranslated",""
"124_village_money_stamp_4","I think it's only fair for you to take your cut.","","untranslated",""
"124_village_money_stamp_5","I just hope people will buy it.","","untranslated",""
"124_village_money_stamp_6","Oh, they will. I’m almost sure of it.","","untranslated",""
"124_village_money_stamp_7","And then I’ll make some more.","","untranslated",""
"124_village_money_stamp_8","I have a feeling we should be careful.","","untranslated",""
"124_village_money_stamp_9","Let’s wait until the town grows a bit first, and only print more after that.","","untranslated",""
"124_village_money_twins_1","Congratulations","","untranslated",""
"124_village_money_twins_10","I don’t think you understand how this works.","","untranslated",""
"124_village_money_twins_11","We’ll give you this mystery chest we pulled out of the river.","","untranslated",""
"124_village_money_twins_12","Yeah... We couldn’t open it anyway.","","untranslated",""
"124_village_money_twins_13","Hmm... a mystery chest does sound tempting.","","untranslated",""
"124_village_money_twins_14","Fine, I’ll talk to Januarius.","","untranslated",""
"124_village_money_twins_2","Congratulations on your election.","","untranslated",""
"124_village_money_twins_3","Wait... I thought Jeffry won.","","untranslated",""
"124_village_money_twins_4","What’s the difference? Januarius won’t let us spend any money.","","untranslated",""
"124_village_money_twins_5","What money are you talking about?","","untranslated",""
"124_village_money_twins_6","The budget... you know, the money we’re supposed to spend.","","untranslated",""
"124_village_money_twins_7","Yeah... but it’s empty. He said first we need to make some money.","","untranslated",""
"124_village_money_twins_8","But we don’t even know what money is made of.","","untranslated",""
"124_village_money_twins_9","Hey, Keeper... you make things all the time. Can you go to Januarius and craft some money for us?","","untranslated",""
"125_astrologer_third_1","Piece of the portal","","untranslated",""
"125_astrologer_third_10","Fine. Come back on <sprite name=""day_lust""> with the money, and it's yours.","","untranslated",""
"125_astrologer_third_11","I don't know how to spell such a big number, so I'll write it down for you.","","untranslated",""
"125_astrologer_third_12","Wait... that much?","","untranslated",""
"125_astrologer_third_13","Half the original price, plus my commission.","","untranslated",""
"125_astrologer_third_14","Alright. I'll get the money.","","untranslated",""
"125_astrologer_third_2","I need your help.","","untranslated",""
"125_astrologer_third_3","I'm trying to buy back an ancient fragment of the magic portal.","","untranslated",""
"125_astrologer_third_4","Gunter sold it to a merchant.","","untranslated",""
"125_astrologer_third_5","Oh yes, he certainly did... and I collected my fee.","","untranslated",""
"125_astrologer_third_6","He's quite the showman... ""Mystical relic! Ancient power!""","","untranslated",""
"125_astrologer_third_7","The merchant keeps bringing it up every week...","","untranslated",""
"125_astrologer_third_8","He hasn't managed to sell it. Not even for half price.","","untranslated",""
"125_astrologer_third_9","Perfect. I'll take it off his hands.","","untranslated",""
"125_astrologer_third_ask","High Price","","untranslated",""
"125_astrologer_third_buy_1","Buy the portal fragment.","","untranslated",""
"125_astrologer_third_buy_2","Here's the money.","","untranslated",""
"125_astrologer_third_buy_3","And here's your stone... Quite a ""magical"" one. Ha ha.","","untranslated",""
"125_astrologer_third_buy_4","Great... I should put this one in place and find out where the next one is.","","untranslated",""
"125_astrologer_third_fourth_sluise","Green Fragment","","untranslated",""
"125_astrologer_third_install_1","Good. You recovered the fragment.","","untranslated",""
"125_astrologer_third_install_10","Yikes... it's deep in the mud... I don't know the word...","","untranslated",""
"125_astrologer_third_install_11","A small channel with gates that let ships pass.","","untranslated",""
"125_astrologer_third_install_12","A flooded ship lock...","","untranslated",""
"125_astrologer_third_install_13","I already drained it. It should be easy to retrieve.","","untranslated",""
"125_astrologer_third_install_14","Hey... maybe we should ask the mirror about the next one?","","untranslated",""
"125_astrologer_third_install_15","Hmm... worth a try.","","untranslated",""
"125_astrologer_third_install_16","Mirror... mirror... show us the fifth portal fragment.","","untranslated",""
"125_astrologer_third_install_17","Well... this is awkward. How many fragments did you actually have?","","untranslated",""
"125_astrologer_third_install_18","Only three! I swear.","","untranslated",""
"125_astrologer_third_install_19","Three?","","untranslated",""
"125_astrologer_third_install_2","I always felt so guilty about selling it.","","untranslated",""
"125_astrologer_third_install_20","The others went traveling, and left their fragments with me.","","untranslated",""
"125_astrologer_third_install_21","And I recently gave the fifth one to my friend... Jack.","","untranslated",""
"125_astrologer_third_install_22","Why would Jack need a portal fragment?","","untranslated",""
"125_astrologer_third_install_23","Don't shout... I just... He's been pretty miserable lately, haven't you noticed?","","untranslated",""
"125_astrologer_third_install_24","So you gave him an ancient magical relic for emotional support?","","untranslated",""
"125_astrologer_third_install_25","It seemed reasonable at the time.","","untranslated",""
"125_astrologer_third_install_26","In any case, we should probably address his mood.","","untranslated",""
"125_astrologer_third_install_27","Jack's mood.","","untranslated",""
"125_astrologer_third_install_28","What's wrong with Jack?","","untranslated",""
"125_astrologer_third_install_29","You remember how he used to be... full of energy, so self-confident.","","untranslated",""
"125_astrologer_third_install_3","It's part of our history... Imagine it ending up in some island museum.","","untranslated",""
"125_astrologer_third_install_30","Now I see doubt in his eyes.","","untranslated",""
"125_astrologer_third_install_31","His factory project isn't really going the way he planned.","","untranslated",""
"125_astrologer_third_install_32","I know. As his friend, I should get him into something new.","","untranslated",""
"125_astrologer_third_install_33","Something meaningful and visible to the townspeople.","","untranslated",""
"125_astrologer_third_install_34","He's still the town's hero, after all.","","untranslated",""
"125_astrologer_third_install_35","Then what's holding you back?","","untranslated",""
"125_astrologer_third_install_36","I'm a man of my word...","","untranslated",""
"125_astrologer_third_install_37","Our PR campaign has to hit its targets before I can shift focus.","","untranslated",""
"125_astrologer_third_install_38","What kind of targets?","","untranslated",""
"125_astrologer_third_install_39","A respectable number of likes <sprite name=""happiness""> in the weekly report.","","untranslated",""
"125_astrologer_third_install_4","Glad I could help.","","untranslated",""
"125_astrologer_third_install_40","I think that's mostly my responsibility. You can move on with Jack.","","untranslated",""
"125_astrologer_third_install_41","I need the numbers... not only as a PR manager, but also as an astrologer.","","untranslated",""
"125_astrologer_third_install_42","Ah... the stars disapprove of low engagement.","","untranslated",""
"125_astrologer_third_install_43","Precisely.","","untranslated",""
"125_astrologer_third_install_5","I have one question... how did you manage to spend so much money?","","untranslated",""
"125_astrologer_third_install_6","Ah... I never mentioned? Before astrology, I was a professional investor.","","untranslated",""
"125_astrologer_third_install_7","So if you're ever looking for opportunities...","","untranslated",""
"125_astrologer_third_install_8","Right. Let's find the fourth fragment.","","untranslated",""
"125_astrologer_third_install_9","Mirror... mirror... reveal the fourth portal piece.","","untranslated",""
"126_pre-C1-fights_1","Hey, what do you think you're doing?","","untranslated",""
"126_pre-C1-fights_10","Apparently there's a trick to making wishes. Our ancient god is keeping that detail to himself.","","untranslated",""
"126_pre-C1-fights_11","But he promised to reveal it when the portal is ready.","","untranslated",""
"126_pre-C1-fights_12","Alright then... time to meet our more beautiful twins. Ha ha.","","untranslated",""
"126_pre-C1-fights_13","Ha ha...","","untranslated",""
"126_pre-C1-fights_2","Leaving your old friend Larry behind?","","untranslated",""
"126_pre-C1-fights_3","I'm not sure the coming battle is the safest place for you.","","untranslated",""
"126_pre-C1-fights_4","Relax. I'll ride in your bag like in the old days. I barely weigh anything.","","untranslated",""
"126_pre-C1-fights_5","Besides, I want to meet that other talking skull... the one that supposedly looks better.","","untranslated",""
"126_pre-C1-fights_6","You're right, Larry. We started this story together, we should finish it together.","","untranslated",""
"126_pre-C1-fights_7","Have you thought about your wish yet?","","untranslated",""
"126_pre-C1-fights_8","I'll probably wish to save the world... whatever that means.","","untranslated",""
"126_pre-C1-fights_9","That's the spirit. I'm proud of you.","","untranslated",""
"126_pre-C1-fights_approach","The Last Battle","","untranslated",""
"127_palace_battle_1","What now. Keeper?","","untranslated",""
"127_palace_battle_10","I told you I'd be watching.","","untranslated",""
"127_palace_battle_11","No need to thank me.","","untranslated",""
"127_palace_battle_12","How nice that a god is on our side.","","untranslated",""
"127_palace_battle_13","Good thing I kept the red eye. I know how to reveal hidden doors with it.","","untranslated",""
"127_palace_battle_14","Honestly, why bother with a god, when your friend can do all the same tricks?","","untranslated",""
"127_palace_battle_15","Come on, Larry. Let's go.","","untranslated",""
"127_palace_battle_16","Don't worry, pal. We've got all the time in the world. We can try again another day.","","untranslated",""
"127_palace_battle_2","I think we can hold this position. That should give us enough time to reach the Palace.","","untranslated",""
"127_palace_battle_3","Then let's move.","","untranslated",""
"127_palace_battle_4","The path goes uphill from here. The secret door should be somewhere along the way.","","untranslated",""
"127_palace_battle_5","And where exactly is that door?","","untranslated",""
"127_palace_battle_6","I don't know. It's marked here on the map.","","untranslated",""
"127_palace_battle_7","Or maybe Davy tricked you. Sounds like his style.","","untranslated",""
"127_palace_battle_8","I don't know, Larry... this might be a disaster. Maybe all of this was for nothing.","","untranslated",""
"127_palace_battle_9","Need a little help there?","","untranslated",""
"128_foundry_wine_bring","The Lord's Vintage","","untranslated",""
"128_foundry_wine_give_1","Give wine.","","untranslated",""
"128_foundry_wine_give_2","Just don’t drink too much or too fast, okay?","","untranslated",""
"128_foundry_wine_give_3","Oh sure... just a sip.","","untranslated",""
"128_foundry_wine_monk_1","I noticed that you’re looking at me like you want to ask something.","","untranslated",""
"128_foundry_wine_monk_10","And we would very much like to be closer to God.","","untranslated",""
"128_foundry_wine_monk_11","There’s some logic in that... but you’ll need excellent wine for such a task.","","untranslated",""
"128_foundry_wine_monk_12","Probably so... We don’t have money, but we can offer you this sword instead.","","untranslated",""
"128_foundry_wine_monk_13","It’s also... quite excellent.","","untranslated",""
"128_foundry_wine_monk_2","Yes, good Keeper... you’re from the Town, right?","","untranslated",""
"128_foundry_wine_monk_3","That’s right.","","untranslated",""
"128_foundry_wine_monk_4","We’ve never been there... do they have wine in your Town?","","untranslated",""
"128_foundry_wine_monk_5","Oh yes... probably more than we need.","","untranslated",""
"128_foundry_wine_monk_6","Could you bring us some?","","untranslated",""
"128_foundry_wine_monk_7","Are you even allowed to drink alcohol?","","untranslated",""
"128_foundry_wine_monk_8","We’re not sure... the Bishop... I mean Brother Bishop...","","untranslated",""
"128_foundry_wine_monk_9","He said good wine brings you closer to God.","","untranslated",""
"129_palace_keeper_1","One trip through the empty palace later...","","untranslated",""
"129_palace_keeper_10","I just wanted to go home...","","untranslated",""
"129_palace_keeper_11","We both wanted to go home. But instead we got stuck in this nightmare.","","untranslated",""
"129_palace_keeper_12","The portal fooled us.","","untranslated",""
"129_palace_keeper_13","I see. But the portal is still our only chance to set everything right... and send you home.","","untranslated",""
"129_palace_keeper_14","The problem is, the portal is gone. It was shattered into pieces.","","untranslated",""
"129_palace_keeper_15","Luckily, I have all the pieces but one... and it's somewhere around here.","","untranslated",""
"129_palace_keeper_16","Ha ha... no one expected a second talking skull, did they?","","untranslated",""
"129_palace_keeper_17","Lucius, old friend... is that you?","","untranslated",""
"129_palace_keeper_18","Who else, Jove? After all, we share the same curse.","","untranslated",""
"129_palace_keeper_19","This is all very touching, but maybe we should talk somewhere safer.","","untranslated",""
"129_palace_keeper_2","Ouch... that hurts!","","untranslated",""
"129_palace_keeper_20","I don't think my army can hold off all those zombies for much longer.","","untranslated",""
"129_palace_keeper_21","I can buy us some time. I've never tried ringing this in the middle of the day before...","","untranslated",""
"129_palace_keeper_22","But it probably won't make things worse.","","untranslated",""
"129_palace_keeper_23","And what does that mean?","","untranslated",""
"129_palace_keeper_24","Judging from recent events... things just got worse.","","untranslated",""
"129_palace_keeper_25","Then we better hurry.","","untranslated",""
"129_palace_keeper_26","Follow me!","","untranslated",""
"129_palace_keeper_27","I can still hear the sounds of battle... that's a good sign.","","untranslated",""
"129_palace_keeper_28","Full retreat!","","untranslated",""
"129_palace_keeper_29","Down into the sewer, quickly!","","untranslated",""
"129_palace_keeper_3","Not when you're wearing full plate armor.","","untranslated",""
"129_palace_keeper_30","Wait a moment... I need to catch my breath.","","untranslated",""
"129_palace_keeper_31","Alright... I think we're safe here for now. We can rest a little.","","untranslated",""
"129_palace_keeper_32","Besides, I have a lot of questions.","","untranslated",""
"129_palace_keeper_33","Yes... I should explain what happened.","","untranslated",""
"129_palace_keeper_34","How much do you already know?","","untranslated",""
"129_palace_keeper_35","I spent the last eight years chained up in a dungeon.","","untranslated",""
"129_palace_keeper_36","Oh. Alright then... I'll start from the beginning.","","untranslated",""
"129_palace_keeper_37","And to be clear... I didn't know if that other part of me is even still alive...","","untranslated",""
"129_palace_keeper_38","I found myself in this world, and a man with a red eye gave me the job of Graveyard Keeper.","","untranslated",""
"129_palace_keeper_39","But my only real goal was to return to my wife.","","untranslated",""
"129_palace_keeper_4","If you're here to punish me, you should know that I'm immortal!","","untranslated",""
"129_palace_keeper_40","Long story short... I learned about a portal that could send me home.","","untranslated",""
"129_palace_keeper_41","Eventually I figured out how to activate it.","","untranslated",""
"129_palace_keeper_42","But instead of sending me home, it brought my love here.","","untranslated",""
"129_palace_keeper_43","Apparently, by using the portal, I broke some ancient contract.","","untranslated",""
"129_palace_keeper_44","After that... everything started falling apart.","","untranslated",""
"129_palace_keeper_45","And just so you know... it all happened because of the man with the red eye.","","untranslated",""
"129_palace_keeper_46","So I decided to use the portal one more time, to punish him and take away his power.","","untranslated",""
"129_palace_keeper_47","But instead it corrupted me... and I couldn't stop making new wishes.","","untranslated",""
"129_palace_keeper_48","Instead of going home, I wished for power and wealth.","","untranslated",""
"129_palace_keeper_49","Until our friends destroyed the portal.","","untranslated",""
"129_palace_keeper_5","This was all a huge mistake","","untranslated",""
"129_palace_keeper_50","Then I cursed all of them... the whole Town...","","untranslated",""
"129_palace_keeper_51","In a desperate attempt to restore the portal, I raised an undead army.","","untranslated",""
"129_palace_keeper_52","It's alright, darling... you were possessed.","","untranslated",""
"129_palace_keeper_53","Yes, my dear. Your love saved me... it gave me the strength to get rid of the eye.","","untranslated",""
"129_palace_keeper_54","That's how we became trapped in the Palace... unable to control the evil we unleashed.","","untranslated",""
"129_palace_keeper_55","Although we did still have the bell... to call off the zombies once a week.","","untranslated",""
"129_palace_keeper_56","Yes, they were supposed to find the portal fragments, so we could fix everything.","","untranslated",""
"129_palace_keeper_57","But they always failed... They only brought us useless junk.","","untranslated",""
"129_palace_keeper_58","Well, the food and the booze were good at least.","","untranslated",""
"129_palace_keeper_59","Ha ha... that explains why the zombies retreat at the sound of the bell.","","untranslated",""
"129_palace_keeper_6","If anyone deserves punishment here, it's me...","","untranslated",""
"129_palace_keeper_60","Good thing my zombie army is much better organized than that.","","untranslated",""
"129_palace_keeper_61","Now we're finally close to fixing the portal. Let's move.","","untranslated",""
"129_palace_keeper_62","You know... I still don't understand why they never tried to find you.","","untranslated",""
"129_palace_keeper_63","I think they were happy together... just the two of them.","","untranslated",""
"129_palace_keeper_64","Yeah, they're quite a couple...","","untranslated",""
"129_palace_keeper_7","I'm not here to punish anyone...","","untranslated",""
"129_palace_keeper_8","It's you!","","untranslated",""
"129_palace_keeper_9","Phew... what a relief. You're the only one who can understand me.","","untranslated",""
"130_town_wishes_almost_1","We're at the place! ","","untranslated",""
"130_town_wishes_almost_10","Keeper, the barricades are in trouble!","","untranslated",""
"130_town_wishes_almost_11","I've never seen so many zombies! And they look angry!","","untranslated",""
"130_town_wishes_almost_12","Heh... maybe I shouldn't have rung that bell...","","untranslated",""
"130_town_wishes_almost_13","Sard... there's a lot of things we shouldn't have done.","","untranslated",""
"130_town_wishes_almost_14","But now, with the portal, we can fix all of them!","","untranslated",""
"130_town_wishes_almost_15","Two Keepers... two talking skulls... and somehow I'm not even surprised.","","untranslated",""
"130_town_wishes_almost_16","Enough talking!","","untranslated",""
"130_town_wishes_almost_2","Time to rebuild the portal. Then everyone gets their wish.","","untranslated",""
"130_town_wishes_almost_3","Just... try not to break reality again.","","untranslated",""
"130_town_wishes_almost_4","So this is it? The wishing part?","","untranslated",""
"130_town_wishes_almost_5","Wait... why are there two Keepers?","","untranslated",""
"130_town_wishes_almost_6","Keeper One and Keeper Two... it's a long story, my friend.","","untranslated",""
"130_town_wishes_almost_7","Hey, I know you. You're the poet Vagner!","","untranslated",""
"130_town_wishes_almost_8","That's all in the past now, just like you being a Keeper.","","untranslated",""
"130_town_wishes_almost_9","May I continue?","","untranslated",""
"130_town_wishes_finish_1","You fixed it! You did it! The world is saved!","","untranslated",""
"130_town_wishes_finish_10","Relax. Look, it's not even working yet.","","untranslated",""
"130_town_wishes_finish_11","By the way... why isn't it working?","","untranslated",""
"130_town_wishes_finish_12","Last time, six sinners and a Keeper were enough.","","untranslated",""
"130_town_wishes_finish_13","I don't know...","","untranslated",""
"130_town_wishes_finish_14_1","Everything seems ready.","","untranslated",""
"130_town_wishes_finish_14_10","You cannot make wishes for yourselves... only for someone important to you.","","untranslated",""
"130_town_wishes_finish_14_2","And an Ancient God...","","untranslated",""
"130_town_wishes_finish_14_3","Look! It's working! I guess you were the seventh.","","untranslated",""
"130_town_wishes_finish_14_4","Well that's quite a surprise. Perhaps my forced solitude changed me after all.","","untranslated",""
"130_town_wishes_finish_14_5","Can we start wishing?","","untranslated",""
"130_town_wishes_finish_14_6","Shhh... let the God speak!","","untranslated",""
"130_town_wishes_finish_14_7","All of you have done well.","","untranslated",""
"130_town_wishes_finish_14_8","More or less.","","untranslated",""
"130_town_wishes_finish_14_9","Now you may make your wishes. But...","","untranslated",""
"130_town_wishes_finish_15_1","I'm here... Ah, I'm so tired of walking. How do you all manage it?","","untranslated",""
"130_town_wishes_finish_15_10","We can make our wishes now.","","untranslated",""
"130_town_wishes_finish_15_11","You cannot make wishes for yourselves... only for someone important to you.","","untranslated",""
"130_town_wishes_finish_15_2","Everything's ready, but the portal isn't working.","","untranslated",""
"130_town_wishes_finish_15_3","That's strange... are we still expecting someone?","","untranslated",""
"130_town_wishes_finish_15_4","I don't think so.","","untranslated",""
"130_town_wishes_finish_15_5","Do you hear that noise outside?","","untranslated",""
"130_town_wishes_finish_15_6","Sounds like the whole town is gathering.","","untranslated",""
"130_town_wishes_finish_15_7","How did they know?","","untranslated",""
"130_town_wishes_finish_15_8","I guess it's probably because I wrote about it in the latest issue of the magazine.","","untranslated",""
"130_town_wishes_finish_15_9","Look... the portal! It's working!","","untranslated",""
"130_town_wishes_finish_16","Alright then... I wish for my friend Gunter to believe in himself, and not care about others people's opinions.","","untranslated",""
"130_town_wishes_finish_17","Good wish. And I wish for you to learn some modesty and manners!","","untranslated",""
"130_town_wishes_finish_18","Ha! Also a very good wish, my friend.","","untranslated",""
"130_town_wishes_finish_19","Alright, time for some serious wishes.","","untranslated",""
"130_town_wishes_finish_2","And don't even think about breaking it again. I'm talking to all of you!","","untranslated",""
"130_town_wishes_finish_20","I wish Albert's sister back to being a normal woman!","","untranslated",""
"130_town_wishes_finish_21","Oh Linda... I wish you could finally relax and trust me. I'll never let you down.","","untranslated",""
"130_town_wishes_finish_22","Thank you, my darling.","","untranslated",""
"130_town_wishes_finish_23","Hmm... I wish Agatha to find her happiness again. You don't need to fear losing things anymore.","","untranslated",""
"130_town_wishes_finish_24","I think that's doable. But for that, I wish Herbert to regain his passion for life.","","untranslated",""
"130_town_wishes_finish_25","Be brave again, soldier Herbert... just like in your old stories!","","untranslated",""
"130_town_wishes_finish_26","Now it's our turn. This should be easy!","","untranslated",""
"130_town_wishes_finish_27","Just a moment... Keeper, those two earned their curses.","","untranslated",""
"130_town_wishes_finish_28","Maybe they deserve forgiveness... but I'd still like you to keep them on probation for another decade or so.","","untranslated",""
"130_town_wishes_finish_29","That's probably fair. Ten more years won't change much.","","untranslated",""
"130_town_wishes_finish_3","Or I'll find you and bite you!","","untranslated",""
"130_town_wishes_finish_30","Alright then... besides, I'm starting to like being a talking skull.","","untranslated",""
"130_town_wishes_finish_31","Now it's my turn, I think...","","untranslated",""
"130_town_wishes_finish_32","I wish for Keeper One and his wife to return to the real world.","","untranslated",""
"130_town_wishes_finish_33","Nothing's happening... why isn't anything happening?","","untranslated",""
"130_town_wishes_finish_34","Wishes take time... but in your case, you must use the portal itself.","","untranslated",""
"130_town_wishes_finish_35","Then I'll skip my wish. I've already made too many.","","untranslated",""
"130_town_wishes_finish_36","What should I wish for you, my friend?","","untranslated",""
"130_town_wishes_finish_37","Do you want to return with us?","","untranslated",""
"130_town_wishes_finish_38","In the real world you'll become one person again.","","untranslated",""
"130_town_wishes_finish_39","Just don't forget to give me back the eye before you leave.","","untranslated",""
"130_town_wishes_finish_4","It's true, she bites.","","untranslated",""
"130_town_wishes_finish_40","You can go... we'll manage the rest on our own.","","untranslated",""
"130_town_wishes_finish_41","I'll miss you, my friend!","","untranslated",""
"130_town_wishes_finish_42","Go","","untranslated",""
"130_town_wishes_finish_43","What a story this has been. My thanks to all of you.","","untranslated",""
"130_town_wishes_finish_44","And thank you, Old God, for the strange adventure we've lived through.","","untranslated",""
"130_town_wishes_finish_45","Now wish me home, Keeper One. Keeper Two is ready to go!","","untranslated",""
"130_town_wishes_finish_46","Stay.","","untranslated",""
"130_town_wishes_finish_47","You know... you guys go without me. Save your wish.","","untranslated",""
"130_town_wishes_finish_48","I'm going to stay in this strange world with all my new friends.","","untranslated",""
"130_town_wishes_finish_49","I want to see what happens here next.","","untranslated",""
"130_town_wishes_finish_5","Alright then... farewell. Enjoy your wishes!","","untranslated",""
"130_town_wishes_finish_50","With the red eye or without it, I'll make my own story.","","untranslated",""
"130_town_wishes_finish_51","Are you sure you don't want to use my wish?","","untranslated",""
"130_town_wishes_finish_52","No thanks... I can make all my wishes come true, all by myself.","","untranslated",""
"130_town_wishes_finish_53","I am a Keeper, after all!","","untranslated",""
"130_town_wishes_finish_54","Well, back to work, my friend!","","untranslated",""
"130_town_wishes_finish_55","Let's not waste any more time. I have a big plans!","","untranslated",""
"130_town_wishes_finish_56","Seems I'll need to get used to living without my eye.","","untranslated",""
"130_town_wishes_finish_57","You have a plan... Ha! The Ancient God has a better one.","","untranslated",""
"130_town_wishes_finish_6","Two Keepers... two talking skulls... and a fairy... are we expecting anyone else?","","untranslated",""
"130_town_wishes_finish_7","Agatha, you're about to be very surprised...","","untranslated",""
"130_town_wishes_finish_8","I told you we were going to miss everything!","","untranslated",""
"130_town_wishes_finish_9","Did you already make your wishes?","","untranslated",""
"131_history_start_before_1","Hey Larry... are you sleeping?","Хей, Лари... спиш ли?","translated",""
"131_history_start_before_2","I can't... it’s part of being a skull.","Не мога... това е част от живота на един череп.","translated",""
"131_history_start_before_3","Yeah... at first it was so unbelievable, but now...","Да... отначало беше толкова невероятно, но сега...","translated",""
"131_history_start_before_4","Hey, I haven’t had a chance to ask... how did you end up in the Inquisitor’s dungeon?","Между другото, така и не успях да те попитам... как се озова в подземието на инквизитора?","translated",""
"131_history_start_before_5","Well... it all started in a place far, far away...","Ами... всичко започна на едно далечно, далечно място...","translated",""
"131_history_start_cinematic_1","It was my usual Friday, in my usual world...","Беше обичайният ми петък, в обичайния ми свят...","translated",""
"131_history_start_cinematic_10","They accused me of witchcraft... And locked me in a dungeon...","Обвиниха ме във вещерство... И ме заключиха в тъмница...","translated",""
"131_history_start_cinematic_2","Someone special was waiting for me at home after work.","След работа у дома ме чакаше някой специален.","translated",""
"131_history_start_cinematic_3","Sometimes, your routine and your chores slowly wear you down...","Понякога ежедневието и задълженията бавно те изтощават...","translated",""
"131_history_start_cinematic_4","But even in the everyday world, there's a place for loving and feeling loved.","Но дори в делничния свят има място за любов и за това да бъдеш обичан.","translated",""
"131_history_start_cinematic_5","Even when you know someone is already a little nervous...","Дори когато знаеш, че някой вече е малко изнервен...","translated",""
"131_history_start_cinematic_6","Then the darkness came...","И тогава дойде мракът...","translated",""
"131_history_start_cinematic_7","The man with the red eye was waiting for me... Talking about a new chapter in my life...","Човекът с червеното око ме чакаше... Говореше за нова глава в живота ми...","translated",""
"131_history_start_cinematic_8","He made a clone of me... or split me in two...","Направи мое копие... или ме раздели на две...","translated",""
"131_history_start_cinematic_9","And then I found myself at the Inquisitor’s headquarters.","И тогава се озовах в щаба на инквизитора.","translated",""
"131_history_start_ends_1","You know the rest...","Знаеш останалото...","translated",""
"131_history_start_ends_2","The sad part is, I couldn’t die there... But it was still very painful...","Тъжното е, че не можех да умра там... Но пак беше много болезнено...","translated",""
"131_history_start_ends_3","So maybe I lost some part of my mind...","Така че може би съм загубил част от разума си...","translated",""
"131_history_start_ends_4","Don’t be scared. You’re with Larry now. ","Не се страхувай. Сега си с Лари.","translated",""
"131_history_start_ends_5","Go to sleep.","Лягай да спиш.","translated",""
"132_history_apocalypsis_before_1","So, how is everything around here?","И така, как вървят нещата тук?","translated",""
"132_history_apocalypsis_before_2","Fresh air, hard work... I kind of enjoy it.","Свеж въздух, усилена работа... Май ми харесва.","translated",""
"132_history_apocalypsis_before_3","Good... I took a risk and snooped around the base.","Добре... Поех риск и порових из базата.","translated",""
"132_history_apocalypsis_before_4","Surprisingly, there's notes scattered all over the place.","Изненадващо, навсякъде са разхвърляни записки.","translated",""
"132_history_apocalypsis_before_5","A lot of them... no idea who wrote them, or why.","И то много... Нямам представа кой ги е писал и защо.","translated",""
"132_history_apocalypsis_before_6","What kind of notes? Anything useful?","Какви записки? Нещо полезно?","translated",""
"132_history_apocalypsis_before_7","Mostly words. Emotions. Stuff like that... I read them.","Предимно думи. Емоции. Такива неща... Прочетох ги.","translated",""
"132_history_apocalypsis_before_8","So you wouldn’t have to.","За да не се налага на теб.","translated",""
"132_history_apocalypsis_before_9","That’s what I learned about the last days before the apocalypse.","Това научих за последните дни преди апокалипсиса.","translated",""
"132_history_apocalypsis_cinematic_1","It all started about eight years ago.","Всичко започна преди около осем години.","translated",""
"132_history_apocalypsis_cinematic_10","Then one day, even the living started turning undead. In masses.","После един ден дори живите започнаха да се превръщат в немъртви. Масово.","translated",""
"132_history_apocalypsis_cinematic_11","It began near the Royal Palace, and soon swallowed up most of the town. ","Започна край Кралския дворец и скоро погълна по-голямата част от града.","translated",""
"132_history_apocalypsis_cinematic_2","They'd been having trouble with their dead long before that...","Много преди това вече имаха проблеми с мъртвите си...","translated",""
"132_history_apocalypsis_cinematic_3","Something about betraying their gods. Twice.","Нещо за това, че са предали боговете си. Два пъти.","translated",""
"132_history_apocalypsis_cinematic_4","But that's not important.","Но това не е важно.","translated",""
"132_history_apocalypsis_cinematic_5","Everything really went downhill after a strange man who couldn’t die appeared...","Всичко наистина тръгна надолу, след като се появи странен човек, който не можеше да умре...","translated",""
"132_history_apocalypsis_cinematic_6","A man who was meant to be you.","Човек, който е трябвало да бъдеш ти.","translated",""
"132_history_apocalypsis_cinematic_7","After that, the dead began to rise...","След това мъртвите започнаха да се надигат...","translated",""
"132_history_apocalypsis_cinematic_8","Before anyone could bury them in the northern graveyard...","Преди някой да успее да ги погребе в северното гробище...","translated",""
"132_history_apocalypsis_cinematic_9","Or send them off on ships.","Или да ги изпрати по море.","translated",""
"132_history_apocalypsis_end_1","Then the zombie transformations just stopped...","После превръщанията в зомбита просто спряха...","translated",""
"132_history_apocalypsis_end_2","But there were already too many undead...","Но немъртвите вече бяха прекалено много...","translated",""
"132_history_apocalypsis_end_3","Now people fear every dead body...","Сега хората се страхуват от всяко мъртво тяло...","translated",""
"132_history_apocalypsis_end_4","Yet somehow they’ve learned to live in this mess.","И все пак някак са се научили да живеят в тази бъркотия.","translated",""
"132_history_apocalypsis_end_5","Very interesting...","Много интересно...","translated",""
"133_history_god_cinematic_before_1","I’ve got an update about your situation.","Имам новини за положението ти.","translated",""
"133_history_god_cinematic_before_10","Remember when you told me about the guy with red eyes who split you in half...","Помниш ли как ми разказа за човека с червените очи, който те раздели на две...","translated",""
"133_history_god_cinematic_before_2","You found some more notes somewhere...","Намерил си още записки някъде...","translated",""
"133_history_god_cinematic_before_3","Yeah... mostly about the final day of a guy named Rufus.","Да... предимно за последния ден на един човек на име Руфъс.","translated",""
"133_history_god_cinematic_before_4","Personal stuff. You know how it is...","Лични неща. Знаеш как е...","translated",""
"133_history_god_cinematic_before_5","Plus I have another trusted source...","Освен това имам още един надежден източник...","translated",""
"133_history_god_cinematic_before_6","Someone big in the grave business.","Някой важен в гробарския бизнес.","translated",""
"133_history_god_cinematic_before_7","Someone with long ears?","Някой с дълги уши?","translated",""
"133_history_god_cinematic_before_8","Yep... a certain donkey, very talkative. Full of strange theories.","Да... едно магаре, което обича да говори. Пълно е със странни теории.","translated",""
"133_history_god_cinematic_before_9","I’m listening...","Слушам те...","translated",""
"133_history_god_cinematic_start_1","The man with red eyes was once a local god.","Човекът с червените очи някога е бил местен бог.","translated",""
"133_history_god_cinematic_start_10","Long story short... the Old God showed the people mercy, and signed a contract with them.","Накратко... Старият бог се смилил над хората и сключил договор с тях.","translated",""
"133_history_god_cinematic_start_11","He gave them a Graveyard Keeper to guide their souls and grant them peace after death.","Дал им Гробар, който да напътства душите им и да им осигурява покой след смъртта.","translated",""
"133_history_god_cinematic_start_12","There were many graveyard keepers, each serving their time...","Имало е много гробари, всеки от които служел за своето време...","translated",""
"133_history_god_cinematic_start_13","Each brought here from distant lands.","Всеки доведен тук от далечни земи.","translated",""
"133_history_god_cinematic_start_14","And just when you appeared, another one arrived in the North Graveyard.","И точно когато ти се появи, друг пристигна в Северното гробище.","translated",""
"133_history_god_cinematic_start_15","He looks exactly like you...","Той изглежда точно като теб...","translated",""
"133_history_god_cinematic_start_2","He provided people everything, in exchange for worshiping him.","Той осигурявал на хората всичко в замяна на тяхното поклонение.","translated",""
"133_history_god_cinematic_start_3","Then they betrayed him... for a newer god.","После го предали... заради един по-нов бог.","translated",""
"133_history_god_cinematic_start_4","After that, they were on their own with all their problems and their needs.","След това останали сами с всичките си проблеми и нужди.","translated",""
"133_history_god_cinematic_start_5","They abandoned all the old rituals, and the cycle of reincarnation collapsed.","Изоставили всички стари ритуали и цикълът на прераждането се сринал.","translated",""
"133_history_god_cinematic_start_6","The lost souls became a real problem...","Изгубените души се превърнали в истински проблем...","translated",""
"133_history_god_cinematic_start_7","What about the second god, and the second betrayal you mentioned?","Ами вторият бог и второто предателство, за които спомена?","translated",""
"133_history_god_cinematic_start_8","Not important. The second god was a failure.","Не е важно. Вторият бог беше провал.","translated",""
"133_history_god_cinematic_start_9","Now stop interrupting...","А сега спри да ме прекъсваш...","translated",""
"133_history_god_end_1","But something bad happened to him...","Но нещо лошо му се случило...","translated",""
"133_history_god_end_2","And I believe you’re the new Graveyard Keeper now.","И вярвам, че сега ти си новият Гробар.","translated",""
"133_history_god_end_3","Hm... no one ever told me any of that. I’m not sure...","Хм... никой никога не ми е разказвал нищо от това. Не съм сигурен...","translated",""
"133_history_god_end_4","Then tell me... doesn’t it seem odd to you, that a certificate appears when you bury a body?","Тогава ми кажи... не ти ли се струва странно, че при погребване на тяло се появява свидетелство?","translated",""
"133_history_god_end_5","Now that you mention it... yeah, that is a little strange.","Като го спомена... да, това е малко странно.","translated",""
"133_history_god_end_6","Exactly. It’s part of an ancient contract...","Точно така. То е част от древен договор...","translated",""
"133_history_god_end_7","And you’re part of it too now.","А сега и ти си част от него.","translated",""
"134_history_keeper_beer","Comrade Donkey","Другарю Магаре","translated",""
"134_history_keeper_beer_1","I think I can find out more about the other keeper... the one who might be you.","Мисля, че мога да разбера повече за другия гробар... онзи, който може да си ти.","translated",""
"134_history_keeper_beer_2","That’s good news. I can’t believe any part of me could be that bad.","Това е добра новина. Не мога да повярвам, че някоя част от мен може да е била толкова лоша.","translated",""
"134_history_keeper_beer_3","There’s just one problem... I'll need beer.","Има само един проблем... ще ми трябва бира.","translated",""
"134_history_keeper_beer_4","Can you even drink?","Ти изобщо можеш ли да пиеш?","translated",""
"134_history_keeper_beer_5","Not for me. For our comrade... the donkey.","Не за мен. За нашия другар... магарето.","translated",""
"134_history_keeper_beer_6","Someone taught the poor beast how to drink.","Някой е научил горкото животно да пие.","translated",""
"134_history_keeper_beer_7","Alright. I’ll bring some if it helps loosen his tongue.","Добре. Ще донеса, ако това помогне да му развърже езика.","translated",""
"134_history_keeper_cinematic_end_1","Donkey has never seen him since...","Оттогава Магарето не го е виждало...","translated",""
"134_history_keeper_cinematic_end_10","Never mind.","Няма значение.","translated",""
"134_history_keeper_cinematic_end_2","Maybe his wish came true, and he went home.","Може би желанието му се е сбъднало и се е прибрал у дома.","translated",""
"134_history_keeper_cinematic_end_3","Maybe...","Може би...","translated",""
"134_history_keeper_cinematic_end_4","Hey, don't you want to go back too?","Хей, и ти ли не искаш да се върнеш?","translated",""
"134_history_keeper_cinematic_end_5","No... not really. Sure there's things I miss...","Не... не особено. Разбира се, има неща, които ми липсват...","translated",""
"134_history_keeper_cinematic_end_6","But I think I belong here now.","Но мисля, че сега мястото ми е тук.","translated",""
"134_history_keeper_cinematic_end_7","Were you ""where you belonged"" chained up in the dungeon? Ha.","Мястото ти ли беше в тъмницата, окован? Ха.","translated",""
"134_history_keeper_cinematic_end_8","Yeah... maybe it’s Stockholm syndrome.","Да... може би е стокхолмски синдром.","translated",""
"134_history_keeper_cinematic_end_9","What syndrome?","Какъв синдром?","translated",""
"134_history_keeper_cinematic_star_1","Now I’m almost certain the other keeper was you...","Сега съм почти сигурен, че другият гробар си бил ти...","translated",""
"134_history_keeper_cinematic_star_2","He was a decent enough fellow. A little greedy.","Беше що-годе свестен човек. Малко алчен.","translated",""
"134_history_keeper_cinematic_star_3","Not exactly respectful to corpses...","Не се отнасяше особено почтително към труповете...","translated",""
"134_history_keeper_cinematic_star_4","But overall, not a bad guy.","Но като цяло не беше лош човек.","translated",""
"134_history_keeper_cinematic_star_5","Always dreaming of going back to his world...","Винаги мечтаеше да се върне в своя свят...","translated",""
"134_history_keeper_cinematic_star_6","He discovered a legend about a wish-granting portal...","Открил легенда за портал, който изпълнява желания...","translated",""
"134_history_keeper_cinematic_star_7","And put all his energy into restoring it...","И вложил всичките си сили във възстановяването му...","translated",""
"134_history_keeper_cinematic_star_8","He thought he'd fixed everything, with some help from his new friends.","Мислел, че е оправил всичко с малко помощ от новите си приятели.","translated",""
"134_history_keeper_cinematic_star_9","But then, a short time after, the undead plague began...","Но малко след това започнала чумата на немъртвите...","translated",""
"134_history_keeper_donkey_1","Give the beer.","Дай бирата.","translated",""
"134_history_keeper_donkey_2","Alright, wish me luck...","Добре, пожелай ми късмет...","translated",""
"134_history_keeper_donkey_3","He’s way too excited about drinking with a skull.","Прекалено се вълнува, че ще пие с череп.","translated",""
"134_history_keeper_ride_1","You know, we kind of had a good time...","Знаеш ли, прекарахме си доста добре...","translated",""
"134_history_keeper_ride_2","He even gave me a ride on his back...","Дори ме повози на гърба си...","translated",""
"134_history_keeper_ride_3","So, did you learn anything useful?","И така, научи ли нещо полезно?","translated",""
"134_history_keeper_ride_4","Eh... more than enough...","Ех... повече от достатъчно...","translated",""
"135_town_fisher_fish_good","Fish for the Fisher","Риба за Рибаря","translated",""
"135_town_fisher_good_decent_1","A decent fish.","Добра риба.","translated",""
"135_town_fisher_good_decent_2","Here’s a decent fish.","Ето добра риба.","translated",""
"135_town_fisher_good_decent_3","Hah... trying to impress me, are you?","Ха... опитваш се да ме впечатлиш, така ли?","translated",""
"135_town_fisher_good_decent_4","Anyone can catch a fish in a calm lake.","Всеки може да хване риба в спокойно езеро.","translated",""
"135_town_fisher_good_decent_5","Try doing that in the sea.","Опитай да направиш същото в морето.","translated",""
"135_town_fisher_good_decent_6","Fine. Can I fish here?","Добре. Мога ли да ловя риба тук?","translated",""
"135_town_fisher_good_decent_7","No. This is my spot. Try your luck near the pier.","Не. Това е моето място. Опитай късмета си край кея.","translated",""
"135_town_fisher_good_decent_8","Bring me a sea fish and I’ll share an old fisherman’s recipe.","Донеси ми морска риба и ще споделя с теб стара рибарска рецепта.","translated",""
"135_town_fisher_good_meet_1","How's the fishing here?","Как е риболовът тук?","translated",""
"135_town_fisher_good_meet_2","Not as good as it used to be.","Не е толкова добър, колкото беше преди.","translated",""
"135_town_fisher_good_meet_3","You know, there's some good fishing spots outside town.","Знаеш ли, извън града има добри места за риболов.","translated",""
"135_town_fisher_good_meet_4","So you’re saying you’re a better fisherman?","Значи казваш, че си по-добър рибар?","translated",""
"135_town_fisher_good_meet_5","No, I’m just saying that...","Не, просто казвам, че...","translated",""
"135_town_fisher_good_meet_6","Fine then, I challenge you!","Добре тогава, предизвиквам те!","translated",""
"135_town_fisher_good_meet_7","Bring me a decent fish from one of your spots...","Донеси ми добра риба от някое от твоите места...","translated",""
"135_town_fisher_good_meet_8","And I’ll admit you’re worth something.","И ще призная, че те бива за нещо.","translated",""
"135_town_fisher_good_myst_1","A mysterious fish!","Мистериозна риба!","translated",""
"135_town_fisher_good_myst_2","It wasn’t easy, but I did it.","Не беше лесно, но успях.","translated",""
"135_town_fisher_good_myst_3","Let me see... you actually did it...","Я да видя... наистина си успял...","translated",""
"135_town_fisher_good_myst_4","You win... the golden fisherman’s rod is yours.","Печелиш... златната рибарска въдица е твоя.","translated",""
"135_town_fisher_good_sea_1","A sea fish.","Морска риба.","translated",""
"135_town_fisher_good_sea_2","Here’s a sea fish.","Ето морска риба.","translated",""
"135_town_fisher_good_sea_3","Well... I’ll be damned. I guess the recipe is yours... best meal a fisherman can get.","Е, да му се не види. Май рецептата е твоя... най-доброто ястие, което един рибар може да получи.","translated",""
"135_town_fisher_good_sea_4","Still, I’m a bit better than you.","И все пак съм малко по-добър от теб.","translated",""
"135_town_fisher_good_sea_5","If you really want to beat me, catch a mysterious fish.","Ако наистина искаш да ме победиш, хвани мистериозна риба.","translated",""
"135_town_fisher_good_sea_6","Alright, I’ll try.","Добре, ще опитам.","translated",""
"136_guards_discount_ask","Inflation","Инфлация","translated",""
"136_guards_discount_ask_1","Mercenary rates","Тарифи за наемници","translated",""
"136_guards_discount_ask_10","We’ll see... I’ll raise my own soldiers... fearless and armed with shiny spears!","Ще видим... Ще си обуча собствени войници... безстрашни и въоръжени с лъскави копия!","translated",""
"136_guards_discount_ask_11","Alright... alright. Maybe we can discuss a small discount.","Добре... добре. Може би можем да обсъдим малка отстъпка.","translated",""
"136_guards_discount_ask_2","Why is your service so expensive?","Защо услугите ви са толкова скъпи?","translated",""
"136_guards_discount_ask_3","Because we’re the only mercenaries around, and there hasn’t been much work lately.","Защото сме единствените наемници наоколо, а напоследък няма много работа.","translated",""
"136_guards_discount_ask_4","So when someone finally does hire us, we set the price high.","Затова, когато някой най-сетне ни наеме, определяме висока цена.","translated",""
"136_guards_discount_ask_5","But you just said no one hires you... maybe it’s because of that price.","Но току-що каза, че никой не ви наема... може би заради тази цена.","translated",""
"136_guards_discount_ask_6","Maybe nobody needs mercenaries... except you.","Може би никой няма нужда от наемници... освен теб.","translated",""
"136_guards_discount_ask_7","And now that I think about it, maybe every new contract should cost you even more!","А сега като се замисля, може би всеки нов договор трябва да ти струва още повече!","translated",""
"136_guards_discount_ask_8","That’s ridiculous!","Това е нелепо!","translated",""
"136_guards_discount_ask_9","Maybe... but what choice do you have?","Може би... но какъв избор имаш?","translated",""
"136_guards_discount_discount_1","A small discount?","Малка отстъпка?","translated",""
"136_guards_discount_discount_2","So what kind of discount are we talking about?","И за каква отстъпка говорим?","translated",""
"136_guards_discount_discount_3","Simple. Bring us some good quality wine. It’s nearly impossible to get these days.","Просто е. Донеси ни хубаво вино. Напоследък е почти невъзможно да се намери.","translated",""
"136_guards_discount_discount_4","And where exactly am I supposed to find it?","И къде точно трябва да го намеря?","translated",""
"136_guards_discount_discount_5","No idea... maybe you can make some. Ha ha.","Нямам представа... може би ти можеш да направиш малко. Ха-ха.","translated",""
"136_guards_discount_wine_1","Give wine.","Дай вино.","translated",""
"136_guards_discount_wine_2","Here’s some good quality wine.","Ето малко хубаво вино.","translated",""
"136_guards_discount_wine_3","Mmm... that is good. Where did you get it?","Ммм... това е добро. Откъде го взе?","translated",""
"136_guards_discount_wine_4","I made it myself.","Направих го сам.","translated",""
"136_guards_discount_wine_5","Hmm... in that case you can definitely make us some more.","Хмм... в такъв случай със сигурност можеш да ни направиш още.","translated",""
"136_guards_discount_wine_6","Tell you what... we’ll gladly take your wine as payment instead of money.","Знаеш ли какво... с радост ще приемем виното ти вместо пари.","translated",""
"136_guards_discount_wine_7","To be honest, we’d only spend the money on wine anyway... just worse wine.","Честно казано, така или иначе щяхме да похарчим парите за вино... само че за по-лошо.","translated",""
"137_base_resurection_necro_1","I see you're smiling... did you finally get that zombie book?","Виждам, че се усмихваш... най-после ли се сдоби с онази книга за зомбита?","translated",""
"137_base_resurection_necro_2","Yes... it should have all the answers.","Да... би трябвало да съдържа всички отговори.","translated",""
"137_base_resurection_necro_3","Good. Now you just need a decent place to raise the dead.","Добре. Сега ти трябва само подходящо място за възкресяване на мъртвите.","translated",""
"137_base_resurection_necro_4","I expect it’s just like cooking — better ingredients, better results.","Предполагам, че е като при готвенето — по-добри съставки, по-добри резултати.","translated",""
"137_base_resurection_necro_5","What does cooking have to do with it?","Какво общо има готвенето?","translated",""
"137_base_resurection_necro_6","Oh, I mean... better corpses make better zombies.","О, искам да кажа... от по-добрите трупове излизат по-добри зомбита.","translated",""
"137_base_resurection_necro_7","That's quite a disturbing analogy.","Това е доста обезпокоителна аналогия.","translated",""
"137_base_resurection_room_1","I told you this is the place!","Казах ти, че това е мястото!","translated",""
"137_base_resurection_room_10","And the wires start making all kinds of funny sparks. he he","А жиците започват да хвърлят всякакви смешни искри. Хе-хе.","translated",""
"137_base_resurection_room_11","Wait... there’s a lightning storm every <sprite name=""day_envy"">?","Чакай... всеки <sprite name=""day_envy""> ли има гръмотевична буря?","translated",""
"137_base_resurection_room_12","Yeah... just like clockwork. This world has become even weirder than I remember.","Да... точно като по часовник. Този свят е станал още по-странен, отколкото го помня.","translated",""
"137_base_resurection_room_13","I’m pretty sure that before the apocalypse, zombie resurrection worked perfectly fine without all that elec... whatever.","Почти съм сигурен, че преди апокалипсиса възкресяването на зомбита е работело идеално и без цялото това елек... каквото и да е.","translated",""
"137_base_resurection_room_14","Back then the air was full of magic.","По онова време въздухът е бил изпълнен с магия.","translated",""
"137_base_resurection_room_15","Shouldn’t we check their notes first?","Не трябва ли първо да проверим записите им?","translated",""
"137_base_resurection_room_16","Hmm... looks like blueprints for the equipment they used here.","Хмм... изглеждат като чертежи на оборудването, което са използвали тук.","translated",""
"137_base_resurection_room_17","But not a single word about the serum recipe.","Но няма нито дума за рецептата на серума.","translated",""
"137_base_resurection_room_18","They keep referring to some book with the formula... the Necronomicon.","Непрекъснато споменават някаква книга с формулата... Некрономикона.","translated",""
"137_base_resurection_room_19","Heh... I read that once! Although I only skimmed the cooking section.","Хе-хе... веднъж съм я чел! Макар че само прегледах раздела за готвене.","translated",""
"137_base_resurection_room_2","Looks like they took most of the equipment with them...","Изглежда, че са взели по-голямата част от оборудването със себе си...","translated",""
"137_base_resurection_room_20","I guess I'll need to find someone who knows more about zombie resurrection... and that book.","Май ще трябва да намеря някого, който знае повече за възкресяването на зомбита... и за тази книга.","translated",""
"137_base_resurection_room_3","But look — they left some resurrection serum, and a few notes.","Но виж — оставили са малко серум за възкресение и няколко записки.","translated",""
"137_base_resurection_room_4","According to this, they were using electricity to resurrect corpses.","Според това са използвали електричество, за да възкресяват трупове.","translated",""
"137_base_resurection_room_5","Using what, sorry?","С какво, моля?","translated",""
"137_base_resurection_room_6","See those long thin rope things on the wall? Those are wires... They carry electricity.","Виждаш ли онези дълги тънки неща като въжета по стената? Това са жици... По тях тече електричество.","translated",""
"137_base_resurection_room_7","But where would they get electricity here?","Но откъде биха взели електричество тук?","translated",""
"137_base_resurection_room_8","Those wire things go all the way up to the top of the tower...","Тези жици стигат чак до върха на кулата...","translated",""
"137_base_resurection_room_9","Every <sprite name=""day_envy""> when it storms, lightning strikes the tower.","Всеки <sprite name=""day_envy""> по време на буря мълния удря кулата.","translated",""
"137_base_resurection_think_1","Think you might try resurrecting your own zombies at some point?","Мислиш ли някога да опиташ да възкресяваш собствени зомбита?","translated",""
"137_base_resurection_think_10","I bet they were doing it somewhere near the morgue... We need to get into that room.","Обзалагам се, че са го правили някъде край моргата... Трябва да влезем в онази стая.","translated",""
"137_base_resurection_think_11","That’s probably where they kept all their resurrection secrets.","Вероятно там са пазели всичките си тайни за възкресението.","translated",""
"137_base_resurection_think_2","Yeah... that would be nice. Those green guys are pretty useful.","Да... би било хубаво. Тези зелени типове са доста полезни.","translated",""
"137_base_resurection_think_3","I found some notes here about the experiments that the inquisitors were up to.","Тук намерих записки за експериментите, които инквизиторите са правили.","translated",""
"137_base_resurection_think_4","They were hoping to resurrect their own zombies, and make them fight the bad ones.","Надявали са се да възкресят свои зомбита и да ги накарат да се бият с лошите.","translated",""
"137_base_resurection_think_5","Not a bad idea, actually.","Всъщност не е лоша идея.","translated",""
"137_base_resurection_think_6","Looks like they got pretty close, too... They managed to resurrect them. Just couldn’t control them.","Изглежда, че са били доста близо до успеха... Успели са да ги възкресят. Просто не са могли да ги контролират.","translated",""
"137_base_resurection_think_7","To control them, I think you need to put a collar with a blue stone on them.","За да ги контролираш, мисля, че трябва да им сложиш каишка със син камък.","translated",""
"137_base_resurection_think_8","Yeah, sounds like a good solution...","Да, звучи като добро решение...","translated",""
"137_base_resurection_think_9","You should ask the guy in the wooden mask about those stones.","Трябва да попиташ човека с дървената маска за тези камъни.","translated",""
"138_base_garden_clay_1","Nice... it actually works if you keep it spinning.","Добре... наистина работи, ако продължаваш да го въртиш.","translated",""
"138_base_garden_clay_2","Now I just need some clay.","Сега ми трябва само малко глина.","translated",""
"138_base_garden_clay_3","I spotted a clay deposit near those ruins.","Видях залежи от глина край онези руини.","translated",""
"138_base_garden_clay_4","Thanks, Larry... I’d be lost without you.","Благодаря, Лари... без теб щях да съм напълно изгубен.","translated",""
"138_base_garden_dungeon_1","Why the long face? Something on your mind?","Защо си се намръщил? Нещо те тревожи?","translated",""
"138_base_garden_dungeon_10","Hmm... fair point. What would I do without you?","Хмм... честно казано. Какво щях да правя без теб?","translated",""
"138_base_garden_dungeon_11","You'd probably still be hanging from a chain in a dungeon. Ha ha.","Сигурно още щеше да висиш окован в някоя тъмница. Ха-ха.","translated",""
"138_base_garden_dungeon_2","Yeah... I need to find a way into the basement.","Да... трябва да намеря начин да вляза в мазето.","translated",""
"138_base_garden_dungeon_3","Back in my day, they usually kept basements below ground.","По мое време мазетата обикновено бяха под земята.","translated",""
"138_base_garden_dungeon_4","So I’d check what’s under that hatch.","Затова бих проверил какво има под онзи капак.","translated",""
"138_base_garden_dungeon_5","What hatch are you talking about?","За какъв капак говориш?","translated",""
"138_base_garden_dungeon_6","Why, this hatch, of course...","Ами за този капак, разбира се...","translated",""
"138_base_garden_dungeon_7","I swear that wasn’t there before... it just... appeared...","Заклевам се, че преди го нямаше... просто... се появи...","translated",""
"138_base_garden_dungeon_8","Sorry to disappoint you, but it was always there.","Съжалявам, че ще те разочаровам, но винаги си е бил там.","translated",""
"138_base_garden_dungeon_9","It’s probably just psychological... fear of dungeons, massive trauma...","Сигурно е чисто психологическо... страх от тъмници, огромна травма...","translated",""
"138_base_garden_garden_1","While you were off wandering around, I did a bit of scouting.","Докато обикаляше насам-натам, аз поразузнах наоколо.","translated",""
"138_base_garden_garden_10","Looks like they grew grapes there. Probably for wine.","Изглежда, че там са отглеждали грозде. Вероятно за вино.","translated",""
"138_base_garden_garden_11","A glass of wine really helps during an execution, you know. Ha ha...","Знаеш ли, чаша вино много помага по време на екзекуция. Ха-ха...","translated",""
"138_base_garden_garden_2","I was busy saving the world... which includes you, by the way.","Бях зает да спасявам света... което, между другото, включва и теб.","translated",""
"138_base_garden_garden_3","Very noble of you... Alright, I’ll tell you what I found.","Много благородно от твоя страна... Добре, ще ти кажа какво намерих.","translated",""
"138_base_garden_garden_4","Maybe it’ll even help you save the world. Ha ha...","Може дори да ти помогне да спасиш света. Ха-ха...","translated",""
"138_base_garden_garden_5","This looks like a perfect spot for your crafting.","Това изглежда като идеалното място за изработката ти.","translated",""
"138_base_garden_garden_6","Nice... I always wanted to work somewhere outdoors with a view.","Добре... винаги съм искал да работя на открито, с хубава гледка.","translated",""
"138_base_garden_garden_7","There used to be a garden here...","Тук някога е имало градина...","translated",""
"138_base_garden_garden_8","Don’t ask why inquisitors needed one.","Не питай защо на инквизиторите им е била нужна.","translated",""
"138_base_garden_garden_9","And what’s over there, across the broken bridge to the left?","А какво има там, отвъд счупения мост вляво?","translated",""
"138_base_garden_sand_1","Don’t tell me you need sand too.","Само не ми казвай, че ти трябва и пясък.","translated",""
"138_base_garden_sand_2","Of course I'll need sand.","Разбира се, че ще ми трябва пясък.","translated",""
"138_base_garden_sand_3","Good thing there’s plenty near the river.","Добре, че край реката има предостатъчно.","translated",""
"138_base_garden_sand_4","Who knows... maybe we’ll even find gold in it one day. Ha ha.","Кой знае... може някой ден дори да намерим злато в него. Ха-ха.","translated",""
"139_town_homobonus_1","Hey, I should thank you for driving those zombies away!","Хей, трябва да ти благодаря, че прогони онези зомбита!","translated",""
"139_town_homobonus_10","I hate to break it to you, but no one is going to buy bottled water.","Не ми се иска да те разочаровам, но никой няма да купува бутилирана вода.","translated",""
"139_town_homobonus_11","You’re absolutely right... mostly because all my bottles are broken.","Напълно си прав... най-вече защото всичките ми бутилки са счупени.","translated",""
"139_town_homobonus_12","I need new bottles to continue. If you could bring me some bottles.","Трябват ми нови бутилки, за да продължа. Ако можеш да ми донесеш няколко.","translated",""
"139_town_homobonus_13","I really need some new bottles. Bring me some, and I’ll give you my uncle’s old books.","Наистина ми трябват нови бутилки. Донеси ми няколко и ще ти дам старите книги на чичо ми.","translated",""
"139_town_homobonus_14","What kind of books?","Какви книги?","translated",""
"139_town_homobonus_15","I don’t know... I can barely read.","Не знам... Едва мога да чета.","translated",""
"139_town_homobonus_16","Give bottles.","Дай бутилки.","translated",""
"139_town_homobonus_17","Ha ha... by the next time we meet, I’ll have made a fortune!","Ха-ха... до следващата ни среща ще съм натрупал цяло състояние!","translated",""
"139_town_homobonus_2","Now I can finally get back to business.","Сега най-сетне мога да се върна към бизнеса си.","translated",""
"139_town_homobonus_3","And who exactly are you?","А ти всъщност кой си?","translated",""
"139_town_homobonus_4","Oh, I’m Homobonus... a water seller.","О, аз съм Хомобонус... продавач на вода.","translated",""
"139_town_homobonus_5","Nice to meet you, my good man.","Приятно ми е да се запознаем, драги ми господине.","translated",""
"139_town_homobonus_6","But what do you mean, selling water? It’s free everywhere... in the river, in any well.","Но какво имаш предвид с това, че продаваш вода? Тя е безплатна навсякъде... в реката, във всеки кладенец.","translated",""
"139_town_homobonus_7","That’s exactly why it’s the perfect business! I see opportunity!","Точно затова това е идеалният бизнес! Виждам възможност!","translated",""
"139_town_homobonus_8","Nobody sells water in bottles! Only wine and beer!","Никой не продава вода в бутилки! Само вино и бира!","translated",""
"139_town_homobonus_9","Soon, the entire market will be mine!","Скоро целият пазар ще е мой!","translated",""
"139_town_homobonus_bottle","Homobonus I","Хомобонус I","translated",""
"140_town_homobonusus_1","Hey! Its nice to see you again!","","untranslated",""
"140_town_homobonusus_10","Good for you, I guess.","","untranslated",""
"140_town_homobonusus_11","The problem is, in this business I’m always running low on faith.","","untranslated",""
"140_town_homobonusus_12","And you... you have a nice, stable income.","","untranslated",""
"140_town_homobonusus_13","So if you’re interested, we can trade your faith for my money... at a very reasonable rate.","","untranslated",""
"140_town_homobonusus_14","Sell faith","","untranslated",""
"140_town_homobonusus_2","So... how’s the water business going?","","untranslated",""
"140_town_homobonusus_3","Well... there are bad days...","","untranslated",""
"140_town_homobonusus_4","And good days?","","untranslated",""
"140_town_homobonusus_5","Nope.","","untranslated",""
"140_town_homobonusus_6","Hmm... but you do look happy and prosperous. What changed?","","untranslated",""
"140_town_homobonusus_7","Instead of selling water, I decided to write a book about how to start your own water-selling business.","","untranslated",""
"140_town_homobonusus_8","Wait... you gave me a book because you said you couldn’t read.","","untranslated",""
"140_town_homobonusus_9","I said I can barely read! But plenty enough to write a self-help book.","","untranslated",""
"140_town_homobonusus_faith","Homobonus II","","untranslated",""
"141_town_porters_1","Don’t you ever get tired dragging crates to the Town all by yourself?","","untranslated",""
"141_town_porters_2","Got a better idea? Because sending zombies down main street sounds like a quick way to start a riot.","","untranslated",""
"141_town_porters_3","Who said anything about the street?","","untranslated",""
"141_town_porters_4","Bet the Inquisitors had a way to get to the Town unnoticed.","","untranslated",""
"141_town_porters_5","And judging by this tunnel? I’d bet it leads straight into Town. Quietly.","","untranslated",""
"141_town_porters_6","...You might actually be right. I’ll check it out.","","untranslated",""
"141_town_porters_7","Of course I am. You should really start getting used to that.","","untranslated",""
"142_foundry_zombie_1","Zombie power.","","untranslated",""
"142_foundry_zombie_10","We didn't have them all at the palace... and the portal still worked.","","untranslated",""
"142_foundry_zombie_11","Thank you... I know someone who definitely knows how to use the portal.","","untranslated",""
"142_foundry_zombie_12","Then I wish you luck.","","untranslated",""
"142_foundry_zombie_13","That whole portal affair completely transformed me and my friends. I used to be full of pride!","","untranslated",""
"142_foundry_zombie_14","Now I'm just a modest monk... and I'm perfectly content.","","untranslated",""
"142_foundry_zombie_15","I hope you find your own peace as well.","","untranslated",""
"142_foundry_zombie_2","This is zombie power. You can use it as a labor force. Compact. No feeding required.","","untranslated",""
"142_foundry_zombie_3","The brothers will appreciate this. Thank you.","","untranslated",""
"142_foundry_zombie_4","I hope you finish the portal... and use it wisely.","","untranslated",""
"142_foundry_zombie_5","If that's even possible... only the Ancient God knows...","","untranslated",""
"142_foundry_zombie_6","Thank you.","","untranslated",""
"142_foundry_zombie_7","By the way, do you know how to activate a portal?","","untranslated",""
"142_foundry_zombie_8","More or less...","","untranslated",""
"142_foundry_zombie_9","You're supposed to collect six items... at least, that was the plan.","","untranslated",""
"143_workshop_piece_1","Portal fragment.","","untranslated",""
"143_workshop_piece_10","I'm a good friend too... and I need that fragment.","","untranslated",""
"143_workshop_piece_11","Hmm... do you know what's better than luck?","","untranslated",""
"143_workshop_piece_12","A good plan!","","untranslated",""
"143_workshop_piece_13","Help me straighten things out with my project, and the rock is yours.","","untranslated",""
"143_workshop_piece_2","Jack, I need the portal fragment Gunter gave you.","","untranslated",""
"143_workshop_piece_3","The one he charged with luck especially for me?","","untranslated",""
"143_workshop_piece_4","Yes. That one.","","untranslated",""
"143_workshop_piece_5","Not happening. I normally don't buy into Gunter's mystic nonsense...","","untranslated",""
"143_workshop_piece_6","Although lately... I could use a bit of luck. Ha ha.","","untranslated",""
"143_workshop_piece_7","You don't need some silly rock. You've got Gunter backing you.","","untranslated",""
"143_workshop_piece_8","Ha! Gunter needs someone backing him.","","untranslated",""
"143_workshop_piece_9","He's a good kid, and a good friend... He's just a little spineless.","","untranslated",""
"143_workshop_piece_ask","More Portal Parts","","untranslated",""
"143_workshop_piece_get_1","Incoming data","","untranslated",""
"143_workshop_piece_get_10","Really?","","untranslated",""
"143_workshop_piece_get_11_a","Yes. He just needs to wrap up some PR stuff first.","","untranslated",""
"143_workshop_piece_get_11_b","Yep. He's waiting for you at his place to discuss the details.","","untranslated",""
"143_workshop_piece_get_12","That sounds good... You know, it's not easy always being on top.","","untranslated",""
"143_workshop_piece_get_13","Sometimes I'd like to be an ordinary man who can just rely on a friend.","","untranslated",""
"143_workshop_piece_get_14","And working together on a project is what turns men into friends!","","untranslated",""
"143_workshop_piece_get_15","Wise words, Jack.","","untranslated",""
"143_workshop_piece_get_16","Thank you. I know.","","untranslated",""
"143_workshop_piece_get_17","Can I have that stone now?","","untranslated",""
"143_workshop_piece_get_18","Of course. May it bring you luck as well.","","untranslated",""
"143_workshop_piece_get_2","I think I got you the answers you were looking for.","","untranslated",""
"143_workshop_piece_get_3","Maybe... but now I'm questioning something else.","","untranslated",""
"143_workshop_piece_get_4","Do I really need to push myself this hard? While you, the monks...","","untranslated",""
"143_workshop_piece_get_5","You all seem more capable than me.","","untranslated",""
"143_workshop_piece_get_6","Hey Jack... cheer up. You're the toast of the town, after all.","","untranslated",""
"143_workshop_piece_get_7","Only because of Gunter...","","untranslated",""
"143_workshop_piece_get_8","He chose you. That means something.","","untranslated",""
"143_workshop_piece_get_9","He told me he wants to launch a new major project... with you.","","untranslated",""
"143_workshop_piece_outside_1","I'll go place these fragments at the portal, and politely request the next one.","","untranslated",""
"144_crossroad_home_1","Delicate favor","","untranslated",""
"144_crossroad_home_10","So it looks more like a house and less like a tent.","","untranslated",""
"144_crossroad_home_11","No problem, I'll...","","untranslated",""
"144_crossroad_home_12","You're probably wondering what a modest sister wants with a fourth wall.","","untranslated",""
"144_crossroad_home_13","So you can smash it dramatically?","","untranslated",""
"144_crossroad_home_14","No... I let other people do the wall breaking.","","untranslated",""
"144_crossroad_home_15","I want Herbert to leave his job and move in...","","untranslated",""
"144_crossroad_home_16","He's so tired of everything... and I'd be able to read to him more...","","untranslated",""
"144_crossroad_home_17","Ha, I thought your whole thing was anger, not lust.","","untranslated",""
"144_crossroad_home_18","Mind your filthy tongue!","","untranslated",""
"144_crossroad_home_19","I'm an old nun, and he's an old soldier. We don't deal in love.","","untranslated",""
"144_crossroad_home_2","Maybe you should quit beating around the bush and just ask for a favor.","","untranslated",""
"144_crossroad_home_20","It's about giving Herbert some peace, after all he's endured for those ungrateful fools.","","untranslated",""
"144_crossroad_home_21","Sorry if I offended you... I'll build your fourth wall.","","untranslated",""
"144_crossroad_home_3","You've hinted at it twice already.","","untranslated",""
"144_crossroad_home_4","Don't you dare talk to me like that.","","untranslated",""
"144_crossroad_home_5","But yes... I do need your help. Hopefully for the last time.","","untranslated",""
"144_crossroad_home_6","Oh no... are you dying?","","untranslated",""
"144_crossroad_home_7","In your dreams. I've never been better.","","untranslated",""
"144_crossroad_home_8","Now I'm even more confused.","","untranslated",""
"144_crossroad_home_9","I need you to improve my living quarters one more time.","","untranslated",""
"144_crossroad_home_ask","The House at the Crossroads","","untranslated",""
"144_crossroad_home_complete_1","A proper home for two.","","untranslated",""
"144_crossroad_home_complete_2","Thank you, Keeper...","","untranslated",""
"144_crossroad_home_complete_3","The next time Herbert comes to hear me read, I'll invite him to your ceremony.","","untranslated",""
"144_crossroad_home_complete_4","He'll hear the organ... and afterward, I'll ask him to leave his post...","","untranslated",""
"144_crossroad_home_complete_5","He's been overwhelmed lately... he hasn't asked me to read to him in ages.","","untranslated",""
"145_base_organ_1","Thank you, Keeper, for the ceremony... the organ truly moved me.","","untranslated",""
"145_base_organ_10","I felt it too. The music reminded me of a time before all the bitterness.","","untranslated",""
"145_base_organ_11","When I think of my sisters now, there's no anger... only gentle sorrow.","","untranslated",""
"145_base_organ_12","It's nice to hear that warmth in your voice.","","untranslated",""
"145_base_organ_13","You're a great example. Steadiness and kindness can change the world.","","untranslated",""
"145_base_organ_14","Anger only deepens one's wounds...","","untranslated",""
"145_base_organ_15","That's good to hear. Now don't keep him waiting... invite that old soldier home.","","untranslated",""
"145_base_organ_16","Before he changes his mind and decides the barracks are more peaceful!","","untranslated",""
"145_base_organ_2","I told you, Herbert — that instrument carries something special in its pipes.","","untranslated",""
"145_base_organ_3","Indeed. I thought your voice was the most beautiful sound I knew...","","untranslated",""
"145_base_organ_4","But now you have a competitor...","","untranslated",""
"145_base_organ_5","The music eased my heart. A short walk to top it off would be just right.","","untranslated",""
"145_base_organ_6","I'll join you in a moment. I need a word with the Keeper.","","untranslated",""
"145_base_organ_7","Of course, Agatha...","","untranslated",""
"145_base_organ_8","I'm glad he found peace. I hope you found some too.","","untranslated",""
"145_base_organ_9","I don't know how you did it... Herbert told me he felt no wrath, only peace.","","untranslated",""
"145_base_organ_ceremony","A Good Example is the Best Sermon","","untranslated",""
"146_stilt_master_ask_1","Special wood.","","untranslated",""
"146_stilt_master_ask_10","That sounds special enough.","","untranslated",""
"146_stilt_master_ask_11","Fine, then yes... I carve ""special"" wood.","","untranslated",""
"146_stilt_master_ask_12","I need some for a church project.","","untranslated",""
"146_stilt_master_ask_13","Church project? That sounds impressive. Good for you.","","untranslated",""
"146_stilt_master_ask_14","Do you need me to do something for it?","","untranslated",""
"146_stilt_master_ask_15","Do something? No... no, man. I'll just sell it to you.","","untranslated",""
"146_stilt_master_ask_16","That's generous.","","untranslated",""
"146_stilt_master_ask_17","Once I fix my wood-catching mechanism.","","untranslated",""
"146_stilt_master_ask_18","So there's something I can help you with after all?","","untranslated",""
"146_stilt_master_ask_19","No, no... I'll handle it myself...","","untranslated",""
"146_stilt_master_ask_2","I'm looking for a master woodcarver.","","untranslated",""
"146_stilt_master_ask_20","Tomorrow, maybe. Or next month.","","untranslated",""
"146_stilt_master_ask_21","What's stopping you from fixing it now?","","untranslated",""
"146_stilt_master_ask_22","I need some materials. But I don't like going to the market...","","untranslated",""
"146_stilt_master_ask_23","There's people there, you know...","","untranslated",""
"146_stilt_master_ask_24","Fine. I'll get the materials for you.","","untranslated",""
"146_stilt_master_ask_3","Hmm... there should be one around here... let me think...","","untranslated",""
"146_stilt_master_ask_4","Oh wait... I think I'm a master woodcarver.","","untranslated",""
"146_stilt_master_ask_5","But call me Harold.","","untranslated",""
"146_stilt_master_ask_6","So you carve special wood?","","untranslated",""
"146_stilt_master_ask_7","Special? What's so special about it?","","untranslated",""
"146_stilt_master_ask_8","It's just wood from the trees that grow in the northern mountains.","","untranslated",""
"146_stilt_master_ask_9","Sometimes it drifts down the river... and I gather and season it.","","untranslated",""
"146_stilt_master_materials_1","Give the materials.","","untranslated",""
"146_stilt_master_materials_2","Here's the materials you asked for.","","untranslated",""
"146_stilt_master_materials_3","Sweet... you know, I didn't actually need them.","","untranslated",""
"146_stilt_master_materials_4","After our talk, I checked the mechanism... It was just stuck...","","untranslated",""
"146_stilt_master_materials_5","So I can get that special wood now?","","untranslated",""
"146_stilt_master_materials_6","Sure. I'll give it to you in exchange for some coins.","","untranslated",""
"146_stilt_master_meet","Organic Music","","untranslated",""
"147_sewers_looters_1","This is it. Mauritzio's cheese cellar lies just behind this wall.","","untranslated",""
"147_sewers_looters_10","Wonderful idea. Except you'll bury yourself... and the entire neighborhood... under rubble.","","untranslated",""
"147_sewers_looters_11","Then I'll wait. Doors don't vanish without a reason. Sooner or later, I'll figure out the trick.","","untranslated",""
"147_sewers_looters_12","Meanwhile I should focus on restoring the portal.","","untranslated",""
"147_sewers_looters_13","What he is talking about?","","untranslated",""
"147_sewers_looters_14","I have no idea...","","untranslated",""
"147_sewers_looters_2","And the door should be right here.","","untranslated",""
"147_sewers_looters_3","Yes... It should be. But it isn't.","","untranslated",""
"147_sewers_looters_4","Maybe we were mistaken. Maybe the door moved.","","untranslated",""
"147_sewers_looters_5","Doors don't move. And we're in the right spot. Can't you smell the cheese?","","untranslated",""
"147_sewers_looters_6","We robbed this place once, before the apocalypse. The door was right here. I remember running through it.","","untranslated",""
"147_sewers_looters_7","Fine. I'll just dig through the wall.","","untranslated",""
"147_sewers_looters_8","No chance. The wall is too thick... solid stone.","","untranslated",""
"147_sewers_looters_9","Then I'll use explosives.","","untranslated",""
"148_doctor_cough_1","Your health","","untranslated",""
"148_doctor_cough_10","Linda... I think she cares about me. And I want to be there for her.","","untranslated",""
"148_doctor_cough_11","She's fragile... innocent, like my sister once was. I need to protect her.","","untranslated",""
"148_doctor_cough_12","If there's still time. cough-cough","","untranslated",""
"148_doctor_cough_13_a","I'll do everything I can to find a cure.","","untranslated",""
"148_doctor_cough_13_b","I'm working on something that might help you.","","untranslated",""
"148_doctor_cough_13_c","We found a cure!","","untranslated",""
"148_doctor_cough_2","You mentioned something about a way to cure yourself.","","untranslated",""
"148_doctor_cough_3","Yes, there could be a way to cure my cough. cough-cough","","untranslated",""
"148_doctor_cough_4","Do you need my help?","","untranslated",""
"148_doctor_cough_5","Perhaps. You might just happen across something that could save me.","","untranslated",""
"148_doctor_cough_6","I thought you already had a plan, and just needed my help getting ingredients or something.","","untranslated",""
"148_doctor_cough_7","No... I don't have a plan. But for the first time, I want to live. cough-cough","","untranslated",""
"148_doctor_cough_8","I used to envy the healthy and the strong... But now I'd settle for breathing without pain.","","untranslated",""
"148_doctor_cough_9","But what changed your mind?","","untranslated",""
"148_doctor_cough_ask","Coughing it Up!","","untranslated",""
"149_sluice_tools_land","Green Men From Far Lands","","untranslated",""
"149_sluice_tools_land_1","This land can be yours.","","untranslated",""
"149_sluice_tools_land_10","The kind we're accustomed to.","","untranslated",""
"149_sluice_tools_land_11","You must be from somewhere pretty advanced.","","untranslated",""
"149_sluice_tools_land_12","But I really want to help Albert. I'll get you the right equipment.","","untranslated",""
"149_sluice_tools_land_13","Excellent. We'll begin clearing the land in the meantime.","","untranslated",""
"149_sluice_tools_land_2","Hmm... the soil is excellent.","","untranslated",""
"149_sluice_tools_land_3","I'm glad you approve. I hope to see your first harvest soon.","","untranslated",""
"149_sluice_tools_land_4","There's just one issue... we didn't bring our tools.","","untranslated",""
"149_sluice_tools_land_5","That's easily solved. You can buy tools in town.","","untranslated",""
"149_sluice_tools_land_6","We've seen them. Such poor quality.","","untranslated",""
"149_sluice_tools_land_7","You can imagine what they'd do to the soil.","","untranslated",""
"149_sluice_tools_land_8","No one else has complained.","","untranslated",""
"149_sluice_tools_land_9","We require proper, high-grade tools.","","untranslated",""
"149_sluice_tools_tools_1","Give the tools.","","untranslated",""
"149_sluice_tools_tools_10","So... what's the recipe?","","untranslated",""
"149_sluice_tools_tools_11","It's a magical po-ta-to. Some adventurers brought it from faraway lands.","","untranslated",""
"149_sluice_tools_tools_12","It draws its strength from the soil. Boil it well.","","untranslated",""
"149_sluice_tools_tools_13","Have your friend inhale the steam from the boiled po-ta-to.","","untranslated",""
"149_sluice_tools_tools_14","Repeat that every day for a week, and his cough should fade away.","","untranslated",""
"149_sluice_tools_tools_2","Wow, I'm surprised how quickly you made this place look nice.","","untranslated",""
"149_sluice_tools_tools_3","Seems I brought you the tools just in time.","","untranslated",""
"149_sluice_tools_tools_4","We love to work... We're surprised how lazy everyone is here.","","untranslated",""
"149_sluice_tools_tools_5","As if someone else is meant to provide everything.","","untranslated",""
"149_sluice_tools_tools_6","Oh, if you only knew how true those words are.","","untranslated",""
"149_sluice_tools_tools_7","I'll expect my share of the harvest.","","untranslated",""
"149_sluice_tools_tools_8","We heard your friend is very ill, so we'll give you some in advance.","","untranslated",""
"149_sluice_tools_tools_9","And you may purchase more anytime.","","untranslated",""
"150_base_90not_1","Six characters","","untranslated",""
"150_base_90not_10","All you'll need to do then is fix the portal. With my red eye and a snap of a finger...","","untranslated",""
"150_base_90not_11","Whoosh! Wishes granted, world saved, and so on.","","untranslated",""
"150_base_90not_12","You really want your eye back?","","untranslated",""
"150_base_90not_13","I'm used to its power. It took a long time for me to learn how to live without it.","","untranslated",""
"150_base_90not_14","Honestly... I'm a little afraid for you.","","untranslated",""
"150_base_90not_15","Yes, I know... it gives me bad dreams.","","untranslated",""
"150_base_90not_2","I spoke with them. They're all willing to help me.","","untranslated",""
"150_base_90not_3","But something's still holding them back.","","untranslated",""
"150_base_90not_4","I told you... they have to be one hundred percent on your side.","","untranslated",""
"150_base_90not_5","But I don't know what else I can do for them. They all seem pretty settled now.","","untranslated",""
"150_base_90not_6","Yes, trust requires time. You'll just have to wait.","","untranslated",""
"150_base_90not_7","And perhaps, one day, your skills will be great enough to help them.","","untranslated",""
"150_base_90not_8","I see... then I'll keep improving my skills.","","untranslated",""
"150_base_90not_9","Or... you could just give me back my eye, and we skip this slow part.","","untranslated",""
"150_base_90not_give_eye_1","Give it back","","untranslated",""
"150_base_90not_give_eye_2","Oh, thank you. I was starting to think you were one of those cautious types.","","untranslated",""
"150_base_90not_give_eye_3","It feels wonderful to have my eye back.","","untranslated",""
"150_base_90not_give_eye_4","You said things would go faster with my friends once you had it back again.","","untranslated",""
"150_base_90not_give_eye_5","And I am a god of my word.","","untranslated",""
"150_base_90not_give_eye_6","Go speak with those six again. With my blessing, I'm sure things will go smoothly.","","untranslated",""
"150_base_90not_keep_eye_1","Keep the eye","","untranslated",""
"150_base_90not_keep_eye_2","Alright then, I'll just keep doing my work.","","untranslated",""
"150_base_90not_keep_eye_3","Why not, if you like it so much.","","untranslated",""
