"key","original","bg","status","notes"
"","","","untranslated",""
"1h_marble","Marble","Мрамор","translated",""
"1h_stone","Stone","Камък","translated",""
"acid","Acid","Киселина","translated",""
"action_get","Get","Вземи","translated",""
"action_inspect","Inspect","Прегледай","translated",""
"advanced_rod","Advanced Rod","Подобрена въдица","translated",""
"agreement_frontman","PR Agreement","PR споразумение","translated",""
"agreement_frontman_signed","Signed PR Agreement","Подписано PR споразумение","translated",""
"alchemist_1","Alchemist I","Алхимик I","translated",""
"alchemist_1_d","Craft potions","Изработвай отвари","translated",""
"alchemist_2","Alchemist II","Алхимик II","translated",""
"alchemist_3","Alchemist III","Алхимик III","translated",""
"alchemist_4","Alchemist IV","Алхимик IV","translated",""
"alchemist_5","Alchemist V","Алхимик V","translated",""
"alchemist_6","Alchemist VI","Алхимик VI","translated",""
"alchemy_albedo","Albedo Tear","Сълза на Албедо","translated",""
"alchemy_anima_mundi","Anima Mundi Fragment","Фрагмент от Анима мунди","translated",""
"alchemy_battle_potions_1","Battle Potions I","Бойни отвари I","translated",""
"alchemy_battle_potions_2","Battle Potions II","Бойни отвари II","translated",""
"alchemy_battle_potions_3","Battle Potions III","Бойни отвари III","translated",""
"alchemy_battle_potions_4","Battle Potions IV","Бойни отвари IV","translated",""
"alchemy_bottle_1","Alchemy Flasks I","Алхимични колби I","translated",""
"alchemy_bottle_2","Alchemy Flasks II","Алхимични колби II","translated",""
"alchemy_conjunctio","Coniunctio Salt","Сол Coniunctio","translated",""
"alchemy_cool_boost","Cool","Охлаждане","translated",""
"alchemy_cool_boost_d","Gives +1 green rune","Дава +1 зелена руна","translated",""
"alchemy_distillation","Alchemy, Distillation","Алхимия, Дестилация","translated",""
"alchemy_distillation_boost","Distillation","Дестилация","translated",""
"alchemy_distillation_boost_d","Gives +1 blue rune","Дава +1 синя руна","translated",""
"alchemy_explosions","Explosives","Взривни вещества","translated",""
"alchemy_flask","Alchemy Flasks","Алхимични колби","translated",""
"alchemy_flask_1_shed","Flask shelf","Рафт за колби","translated",""
"alchemy_flasks","Alchemy, Flasks","Алхимия, Колби","translated",""
"alchemy_hardener","Crafting Potions","Изработка на отвари","translated",""
"alchemy_heat_boost","Heat","Нагряване","translated",""
"alchemy_heat_boost_d","Gives +1 red rune","Дава +1 червена руна","translated",""
"alchemy_item_star_1","Transmutation I","Трансмутация I","translated",""
"alchemy_item_star_2","Transmutation II","Трансмутация II","translated",""
"alchemy_kit_1","Starter Alchemist's Kit","Начален алхимичен комплект","translated",""
"alchemy_kit_2","Alchemist's Kit","Алхимичен комплект","translated",""
"alchemy_kit_3","Good Alchemist's kit","Добър алхимичен комплект","translated",""
"alchemy_lab_1","Alchemy, Basic","Алхимия, Основи","translated",""
"alchemy_lab_2","Alchemy, Advanced","Алхимия, Напреднала","translated",""
"alchemy_lab_starter","Alchemy Lab I","Алхимична лаборатория I","translated",""
"alchemy_mercurius","Mercurius Vivus","Mercurius Vivus","translated",""
"alchemy_mix","Laboratory I","Лаборатория I","translated",""
"alchemy_mix_2","Laboratory II","Лаборатория II","translated",""
"alchemy_mix_3","Laboratory III","Лаборатория III","translated",""
"alchemy_mix_d","Combine items, fill flasks, and create potions.","Комбинирай предмети, пълни колби и създавай отвари.","translated",""
"alchemy_mixing","Alchemy Table ","Алхимична маса","translated",""
"alchemy_mortificartio","Mortificatio Oil","Масло Mortificatio","translated",""
"alchemy_nigredo","Nigredo Ash","Пепел Nigredo","translated",""
"alchemy_organs_1","Practical Potions","Практични отвари","translated",""
"alchemy_organs_2","Autopsy Potions II","Аутопсионни отвари II","translated",""
"alchemy_prima_materia","Prima Materia Dust","Прах Prima Materia","translated",""
"alchemy_production","Alchemy, Production","Алхимия, Производство","translated",""
"alchemy_quintessence","Quintessence Vial","Флакон с квинтесенция","translated",""
"alchemy_recipe_book","Folio","Фолио","translated",""
"alchemy_recipe_book_d","All known formulas are written here","Тук са записани всички познати формули.","translated",""
"alchemy_rubedo","Rubedo Crystallis","Кристали Rubedo","translated",""
"alchemy_scroll_closet","Scroll Cabinet","Шкаф за свитъци","translated",""
"alchemy_separatio","Separatio Membrane","Мембрана Separatio","translated",""
"alchemy_softener","Acidic Potions","Киселинни отвари","translated",""
"alchemy_spagyric","Chaos Spagyric Root","Корен на Хаос Спагирик","translated",""
"alchemy_sulfur","Philosophic Sulfur","Философска сяра","translated",""
"alchemy_survey","Research","Проучване","translated",""
"Alchemy_t1","Alchemist","Алхимик I","translated",""
"Alchemy_t2","Alchemist II","Алхимик II","translated",""
"Alchemy_t3","Alchemist III","Алхимик III","translated",""
"alchemy_tools_1","Alchemy, Grinding","Алхимия, Смилане","translated",""
"alchemy_tools_2","Alchemy, Mixing","Алхимия, Смесване","translated",""
"alchemy_workbench","Alchemy Workbench","Алхимична работна маса","translated",""
"alcohol","Alcohol","Алкохол","translated",""
"alkali","Alkali","Алкали","translated",""
"altar_1","Church Shrine I","Църковно светилище I","translated",""
"altar_2","Church Shrine II","Църковно светилище II","translated",""
"altar_3","Church Shrine III","Църковно светилище III","translated",""
"alum","Alum","Стипца","translated",""
"amateur_rod","Amateur Rod","Любителска въдица","translated",""
"anatomy_lvl_up_1","Anatomy mastery +1<sprite name=""talent_blue"">","Майсторство по анатомия +1<sprite name=""talent_blue"">","translated",""
"anatomy_lvl_up_2","Anatomy mastery +2<sprite name=""talent_blue"">","Майсторство по анатомия +2<sprite name=""talent_blue"">","translated",""
"apple","Apple","Ябълка","translated",""
"apple_cider","Apple Cider","Ябълков сайдер","translated",""
"apple_juice","Apple Juice","Ябълков сок","translated",""
"apple_seedling","Apple Tree Seedling","Ябълкова фиданка","translated",""
"aqua_vitae","Aqua Vitae","Aqua Vitae","translated",""
"armor_0","Rusty Armor","Ръждясала броня","translated",""
"armor_1","Bronze Armor","Бронзова броня","translated",""
"armor_2","Iron Armor","Желязна броня","translated",""
"armor_3","Steel Armor","Стоманена броня","translated",""
"armor_4","Master Armor","Майсторска броня","translated",""
"arrows","Arrows","Стрели","translated",""
"arrows_bronze","Bronze Arrow","Бронзова стрела","translated",""
"arrows_iron","Iron Arrow","Желязна стрела","translated",""
"ash","Ash","Пепел","translated",""
"autopsy_1","Autopsy, Basic","Аутопсия, основна","translated",""
"autopsy_buildings_1","Autopsy table","Маса за аутопсия","translated",""
"autopsy_guts_brain_heart","Autopsy, Advanced","Аутопсия, разширена","translated",""
"autopsy_resurection","Reanimation","Реанимация","translated",""
"autopsy_skin_bones","Skin and Bones","Кожа и кости","translated",""
"autopsy_skull_teeth","Skull and Teeth","Череп и зъби","translated",""
"autopsy_soft","Soft parts","Меки части","translated",""
"autopsy_table_1","Autopsy Table I","Маса за аутопсия I","translated",""
"autopsy_table_2","Autopsy Table II","Маса за аутопсия II","translated",""
"autopsy_tools","Morgue Tools","Инструменти за моргата","translated",""
"autopsy_upgrades_1","Bloodwork","Кръвни изследвания","translated",""
"autopsy_upgrades_2","Autopsy, Master","Аутопсия, майсторска","translated",""
"axe_0","Rusty Axe","Ръждясала брадва","translated",""
"axe_1","Bronze Axe","Бронзова брадва","translated",""
"axe_2","Iron Axe","Желязна брадва","translated",""
"axe_3","Steel Axe","Стоманена брадва","translated",""
"bag_alchemy","Alchemist's bag","Чанта на алхимика","translated",""
"bag_builder","Builder's bag","Чанта на строителя","translated",""
"bag_farming","Farmer's bag","Чанта на фермера","translated",""
"bag_fishing","Fisherman's bag","Чанта на рибаря","translated",""
"bag_food","Food bag","Чанта за храна","translated",""
"bag_potions","Potion bag","Чанта за отвари","translated",""
"bag_tools","Tool bag","Чанта за инструменти","translated",""
"bag_universal","Universal bag","Универсална чанта","translated",""
"bag_universal_big","Big universal bag","Голяма универсална чанта","translated",""
"Bakery_t1","Baker","Пекар I","translated",""
"Bakery_t2","Baker II","Пекар II","translated",""
"Bakery_t3","Baker III","Пекар III","translated",""
"barricade_1_fight","Barricade I","Барикада I","translated",""
"barricade_2_fight","Barricade II","Барикада II","translated",""
"barricade_3_fight","Barricade III","Барикада III","translated",""
"barricade_spike_1_fight","Spiked Barricade I","Бодлива барикада I","translated",""
"barricade_spike_2_fight","Spiked Barricade II","Бодлива барикада II","translated",""
"barricade_spike_3_fight","Spiked Barricade III","Бодлива барикада III","translated",""
"barricade_wall_1_fight","Fortified Barricade I","Укрепена барикада I","translated",""
"barricade_wall_2_fight","Fortified Barricade II","Укрепена барикада II","translated",""
"barricade_wall_3_fight","Fortified Barricade III","Укрепена барикада III","translated",""
"barricades_1","Simple Barricades","Прости барикади","translated",""
"barricades_2","Robust Barricades","Здрави барикади","translated",""
"barricades_3","Reinforced Barricades","Подсилени барикади","translated",""
"base_blockage_1","Blockage","Препятствие","review","Generic removable obstacle blocking access between areas."
"base_hatch_under_locked","Locked hatch","Заключен люк","translated",""
"base_locked_door_tower","Locked door","Заключена врата","translated",""
"base_well_nun_broken","Underground well","Подземен кладенец","translated",""
"basement_resurrection_door","Old door","Стара врата","translated",""
"basic_boosts","Alchemy Boosts I","Алхимични усилвания I","translated",""
"basic_fairy","Prayers I","Молитви I","translated",""
"basic_faith","Faith Prayer","Молитва за вяра","translated",""
"basic_prayer","Basic Prayer","Основна молитва","translated",""
"basic_prayer_d","Basic Prayer","Основна молитва","translated",""
"basic_rod","Basic Rod","Обикновена въдица","translated",""
"battle_planer_other_day","Battle available on <sprite name=""day_sloth"">","Битката е достъпна в <sprite name=""day_sloth"">","translated",""
"battle_planer_start","Start Battle","Започни битката","translated",""
"bed_upgrade_s","Upgrade Bed","Подобряване на леглото","translated",""
"beer","Beer","Бира","translated",""
"beeswax","Beeswax","Пчелен восък","translated",""
"beet","Beet","Цвекло","translated",""
"beet_seed","Beet Seed","Семена от цвекло","translated",""
"bench_1","Interior Bench I","Вътрешна пейка I","translated",""
"bench_2","Interior Bench II","Вътрешна пейка II","translated",""
"bench_3","Interior Bench III","Вътрешна пейка III","translated",""
"berry","Berry","Плод","translated",""
"berry_blue","Blueberry","Боровинка","translated",""
"berry_cider","Berry Cider","Плодов сайдер","translated",""
"berry_juice","Berry Juice","Плодов сок","translated",""
"berry_pie","Berry Pie","Плодов пай","translated",""
"berry_seedling","Bush Seedling","Фиданка от храст","translated",""
"berserk_potion","Berserker Potion","Отвара на берсерка","translated",""
"berserk_potion_2","Berserker Potion II","Отвара на берсерка II","translated",""
"berserk_potion_2_d","Gain infinite stamina for a time. Combat Only.","Получаваш безкрайна издръжливост за известно време. Само в битка.","translated",""
"berserk_potion_3","Berserker Potion III","Отвара на берсерка III","translated",""
"berserk_potion_3_d","Gain infinite stamina for a long time. Combat Only.","Получаваш безкрайна издръжливост за дълго време. Само в битка.","translated",""
"berserk_potion_d","Gain infinite stamina for a short time. Combat Only.","Получаваш безкрайна издръжливост за кратко време. Само в битка.","translated",""
"black_oil","Black Oil","Черно масло","translated",""
"Blacksmith_t1","Smithy","Ковачница I","translated",""
"Blacksmith_t2","Smithy II","Ковачница II","translated",""
"Blacksmith_t3","Smithy III","Ковачница III","translated",""
"blood","Blood","Кръв","translated",""
"blue_berry_juice","Blueberry Juice","Сок от боровинки","translated",""
"blueberry_cider","Blueberry Cider","Сайдер от боровинки","translated",""
"blueberry_seedling","Blueberry Seedling","Фиданка от боровинки","translated",""
"body_certificate","Burial Certificate","Удостоверение за погребение","translated",""
"body_certificate:1","Burial Certificate I","Удостоверение за погребение I","translated",""
"body_certificate:2","Burial Certificate II","Удостоверение за погребение II","translated",""
"body_certificate:3","Burial Certificate III","Удостоверение за погребение III","translated",""
"body_corpse","Corpse","Труп","translated",""
"body_corpse_d","Body","Тяло","translated",""
"body_places_1","Body Places I","Места за тялото I","translated",""
"body_places_2","Body Places II","Места за тялото II","translated",""
"body_wild_zombie_d","Wild Zombie","Див зомби","translated",""
"body_zombie","Zombie","Зомби","translated",""
"boiled_egg","Boiled Egg","Варено яйце","translated",""
"bones","Bones","Кости","translated",""
"bones_extract","Bone removal","Изваждане на кости","translated",""
"bonus_window_costume","A special costume is available for you in the Dresser in your House.","В гардероба в дома ти има специален костюм.","translated",""
"bonus_window_header","Bonus Content Unlocked!","Отключено бонусно съдържание!","translated",""
"bonus_window_sauna","And the Sauna awaits, just over the bridge.","А отвъд моста те очаква сауната.","translated",""
"bonus_window_thank_you","Thank you for supporting our game! You are awesome!","Благодарим ти, че подкрепяш играта ни! Страхотен си!","translated",""
"book","Written Softcover Book","Написана книга с меки корици","translated",""
"book_hard","Written Hardcover Book","Написана книга с твърди корици","translated",""
"book_love","Love Novel","Любовен роман","translated",""
"book_poetry","Printed Poetry","Печатна поезия","translated",""
"bookshelf_1","Bookshelf","Етажерка за книги","translated",""
"bookwriting_lvl_up_1","Book writing mastery +1<sprite name=""talent_yellow"">","Майсторство в писането на книги +1<sprite name=""talent_yellow"">","translated",""
"bookwriting_lvl_up_2","Book writing mastery +2<sprite name=""talent_yellow"">","Майсторство в писането на книги +2<sprite name=""talent_yellow"">","translated",""
"bottle_empty","Empty Bottle","Празна бутилка","translated",""
"bow_0","Simple Bow","Обикновен лък","translated",""
"bow_1","Reinforced Bow","Подсилен лък","translated",""
"bow_2","Battle Bow","Боен лък","translated",""
"bow_3","Heavy Bow","Тежък лък","translated",""
"box_appliances_1","Supply: Appliances I","Запаси: уреди I","translated",""
"box_appliances_2","Supply: Appliances II","Запаси: уреди II","translated",""
"box_beer","Supply: Beer","Запаси: бира","translated",""
"box_building_kit_1","Supply: Building materials I","Запаси: строителни материали I","translated",""
"box_building_kit_2","Supply: Building materials II","Запаси: строителни материали II","translated",""
"box_clothes_1","Supply: Clothes I","Запаси: дрехи I","translated",""
"box_clothes_2","Supply: Clothes II","Запаси: дрехи II","translated",""
"box_cutlery_1","Supply: Cutlery I","Запаси: прибори I","translated",""
"box_cutlery_2","Supply: Cutlery II","Запаси: прибори II","translated",""
"box_empty","Crate","Каса","translated",""
"box_engineering_mechanism","Supply: Engineering Mechanism","Запаси: инженерни механизми","translated",""
"box_fabric","Supply: Fabric","Запаси: плат","translated",""
"box_flour","Supply: Flour Sack","Запаси: чувал брашно","translated",""
"box_furniture_1","Supply: Furniture I","Запаси: мебели I","translated",""
"box_furniture_2","Supply: Furniture II","Запаси: мебели II","translated",""
"box_iron_ingot","Supply: Iron","Запаси: желязо","translated",""
"box_kitchen_utensils","Supply: Kitchen Utensils","Запаси: кухненски принадлежности","translated",""
"box_preserves_1","Supply: Preserves I","Запаси: консерви I","translated",""
"box_preserves_2","Supply: Preserves II","Запаси: консерви II","translated",""
"box_tools_iron","Supply: Iron Tools","Запаси: железни инструменти","translated",""
"box_tools_steel","Supply: Steel Tools","Запаси: стоманени инструменти","translated",""
"box_vegetables","Supply: Vegetables","Запаси: зеленчуци","translated",""
"box_vine","Supply: Wine","Запаси: вино","translated",""
"brain","Brain","Мозък","translated",""
"brain_extract","Brain removal","Изваждане на мозъка","translated",""
"bread","Bread","Хляб","translated",""
"breadcrumb_bite","Breadcrumb Bait","Захранка от галета","translated",""
"breadcrumb_bite_d","Attracts: Crucian, Bream, Carp, Gudgeon, Pike","Привлича: каракуда, платика, шаран, кротушка, щука","translated",""
"Brewery_t1","Brewery","Пивоварна I","translated",""
"Brewery_t2","Brewery II","Пивоварна II","translated",""
"Brewery_t3","Brewery III","Пивоварна III","translated",""
"brewing_stand","Brewing Stand","Поставка за варене","translated",""
"brick","Brick","Тухла","translated",""
"brick_kiln_1","Kiln","Пещ за тухли","translated",""
"brick_making","Brick Making","Производство на тухли","translated",""
"bridge_vineyard","Vineyard Bridge","Мост към лозето","translated",""
"bridge_vineyard_repair","Repair Bridge","Ремонтирай моста","translated",""
"brimstone","Brimstone","Сяра","translated",""
"bromstone","Bromstone","Бромстоун","translated",""
"bronze_details","Bronze Craft","Изработка на бронзови предмети","translated",""
"bronze_edges","Bronze Blades","Бронзови остриета","translated",""
"bronze_gear","Bronze Gear","Бронзови зъбчатки","translated",""
"bronze_heads","Bronze Weapons","Бронзови оръжия","translated",""
"bronze_ingot_scrap","Bronze Melting","Топене на бронз","translated",""
"bronze_ingots","Bronze Forge","Ковачество на бронз","translated",""
"bronze_instruments","Bronze Instruments","Бронзови инструменти","translated",""
"bronze_polishing","Bronze Polishing","Полиране на бронз","translated",""
"bronze_products","Bronze Products","Бронзови изделия","translated",""
"bronze_scrap","Bronze Scrap","Бронзов скрап","translated",""
"bronze_weapons","Bronze Equipment","Бронзово оборудване","translated",""
"bronze_works","Bronze Works","Бронзови изделия","translated",""
"bucket_anvil","Hardening Bucket","Кофа за закаляване","translated",""
"builder","Builder","Строител","translated",""
"builder_alchemy_lab","Alchemy Lab","Алхимична лаборатория","translated",""
"builder_carrier","Quarry","Каменоломна","translated",""
"builder_church","Church","Църква","translated",""
"builder_church_d","Church Quality","Качество на църквата","translated",""
"builder_clay_sand","Zombie Digging","Копаене от зомбита","translated",""
"builder_conveyor","Factory","Фабрика","translated",""
"builder_conveyor_storage","Supply Storage","Склад за запаси","translated",""
"builder_fight_main","Command post","Команден пункт","translated",""
"builder_fight_no_buildings","Command post","Команден пункт","translated",""
"builder_garden","Garden","Градина","translated",""
"builder_graveyard","New Graveyard","Ново гробище","translated",""
"builder_graveyard_d","Graveyard Quality","Качество на гробището","translated",""
"builder_home","Home","Дом","translated",""
"builder_military_base","Barracks","Казарма","translated",""
"builder_mine","Zombie Mine","Зомби мина","translated",""
"builder_morgue","Morgue","Морга","translated",""
"builder_sawmill","Abandoned sawmill","Изоставена дъскорезница","translated",""
"Builder_t1","Builder","Строител I","translated",""
"Builder_t2","Builder II","Строител II","translated",""
"Builder_t3","Builder III","Строител III","translated",""
"builder_vineyard","Vineyard","Лозе","translated",""
"builder_vineyard_basement","Vineyard Basement","Мазе на лозето","translated",""
"builder_writing","Writing Room","Писателска стая","translated",""
"builder_yard","Yard","Двор","translated",""
"building_kit_1","Building Kit I","Комплект за строеж I","translated",""
"building_kit_2","Building Kit II","Комплект за строеж II","translated",""
"building_lvl_up_1","Building mastery +1<sprite name=""talent_orange"">","Майсторство в строителството +1<sprite name=""talent_orange"">","translated",""
"building_lvl_up_2","Building mastery +2<sprite name=""talent_orange"">","Майсторство в строителството +2<sprite name=""talent_orange"">","translated",""
"bush_ashberry_clr1_xxs","Berry Bush","Храст с плодове","translated",""
"bush_blueberry_clr1_xxs","Blueberry Bush","Боровинков храст","translated",""
"bush_rhodod_clr1_xxs","Rhododendron Bush","Храст рододендрон","translated",""
"cabbage_seed:1","Cabbage seed","Зелеви семена","translated",""
"cabbage:1","Cabbage","Зеле","translated",""
"cacao","Cacao","Какао","translated",""
"call_januarius","Call Januarius","Обади се на Януариус","translated",""
"call_jully","Call Jully","Обади се на Джули","translated",""
"camphor","Camphor","Камфор","translated",""
"candle_1","Candelabra I","Канделабър I","translated",""
"candle_2","Candelabra II","Канделабър II","translated",""
"candle_3","Candelabra III","Канделабър III","translated",""
"candle_advanced","Pretty Candle","Красива свещ","translated",""
"candle_basic","Simple Candle","Обикновена свещ","translated",""
"candle_master","Magnificent Candle","Великолепна свещ","translated",""
"candle_stand_1","Votive Candle Stand I ","Поставка за свещ I","translated",""
"candle_stand_2","Votive Candle Stand II","Поставка за свещ II","translated",""
"candle_stand_3","Votive Candle Stand III","Поставка за свещ III","translated",""
"candles_1","Church Lighting I","Църковно осветление I","translated",""
"candles_2","Church Lighting II","Църковно осветление II","translated",""
"candles_3","Church Lighting III","Църковно осветление III","translated",""
"canveyor_lantern","Factory Lantern","Фабричен фенер","translated",""
"card_deck","Deck of Cards","Тесте карти","translated",""
"carpenter_1","Carpenter I","Дърводелец I","translated",""
"carpenter_1_d","Make Woodstuff","Изработвай дървени изделия","translated",""
"carpenter_2","Carpenter II","Дърводелец II","translated",""
"carpenter_3","Carpenter III","Дърводелец III","translated",""
"carpenter_4","Carpenter IV","Дърводелец IV","translated",""
"carpenter_5","Carpenter V","Дърводелец V","translated",""
"carpet","Carpet","Килим","translated",""
"carrot","Carrot","Морков","translated",""
"carrot_seed","Carrot seed","Семена от моркови","translated",""
"carved_wood","Carved Wood","Издълбано дърво","translated",""
"catalyst","Catalyst","Катализатор","translated",""
"cemetery_expander_1","Cemetery Expander I","Разширител на гробището I","translated",""
"cemetery_expander_1_d","There's always room for one more. Expand the size of the cemetery.","Винаги има място за още един. Разшири гробището.","translated",""
"cemetery_expander_2","Cemetery Expander II","Разширител на гробището II","translated",""
"cemetery_expander_3","Cemetery Expander III","Разширител на гробището III","translated",""
"ceramic_1","Clay Plate","Глинена чиния","translated",""
"ceramic_2","Clay Urn","Глинена урна","translated",""
"ceramic_broken","Broken ceramic","Счупена керамика","translated",""
"ceramic_fired_1","Ceramic Plate","Керамична чиния","translated",""
"ceramic_fired_2","Ceramic Urn","Керамична урна","translated",""
"ceramic_firing","Ceramic Firing","Изпичане на керамика","translated",""
"chair_comfortable","Comfortable Chair","Удобен стол","translated",""
"chance_success","Chance of success","Шанс за успех","translated",""
"change_organ","Change organ","Смени органа","translated",""
"char_not_available_by_time_phrase","I'm busy","Зает съм","translated",""
"CharInspirationPage","Inspirations","Вдъхновения","translated",""
"CharMainPage","Character","Персонаж","translated",""
"cheese","Cheese","Сирене","translated",""
"chest","Chest","Сандък","translated",""
"chest_good_place","Large Chest","Голям сандък","translated",""
"chest_myst","Mysterious Chest","Мистериозен сандък","translated",""
"chest_rough_place","Simple Chest","Обикновен сандък","translated",""
"chill_guy_1","Chill Guy I","Спокоен тип I","translated",""
"chill_guy_1_d","Have a beer, bro","Наздраве, братле","translated",""
"chill_guy_2","Chill Guy II","Спокоен тип II","translated",""
"chill_guy_3","Chill Guy III","Спокоен тип III","translated",""
"chisel_basic","Bronze Chisel","Бронзово длето","translated",""
"chisel_iron","Iron Chisel","Желязно длето","translated",""
"chisel_steel","Steel Chisel","Стоманено длето","translated",""
"chocolate","Chocolate","Шоколад","translated",""
"chooping","Chopping","Сечене","translated",""
"chopping_spot","Chopping Spot","Място за сечене","translated",""
"church_builder_1","Church Builder I","Строител на църкви I","translated",""
"church_builder_1_d","Faith requires a roof. The rain is bad for devotion. Rebuild and upgrade the church.","Вярата има нужда от покрив. Дъждът вреди на набожността. Възстанови и подобри църквата.","translated",""
"church_builder_2","Church Builder II","Строител на църкви II","translated",""
"church_builder_3","Church Builder III","Строител на църкви III","translated",""
"church_music_chore","Church Music I","Църковна музика I","translated",""
"church_music_organ","Church Music II","Църковна музика II","translated",""
"church_passive_buidlings_1","Church Furniture I","Църковно обзавеждане I","translated",""
"church_passive_buidlings_2","Church Furniture II","Църковно обзавеждане II","translated",""
"church_passive_buidlings_3","Church Furniture III","Църковно обзавеждане III","translated",""
"church_supplier_1","Church Supplier I","Доставчик на църковни материали I","translated",""
"church_supplier_1_d","Craft supplies for the church, such as candles and incense.","Изработвай материали за църквата, като свещи и тамян.","translated",""
"church_supplier_2","Church Supplier II","Доставчик на църковни материали II","translated",""
"church_supplier_3","Church Supplier III","Доставчик на църковни материали III","translated",""
"church_supplier_4","Church Supplier IV","Доставчик на църковни материали IV","translated",""
"church_supplier_5","Church Supplier V","Доставчик на църковни материали V","translated",""
"church_supplier_6","Church Supplier VI","Доставчик на църковни материали VI","translated",""
"church_train","Church Conveyor","Църковен конвейер","translated",""
"church_train_unlock_s","Church Train","Църковен влак","translated",""
"church_upgrade_1_bench_1","Church Cleaning","Почистване на църквата","translated",""
"church_upgrade_2","Church Carpets","Църковни килими","translated",""
"church_upgrade_3","Church Illumination","Църковно осветление","translated",""
"cinnabar","Cinnabar","Цинобър","translated",""
"circular_saw","Circular Saw","Циркуляр","translated",""
"clay","Clay","Глина","translated",""
"clay_container_conveyor","Clay Stockpile","Склад за глина","translated",""
"clay_container_conveyor_TOP_BROKEN","Broken Clay Stockpile","Счупен склад за глина","translated",""
"clay_molds","Clay Molds","Глинени калъпи","translated",""
"clay_zombie_crafter","Clay Digger Stand","Поставка за копач на глина","translated",""
"clean_paper","Clean Paper","Чиста хартия","translated",""
"coal","Coal","Въглища","translated",""
"coal_container_conveyor","Coal Stockpile","Склад за въглища","translated",""
"coal_container_conveyor_TOP_BROKEN","Broken Coal Stockpile","Счупен склад за въглища","translated",""
"cognac","Cognac","Коняк","translated",""
"collar_bronze","Bronze Zombie Collar","Бронзова каишка за зомби","translated",""
"collar_gold","Golden Zombie Collar","Златна каишка за зомби","translated",""
"collar_steel","Steel Zombie Collar","Стоманена каишка за зомби","translated",""
"colon_symbol",":",":","translated",""
"columbariums_1","Columbarium","Колумбарий","translated",""
"combo_prayer_1","Combo Prayer I","Комбинирана молитва I","translated",""
"combo_prayer_2","Combo Prayer II","Комбинирана молитва II","translated",""
"combo_prayer_3","Combo Prayer III","Комбинирана молитва III","translated",""
"comets_tail","Comet's Tail","Опашка на комета","translated",""
"common_greeting","Hi!","Здрасти!","translated",""
"common_leave","Leave","Отказ","translated",""
"common_trade","Trade","Търгувай","translated",""
"complete_insp_for","Complete Inspiration for %1?","Завършване на вдъхновението за %1?","translated",""
"complete_insp_you_get","You will receive %1, filling the bar","Ще получиш %1 и ще запълниш лентата","translated",""
"compost_pile_1","Compost Pile","Компостна купчина","translated",""
"compost_pile_2","Compost Pile II","Компостна купчина II","translated",""
"confession_1","Confession Booth I","Изповедалня I","translated",""
"confession_2","Confession Booth II","Изповедалня II","translated",""
"confession_3","Confession Booth III","Изповедалня III","translated",""
"conveyor_assemblybench","Assembly bench","Работна маса за сглобяване","translated",""
"conveyor_assemblybench_hammer","Assembly bench: Auto-hammer","Работна маса за сглобяване: автоматичен чук","translated",""
"conveyor_assemblybench_machine","Assembly bench: Sewing machine","Работна маса за сглобяване: шевна машина","translated",""
"conveyor_assemblybench_press","Assembly bench: Drill press","Работна маса за сглобяване: пробивна преса","translated",""
"conveyor_assemblybench_t1","Assembly bench I","Работна маса за сглобяване I","translated",""
"conveyor_assemblybench_t2","Assembly bench II","Работна маса за сглобяване II","translated",""
"conveyor_assemblybench_t3","Assembly bench III","Работна маса за сглобяване III","translated",""
"conveyor_assemblybench_turning","Assembly bench: Lathe","Работна маса за сглобяване: струг","translated",""
"conveyor_assemblybench_wheel","Assembly bench: Spinning wheel","Работна маса за сглобяване: чекрък","translated",""
"conveyor_bioreactor","Bioreactor","Биореактор","translated",""
"conveyor_cell","Conveyor Belt","Транспортна лента","translated",""
"conveyor_cell_station","Supply Station","Станция за запаси","translated",""
"conveyor_cell_underground","Underground Conveyor","Подземен конвейер","translated",""
"conveyor_chest_t1","Conveyor Chest I","Сандък за конвейер I","translated",""
"conveyor_chest_t2","Conveyor Chest II","Сандък за конвейер II","translated",""
"conveyor_furnace_bellows","Smithy: Bellows","Ковачница: мях","translated",""
"conveyor_furnace_hammer","Smithy: Hammer","Ковачница: чук","translated",""
"conveyor_furnace_press","Smithy: Press","Ковачница: преса","translated",""
"conveyor_furnace_stone","Smithy: Grindstone","Ковачница: точило","translated",""
"conveyor_furnace_t1","Smithy I","Ковачница I","translated",""
"conveyor_furnace_t2","Smithy II","Ковачница II","translated",""
"conveyor_kitchen_conservat","Kitchen: Sealing Machine","Кухня: машина за запечатване","translated",""
"conveyor_kitchen_millstone","Kitchen: Millstone","Кухня: воденичен камък","translated",""
"conveyor_kitchen_stove","Kitchen: Stove","Кухня: печка","translated",""
"conveyor_kitchen_t1","Kitchen I","Кухня I","translated",""
"conveyor_kitchen_t2","Kitchen II","Кухня II","translated",""
"conveyor_mine_other_side","This way is blocked. I should try from the other side.","Този път е блокиран. Трябва да опитам от другата страна.","translated",""
"conveyor_place_pin_broken","Broken Conveyor Mechanism","Счупен механизъм на конвейера","translated",""
"conveyor_splitter","Conveyor Splitter","Разделител на конвейера","translated",""
"conveyor_storage_t1_p","Supply Pallet","Палет за запаси","translated",""
"conveyor_storage_upgrade_u","Supply Pallet II","Палет за запаси II","translated",""
"conveyor_wine_beer_pallet","Alcohol Storage","Склад за алкохол","translated",""
"cook_baked_apple","Baked apple","Печена ябълка","translated",""
"cook_baked_fish","Baked fish","Печена риба","translated",""
"cook_baked_kebab","Baked kebab","Печен кебап","translated",""
"cook_baked_meat","Baked meat","Печено месо","translated",""
"cook_baked_mushroom","Baked mushrooms","Печени гъби","translated",""
"cook_baked_salmon","Baked salmon","Печена сьомга","translated",""
"cook_beet_grated","Grated beets","Настъргано цвекло","translated",""
"cook_beet_sliced","Beet slices","Резени цвекло","translated",""
"cook_bowl_lentils","Bowl of lentils","Купа леща","translated",""
"cook_bowl_pumpkin","Bowl of pumpkin soup","Купа тиквена супа","translated",""
"cook_burger","Burger","Бургер","translated",""
"cook_cabbage_bowl","Bowl of sauerkraut","Купа кисело зеле","translated",""
"cook_cabbage_soup","Cabbage soup","Зелева супа","translated",""
"cook_cake","Cake","Торта","translated",""
"cook_carrot_cutlet","Carrot cutlet","Морковено кюфте","translated",""
"cook_carrot_soup","Carrot soup","Морковена супа","translated",""
"cook_croissant","Croissant","Кроасан","translated",""
"cook_elder_catfish","Elder's meal","Храна за старейшината","translated",""
"cook_famer_plate","Farmer's plate","Фермерска чиния","translated",""
"cook_fish_nuggets","Fish nuggets","Рибни хапки","translated",""
"cook_fish_soup","Fish soup","Рибена супа","translated",""
"cook_fisherman_dream","Fisherman's dream","Мечта на рибаря","translated",""
"cook_fisherman_pie","Fisherman's pie","Рибарски пай","translated",""
"cook_fisherman_stew","Fisherman's stew","Рибарска яхния","translated",""
"cook_fried_fish","Fried river fish","Пържена речна риба","translated",""
"cook_golden_carp","Fried golden carp","Пържен златен шаран","translated",""
"cook_grape_pie","Grape pie","Гроздов пай","translated",""
"cook_green_jelly","Green jelly","Зелено желе","translated",""
"cook_heavenly_salmon","Heavenly salmon","Небесна сьомга","translated",""
"cook_kebab_fish_mushrooms","Kebab with fish and mushrooms","Кебап с риба и гъби","translated",""
"cook_kebab_fish_onion","Kebab with fish and onion","Кебап с риба и лук","translated",""
"cook_kebab_fish_pumpkin","Kebab with fish and pumpkin","Кебап с риба и тиква","translated",""
"cook_kraken_jr","Kraken steak","Стек от кракен","translated",""
"cook_lasagna","Lasagna","Лазаня","translated",""
"cook_muffin","Muffin","Мъфин","translated",""
"cook_omelette","Omelet","Омлет","translated",""
"cook_onion_rings","Onion rings","Лучени кръгчета","translated",""
"cook_onion_toast","Toast with onions","Тост с лук","translated",""
"cook_pancakes","Pancakes","Палачинки","translated",""
"cook_pasta","Pasta","Паста","translated",""
"cook_pumpkin_baked","Baked pumpkin","Печена тиква","translated",""
"cook_pumpkin_soup","Pumpkin soup","Тиквена супа","translated",""
"cook_red_jelly","Red jelly","Червено желе","translated",""
"cook_sandwich","Sandwich","Сандвич","translated",""
"cook_sea_feast","Sea fish feast","Пиршество от морска риба","translated",""
"cook_smothie","Berry smoothie","Плодово смути","translated",""
"cook_soldier_ale","Soldier's ale","Войнишки ейл","translated",""
"cook_soldier_stew","Soldier's stew","Войнишка яхния","translated",""
"cook_swamp_stew","Swamp stew","Блатна яхния","translated",""
"cook_vegetabe_soup","Vegetable soup","Зеленчукова супа","translated",""
"cook_vegetable_salad","Vegetable salad","Зеленчукова салата","translated",""
"cook_yogurt","Yogurt","Йогурт","translated",""
"cooking_beet","Beet dishes","Ястия от цвекло","translated",""
"cooking_cabbage","Cabbage dishes","Ястия със зеле","translated",""
"cooking_carrot","Carrot dishes","Ястия с моркови","translated",""
"cooking_fire","First dishes","Първи ястия","translated",""
"cooking_fish_myst","Mysterious fish dishes","Ястия с мистериозна риба","translated",""
"cooking_fish_river","River fish dishes","Ястия с речна риба","translated",""
"cooking_fish_sea","Sea fish dishes","Ястия с морска риба","translated",""
"cooking_meat","Oh no!","О, не!","translated",""
"cooking_meat_minced","Anyway...","Както и да е...","translated",""
"cooking_onion","Onion dishes","Ястия с лук","translated",""
"cooking_pastries","Pastries","Сладкиши","translated",""
"cooking_pumpkin","Pumpkin dishes","Ястия с тиква","translated",""
"cooking_soldier","Soldier's food","Войнишка храна","translated",""
"cooking_vegetables","Vegetable dishes","Зеленчукови ястия","translated",""
"cooking_wild","First snacks","Първи закуски","translated",""
"copper_scrap","Copper Scrap","Меден скрап","translated",""
"corpse_burner_1","Corpse Burner I","Горелка за трупове I","translated",""
"corpse_burner_1_d","A cleaner solution for complicated problems. Burn corpses in the Crematorium.","По-чисто решение на сложните проблеми. Гори трупове в крематориума.","translated",""
"corpse_burner_2","Corpse Burner II","Горелка за трупове II","translated",""
"corpse_burner_3","Corpse Burner III","Горелка за трупове III","translated",""
"corpse_burner_4","Corpse Burner IV","Горелка за трупове IV","translated",""
"corpse_burner_5","Corpse Burner V","Горелка за трупове V","translated",""
"craft_pick_res_hint_surv","Choose item for study","Избери предмет за изучаване","translated",""
"crematorium_1_s","Crematorium I","Крематориум I","translated",""
"crematorium_2_s","Crematorium II","Крематориум II","translated",""
"crystal_goddess","Blue Crystal","Син кристал","translated",""
"cust_color_body_1_switcher","Body 1 Color","Цвят на тяло 1","translated",""
"cust_color_body_2_switcher","Body 2 Color","Цвят на тяло 2","translated",""
"cust_color_body_3_switcher","Body 3 Color","Цвят на тяло 3","translated",""
"cust_color_body_all_switchers","Clothes Color","Цвят на дрехите","translated",""
"cust_color_hair_switcher","Hair Color","Цвят на косата","translated",""
"cust_type_beard_switcher","Beard","Брада","translated",""
"cust_type_body_switcher","Clothes","Дрехи","translated",""
"cust_type_hair_switcher","Hairstyle","Прическа","translated",""
"customization_enable_s","Dresser with mirror","Гардероб с огледало","translated",""
"damage_potion","Damage Potion","Отвара за щети","translated",""
"damage_potion_2","Damage Potion II","Отвара за щети II","translated",""
"damage_potion_2_d","Increases your damage. Combat Only.","Увеличава щетите ти. Само в битка.","translated",""
"damage_potion_3","Damage Potion III","Отвара за щети III","translated",""
"damage_potion_3_d","Greatly increases your damage. Combat Only.","Силно увеличава щетите ти. Само в битка.","translated",""
"damage_potion_d","Slightly increases your damage. Combat Only.","Леко увеличава щетите ти. Само в битка.","translated",""
"debuff_excessive_zombie","Excessive zombies","Прекалено много зомбита","translated",""
"debuff_excessive_zombie_d","You have too many zombies, and it's creeping people out. Your sermons are less effective.","Имаш твърде много зомбита и хората се плашат. Проповедите ти са по-малко ефективни.","translated",""
"default_agree","Agree.","Съгласен съм.","translated",""
"default_any_news","Any news?","Някакви новини?","translated",""
"default_cant_agree","Afraid not.","Не бих казал.","translated",""
"default_dots","...","...","translated",""
"default_fine","Fine.","Добре.","translated",""
"default_hey","Hey!","Хей!","translated",""
"default_im_going_home","I'm going home.","Прибирам се.","translated",""
"default_main_i_font_need_it","I don't need it.","Не ми трябва.","translated",""
"default_main_might_be_useful_later","Might be useful later.","Може да потрябва по-късно.","translated",""
"default_main_not_right_now","Not right now.","Не точно сега.","translated",""
"default_no","No.","Не.","translated",""
"default_nope","Nope.","Нъцки.","translated",""
"default_not_in_million_years","Not in a million years.","Никога на този свят.","translated",""
"default_okay","Okay.","Добре.","translated",""
"default_right","Right.","Точно така.","translated",""
"default_see_you_tomorrow","See you tomorrow.","До утре.","translated",""
"default_so_dots","So...","И така...","translated",""
"default_so_q","So?","И?","translated",""
"default_sure","Sure.","Разбира се.","translated",""
"default_well","Well.","Е, добре.","translated",""
"default_well_dots","Well...","Е...","translated",""
"default_whats_up","What's up?","Какво става?","translated",""
"default_yeah","Yeah.","Да.","translated",""
"default_yes","Yes.","Да.","translated",""
"delete_slot","Delete selected game?","Да изтрия ли избраната игра?","translated",""
"demo_time_up_header","Time is up","Времето изтече","translated",""
"demo_time_up_text","Thank you for playing our demo!
See you at the release!","Благодарим, че играхте демото ни!
Ще се видим при излизането!","translated",""
"demon","Demon","Демон","translated",""
"dentist_teeth_1","Dentist I","Зъболекар I","translated",""
"dentist_teeth_1_d","The dead make the quietest patients. Extract teeth from skulls.","Мъртвите са най-тихите пациенти. Изваждай зъби от черепи.","translated",""
"dentist_teeth_2","Dentist II","Зъболекар II","translated",""
"dentist_teeth_3","Dentist III","Зъболекар III","translated",""
"descent_ladder_forest_broken","Broken Ladder","Счупена стълба","translated",""
"detail_1","Simple iron part","Проста желязна част","translated",""
"detail_1_iron","Iron Detail","Желязна част","translated",""
"detail_1_steel","Steel Detail","Стоманена част","translated",""
"detail_2","Complex iron part","Сложна желязна част","translated",""
"detail_2_iron","Advanced Detail","Усъвършенствана част","translated",""
"detail_2_steel","Engineering Details","Инженерни части","translated",""
"detail_trash","Trash Detail","Част от отпадъци","translated",""
"details_1_bronze","Bronze Detail","Бронзова част","translated",""
"details_1_copper","Copper Detail","Медна част","translated",""
"disco_prayer_test","Disco Prayer","Диско молитва","translated",""
"distillation_cube","Distillation Cube","Дестилационен куб","translated",""
"distiller_1","Distiller I","Дестилатор I","translated",""
"distiller_1_d","Distill products on Distillation Cube.","Дестилирай продукти в дестилационния куб.","translated",""
"distiller_2","Distiller II","Дестилатор II","translated",""
"distiller_3","Distiller III","Дестилатор III","translated",""
"distiller_4","Distiller IV","Дестилатор IV","translated",""
"distiller_5","Distiller V","Дестилатор V","translated",""
"distiller_6","Distiller VI","Дестилатор VI","translated",""
"doctor_meeting_code","Secret combination","Тайна комбинация","translated",""
"dough","Dough","Тесто","translated",""
"drape_luxury","Luxury Drapes","Луксозни завеси","translated",""
"dust_explosive","Explosive Dust","Експлозивен прах","translated",""
"dye","Dye","Боя","translated",""
"dynamite","Dynamite","Динамит","translated",""
"egg_chicken","Chicken Egg","Кокоше яйце","translated",""
"embalm_red","Solution for Zombies","Разтвор за зомбита","translated",""
"embalm_red_white","Injection for Zombies","Инжекция за зомбита","translated",""
"embalm_table_1","Embalming Table I","Маса за балсамиране I","translated",""
"embalm_table_2","Embalming Table II","Маса за балсамиране II","translated",""
"embalm_white","Solution for Corpses","Разтвор за трупове","translated",""
"embalm_white_red","Injection for Corpses","Инжекция за трупове","translated",""
"embalmator_1","Embalmer I","Балсаматор I","translated",""
"embalmator_1_d","Looking fresh has never been so permanent. Embalm corpses.","Свежият вид никога не е бил толкова траен. Балсамирай трупове.","translated",""
"embalmator_2","Embalmer II","Балсаматор II","translated",""
"embalmator_3","Embalmer III","Балсаматор III","translated",""
"embalmator_4","Embalmer IV","Балсаматор IV","translated",""
"embalmator_5","Embalmer V","Балсаматор V","translated",""
"embalming_advanced","Embalming II","Балсамиране II","translated",""
"embalming_basic","Embalming I","Балсамиране I","translated",""
"embalming_master","Embalming III","Балсамиране III","translated",""
"end_pre_fight","Retreat","Отстъпи","translated",""
"energy","Energy","Енергия","translated",""
"energy_potion","Energy Potion","Отвара за енергия","translated",""
"energy_potion_2","Energy Potion II","Отвара за енергия II","translated",""
"energy_potion_3","Energy Potion III","Отвара за енергия III","translated",""
"energy_potion_d","Grants temporary energy regeneration","Осигурява временно възстановяване на енергията","translated",""
"energy_potion_scroll","Energy Potion Scroll","Свитък за отвара за енергия","translated",""
"engineering_kit","Engineering Kit","Инженерен комплект","translated",""
"enhanced_selection","Enhanced Selection","Подобрен подбор","translated",""
"enhanced_selection_d","all seed quality +0.35","качеството на всички семена +0,35","translated",""
"ev_needles","Everlasting Needles","Вечни игли","translated",""
"exhume","Exhume Body","Ексхумирай тялото","translated",""
"exhume_certificate","Exhumation Certificate","Удостоверение за ексхумация","translated",""
"exhume_confirmation","To exhume a body, you need to have:","За да ексхумираш тяло, трябва да имаш:","translated",""
"exhume_confirmation_bot","Are you sure you want to exhume the body?","Сигурен ли си, че искаш да ексхумираш тялото?","translated",""
"exit_menu_confirm","Are you sure?","Сигурен ли си?","translated",""
"exit_menu_confirm_txt","All unsaved progress will be lost.","Всички незапазени промени ще бъдат загубени.","translated",""
"exit_menu_confirm_txt_2","The game saves automatically after sleep.","Играта се запазва автоматично след сън.","translated",""
"exit_menu_confirm_txt_3","Exit to the Main Menu?","Изход към главното меню?","translated",""
"exit_menu_confirm_txt_new","All unsaved progress will be lost.
The game saves automatically when you sleep.
Exit to main menu?","Всички незапазени промени ще бъдат загубени.
Играта се запазва автоматично, когато спиш.
Изход към главното меню?","translated",""
"exorcise_demon","Exorcise Demon","Изгони демона","translated",""
"exorcism_table_1","Exorcism Table I","Маса за екзорсизъм I","translated",""
"exorcism_table_2","Exorcism Table II","Маса за екзорсизъм II","translated",""
"exorcism_table_3","Exorcism Table III","Маса за екзорсизъм III","translated",""
"exp_blue_potion","Toxic <sprite name=""talent_blue""> Potion","Отровна <sprite name=""talent_blue""> отвара","translated",""
"exp_blue_potion_2","Toxic <sprite name=""talent_blue""> Potion II","Отровна <sprite name=""talent_blue""> отвара II","translated",""
"exp_green_potion","Toxic <sprite name=""talent_green""> Potion","Отровна <sprite name=""talent_green""> отвара","translated",""
"exp_green_potion_2","Toxic <sprite name=""talent_green""> Potion II","Отровна <sprite name=""talent_green""> отвара II","translated",""
"exp_orange_potion","Toxic <sprite name=""talent_orange""> Potion","Отровна <sprite name=""talent_orange""> отвара","translated",""
"exp_orange_potion_2","Toxic <sprite name=""talent_orange""> Potion II","Отровна <sprite name=""talent_orange""> отвара II","translated",""
"exp_potion_b_1","Toxic <sprite name=""tech_blue""> Potion","Отровна <sprite name=""tech_blue""> отвара","translated",""
"exp_potion_b_1_use","Blue training I","Синьо обучение I","translated",""
"exp_potion_b_2","Toxic <sprite name=""tech_blue""> Potion II","Отровна <sprite name=""tech_blue""> отвара II","translated",""
"exp_potion_b_2_use","Blue training II","Синьо обучение II","translated",""
"exp_potion_g_1","Toxic <sprite name=""tech_green""> Potion","Отровна <sprite name=""tech_green""> отвара","translated",""
"exp_potion_g_1_use","Green training I","Зелено обучение I","translated",""
"exp_potion_g_2","Toxic <sprite name=""tech_green""> Potion II","Отровна <sprite name=""tech_green""> отвара II","translated",""
"exp_potion_g_2_use","Green training II","Зелено обучение II","translated",""
"exp_potion_r_1","Toxic <sprite name=""tech_red""> Potion","Отровна <sprite name=""tech_red""> отвара","translated",""
"exp_potion_r_1_use","Red training I","Червено обучение I","translated",""
"exp_potion_r_2","Toxic <sprite name=""tech_red""> Potion II","Отровна <sprite name=""tech_red""> отвара II","translated",""
"exp_potion_r_2_use","Red training II","Червено обучение II","translated",""
"exp_red_potion","Toxic <sprite name=""talent_red""> Potion","Отровна <sprite name=""talent_red""> отвара","translated",""
"exp_red_potion_2","Toxic <sprite name=""talent_red""> Potion II","Отровна <sprite name=""talent_red""> отвара II","translated",""
"exp_yellow_potion","Toxic <sprite name=""talent_yellow""> Potion","Отровна <sprite name=""talent_yellow""> отвара","translated",""
"exp_yellow_potion_2","Toxic <sprite name=""talent_yellow""> Potion II","Отровна <sprite name=""talent_yellow""> отвара II","translated",""
"extract_bones","Remove bones","Извади костите","translated",""
"extract_brain","Remove brain","Извади мозъка","translated",""
"extract_guts","Remove guts","Извади червата","translated",""
"extract_heart","Remove heart","Извади сърцето","translated",""
"extract_organ","Extract Organ","Извади орган","translated",""
"extract_skin_1_1","Remove skin","Извади кожата","translated",""
"extract_skull","Remove skull","Извади черепа","translated",""
"fabric_flax","Fabric","Плат","translated",""
"fairy_swamp_map","Fairy's Swamp Map","Карта на блатото на Феята","translated",""
"faith","Faith","Вяра","translated",""
"faith_prayer_tier_1_test","Faith Prayer","Молитва за вяра","translated",""
"fake_blood_craft","Remove blood","Извади кръвта","translated",""
"fake_bones_craft","Remove and replace bones","Извади и замени костите","translated",""
"fake_brain_craft","Remove and replace brain","Извади и замени мозъка","translated",""
"fake_fat_craft","Remove fat","Извади мазнината","translated",""
"fake_flesh_craft","Remove flesh","Извади плътта","translated",""
"fake_guts_craft","Remove and replace guts","Извади и замени червата","translated",""
"fake_heart_craft","Remove and replace heart","Извади и замени сърцето","translated",""
"fake_skin_craft","Remove and replace skin","Извади и замени кожата","translated",""
"fake_skull_craft","Remove and replace skull","Извади и замени черепа","translated",""
"farming_lvl_up_1","Farming mastery +1<sprite name=""talent_green"">","Майсторство в земеделието +1<sprite name=""talent_green"">","translated",""
"farming_lvl_up_2","Farming mastery +2<sprite name=""talent_green"">","Майсторство в земеделието +2<sprite name=""talent_green"">","translated",""
"fat","Fat","Мазнина","translated",""
"fermentation_barrel","Fermentation Barrel","Буре за ферментация","translated",""
"fertilize_add_cells_1","Crop Boosting Fertilizer I","Тор за подсилване на културите I","translated",""
"fertilize_add_cells_2","Crop Boosting Fertilizer II","Тор за подсилване на културите II","translated",""
"fertilize_farming_1","Farming Fertilizer I","Тор за земеделие I","translated",""
"fertilize_farming_2","Farming Fertilizer II","Тор за земеделие II","translated",""
"fertilize_farming_3","Farming Fertilizer III","Тор за земеделие III","translated",""
"fertilize_farming_4","Farming Fertilizer IV","Тор за земеделие IV","translated",""
"fertilize_start_bonus_1","Headstart Fertilizer I","Тор за преднина I","translated",""
"fertilize_start_bonus_2","Headstart Fertilizer II","Тор за преднина II","translated",""
"fertilizer_1","Fertilizers I","Торове I","translated",""
"fertilizer_2","Fertilizers II","Торове II","translated",""
"fertilizer_3","Fertilizers III","Торове III","translated",""
"fertilizer_4","Fertilizers IV","Торове IV","translated",""
"fertilizer_add_cells_1","Crop Boosting Fertilizer I","Тор за подсилване на културите I","translated",""
"fertilizer_add_cells_1_d","Adds 1 craft length","Добавя 1 към дължината на изработката","translated",""
"fertilizer_add_cells_2","Crop Boosting Fertilizer II","Тор за подсилване на културите II","translated",""
"fertilizer_add_cells_2_d","Adds 2 craft length","Добавя 2 към дължината на изработката","translated",""
"fertilizer_add_cells_3_d","Adds 3 craft length","Добавя 3 към дължината на изработката","translated",""
"fertilizer_add_cells_4_d","Adds 4 craft length","Добавя 4 към дължината на изработката","translated",""
"fertilizer_farming_1","Farming Fertilizer I","Тор за земеделие I","translated",""
"fertilizer_farming_1_d","Adds +1<sprite name=""talent_green""> to the garden bed","Добавя +1<sprite name=""talent_green""> към градинската леха","translated",""
"fertilizer_farming_2","Farming Fertilizer II","Тор за земеделие II","translated",""
"fertilizer_farming_2_d","Adds +2<sprite name=""talent_green""> to the garden bed","Добавя +2<sprite name=""talent_green""> към градинската леха","translated",""
"fertilizer_farming_3","Farming Fertilizer III","Тор за земеделие III","translated",""
"fertilizer_farming_3_d","Adds +3<sprite name=""talent_green""> to the garden bed","Добавя +3<sprite name=""talent_green""> към градинската леха","translated",""
"fertilizer_farming_4","Farming Fertilizer IV","Тор за земеделие IV","translated",""
"fertilizer_farming_4_d","Adds +4<sprite name=""talent_green""> to the garden bed","Добавя +4<sprite name=""talent_green""> към градинската леха","translated",""
"fertilizer_farming_5","Farming Fertilizer V","Тор за земеделие V","translated",""
"fertilizer_farming_5_d","Adds +5<sprite name=""talent_green""> to the garden bed","Добавя +5<sprite name=""talent_green""> към градинската леха","translated",""
"fertilizer_farming_6","Farming Fertilizer VI","Тор за земеделие VI","translated",""
"fertilizer_farming_6_d","Adds +6<sprite name=""talent_green""> to the garden bed","Добавя +6<sprite name=""talent_green""> към градинската леха","translated",""
"fertilizer_farming_7","Farming Fertilizer VII","Тор за земеделие VII","translated",""
"fertilizer_farming_7_d","Adds +7<sprite name=""talent_green""> to the garden bed","Добавя +7<sprite name=""talent_green""> към градинската леха","translated",""
"fertilizer_farming_8","Farming Fertilizer VIII","Тор за земеделие VIII","translated",""
"fertilizer_farming_8_d","Adds +8<sprite name=""talent_green""> to the garden bed","Добавя +8<sprite name=""talent_green""> към градинската леха","translated",""
"fertilizer_slot_1","Fertilizer Slot","Слот за тор","translated",""
"fertilizer_slot_1_d","chance to use fertilizer","шанс за използване на тор","translated",""
"fertilizer_start_bonus_1","Headstart Fertilizer I","Тор за преднина I","translated",""
"fertilizer_start_bonus_1_d","Adds 1 craft progress","Добавя 1 към напредъка на изработката","translated",""
"fertilizer_start_bonus_2","Headstart Fertilizer II","Тор за преднина II","translated",""
"fertilizer_start_bonus_2_d","Adds 2 craft progress","Добавя 2 към напредъка на изработката","translated",""
"fertilizer_start_bonus_3_d","Adds 3 craft progress","Добавя 3 към напредъка на изработката","translated",""
"fertilizer_start_bonus_4_d","Adds 4 craft progress","Добавя 4 към напредъка на изработката","translated",""
"fertilizer:peat","Peat","Торф","translated",""
"fertilizer:peat_d","Adds +1<sprite name=""talent_green""> to the garden bed","Добавя +1<sprite name=""talent_green""> към градинската леха","translated",""
"fight_A1_1","Break Through to the Port","Пробив към пристанището","translated",""
"fight_A2_1","Eastern Districts: Active Scouting","Източни квартали: активно разузнаване","translated",""
"fight_A2_2","Eastern Districts Purge","Прочистване на източните квартали","translated",""
"fight_A3_1","Market Square Purge","Прочистване на пазарния площад","translated",""
"fight_A4_1","Central Districts Purge: Part I","Прочистване на централните квартали: част I","translated",""
"fight_A4_2","Central Districts Purge: Part II","Прочистване на централните квартали: част II","translated",""
"fight_B1_1","Closing the Western Floodgate","Затваряне на западния шлюз","translated",""
"fight_B2_1","Closing the Eastern Floodgate: Part I","Затваряне на източния шлюз: част I","translated",""
"fight_B2_2","Closing the Eastern Floodgate: Part II","Затваряне на източния шлюз: част II","translated",""
"fight_B3_1","Operation POTATO: Part I","Операция КАРТОФ: част I","translated",""
"fight_B3_2","Operation POTATO: Part II","Операция КАРТОФ: част II","translated",""
"fight_B5_1","Battle at the Lake","Битка при езерото","translated",""
"fight_C0_1","Break Through to the Bathhouse Basement","Пробив към мазето на банята","translated",""
"fight_C1_1","Final Battle","Последна битка","translated",""
"fight_lost","You lost.","Загуби.","translated",""
"fight_S0_1","Sewerena (The Sewer Arena)","Каналена (канализационната арена)","translated",""
"fight_S1_1","Sewer Brawl I","Канализационна свада I","translated",""
"fight_S2_1","Sewer Brawl II","Канализационна свада II","translated",""
"fight_start_equipment_reason","I must equip sword and armor","Трябва да екипирам меч и броня","translated",""
"fight_window_dead","Dead!","Мъртъв!","translated",""
"fight_window_lose","Lose!","Загуба!","translated",""
"fight_window_win","Win!","Победа!","translated",""
"fight_won","You won!","Победи!","translated",""
"fighting_level_town_1","City Fight I","Градска битка I","translated",""
"fighting_level_town_2","City Fight II","Градска битка II","translated",""
"fighting_level_town_3","City Square Defense","Защита на градския площад","translated",""
"fighting_level_town_4","City Fight III","Градска битка III","translated",""
"fillet_fish_myst","Mysterious fish fillet","Филе от мистериозна риба","translated",""
"fillet_fish_river","River fish fillet","Филе от речна риба","translated",""
"fillet_fish_sea","Sea fish fillet","Филе от морска риба","translated",""
"fire","Fuel","Гориво","translated",""
"fireflight","Firefly","Светулка","translated",""
"firelord_1","Firelord I","Господар на огъня I","translated",""
"firelord_1_d","Craft stuff in the Fire","Изработвай предмети в огъня","translated",""
"firelord_2","Firelord II","Господар на огъня II","translated",""
"firelord_3","Firelord III","Господар на огъня III","translated",""
"firelord_4","Firelord IV","Господар на огъня IV","translated",""
"firelord_5","Firelord V","Господар на огъня V","translated",""
"firewood","Firewood","Дърва за огрев","translated",""
"firewood_shed_1","Firewood shed I","Навес за дърва I","translated",""
"firewood_shed_2","Firewood shed II","Навес за дърва II","translated",""
"fish_anchovy","Anchovy","Хамсия","translated",""
"fish_bream","Bream","Платика","translated",""
"fish_carp","Carp","Шаран","translated",""
"fish_catfish","Catfish","Сом","translated",""
"fish_celestial_salmon","Celestial Salmon","Небесна сьомга","translated",""
"fish_crucian","Crucian","Каракуда","translated",""
"fish_dace","Herring","Херинга","translated",""
"fish_eel","Eel","Змиорка","translated",""
"fish_elder_catfish","Elder Catfish","Старейшински сом","translated",""
"fish_frog","Frog","Жаба","translated",""
"fish_goldfish","Goldfish","Златна рибка","translated",""
"fish_gudgeon","Gudgeon","Кротушка","translated",""
"fish_kraken_jr","Kraken Jr","Младши кракен","translated",""
"fish_mackerel","Mackerel","Скумрия","translated",""
"fish_mythic_carp","Mythic Carp","Митичен шаран","translated",""
"fish_pike","Pike","Щука","translated",""
"fish_roach","Roach","Хлебарка","translated",""
"fish_salmon","Salmon","Сьомга","translated",""
"fish_silverfin","Silverfin","Сребърна перка","translated",""
"fish_swamp_ghost","Swamp Ghost","Блатен призрак","translated",""
"Fish_t1","Fish Stand","Рибарски щанд","translated",""
"Fish_t2","Fish Stand II","Рибарски щанд II","translated",""
"Fish_t3","Fish Stand III","Рибарски щанд III","translated",""
"fish_trout","Trout","Пъстърва","translated",""
"fish_tuna","Tuna","Риба тон","translated",""
"fishing_1","Fishing I","Риболов I","translated",""
"fishing_2","Fishing II","Риболов II","translated",""
"fishing_3","Fishing III","Риболов III","translated",""
"fishing_4","Fishing IV","Риболов IV","translated",""
"fishing_next_time","Ehh, Next time I guess...","Ех, другия път, предполагам...","translated",""
"fishing_no_bait","I don't have the right bait for this kind of fish","Нямам подходящата стръв за този вид риба","translated",""
"fishing_no_fish","There are no fish left here","Тук не са останали риби","translated",""
"fishing_no_mastery","I don't have enough mastery","Нямам достатъчно майсторство","translated",""
"fishing_no_rod","I can't fish without a fishing rod...","Не мога да ловя без въдица...","translated",""
"flag_blue","Victory Flag","Флаг на победата","translated",""
"flag_reward","Victory Banner","Знаме на победата","translated",""
"flax","Flax","Лен","translated",""
"flax_seed","Flax Seed","Ленено семе","translated",""
"flesh","Flesh","Плът","translated",""
"flitch","Board","Дъска","translated",""
"flitch_d","A useful item for crafting","Полезен предмет за изработка","translated",""
"flour","Flour","Брашно","translated",""
"flower_night","Night flower","Нощно цвете","translated",""
"flower_rhod","Rhododendron","Рододендрон","translated",""
"forest_pass","Forest Pass","Пропуск за гората","translated",""
"forest_pass_d","Might be useful for entering the forest.","Може да е полезен за влизане в гората.","translated",""
"formation_master_1","Formula Master I","Майстор на формулите I","translated",""
"formation_master_1_d","Create items at the Formulation Bench.","Създавай предмети на масата за формулиране.","translated",""
"formation_master_2","Formula Master II","Майстор на формулите II","translated",""
"formation_master_3","Formula Master III","Майстор на формулите III","translated",""
"formation_master_4","Formula Master IV","Майстор на формулите IV","translated",""
"formation_master_5","Formula Master V","Майстор на формулите V","translated",""
"formation_master_6","Formula Master VI","Майстор на формулите VI","translated",""
"formulation_bench","Formulation Bench","Маса за формулиране","translated",""
"fragrance","Fragrance","Аромат","translated",""
"fried_egg","Fried egg","Пържено яйце","translated",""
"frill","Lace","Дантела","translated",""
"fuel_firewood_shed_d","Add wood","Добави дърва","translated",""
"furnace_1","Furnace I","Пещ I","translated",""
"furnace_2","Furnace II","Пещ II","translated",""
"furnace_bellows_1","Bellows","Мях","translated",""
"furnace_casting_table_1","Casting Table","Леярска маса","translated",""
"furnace_place","Furnace","Пещ","translated",""
"furniture_kit_1","Furniture Kit I","Комплект за мебели I","translated",""
"furniture_kit_2","Furniture Kit II","Комплект за мебели II","translated",""
"Furniture_t1","Furniture Maker","Мебелист I","translated",""
"Furniture_t2","Furniture Maker II","Мебелист II","translated",""
"Furniture_t3","Furniture Maker III","Мебелист III","translated",""
"garden_appletree","Apple tree","Ябълково дърво","translated",""
"garden_appletree_place","Apple Tree","Ябълково дърво","translated",""
"garden_bags_storage_1","Garden Storage I","Градински склад I","translated",""
"garden_bags_storage_2","Garden Storage II","Градински склад II","translated",""
"garden_bags_storage_3","Garden Storage III","Градински склад III","translated",""
"garden_bed","Gardening","Градинарство","translated",""
"garden_bed_1","Garden Bed I 1 <sprite name=""talent_green"">","Градинска леха I 1 <sprite name=""talent_green"">","translated",""
"garden_bed_2","Garden Bed II 3 <sprite name=""talent_green"">","Градинска леха II 3 <sprite name=""talent_green"">","translated",""
"garden_bed_3","Garden Bed III 6 <sprite name=""talent_green"">","Градинска леха III 6 <sprite name=""talent_green"">","translated",""
"garden_bed_4","Garden Bed IV 10 <sprite name=""talent_green"">","Градинска леха IV 10 <sprite name=""talent_green"">","translated",""
"garden_bed_5","Garden Bed V 14 <sprite name=""talent_green"">","Градинска леха V 14 <sprite name=""talent_green"">","translated",""
"garden_beer","Brewing","Варене","translated",""
"garden_beet","Beet Bed","Леха с цвекло","translated",""
"garden_beet_growing_d","Growing Beets","Отглеждане на цвекло","translated",""
"garden_cabbage","Cabbage Bed","Леха със зеле","translated",""
"garden_cabbage_growing_1_d","Growing Cabbage","Отглеждане на зеле","translated",""
"garden_carrot","Carrot Bed","Леха с моркови","translated",""
"garden_carrot_growing_d","Growing Carrots","Отглеждане на моркови","translated",""
"garden_compost_pile_upgrade_s","Compost Pile Upgrade","Подобрение на компостната купчина","translated",""
"garden_crafter","Gardener Stand","Поставка на градинаря","translated",""
"garden_empty","Garden Bed","Градинска леха","translated",""
"garden_extension_trees_bushes","Orchard","Овощна градина","translated",""
"garden_farming_base_1_s","Garden Upgrade I","Подобрение на градината I","translated",""
"garden_farming_base_2_s","Garden Upgrade II","Подобрение на градината II","translated",""
"garden_grape_growing_1_d","Growing Grapes","Отглеждане на грозде","translated",""
"garden_grapes","Grapes Bed","Леха с грозде","translated",""
"garden_honey","Beekeeping","Пчеларство","translated",""
"garden_hop","Hops Bed","Леха с хмел","translated",""
"garden_hop_growing_d","Growing Hops","Отглеждане на хмел","translated",""
"garden_improve_1","Garden Improvement I","Подобрение на градината I","translated",""
"garden_improve_2","Garden Improvement II","Подобрение на градината II","translated",""
"garden_linum","Flax Bed","Леха с лен","translated",""
"garden_linum_growing_d","Growing Flax","Отглеждане на лен","translated",""
"garden_mead","Mead Making","Производство на медовина","translated",""
"garden_onion","Onion Bed","Леха с лук","translated",""
"garden_onion_growing_1_d","Growing Onions","Отглеждане на лук","translated",""
"garden_potato","Potato Bed","Леха с картофи","translated",""
"garden_potato_growing_d","Growing Potatoes","Отглеждане на картофи","translated",""
"garden_pumpkin","Pumpkin Bed","Леха с тикви","translated",""
"garden_pumpkin_growing_1_d","Growing Pumpkins","Отглеждане на тикви","translated",""
"garden_sider","Cider Brewery","Пивоварна за сайдер","translated",""
"garden_tablet_beet","Tablet ""Beet""","Табличка „Цвекло“","translated",""
"garden_tablet_cabbage","Tablet ""Cabbage""","Табличка „Зеле“","translated",""
"garden_tablet_carrot","Tablet ""Carrot""","Табличка „Морков“","translated",""
"garden_tablet_flax","Tablet ""Flax""","Табличка „Лен“","translated",""
"garden_tablet_grape","Tablet ""Grapes""","Табличка „Грозде“","translated",""
"garden_tablet_hop","Tablet ""Hops""","Табличка „Хмел“","translated",""
"garden_tablet_onion","Tablet ""Onion""","Табличка „Лук“","translated",""
"garden_tablet_pumpkin","Tablet ""Pumpkin""","Табличка „Тиква“","translated",""
"garden_tablet_wheat","Tablet ""Wheat""","Табличка „Пшеница“","translated",""
"garden_vineyard","Vineyard","Лозе","translated",""
"garden_wheat","Wheat Bed","Леха с пшеница","translated",""
"garden_wheat_growing_d","Growing Wheat","Отглеждане на пшеница","translated",""
"garden_wine","Winemaking","Производство на вино","translated",""
"gardening_no_mastery","I don't have enough mastery","Нямам достатъчно майсторство","translated",""
"gem","Gem","Скъпоценен камък","translated",""
"get_new_people","New people","Нови хора","translated",""
"get_new_people_lock_10","Attract 4 new people","Привлечи 4 нови души","translated",""
"get_new_people_lock_10_2","Attract 3 new people","Привлечи 3 нови души","translated",""
"get_new_people_lock_20","Attract 10 new people","Привлечи 10 нови души","translated",""
"get_new_people_lock_30","Attract 10 new people","Привлечи 10 нови души","translated",""
"get_new_people_lock_40","Even more people","Още повече хора","translated",""
"get_new_people_scroll_x1","Attract 1 new person","Привлечи 1 нов човек","translated",""
"get_new_people_scroll_x10","Attract 10 new people","Привлечи 10 нови души","translated",""
"get_new_people_scroll_x5","Attract 5 new people","Привлечи 5 нови души","translated",""
"glass","Glass","Стъкло","translated",""
"glass_blowing","Glass","Стъкло","translated",""
"glass_blowing_2","Glass Blowing","Издухване на стъкло","translated",""
"glass_bottle_empty","Empty Glass Bottle","Празна стъклена бутилка","translated",""
"glass_containers","Glass Containers","Стъклени съдове","translated",""
"glue","Glue","Лепило","translated",""
"gold_nugget","Golden nugget","Златен къс","translated",""
"graden_trees","Orchardry","Овощарство","translated",""
"grape","Grapes","Грозде","translated",""
"grape_juice","Grape Juice","Гроздов сок","translated",""
"grape_seed","Grape Seeds","Гроздови семки","translated",""
"grape_wine","Wine","Вино","translated",""
"grave_alley_1","Graveyard Walkway I","Пътека в гробището I","translated",""
"grave_bot_mrb_1","Marble Fence I","Мраморна ограда I","translated",""
"grave_bot_mrb_2","Marble Fence II","Мраморна ограда II","translated",""
"grave_bot_stn_1","Stone Fence I","Каменна ограда I","translated",""
"grave_bot_stn_2","Stone Fence II","Каменна ограда II","translated",""
"grave_bot_wd_1","Wooden Fence I","Дървена ограда I","translated",""
"grave_bot_wd_2","Wooden Fence II","Дървена ограда II","translated",""
"grave_buildings_marble_1","Marble Gravestones I","Мраморни надгробни плочи I","review","Grave terminology checked against the original item categories."
"grave_buildings_marble_2","Marble Gravestones II","Мраморни надгробни плочи II","review","Grave terminology checked against the original item categories."
"grave_buildings_stone_1","Stone Gravestones I","Каменни надгробни плочи I","review","Grave terminology checked against the original item categories."
"grave_buildings_stone_2","Stone Gravestones II","Каменни надгробни плочи II","review","Grave terminology checked against the original item categories."
"grave_buildings_wood_1","Wooden Gravestones I","Дървени надгробни плочи I","review","Grave terminology checked against the original item categories."
"grave_buildings_wood_2","Wooden Gravestones II","Дървени надгробни плочи II","review","Grave terminology checked against the original item categories."
"grave_empty","Empty Grave","Празен гроб","translated",""
"grave_tomb_gence_1","Wooden Decor","Дървена украса","translated",""
"grave_tomb_gence_2","Pretty Graveyard","Красиво гробище","translated",""
"grave_top_mrb_1","Marble Cross I","Мраморен кръст I","review","Item name kept short; context identifies it as a grave marker."
"grave_top_mrb_2","Marble Cross II","Мраморен кръст II","review","Item name kept short; context identifies it as a grave marker."
"grave_top_stn_1","Gravestone I","Надгробен камък I","review","Grave terminology checked against the original item categories."
"grave_top_stn_2","Gravestone II","Надгробен камък II","review","Grave terminology checked against the original item categories."
"grave_top_wd_0","Wooden Sign","Дървен кръст","review","The initial grave marker is visibly a simple cross; item name kept short."
"grave_top_wd_1","Wooden Cross I","Дървен кръст I","review","Item name kept short; context identifies it as a grave marker."
"grave_top_wd_2","Wooden Cross II","Дървен кръст II","review","Item name kept short; context identifies it as a grave marker."
"grave_top_wd_sinful_1","Unholy Cross I","Нечестив кръст I","review","Item name kept short; context identifies it as a grave marker."
"graveyard_bench_1","Exterior Bench I","Външна пейка I","translated",""
"graveyard_bench_2","Exterior Bench II","Външна пейка II","translated",""
"graveyard_bench_3","Exterior Bench III","Външна пейка III","translated",""
"graveyard_bench_test","Bench","Пейка","translated",""
"graveyard_columbarium_1","Columbarium I","Колумбарий I","translated",""
"graveyard_columbarium_2","Columbarium II","Колумбарий II","translated",""
"graveyard_columbarium_test","Columbarium","Колумбарий","translated",""
"graveyard_crypt","Crypt","Крипта","translated",""
"graveyard_flowerbed_1","Flower Bed I","Цветна леха I","translated",""
"graveyard_flowerbed_2","Flower Bed II","Цветна леха II","translated",""
"graveyard_flowerbed_3","Flower Bed III","Цветна леха III","translated",""
"graveyard_flowerbed_test","Flower Bed","Цветна леха","translated",""
"graveyard_improvement_1","Graveyard Path and Fence I","Пътека и ограда на гробището I","translated",""
"graveyard_improvement_2","Graveyard Path and Fence II","Пътека и ограда на гробището II","translated",""
"graveyard_lantern_1","Lantern I","Фенер I","translated",""
"graveyard_lantern_2","Lantern II","Фенер II","translated",""
"graveyard_lantern_test","Lantern","Фенер","translated",""
"graveyard_mausoleum_test","Mausoleum","Мавзолей","translated",""
"graveyard_module","Graveyard Area","Зона на гробището","translated",""
"graveyard_module_alley_1","Walkway Area I","Зона с пътека I","translated",""
"graveyard_module_alley_2","Walkway Area II","Зона с пътека II","translated",""
"graveyard_module_alley_medium","Walkway Area Big","Голяма зона с пътека","translated",""
"graveyard_module_alley_small","Walkway Area Small","Малка зона с пътека","translated",""
"graveyard_module_columbarium","Columbarium Area","Зона с колумбарий","translated",""
"graveyard_module_columbarium_1","Columbarium Area I","Зона с колумбарий I","translated",""
"graveyard_module_columbarium_2","Columbarium Area II","Зона с колумбарий II","translated",""
"graveyard_module_grave_1","Grave Area I","Зона с гробове I","translated",""
"graveyard_module_grave_2","Grave Area II","Зона с гробове II","translated",""
"graveyard_module_grave_3","Grave Area III","Зона с гробове III","translated",""
"graveyard_module_grave_4","Grave Area IV","Зона с гробове IV","translated",""
"graveyard_module_grave_big","Graveyard Area Big","Голяма зона на гробището","translated",""
"graveyard_module_grave_medium","Graveyard Area Medium","Средна зона на гробището","translated",""
"graveyard_module_grave_small","Graveyard Area Small","Малка зона на гробището","translated",""
"graveyard_module_mausoleum","Mausoleum Area","Зона с мавзолей","translated",""
"graveyard_module_mixed_1","Mixed Area III","Смесена зона III","translated",""
"graveyard_module_mixed_2","Mixed Area I","Смесена зона I","translated",""
"graveyard_module_mixed_3","Mixed Area II","Смесена зона II","translated",""
"graveyard_module_monument","Monument Area","Зона с монумент","translated",""
"graveyard_monument_0","Monument I","Монумент I","translated",""
"graveyard_monument_1","Monument II","Монумент II","translated",""
"graveyard_monument_2","Monument III","Монумент III","translated",""
"graveyard_monument_3","Monument III","Монумент III","translated",""
"graveyard_monument_test","Monument","Монумент","translated",""
"graveyards_1","Graveyard Keeper I","Гробар I","translated",""
"graveyards_2","Graveyard Keeper II","Гробар II","translated",""
"graveyards_3","Graveyard Keeper III","Гробар III","translated",""
"green_scroll","Green Scroll","Зелен свитък","translated",""
"grow_potion","Grow potion","Отвара за растеж","translated",""
"grow_potion_d","Used to create fertilizers","Използва се за създаване на торове","translated",""
"grow_potion_formula","Grow Potion","Отвара за растеж","translated",""
"guts","Guts","Черва","translated",""
"guts_extract","Guts removal","Изваждане на червата","translated",""
"hammer_0","Rusty Hammer","Ръждясал чук","translated",""
"hammer_1","Bronze Hammer","Бронзов чук","translated",""
"hammer_2","Iron Hammer","Железен чук","translated",""
"hammer_3","Steel Hammer","Стоманен чук","translated",""
"hand_prothesis","Prosthetic Hand","Протеза за ръка","translated",""
"hand_prothesis_elegant","Elegant Prosthetic Hand","Елегантна протеза за ръка","translated",""
"hand_tool","Hands","Ръце","translated",""
"hdr_autopsy_bodies","Unburied bodies:","Непогребани тела:","translated",""
"hdr_factory_gears","Factory power:","Енергия на фабриката:","translated",""
"heal_potion","Healing Potion","Лечебна отвара","translated",""
"heal_potion_2","Healing Potion II","Лечебна отвара II","translated",""
"heal_potion_3","Healing Potion III","Лечебна отвара III","translated",""
"heal_potion_d","Restores health. Combat Only.","Възстановява здравето. Само в битка.","translated",""
"heal_potion_scroll","Healing Potion Scroll","Свитък за лечебна отвара","translated",""
"heart","Heart","Сърце","translated",""
"heart_extract","Heart removal","Изваждане на сърцето","translated",""
"hero_clothes_9001","Keeper's Clothes","Дрехи на гробаря","translated",""
"hero_clothes_9002","Farmer's Clothes","Дрехи на фермера","translated",""
"hero_clothes_9003","Prisoner's Clothes","Дрехи на затворника","translated",""
"hero_clothes_9004","Alchemist's Clothes","Дрехи на алхимика","translated",""
"hero_clothes_9005","Blacksmith's Clothes","Дрехи на ковача","translated",""
"hero_clothes_9006","Pilgrim's Clothes","Дрехи на поклонника","translated",""
"hero_clothes_9007","Special Clothes","Специални дрехи","translated",""
"hero_clothes_9007_nintendo","Big N Clothes","Дрехи Big N","translated",""
"hero_clothes_9007_playstation","Joy Station Clothes","Дрехи Joy Station","translated",""
"hero_clothes_9007_pre_order","Pre-order Clothes","Дрехи за предварителна поръчка","translated",""
"hero_clothes_9007_steam","Vapor Clothes","Дрехи Vapor","translated",""
"hero_clothes_9007_xbox","X-Books Clothes","Дрехи X-Books","translated",""
"hero_clothes_9008","Priest's Clothes","Дрехи на свещеника","translated",""
"home_attic_s","Fix the Attic","Ремонтирай тавана","translated",""
"home_upgrade_s","Home Renovation","Ремонт на дома","translated",""
"homunculus","Homunculus","Хомункул","translated",""
"honey","Honey","Мед","translated",""
"honey_home_empty","Beehive","Кошер","translated",""
"hop","Hops","Хмел","translated",""
"hop_seed","Hop Seeds","Семена от хмел","translated",""
"hud_energy","Spent on activities. Restored by sleeping and consuming certain items.","Изразходва се за дейности. Възстановява се със сън и консумация на определени предмети.","translated",""
"hud_insanity","Lowers your <sprite name=""energy""> maximum.

Goes up when you do shady stuff.
Goes down with fire water or a good sleep (but only when you're tired).","Намалява максималната ти <sprite name=""energy"">.

Повишава се, когато вършиш съмнителни неща.
Намалява с огнена вода или добър сън (но само когато си изморен).","translated",""
"hypno_device","Hypno-device","Хипно-устройство","translated",""
"hypno_device_charged","Charged hypno-device","Заредено хипно-устройство","translated",""
"hypno_device_charged_d","Can be used for Panic Reduction.","Може да се използва за намаляване на паниката.","translated",""
"hypno_device_d","With a little bit of faith, a miracle could happen... or not.","С малко вяра може да се случи чудо... или не.","translated",""
"icon_cross","Crosses","Кръстове","translated",""
"icon_wr","Wreaths","Венци","translated",""
"imported_components","Imported Components","Внесени компоненти","translated",""
"impossible_prayer_test","Impossible Prayer","Невъзможна молитва","translated",""
"incense_1","Church Smells I","Църковни аромати I","translated",""
"incense_2","Church Smells II","Църковни аромати II","translated",""
"incense_3","Church Smells III","Църковни аромати III","translated",""
"incense_advanced","Fancy Incense","Изискан тамян","translated",""
"incense_basic","Simple Incense","Обикновен тамян","translated",""
"incense_burner_1","Incense Burner I","Кадилница I","translated",""
"incense_burner_2","Incense Burner II","Кадилница II","translated",""
"information_header","Information","Информация","translated",""
"ingot_bronze","Bronze Ingot","Бронзов слитък","translated",""
"ingot_copper","Copper Ingot","Меден слитък","translated",""
"ingot_gold","Golden ingot","Златен слитък","translated",""
"ingot_iron","Iron Ingot","Железен слитък","translated",""
"ingot_steel","Steel Ingot","Стоманен слитък","translated",""
"ink","Ink","Мастило","translated",""
"inp_point_hint","Used to unlock new perks.","Използва се за отключване на нови умения.","translated",""
"inq_note_1","Inquisitor's Note I","Бележка на Инквизитора I","translated",""
"inq_note_1_note","Perhaps this forest hides the key to controlling the resurrected undead. Brother Gaber believes the resurrection fluid we use may react when it's near something tied to resurrection... or whatever controls them.","Може би тази гора крие ключа към контрола над възкресените мъртъвци. Брат Габер смята, че течността за възкресение, която използваме, може да реагира, когато се намира близо до нещо, свързано с възкресението... или с каквото там ги управлява.","translated",""
"inq_note_2","Inquisitor's Note II","Бележка на Инквизитора II","translated",""
"inq_note_2_note","We searched the forest but found nothing. Perhaps the swamp beyond the bridge hides what we're looking for. For now, though, we are unable to cross. Unholy terrors and dreadful visions haunt me and my guards whenever we venture to the other side. Yet Brother Gaber will be furious if we return empty-handed.","Претърсихме гората, но не открихме нищо. Може би блатото отвъд моста крие това, което търсим. Засега обаче не можем да преминем. Нечестиви ужаси и ужасяващи видения измъчват мен и стражите ми, когато се осмелим да отидем от другата страна. И все пак брат Габер ще побеснее, ако се върнем с празни ръце.","translated",""
"insanity","Insanity","Лудост","translated","Core terminology: insanity = Лудост."
"insect_bite","Insect Bait","Стръв от насекоми","translated",""
"insect_bite_d","Attracts: Pike, Silverfin, Gudgeon, Salmon, Trout, Roach, Herring, Frog, Eel, Catfish","Привлича: щука, сребърна перка, кротушка, сьомга, пъстърва, хлебарка, херинга, жаба, змиорка, сом","translated",""
"insert_bones","Add bones","Добави кости","translated",""
"insert_brain","Add brain","Добави мозък","translated",""
"insert_guts","Add guts","Добави черва","translated",""
"insert_heart","Add heart","Добави сърце","translated",""
"insert_portal_stone_envy","Insert Envy fragment","Постави фрагмент на Завистта","translated",""
"insert_portal_stone_gluttony","Insert Gluttony fragment","Постави фрагмент на Лакомията","translated",""
"insert_portal_stone_greed","Insert Greed fragment","Постави фрагмент на Алчността","translated",""
"insert_portal_stone_lust","Insert Lust fragment","Постави фрагмент на Похотта","translated",""
"insert_portal_stone_pride","Insert Pride fragment","Постави фрагмент на Гордостта","translated",""
"insert_portal_stone_sloth","Insert Sloth fragment","Постави фрагмент на Леността","translated",""
"insert_portal_stone_wrath","Insert Wrath fragment","Постави фрагмент на Гнева","translated",""
"insert_skin_1_1","Add skin","Добави кожа","translated",""
"insert_skull","Add skull","Добави череп","translated",""
"inspiration","Inspiration","Вдъхновение","translated",""
"intro_prison_key","Key from the Inquisition dungeon","Ключ от тъмницата на Инквизицията","translated",""
"intro_prison_kings_signet","King's signet","Кралски печат","translated",""
"intro_prison_medallion","Inquisitor’s medallion","Медальон на инквизитора","translated",""
"intro_prison_note","Inquisitor's note","Бележка на Инквизитора","translated",""
"intro_prison_note_note","Ever since that immortal prisoner arrived, everything has gone to pot. None of the scouting parties have returned. I’m all alone. I’ll try getting into the Citadel at the outskirts of the city. If there’s any way to save everyone, it must be there.

P.S. I left a spare key, the royal signet, and an Inquisitor medallion in the wall stash. At least they'll go to someone who can read...","Откакто пристигна онзи безсмъртен затворник, всичко се обърка. Нито един от разузнавателните отряди не се върна. Останах съвсем сам. Ще опитам да се добера до Цитаделата в покрайнините на града. Ако има начин да спасим всички, той трябва да е там.

П.П. Оставих резервен ключ, кралския печат и медальон на Инквизитора в тайника в стената. Поне ще попаднат у някого, който може да чете...","translated",""
"inventory","Inventory","Инвентар","translated",""
"inventory_is_full","Inventory is full!","Инвентарът е пълен!","translated",""
"iron_anvil","Iron Anvil","Желязна наковалня","translated",""
"iron_armor","Iron Equipment","Желязно оборудване","translated",""
"iron_details","Iron Works","Железни изделия","translated",""
"iron_ingot_scrap","Iron Ingot","Железен слитък","translated",""
"iron_ingots","Iron Forge","Ковачество на желязо","translated",""
"iron_instruments_1","Iron Instruments I","Железни инструменти I","translated",""
"iron_instruments_2","Iron Instruments II","Железни инструменти II","translated",""
"iron_kit_1","Iron Kit I","Железен комплект I","translated",""
"iron_kit_2","Iron Kit II","Железен комплект II","translated",""
"iron_ore","Iron Ore","Желязна руда","translated",""
"iron_ore_container_conveyor","Ore Stockpile","Склад за руда","translated",""
"iron_ore_container_conveyor_TOP_BROKEN","Broken Ore Stockpile","Счупен склад за руда","translated",""
"iron_products","Iron Products","Железни изделия","translated",""
"iron_scrap","Iron Scrap","Железен скрап","translated",""
"iron_wall_1","Iron Wall I","Желязна стена I","translated",""
"iron_wall_1_d","Craft ingots","Изработвай слитъци","translated",""
"iron_wall_2","Iron Wall II","Желязна стена II","translated",""
"iron_wall_3","Iron Wall III","Желязна стена III","translated",""
"iron_wall_4","Iron Wall IV","Желязна стена IV","translated",""
"iron_wall_5","Iron Wall V","Желязна стена V","translated",""
"iron_weapons","Iron Weapons","Железни оръжия","translated",""
"item_runes","Runes","Руни","translated",""
"item_tooltip_required_mastery","Required mastery:","Необходимо майсторство:","translated",""
"Jeweler_t1","Jeweler","Ювелир I","translated",""
"Jeweler_t2","Jeweler II","Ювелир II","translated",""
"Jeweler_t3","Jeweler III","Ювелир III","translated",""
"jeweler_table","Jewelry Table","Маса за бижута","translated",""
"jeweller_craft_1","Jeweler I","Ювелир I","translated",""
"jeweller_craft_1_d","Craft on the Jewelry Table","Изработвай на масата за бижута","translated",""
"jeweller_craft_2","Jeweler II","Ювелир II","translated",""
"jeweller_craft_3","Jeweler III","Ювелир III","translated",""
"jeweller_craft_4","Jeweler IV","Ювелир IV","translated",""
"jeweller_craft_5","Jeweler V","Ювелир V","translated",""
"jeweller_craft_6","Jeweler VI","Ювелир VI","translated",""
"jewelry","Fine Jewelry","Изящни бижута","translated",""
"jug_milk","Jug of Milk","Кана с мляко","translated",""
"junior_butcher","Son of a butcher","Син на касапин","translated",""
"junior_butcher_d","Chance of surgery error during autopsy -25%","Шанс за грешка при операция по време на аутопсията -25%","translated",""
"junk_fighter_1","Junk Fighter I","Боец срещу отпадъци I","translated",""
"junk_fighter_1_d","Destroy broken barrels and trash piles","Унищожавай счупени бъчви и купчини отпадъци","translated",""
"junk_fighter_2","Junk Fighter II","Боец срещу отпадъци II","translated",""
"junk_fighter_3","Junk Fighter III","Боец срещу отпадъци III","translated",""
"junk_fighter_4","Junk Fighter IV","Боец срещу отпадъци IV","translated",""
"junk_fighter_5","Junk Fighter V","Боец срещу отпадъци V","translated",""
"key_down","Down","Надолу","translated",""
"key_left","Left","Наляво","translated",""
"key_resurrection","Key to the Resurrection Room","Ключ за стаята на възкресението","translated",""
"key_right","Right","Надясно","translated",""
"key_up","Up","Нагоре","translated",""
"keys_looters","Keys for Looters","Ключове за грабителите","translated",""
"keys_looters_d","Can be used at the Port Club to place an order with the Looters.","Може да се използва в пристанищния клуб за поръчка от грабителите.","translated",""
"kitchen_oven","Kitchen Oven","Кухненска фурна","translated",""
"kitchen_oven_2","Oven II","Фурна II","translated",""
"kitchen_oven_broken","Broken Oven","Счупена фурна","translated",""
"kitchen_oven_repair","Repair Oven","Ремонтирай фурната","translated",""
"kitchen_oven_up_s","Kitchen Oven II","Кухненска фурна II","translated",""
"kitchen_table","Kitchen Table","Кухненска маса","translated",""
"kitchen_table_2","Kitchen II","Кухня II","translated",""
"kitchen_table_broken","Broken Kitchen Table","Счупена кухненска маса","translated",""
"kitchen_table_repair","Repair Table","Ремонтирай масата","translated",""
"kitchen_table_up_s","Kitchen Table II","Кухненска маса II","translated",""
"klin_firewood_d","Fuel by Firewood","Гориво от дърва за огрев","translated",""
"klin_stics_d","Fuel by Sticks","Гориво от пръчки","translated",""
"krotowuha","Krotowuha Formula","Формула Кротовуха","translated",""
"krotowuha_potion","Krotowuha","Кротовуха","translated",""
"krotowuha_potion_d","Grants immortality. If you survive...","Дарява безсмъртие. Ако оцелееш...","translated",""
"krotowuha_potion_scroll","Krotowuha Scroll","Свитък за кротовуха","translated",""
"lack_of_sleep_debuff_d","You're tired. Until you go to bed, any work will waste more energy, and your insanity will increase more quickly","Изморен си. Докато не си легнеш да поспиш, всяка работа ще изразходва повече енергия, а лудостта ти ще се засилва по-бързо.","translated","Use the established insanity = Лудост terminology."
"lacquer","Lacquer","Лак","translated",""
"lacquer_d","Albert wants it for his sister's violin.","Алберт го иска за цигулката на сестра си.","translated",""
"last_respects_1","Last Respects I","Последна почит I","translated",""
"last_respects_1_d","Bury Bodies","Погребвай тела","translated",""
"last_respects_2","Last Respects II","Последна почит II","translated",""
"last_respects_3","Last Respects III","Последна почит III","translated",""
"last_respects_4","Last Respects IV","Последна почит IV","translated",""
"last_respects_5","Last Respects V","Последна почит V","translated",""
"last_respects_6","Last Respects VI","Последна почит VI","translated",""
"lead","Tin","Калай","translated",""
"leaf","Leaf","Лист","translated",""
"lence","Lens","Леща","translated",""
"lenses","Lenses","Лещи","translated",""
"lifting_crane_s","Lifting Crane","Подемен кран","translated",""
"liquid_harden","Tannin Liquid","Танинова течност","translated",""
"log_cutter_1","Log cutter I","Резач на трупи I","translated",""
"log_cutter_2","Log cutter II","Резач на трупи II","translated",""
"loot_battle_purse","Battle Loot","Бойна плячка","translated",""
"looters_order_ready","Looters Order Ready","Поръчката от грабителите е готова","translated",""
"lumberjack_1","Lumberjack I","Дървосекач I","translated",""
"lumberjack_1_d","Cut down trees","Сечи дървета","translated",""
"lumberjack_2","Lumberjack II","Дървосекач II","translated",""
"lumberjack_3","Lumberjack III","Дървосекач III","translated",""
"lumberjack_4","Lumberjack IV","Дървосекач IV","translated",""
"lumberjack_5","Lumberjack V","Дървосекач V","translated",""
"map_castle_area","Castle
Area","Зона на замъка","translated",""
"map_inquisitions_base","Inquisition
Base","База на Инквизицията","translated",""
"map_port_area","Port
Area","Зона на пристанището","translated",""
"map_sluice_area","Sluice
Area","Зона на шлюза","translated",""
"map_stilt_houses","Stilt
Houses","Къщи на кокили","translated",""
"MapPage","Map","Карта","translated",""
"marble_carving","Marble Carving","Обработка на мрамор","translated",""
"marble_container","Marble stockpile","Склад за мрамор","translated",""
"marble_container_conveyor","Marble Stockpile","Склад за мрамор","translated",""
"marble_container_conveyor_TOP_BROKEN","Broken Marble Stockpile","Счупен склад за мрамор","translated",""
"marble_kit","Marble Kit","Мраморен комплект","translated",""
"marble_plate_1","Marble Plate","Мраморна плоча","translated",""
"marble_plate_2","Polished Marble","Полиран мрамор","translated",""
"marble_plate_3","Carved Marble","Издълбан мрамор","translated",""
"marble_quarrying","Marble Quarry","Добив на мрамор","translated",""
"mash","Mash drop","Каша","translated",""
"mason_1","Mason I","Каменоделец I","translated",""
"mason_1_d","Craft Stone Plates","Изработвай каменни плочи","translated",""
"mason_2","Mason II","Каменоделец II","translated",""
"mason_3","Mason III","Каменоделец III","translated",""
"mason_4","Mason IV","Каменоделец IV","translated",""
"mason_5","Mason V","Каменоделец V","translated",""
"master_armor","Masterwork Equipment","Майсторско оборудване","translated",""
"master_rod","Master Rod","Майсторска въдица","translated",""
"mausoleums_1","Mausoleum","Мавзолей","translated",""
"mead","Mead","Медовина","translated",""
"melted_fat","Melted Fat","Разтопена мазнина","translated",""
"melted_fat_d","So stinky...","Мирише ужасно...","translated",""
"mf_hammer_0","Stonemason's Workbench","Работна маса на каменоделеца","translated",""
"milestone_activation_ma","Activate Milestone","Активирай крайпътен камък","translated",""
"military_base_chest","Barracks chest","Сандък в казармата","translated",""
"millstone","Millstone","Воденичен камък","translated",""
"minced_meat","Minced Meat","Кайма","translated",""
"mine_ore_coal_crafter","Zombie Miner","Зомби миньор","translated",""
"mining_1","Mining I","Добив I","translated",""
"miracle_growing_elixir","Miracle growth elixir","Еликсир за чудодеен растеж","translated",""
"module_planner_1","Module Planner I","Планировчик на модули I","translated",""
"module_planner_1_d","A little organization never hurt the dead. Arrange cemetery modules.","Малко организация никога не е навредила на мъртвите. Подреждай модулите на гробището.","translated",""
"modules_columbarium_1","Columbariums I","Колумбарии I","translated",""
"modules_columbarium_2","Columbariums II","Колумбарии II","translated",""
"modules_decor_1","Graveyard Decor I","Украса на гробището I","translated",""
"modules_decor_2","Graveyard Decor II","Украса на гробището II","translated",""
"modules_grave_1","Graveyard Keeper I","Гробар I","translated",""
"modules_grave_2","Graveyard Keeper II","Гробар II","translated",""
"modules_grave_3","Graveyard Keeper III","Гробар III","translated",""
"modules_grave_4","Graveyard Keeper IV","Гробар IV","translated",""
"modules_mixed_1","Mixed Graveyard I","Смесено гробище I","translated",""
"modules_mixed_2","Mixed Graveyard II","Смесено гробище II","translated",""
"modules_mixed_3","Mixed Graveyard III","Смесено гробище III","translated",""
"mold_green","Green mold","Зелена плесен","translated",""
"money_prayer_tier_1_test","Money Prayer","Молитва за пари","translated",""
"moonshine","Moonshine","Домашна ракия","translated",""
"morgue_entrance_door_broken","Corpse Dumping Point","Място за изхвърляне на трупове","translated",""
"motivator_potion","Zombie Motivator Potion","Отвара-мотиватор за зомбита","translated",""
"motivator_potion_2","Zombie Motivator Potion II","Отвара-мотиватор за зомбита II","translated",""
"motivator_potion_2_d","Increases the attack speed of all allied fighters for a time. Combat Only.","Увеличава скоростта на атака на всички съюзнически бойци за известно време. Само в битка.","translated",""
"motivator_potion_3","Zombie Motivator Potion III","Отвара-мотиватор за зомбита III","translated",""
"motivator_potion_3_d","Increases the attack speed of all allied fighters for a long time. Combat Only.","Увеличава скоростта на атака на всички съюзнически бойци за дълго време. Само в битка.","translated",""
"motivator_potion_d","Increases the attack speed of all allied fighters for a short time. Combat Only.","Увеличава скоростта на атака на всички съюзнически бойци за кратко време. Само в битка.","translated",""
"mrsmith_1","Mr. Smith I","Господин Смит I","translated",""
"mrsmith_1_d","Forge!","Ковачество!","translated",""
"mrsmith_2","Mr. Smith II","Господин Смит II","translated",""
"mrsmith_3","Mr. Smith III","Господин Смит III","translated",""
"mrsmith_4","Mr. Smith IV","Господин Смит IV","translated",""
"mrsmith_5","Mr. Smith V","Господин Смит V","translated",""
"mushroom_brown","Brown Mushroom","Кафява гъба","translated",""
"mushroom_green","Swamp mushroom","Блатна гъба","translated",""
"mushroom_red","Red Mushroom","Червена гъба","translated",""
"music_notes","Music Notes","Музикални ноти","translated",""
"mwater_drop","Life water","Жива вода","translated",""
"nails","Nails","Пирони","translated",""
"nails_bronze","Bronze Nails","Бронзови пирони","translated",""
"nails_copper","Copper Nails","Медни пирони","translated",""
"nails_iron","Iron Nails","Железни пирони","translated",""
"natural_resin","Natural Resin","Естествена смола","translated",""
"natural_resin_d","The raw essence of nature itself","Суровата същност на самата природа","translated",""
"necromancer_resurrector_1","Necromancer I","Некромант I","translated",""
"necromancer_resurrector_1_d","So many zombies! Resurrect corpses.","Толкова много зомбита! Възкресявай трупове.","translated",""
"necromancer_resurrector_2","Necromancer II","Некромант II","translated",""
"necromancer_resurrector_3","Necromancer III","Некромант III","translated",""
"necromancer_resurrector_4","Necromancer IV","Некромант IV","translated",""
"necromancer_resurrector_5","Necromancer V","Некромант V","translated",""
"necromonicon","Necronomicon","Некрономикон","translated",""
"necromonicon_d","To bring one to life, harvest the green goo from a walking one, and add tin and some ash.","За да го съживиш, събери зелената слуз от ходещ труп и добави калай и малко пепел.","translated",""
"new_game","New game","Нова игра","translated",""
"newspaper","Newspaper","Вестник","translated",""
"newspaper_improve_1","Improve newspaper I","Подобрение на вестника I","translated",""
"newspaper_improve_2","Improve newspaper II","Подобрение на вестника II","translated",""
"newspaper_press","Printing Press","Печатна преса","translated",""
"no_bait","No Bait","Няма стръв","translated",""
"no_bait_d","Attracts: Crucian, Bream, Carp, Frog, Gudgeon","Привлича: каракуда, платика, шаран, жаба, кротушка","translated",""
"no_need_to_sleep","I don't want to sleep now","Не искам да спя сега","translated",""
"note_lab_tower","Alchemist's note","Бележка на алхимика","translated",""
"note_lab_tower_note","Today I had a strange dream... I can't understand it, but I feel the sudden urge to hide all this in a chest and flee the base.","Днес сънувах странен сън... Не мога да го разбера, но изпитвам внезапен порив да скрия всичко това в сандък и да избягам от базата.","translated",""
"note_resurrection","Resurrection Note","Бележка за възкресението","translated",""
"note_resurrection_note","The dead are not as quiet as we once believed. A strong electrical charge appears capable of restarting a corpse. The body may walk again, though the results are... unpredictable. Is it science? Is it heresy? That depends on who is asking.","Мъртвите не са толкова тихи, колкото някога вярвахме. Изглежда, че силен електрически заряд може да задейства отново труп. Тялото може да проходи, но резултатите са... непредсказуеми. Наука ли е това? Ерес ли е? Зависи кой пита.","translated",""
"lack_of_sleep_debuff","Lack of sleep","Липса на сън","translated",""
"notebook","Blank Softcover Notebook","Празен бележник с меки корици","translated",""
"notebook_hard","Blank Hardcover Notebook","Празен бележник с твърди корици","translated",""
"npc_astrologer","Gunter","Гюнтер","translated",""
"npc_bishop","Bishop","Епископ","translated",""
"npc_fisherman","Fisherman","Рибар","translated",""
"npc_head_of_the_guards","Herbert","Хърбърт","translated",""
"npc_head_of_the_village","Januarius","Януариус","translated",""
"npc_heffry","Heffry","Хефри","translated",""
"npc_herm","Herm","Хърм","translated",""
"npc_homobonus","Homobonus","Хомобонус","translated",""
"npc_jeffry","Jeffry","Джефри","translated",""
"npc_larry","Larry","Лари","translated",""
"npc_nun","Nun","Монахиня","translated",""
"npc_plague_doctor","Albert","Алберт","translated",""
"npc_tavern_owner","Linda","Линда","translated",""
"npc_warehouse_manager","Trademaster","Главен търговец","translated",""
"npc_woodcarver","Harold","Харолд","translated",""
"npc_workshop_foreman","Jack","Джак","translated",""
"nsp_zombie_iron_craft_1","Rusty Hands I","Ръждясали ръце I","translated",""
"nugget_copper","Copper Nugget","Медно парче","translated",""
"nun_asking_about_corpses_ask","Ask for corpse count","Попитай за броя на труповете","translated",""
"nun_asking_about_corpses_few","A few corpses","Няколко трупа","translated",""
"nun_asking_about_corpses_few_1","A reasonable expectation.","Разумно очакване.","translated",""
"nun_asking_about_corpses_many","Lots of corpses","Много трупове","translated",""
"nun_asking_about_corpses_many_1","Let's hope people die fast enough.","Да се надяваме, че хората умират достатъчно бързо.","translated",""
"nun_asking_about_corpses_no","No corpses","Няма трупове","translated",""
"nun_asking_about_corpses_no_1","If only death could take a week off.","Само ако смъртта можеше да си вземе едноседмичен отпуск.","translated",""
"oiled_beam","Oiled Beam","Намаслена греда","translated",""
"oiled_plank","Oiled Plank","Намаслена дъска","translated",""
"oiled_wood","Oiled wood","Намаслено дърво","translated",""
"older_scrolls_1","Older Scrolls I","По-стари свитъци I","translated",""
"older_scrolls_1_d","Craft Scrolls","Изработвай свитъци","translated",""
"older_scrolls_2","Older Scrolls II","По-стари свитъци II","translated",""
"older_scrolls_3","Older Scrolls III","По-стари свитъци III","translated",""
"onion_seed:1","Onion seed","Семена от лук","translated",""
"onion:1","Onion","Лук","translated",""
"organ_improver_red","Organ Improver <sprite name=""rskull"">","Подобрител на органи <sprite name=""rskull"">","translated",""
"organ_improver_red_d","Creates best <sprite name=""rskull""> organ.","Създава най-добрия орган <sprite name=""rskull"">.","translated",""
"organ_improver_red_skin","Improve organ II <sprite name=""rskull"">","Подобри орган II <sprite name=""rskull"">","translated",""
"organ_improver_white","Organ Improver <sprite name=""skull"">","Подобрител на органи <sprite name=""skull"">","translated",""
"organ_improver_white_d","Creates best <sprite name=""skull""> organ.","Създава най-добрия орган <sprite name=""skull"">.","translated",""
"organ_improver_white_skin","Improve organ I <sprite name=""skull"">","Подобри орган I <sprite name=""skull"">","translated",""
"organ_randomizer","Organ Randomizer","Рандомизатор на органи","translated",""
"organ_randomizer_d","Change organ for the same type but different quality.","Променя органа със същия вид, но с различно качество.","translated",""
"organ_restoration","Organ Restorer","Възстановител на органи","translated",""
"organ_restoration_d","Restores surgery mistakes.","Поправя грешки при операция.","translated",""
"pallet_corpse_1","Corpse Pallet I","Палет за трупове I","translated",""
"pallet_corpse_2","Corpse Pallet II","Палет за трупове II","translated",""
"panic_reduction_machine_1","PR Machine I","Машина за намаляване на паниката I","translated",""
"panic_reduction_machine_2","PR Machine II","Машина за намаляване на паниката II","translated",""
"panic_reduction_machine_3","PR Machine III","Машина за намаляване на паниката III","translated",""
"panic_reduction_machine_4","PR Machine IV","Машина за намаляване на паниката IV","translated",""
"panic_reduction_machine_5","PR Machine V","Машина за намаляване на паниката V","translated",""
"paper_liquid","Paper glop","Хартиена каша","translated",""
"paper_press","Paper Press","Преса за хартия","translated",""
"paper_wanted","Wanted Poster","Плакат за издирване","translated",""
"parishioner_fail_1","I nearly fell asleep.","Едва не заспах.","translated",""
"parishioner_fail_2","What a lame experience!","Какво скучно преживяване!","translated",""
"parishioner_fail_3","It was kind of like watching paint dry.","Беше почти като да гледаш как съхне боя.","translated",""
"parishioner_fail_4","What a snooze-fest.","Каква приспивна скука.","translated",""
"parishioner_fail_5","That was one tedious sermon!","Това беше ужасно досадна проповед!","translated",""
"parishioner_fail_6","Literally bored to tears.","Буквално скучах до сълзи.","translated",""
"parishioner_fail_7","Can we get someone more charismatic next time?","Може ли следващия път да поканим някого с повече харизма?","translated",""
"parishioner_success_1","What a lovely time!","Колко приятно беше!","translated",""
"parishioner_success_2","I feel like my sins are gone.","Чувствам се така, сякаш греховете ми са изчезнали.","translated",""
"parishioner_success_3","Incredible sermon!","Невероятна проповед!","translated",""
"parishioner_success_4","So inspiring.","Толкова вдъхновяващо.","translated",""
"parishioner_success_5","I feel on top of the world!","Чувствам се на върха на света!","translated",""
"parishioner_success_6","That sermon really made my day.","Тази проповед наистина осмисли деня ми.","translated",""
"parishioner_success_7","Amazing work!","Невероятна работа!","translated",""
"perl_known_author_d","Blank pages are full of potential spelling errors.

+4 <sprite name=""talent_yellow""> when crafting empty books.","Празните страници крият опасност от правописни грешки.

+4 <sprite name=""talent_yellow""> при изработване на празни книги.","translated",""
"Pharmacy_t1","Apothecary","Аптекар I","translated",""
"Pharmacy_t2","Apothecary II","Аптекар II","translated",""
"Pharmacy_t3","Apothecary III","Аптекар III","translated",""
"philosopher_stone","Philosopher Stone","Философски камък","translated",""
"philosopher_stone_d","Turns iron into gold.","Превръща желязото в злато.","translated",""
"philosopher_stone_ingot","Gold transmutation","Трансмутация на злато","translated",""
"pick_a_save_slot","Pick a save slot","Избери слот за запазване","translated",""
"pickaxe_0","Rusty Pickaxe","Ръждясала кирка","translated",""
"pickaxe_1","Bronze Pickaxe","Бронзова кирка","translated",""
"pickaxe_2","Iron Pickaxe","Желязна кирка","translated",""
"pickaxe_3","Steel Pickaxe","Стоманена кирка","translated",""
"pickpocket_1","Pickpocket I","Джебчия I","translated",""
"pickpocket_1_d","Grab what the dead no longer need","Вземай онова, от което мъртвите вече не се нуждаят","translated",""
"pickpocket_2","Pickpocket II","Джебчия II","translated",""
"pickpocket_3","Pickpocket III","Джебчия III","translated",""
"pickpocket_4","Pickpocket IV","Джебчия IV","translated",""
"pickpocket_5","Pickpocket V","Джебчия V","translated",""
"pickpocket_6","Pickpocket VI","Джебчия VI","translated",""
"pike_0","Simple Pike","Обикновена пика","translated",""
"pike_1","Light Pike","Лека пика","translated",""
"pike_2","Battle Pike","Бойна пика","translated",""
"pike_3","Knight's Spear","Рицарско копие","translated",""
"player_sawmill_can_not_enter","If you're afraid of wolves, don't go into the forest.","Ако те е страх от вълци, не влизай в гората.","translated",""
"player_talk_not_enough_items","Not enough items","Недостатъчно предмети","translated",""
"player_talk_not_enough_space","Not enough space","Недостатъчно място","translated",""
"polished_bronze","Polished Bronze","Полиран бронз","translated",""
"polished_marble","Marble Polishing","Полиране на мрамор","translated",""
"polished_stone","Stone Polishing","Полиране на камък","translated",""
"polishing_paste","Polishing Paste","Полираща паста","translated",""
"portal_stone_envy","Portal fragment Envy","Портален фрагмент: Завист","translated",""
"portal_stone_gluttony","Portal fragment Gluttony","Портален фрагмент: Лакомия","translated",""
"portal_stone_greed","Portal fragment Greed","Портален фрагмент: Алчност","translated",""
"portal_stone_lust","Portal fragment Lust","Портален фрагмент: Похот","translated",""
"portal_stone_pride","Portal fragment Pride","Портален фрагмент: Гордост","translated",""
"portal_stone_sloth","Portal fragment Sloth","Портален фрагмент: Леност","translated",""
"portal_stone_wrath","Portal fragment Wrath","Портален фрагмент: Гняв","translated",""
"porter_station","Porter Station","Станция за пренос","translated",""
"potato","Po-ta-to","Кар-то-ф","translated",""
"potion_formulas_basic","Potion Formulas I","Формули за отвари I","translated",""
"potter_1","Potter I","Грънчар I","translated",""
"potter_1_d","Shape some Clay","Оформяй глина","translated",""
"potter_2","Potter II","Грънчар II","translated",""
"potter_3","Potter III","Грънчар III","translated",""
"potter_4","Potter IV","Грънчар IV","translated",""
"potter_5","Potter V","Грънчар V","translated",""
"Potter_t1","Pottery Workshop","Грънчарска работилница","translated",""
"potter_wheel_1","Potter's Wheel","Грънчарско колело","translated",""
"pottery_basic","Pottery I","Грънчарство I","translated",""
"powder_b","Alchemic Powder <sprite name=""rune_b"">","Алхимичен прах <sprite name=""rune_b">","translated",""
"powder_b_b","Alchemic Powder <sprite name=""rune_b""><sprite name=""rune_b"">","Алхимичен прах <sprite name=""rune_b"><sprite name=""rune_b">","translated",""
"powder_b_b_b","Alchemic Powder <sprite name=""rune_b""><sprite name=""rune_b""><sprite name=""rune_b"">","Алхимичен прах <sprite name=""rune_b"><sprite name=""rune_b"><sprite name=""rune_b">","translated",""
"powder_dreams","Dream Dust","Прах от сънища","translated",""
"powder_g","Alchemic Powder <sprite name=""rune_g"">","Алхимичен прах <sprite name=""rune_g">","translated",""
"powder_g_b","Alchemic Powder <sprite name=""rune_g""><sprite name=""rune_b"">","Алхимичен прах <sprite name=""rune_g"><sprite name=""rune_b">","translated",""
"powder_g_b_b","Alchemic Powder <sprite name=""rune_g""><sprite name=""rune_b""><sprite name=""rune_b"">","Алхимичен прах <sprite name=""rune_g"><sprite name=""rune_b"><sprite name=""rune_b">","translated",""
"powder_g_g","Alchemic Powder <sprite name=""rune_g""><sprite name=""rune_g"">","Алхимичен прах <sprite name=""rune_g"><sprite name=""rune_g">","translated",""
"powder_g_g_b","Alchemic Powder <sprite name=""rune_g""><sprite name=""rune_g""><sprite name=""rune_b"">","Алхимичен прах <sprite name=""rune_g"><sprite name=""rune_g"><sprite name=""rune_b">","translated",""
"powder_g_g_g","Alchemic Powder <sprite name=""rune_g""><sprite name=""rune_g""><sprite name=""rune_g"">","Алхимичен прах <sprite name=""rune_g"><sprite name=""rune_g"><sprite name=""rune_g">","translated",""
"powder_gun","Gunpowder","Барут","translated",""
"powder_r","Alchemic Powder <sprite name=""rune_r"">","Алхимичен прах <sprite name=""rune_r">","translated",""
"powder_r_b","Alchemic Powder <sprite name=""rune_r""><sprite name=""rune_b"">","Алхимичен прах <sprite name=""rune_r"><sprite name=""rune_b">","translated",""
"powder_r_b_b","Alchemic Powder <sprite name=""rune_r""><sprite name=""rune_b""><sprite name=""rune_b"">","Алхимичен прах <sprite name=""rune_r"><sprite name=""rune_b"><sprite name=""rune_b">","translated",""
"powder_r_g","Alchemic Powder <sprite name=""rune_r""><sprite name=""rune_g"">","Алхимичен прах <sprite name=""rune_r"><sprite name=""rune_g">","translated",""
"powder_r_g_b","Alchemic Powder <sprite name=""rune_r""><sprite name=""rune_g""><sprite name=""rune_b"">","Алхимичен прах <sprite name=""rune_r"><sprite name=""rune_g"><sprite name=""rune_b">","translated",""
"powder_r_g_g","Alchemic Powder <sprite name=""rune_r""><sprite name=""rune_g""><sprite name=""rune_g"">","Алхимичен прах <sprite name=""rune_r"><sprite name=""rune_g"><sprite name=""rune_g">","translated",""
"powder_r_r","Alchemic Powder <sprite name=""rune_r""><sprite name=""rune_r"">","Алхимичен прах <sprite name=""rune_r"><sprite name=""rune_r">","translated",""
"powder_r_r_b","Alchemic Powder <sprite name=""rune_r""><sprite name=""rune_r""><sprite name=""rune_b"">","Алхимичен прах <sprite name=""rune_r"><sprite name=""rune_r"><sprite name=""rune_b">","translated",""
"powder_r_r_g","Alchemic Powder <sprite name=""rune_r""><sprite name=""rune_r""><sprite name=""rune_g"">","Алхимичен прах <sprite name=""rune_r"><sprite name=""rune_r"><sprite name=""rune_g">","translated",""
"powder_r_r_r","Alchemic Powder <sprite name=""rune_r""><sprite name=""rune_r""><sprite name=""rune_r"">","Алхимичен прах <sprite name=""rune_r"><sprite name=""rune_r"><sprite name=""rune_r">","translated",""
"power_switch_table_broken","Resurrection device","Устройство за възкресение","translated",""
"pr_machine_available_tomorrow","PR Machine available on <sprite name=""day_gluttony"">","Машината за намаляване на паниката е достъпна в <sprite name=""day_gluttony"">","translated",""
"pr_manager_1","PR Manager I","Мениджър на паниката I","translated",""
"pr_manager_1_d","Maintain the PR Machine.","Поддържай машината за намаляване на паниката.","translated",""
"pr_manager_2","PR Manager II","Мениджър на паниката II","translated",""
"pr_manager_3","PR Manager III","Мениджър на паниката III","translated",""
"pr_manager_4","PR Manager IV","Мениджър на паниката IV","translated",""
"pr_manager_5","PR Manager V","Мениджър на паниката V","translated",""
"pray_report_faith","Gained Faith","Придобита вяра","translated",""
"pray_report_faith_bonus","Bonus Faith","Бонус вяра","translated",""
"pray_report_money","Donations","Дарения","translated",""
"pray_report_money_bonus","Bonus money","Бонус пари","translated",""
"prayer_available_tomorrow","Ceremony available on <sprite name=""day_wrath"">","Церемонията е достъпна в <sprite name=""day_wrath"">","translated",""
"prayer_base_1","Basic prayer","Основна молитва","translated",""
"prayer_base_1_d","Some kind words","Няколко добри думи","translated",""
"prayer_capacity_test_1","Capacity Prayer I","Молитва за капацитет I","translated",""
"prayer_capacity_test_2","Capacity Prayer II","Молитва за капацитет II","translated",""
"prayer_combat","Combat Prayer","Бойна молитва","translated",""
"prayer_combo","Combo Prayer","Комбинирана молитва","translated",""
"prayer_consumption","Prayer for Consumption","Молитва за консумация","translated",""
"prayer_default_speech_01","Let us pray, for the glory of God...","Нека се помолим за славата Божия...","translated",""
"prayer_default_speech_02","God bless us and our church!","Бог да благослови нас и църквата ни!","translated",""
"prayer_demand","Prayer for Demand","Молитва за търсене","translated",""
"prayer_excellence","Prayer for Excellence","Молитва за съвършенство","translated",""
"prayer_harvest","Harvest Prayer","Молитва за реколта","translated",""
"prayer_hypno","Hypno Prayer","Хипно молитва","translated",""
"prayer_imagination","Prayer for Imagination","Молитва за въображение","translated",""
"prayer_insanity","Prayer for Insanity","Молитва за лудост","translated",""
"prayer_labor","Labor Prayer","Молитва за труд","translated",""
"prayer_likes","Prayer for Likes","Молитва за харесвания","translated",""
"prayer_music","Prayer for Music","Молитва за музика","translated",""
"prayer_obedience","Prayer for Obedience","Молитва за послушание","translated",""
"prayer_old_god","Prayer for Old God","Молитва към Стария бог","translated",""
"prayer_prosperity","Prayer for Prosperity","Молитва за благоденствие","translated",""
"prayer_protection","Prayer for Protection","Молитва за защита","translated",""
"prayer_purity","Prayer for Purity","Молитва за чистота","translated",""
"prayer_repentance","Prayer for Repentance","Молитва за покаяние","translated",""
"prayer_repose","Prayer for Repose","Молитва за покой","translated",""
"prayer_speed","Prayer for Speed","Молитва за бързина","translated",""
"prayer_storms","Prayer for Storms","Молитва за бури","translated",""
"prayer_writer_1","Prayer Writer I","Писател на молитви I","translated",""
"prayer_writer_1_d","Write prayers at the Writing Desk","Пиши молитви на писалището","translated",""
"prayer_writer_2","Prayer Writer II","Писател на молитви II","translated",""
"prayer_writer_3","Prayer Writer III","Писател на молитви III","translated",""
"prayer_writer_4","Prayer Writer IV","Писател на молитви IV","translated",""
"prayer_writer_5","Prayer Writer V","Писател на молитви V","translated",""
"preservative","Preservative","Консервант","translated",""
"price_dialog_total","Price Total:","Обща цена:","translated",""
"print_printing_1","Master Printer I","Майстор печатар I","translated",""
"print_printing_1_d","Print on the printing press.","Печатай на печатната преса.","translated",""
"print_printing_2","Master Printer II","Майстор печатар II","translated",""
"print_printing_3","Master Printer III","Майстор печатар III","translated",""
"print_printing_4","Master Printer IV","Майстор печатар IV","translated",""
"print_printing_5","Master Printer V","Майстор печатар V","translated",""
"print_printing_6","Master Printer VI","Майстор печатар VI","translated",""
"printed_money","Printed Money","Печатни пари","translated",""
"printed_money_signed","Signed Printed Money","Подписани печатни пари","translated",""
"pro_rod","Pro Rod","Професионална въдица","translated",""
"pumpkin","Pumpkin","Тиква","translated",""
"pumpkin_seed","Pumpkin Seeds","Семена от тиква","translated",""
"quality_food_gold","Umami","Умами","translated",""
"quality_food_gold_cabbage_bowl","Food enhancement II","Подобрение на храната II","translated",""
"quality_food_gold_d","Improves silver <sprite name=""icon-quality-silver""> food and drinks.","Подобрява храните и напитките със сребърно качество <sprite name=""icon-quality-silver">.","translated",""
"quality_food_gold_grape_wine","Drink enhancement II","Подобрение на напитките II","translated",""
"quality_food_silver","Spices","Подправки","translated",""
"quality_food_silver_cabbage_bowl","Food enhancement I","Подобрение на храната I","translated",""
"quality_food_silver_d","Improves bronze <sprite name=""icon-quality-bronze""> food and drinks.","Подобрява храните и напитките с бронзово качество <sprite name=""icon-quality-bronze">.","translated",""
"quality_food_silver_grape_wine","Drink enhancement I","Подобрение на напитките I","translated",""
"quality_items_gold","Transmutation Potion II","Отвара за трансмутация II","translated",""
"quality_items_gold_d","Improves silver <sprite name=""icon-quality-silver""> items.","Подобрява предмети със сребърно качество <sprite name=""icon-quality-silver">.","translated",""
"quality_items_silver","Transmutation Potion I","Отвара за трансмутация I","translated",""
"quality_items_silver_d","Improves bronze <sprite name=""icon-quality-bronze""> items.","Подобрява предмети с бронзово качество <sprite name=""icon-quality-bronze">.","translated",""
"quarry_marble_scaffolding","Zombie Marble Quarry","Зомби мраморна каменоломна","translated",""
"quarry_stone_scaffolding","Zombie Stone Quarry","Зомби каменоломна","translated",""
"QuestTreePage","Quests","Задачи","translated",""
"quicksilver","Quicksilver","Живак","translated",""
"recycler_1","Recycler I","Рециклатор I","translated",""
"recycler_1_d","Explore scraps","Проучвай отпадъци","translated",""
"recycler_2","Recycler II","Рециклатор II","translated",""
"recycler_3","Recycler III","Рециклатор III","translated",""
"recycler_4","Recycler IV","Рециклатор IV","translated",""
"red_eye","Red Eye","Червено око","translated",""
"reduce_panic_1_hypno","10 <sprite name=""panic""> for 1 week","10 <sprite name=""panic""> за 1 седмица","translated",""
"reduce_panic_2_hypno_news","20 <sprite name=""panic""> for 2 weeks","20 <sprite name=""panic""> за 2 седмици","translated",""
"reduce_panic_3_hypno_news","30 <sprite name=""panic""> for 3 weeks","30 <sprite name=""panic""> за 3 седмици","translated",""
"reduce_panic_4_news","50 <sprite name=""panic""> for 4 weeks","50 <sprite name=""panic""> за 4 седмици","translated",""
"reduce_panic_5_news","80 <sprite name=""panic""> for 5 weeks","80 <sprite name=""panic""> за 5 седмици","translated",""
"reinforced_beam","Reinforced Beam","Подсилена греда","translated",""
"reinforced_plank","Reinforced Plank","Подсилена дъска","translated",""
"remove","Remove","Премахни","translated",""
"repair_1101","Repair Large House","Ремонтирай голямата къща","translated",""
"repair_1105","Repair Block","Ремонтирай блока","translated",""
"repair_1107","Repair House","Ремонтирай къщата","translated",""
"repair_1108","Repair Small House","Ремонтирай малката къща","translated",""
"repair_666","Demolish the Wall","Разруши стената","translated",""
"repair_sign_666","Broken Wall","Счупена стена","translated",""
"repair_sign_house","Housing","Жилище","translated",""
"repair_sign_shop","Merchant Stalls","Търговски сергии","translated",""
"repair_sign_yard","Workshop Courtyard","Работен двор","translated",""
"repairing_kit","Repair Kit","Комплект за ремонт","translated",""
"required_extension","Required extension:","Необходимо разширение:","translated",""
"researcher_1","Researcher I","Изследовател I","translated",""
"researcher_1_d","Examine objects on Study Table","Изследвай предмети на масата за изучаване","translated",""
"researcher_2","Researcher II","Изследовател II","translated",""
"researcher_3","Researcher III","Изследовател III","translated",""
"researcher_4","Researcher IV","Изследовател IV","translated",""
"researcher_5","Researcher V","Изследовател V","translated",""
"researcher_6","Researcher VI","Изследовател VI","translated",""
"resin","Resin","Смола","translated",""
"resurrection_advanced","Reanimation II","Реанимация II","translated",""
"resurrection_available_tomorrow","Resurrection available on <sprite name=""day_envy"">","Реанимацията е достъпна в <sprite name=""day_envy"">","translated",""
"resurrection_liquid","Reanimation Liquid","Течност за реанимация","translated",""
"resurrection_master","Reanimation III","Реанимация III","translated",""
"resurrection_no_bodies_prepared","I need to prepare some bodies first.","Първо трябва да подготвя няколко тела.","translated",""
"resurrection_no_power","There is not enough power for resurrection. Need to wait for the next <sprite name=""day_envy"">","Няма достатъчно енергия за реанимация. Трябва да изчакам следващия <sprite name=""day_envy">","translated",""
"resurrection_table_1","Resurrection Table I","Маса за реанимация I","translated",""
"rhod_seedling","Rhododendron Seedling","Фиданка рододендрон","translated",""
"rich_growing_elixir","Rich growth elixir","Еликсир за богат растеж","translated",""
"ripper_1","Butcher I","Касапин I","translated",""
"ripper_1_d","Remove vital organs from bodies","Изваждай жизненоважни органи от тела","translated",""
"ripper_2","Butcher II","Касапин II","translated",""
"ripper_3","Butcher III","Касапин III","translated",""
"ripper_4","Butcher IV","Касапин IV","translated",""
"ripper_5","Butcher V","Касапин V","translated",""
"ripper_6","Butcher VI","Касапин VI","translated",""
"rock_breaker_1","Rock Breaker I","Трошач на камъни I","translated",""
"rock_breaker_1_d","Smash Stones","Разбивай камъни","translated",""
"rock_breaker_2","Rock Breaker II","Трошач на камъни II","translated",""
"rock_breaker_3","Rock Breaker III","Трошач на камъни III","translated",""
"rock_breaker_4","Rock Breaker IV","Трошач на камъни IV","translated",""
"royal_box_1","Royal Services","Кралски услуги","translated",""
"royal_mailbox","Royal Services","Кралски услуги","translated",""
"royal_pardon","Royal Pardon","Кралско помилване","translated",""
"royal_pardon_d","The bandits want it for some reason.","По някаква причина бандитите го искат.","translated",""
"rusty_sword","Rusty Sword","Ръждясал меч","translated",""
"salad_guru","Salad Guru","Гуру на салатите","translated",""
"salad_guru_d","green plants quality +0.25","качество на зелените растения +0,25","translated",""
"salt","Salt","Сол","translated",""
"sand","Sand","Пясък","translated",""
"sand_container_conveyor","Sand Stockpile","Склад за пясък","translated",""
"sand_container_conveyor_TOP_BROKEN","Broken Sand Stockpile","Счупен склад за пясък","translated",""
"sand_zombie_crafter","Sand Digger Stand","Поставка за копач на пясък","translated",""
"save_import_confirm","Are you sure?","Сигурен ли си?","translated",""
"save_import_confirm_txt","Do you really want to import the save file into this slot?","Наистина ли искаш да импортираш файла със записа в този слот?","translated",""
"save_slot_descr","Days played: %1","Изиграни дни: %1","translated",""
"sawhorse","Sawhorse","Трионник","translated",""
"sawmill_wood_container","Timber stockpile","Склад за дървен материал","translated",""
"sawmill_wood_crafter","Lumberjack stand","Поставка на дървосекача","translated",""
"scary_idol","Scary Idol","Страшен идол","translated",""
"science","Science","Наука","translated",""
"science_decompose","Decomposing this item will give you %1.","Разграждането на този предмет ще ти даде %1.","translated",""
"science_kit_1","Science Kit I","Комплект за наука I","translated",""
"science_kit_2","Science Kit II","Комплект за наука II","translated",""
"scrapping","Scrapping","Разглобяване","translated",""
"screw_steel","Steel Screws","Стоманени винтове","translated",""
"sculpture_kit_1","Sculpture Kit I","Комплект за скулптури I","translated",""
"sculpture_kit_2","Sculpture Kit II","Комплект за скулптури II","translated",""
"search_bronze","Search Bronze","Проучване на бронз","translated",""
"search_iron","Search Iron","Проучване на желязо","translated",""
"seed_generator","Seed Generator","Генератор на семена","translated",""
"seed_generator_place","Seed Generator","Генератор на семена","translated",""
"seed_oil","Seed oil","Масло от семена","translated",""
"select_fertilizers","Select fertilizer","Избери тор","translated",""
"serch_scrap","Search scrap","Проучване на скрап","translated",""
"sermon_amateur","Amateur Prayer","Любителска молитва","translated",""
"sermon_amateur_d","Amateur Prayer","Любителска молитва","translated",""
"sermon_base","Basic Prayer","Основна молитва","translated",""
"sermon_fairy","Prayer of Fairy Summoning","Молитва за призоваване на Феята","translated",""
"sermons_money_faith","Religious Writing I","Религиозно писане I","translated",""
"sermons_war_trade","Religious Writing II","Религиозно писане II","translated",""
"sermons_writing_basic","Writing Basic","Основи на писането","translated",""
"sewer_fight_1","Sewer Cleanup I","Почистване на канализацията I","translated",""
"sewing_table","Sewing Table","Шивашка маса","translated",""
"Shalman_t1","Tavern","Механа I","translated",""
"Shalman_t2","Tavern II","Механа II","translated",""
"Shalman_t3","Tavern III","Механа III","translated",""
"shield_squad","Defender's Emblem","Емблема на защитника","translated",""
"shield_squad_d","Can be used in the Barracks to unlock a new squad slot.","Може да се използва в казармата за отключване на нов слот за отряд.","translated",""
"shovel_0","Rusty Shovel","Ръждясала лопата","translated",""
"shovel_1","Bronze Shovel","Бронзова лопата","translated",""
"shovel_2","Iron Shovel","Желязна лопата","translated",""
"shovel_3","Steel Shovel","Стоманена лопата","translated",""
"shrimp_bite","Shrimp Bait","Стръв от скариди","translated",""
"shrimp_bite_d","Attracts: Swamp Ghost, Anchovy, Goldfish, Mackerel, Tuna","Привлича: блатен призрак, хамсия, златна рибка, скумрия, риба тон","translated",""
"simple_workbench_d","Select an object to craft","Избери предмет за изработка","translated",""
"sin_orbe_envy","Envy Orb","Сфера на Завистта","translated",""
"sin_orbe_gluttony","Gluttony Orb","Сфера на Лакомията","translated",""
"sin_orbe_greed","Greed Orb","Сфера на Алчността","translated",""
"sin_orbe_lust","Lust Orb","Сфера на Похотта","translated",""
"sin_orbe_pride","Pride Orb","Сфера на Гордостта","translated",""
"sin_orbe_sloth","Sloth Orb","Сфера на Леността","translated",""
"sin_orbe_wrath","Wrath Orb","Сфера на Гнева","translated",""
"sinful_idol","Unholy Idol","Нечестив идол","translated",""
"skin_1_1","Skin","Кожа","translated",""
"skin_extract","Skin removal","Изваждане на кожата","translated",""
"skroll_skin_pig","Leather Scroll","Кожен свитък","translated",""
"skull","Skull","Череп","translated",""
"skull_extract","Skull removal","Изваждане на черепа","translated",""
"sleeping_bed_2","Bed Improvement","Подобрение на леглото","translated",""
"slug","Slug","Охлюв","translated",""
"sluice_box","Sluice Box","Шлюзова кутия","translated",""
"small_instruments_1","Bronze tools","Бронзови инструменти","translated",""
"small_instruments_2","Iron tools","Железни инструменти","translated",""
"small_instruments_3","Steel tools","Стоманени инструменти","translated",""
"small_printing_press","Small Printing Press","Малка печатна преса","translated",""
"smithing_lvl_up_1","Smithing mastery +1<sprite name=""talent_red"">","Майсторство в ковачеството +1<sprite name=""talent_red">","translated",""
"smithing_lvl_up_2","Smithing mastery +2<sprite name=""talent_red"">","Майсторство в ковачеството +2<sprite name=""talent_red">","translated",""
"special_wood_cost_x1","Special Wood x1","Специално дърво x1","translated",""
"special_wood_cost_x10","Special Wood x10","Специално дърво x10","translated",""
"special_wood_cost_x100","Special Wood x100","Специално дърво x100","translated",""
"special_wood_cost_x50","Special Wood x50","Специално дърво x50","translated",""
"speech_writing_device","Speech Writing Device","Устройство за писане на речи","translated",""
"speed_potion","Speed Potion","Отвара за бързина","translated",""
"speed_potion_d","Temporarily increases movement speed","Временно увеличава скоростта на движение","translated",""
"speed_potion_scroll","Speed Potion Scroll","Свитък за отвара за бързина","translated",""
"spices","Spices","Подправки","translated",""
"spinning_wheel","Spinning Wheel","Чекрък","translated",""
"stained_glass","Stained Glass","Цветно стъкло","translated",""
"start_fight","Start Fight!","Започни битката!","translated",""
"start_fight_two_lines","Start
Fight!","Започни
битката!","translated",""
"stationery_ink_paper_1","Stationery I","Канцеларски материали I","translated",""
"stationery_ink_paper_1_d","Bureaucracy waits for no one. Craft ink and paper.","Бюрокрацията не чака никого. Изработвай мастило и хартия.","translated",""
"stationery_ink_paper_2","Stationery II","Канцеларски материали II","translated",""
"stationery_ink_paper_3","Stationery III","Канцеларски материали III","translated",""
"stationery_ink_paper_4","Stationery IV","Канцеларски материали IV","translated",""
"stationery_ink_paper_5","Stationery V","Канцеларски материали V","translated",""
"stationery_ink_paper_6","Stationery VI","Канцеларски материали VI","translated",""
"steel_anvil","Steel Anvil","Стоманена наковалня","translated",""
"steel_armor","Steel Equipment","Стоманено оборудване","translated",""
"steel_casting","Steel Casting","Леене на стомана","translated",""
"steel_cost_x1","Steel Ingot x1","Стоманен слитък x1","translated",""
"steel_cost_x10","Steel Ingot x10","Стоманен слитък x10","translated",""
"steel_cost_x100","Steel Ingot x100","Стоманен слитък x100","translated",""
"steel_cost_x50","Steel Ingot x50","Стоманен слитък x50","translated",""
"steel_products","Steel Smithing","Ковачество на стомана","translated",""
"steel_weapons","Steel Weapons","Стоманени оръжия","translated",""
"stick","Stick","Пръчка","translated",""
"stone_basic","The Concept of Stone","Концепцията за камъка","translated",""
"stone_carving","Stone Carving","Издълбаване на камък","translated",""
"stone_container","Stone stockpile","Склад за камък","translated",""
"stone_container_conveyor","Stone Stockpile","Склад за камък","translated",""
"stone_container_conveyor_TOP_BROKEN","Broken Stone Stockpile","Счупен склад за камък","translated",""
"stone_cutter","Stonecutter","Каменорезец","translated",""
"stone_kit_1","Stone Kit","Каменен комплект","translated",""
"stone_miner_1","Stone miner I","Каменодобив I","translated",""
"stone_miner_2","Stone miner II","Каменодобив II","translated",""
"stone_plate_1","Piece of stone","Къс камък","translated",""
"stone_plate_2","Polished Stone","Полиран камък","translated",""
"stone_plate_3","Carved Stone","Издълбан камък","translated",""
"stonemason_1","Stonemason I","Каменоделец I","translated",""
"stonemason_2","Stonemason II","Каменоделец II","translated",""
"store_name_egs","Go to Epic Games Store","Към Epic Games Store","translated",""
"store_name_gog","Go to GOG","Към GOG","translated",""
"store_name_nintendo","Go to Nintendo eShop","Към Nintendo eShop","translated",""
"store_name_playstation","Go to PlayStation®Store","Към PlayStation®Store","translated",""
"store_name_steam","Go to Steam","Към Steam","translated",""
"store_name_xbox","Go to Microsoft Store","Към Microsoft Store","translated",""
"story","Story","История","translated",""
"story_improve_1","Improve story I","Подобрение на историята I","translated",""
"story_improve_2","Improve story II","Подобрение на историята II","translated",""
"surgeon_mistake","Surgeon's Error","Грешка на хирурга","translated",""
"surgical_kit_1","Butcher's Kit","Комплект на касапина","translated",""
"surgical_kit_2","Surgeon's Kit","Комплект на хирурга","translated",""
"surgical_kit_3","Master Surgeon's Kit","Майсторски комплект на хирурга","translated",""
"survey_complete","complete","завършено","translated",""
"survey_not_complete","not complete","незавършено","translated",""
"survey_wgo","Study Table","Маса за изучаване","translated",""
"survey_wgo_d","Choose research subject","Избери предмет за изследване","translated",""
"sword_0","Rusty Sword","Ръждясал меч","translated",""
"sword_1","Bronze Sword","Бронзов меч","translated",""
"sword_2","Iron Sword","Железен меч","translated",""
"sword_3","Steel Sword","Стоманен меч","translated",""
"sword_4","Master Sword","Майсторски меч","translated",""
"t_b_tent_1_t1","Merchant Upgrade","Подобрение на търговеца","translated",""
"tableware","Tableware","Съдове","translated",""
"Tailor_t1","Tailor","Шивач I","translated",""
"Tailor_t2","Tailor II","Шивач II","translated",""
"Tailor_t3","Tailor III","Шивач III","translated",""
"talent_lock","Talent","Умение","translated",""
"techbook_b_1","Blue Techbook","Син технически учебник","translated",""
"techbook_b_2","Blue Techbook II","Син технически учебник II","translated",""
"techbook_g_1","Green Techbook","Зелен технически учебник","translated",""
"techbook_g_2","Green Techbook II","Зелен технически учебник II","translated",""
"techbook_r_1","Red Techbook","Червен технически учебник","translated",""
"techbook_r_2","Red Techbook II","Червен технически учебник II","translated",""
"TechTreePage","Tech Tree","Дърво на технологиите","translated",""
"temp_village_head_paper","Temporary Head of the Village Certificate","Удостоверение за временен глава на селото","translated",""
"temp_village_head_paper_d","I need to give to Jully, but he won't be happy that it's temporary.","Трябва да го дам на Джули, но той няма да е доволен, че е временно.","translated",""
"temptation","Temptation","Изкушение","translated",""
"temptation_prayer_tier_1_test","Temptation Prayer","Молитва за изкушение","translated",""
"test_note","Test Note","Тестова бележка","translated",""
"test_note_note","This note is written for testing. You don't need to read it to the end. I'm serious, stop. Okay. A peck on the belly button to everyone who read it.","Тази бележка е написана за тестове. Не е нужно да я четеш докрай. Сериозно, спри. Добре. Пъп по корема на всеки, който я прочете.","translated",""
"test_survey_wgo","Study Table","Маса за изучаване","translated",""
"test_workbench","Workbench","Работна маса","translated",""
"third_eye_salt","Third Eye Salt","Сол за третото око","translated",""
"thread_flax","Flax Thread","Ленена нишка","translated",""
"thread_metal","Fishing Line","Рибарска корда","translated",""
"time","Time","Време","translated",""
"tip_accept","Accept","Приеми","translated",""
"tip_back","Back","Назад","translated",""
"tip_cancel","Cancel","Отказ","translated",""
"tip_fold","Details","Подробности","translated",""
"tip_item_action","Action","Действие","translated",""
"tip_move_all_items","Move All","Премести всички","translated",""
"tip_move_similar_items","Move All Duplicates","Премести всички дубликати","translated",""
"tip_next","Next","Напред","translated",""
"tip_prev","Previous","Назад","translated",""
"tip_roll_zombie_name","Roll Name","Избери име","translated",""
"tip_scroll","Scroll","Превърти","translated",""
"tip_select","Select","Избери","translated",""
"tip_switch","Switch","Превключи","translated",""
"tip_unfold","Details","Подробности","translated",""
"tool_book_1","Primer","Буквар","translated",""
"tool_book_2","Dictionary","Речник","translated",""
"tool_book_3","Glossary","Глосар","translated",""
"tool_drainage","Autopsy Tools I","Инструменти за аутопсия I","translated",""
"tool_embalm","Embalming Tools","Инструменти за балсамиране","translated",""
"tool_grind","Alchemy Tools II","Алхимични инструменти II","translated",""
"tool_lock","Tool","Инструмент","translated",""
"tool_mix","Alchemy Tools I","Алхимични инструменти I","translated",""
"tool_rack","Tool Rack","Стойка за инструменти","translated",""
"tool_rack_2","Tool Rack II","Стойка за инструменти II","translated",""
"tool_rack_fine","Fine Tool Rack","Стойка за фини инструменти","translated",""
"tool_surgeon","Autopsy Tools II","Инструменти за аутопсия II","translated",""
"tool_talisman_1","Bronze Talisman","Бронзов талисман","translated",""
"tool_talisman_2","Silver Talisman","Сребърен талисман","translated",""
"tool_talisman_3","Golden Talisman","Златен талисман","translated",""
"tooth","Tooth","Зъб","translated",""
"totem","Totem","Тотем","translated",""
"tower_1_fight","Archer Tower I","Стрелкова кула I","translated",""
"tower_2_fight","Archer Tower II","Стрелкова кула II","translated",""
"tower_3_fight","Archer Tower III","Стрелкова кула III","translated",""
"towers_1","Archers Tower","Стрелкова кула","translated",""
"towers_2","Archers Tower II","Стрелкова кула II","translated",""
"towers_3","Archers Tower III","Стрелкова кула III","translated",""
"town_building_upgrade","Upgrade","Подобрение","translated",""
"town_gratitude","Town Gratitude","Благодарност на града","translated",""
"town_gratitude_d","Gives 5 <sprite name=""happiness"">. Use it wisely.","Дава 5 <sprite name=""happiness">. Използвай ги разумно.","translated",""
"town_guard_barracks_module_2_s","Expand Military Building Area","Разшири зоната на военните сгради","translated",""
"town_guard_barracks_module_p","Military Building Area","Зона на военните сгради","translated",""
"town_zone_1","Town zone 1","Градска зона 1","translated",""
"town_zone_2","Town zone 2","Градска зона 2","translated",""
"town_zone_3","Town zone 3","Градска зона 3","translated",""
"town_zone_4","Town zone 4","Градска зона 4","translated",""
"trailer_ev_3_donkey","Another sinner for you, comrades.","Още един грешник за вас, другари.","translated",""
"trailer_ev_3_larry","What are you staring at, grab him!","Какво зяпате, хванете го!","translated",""
"tree_apple_clr1_xxs","Apple Tree","Ябълково дърво","translated",""
"trilogy","Trilogy","Трилогия","translated",""
"trinkets_bronze","Copper Trinkets","Медни дрънкулки","translated",""
"trinkets_gold","Precious Trinkets","Скъпоценни дрънкулки","translated",""
"trinkets_stone","Stone Marbles","Каменни топчета","translated",""
"trinkets_wood","Wooden Trinkets","Дървени дрънкулки","translated",""
"tt_alchemy_2","Add ingredients to split them into alchemy runes","Добави съставки, за да ги разделиш на алхимични руни","translated",""
"tt_alchemy_3","Flasks used for the craft","Колби, използвани за изработката","translated",""
"tt_alchemy_4_unk","Unknown result","Неизвестен резултат","translated",""
"tt_alchemy_5","Extra fuel consumed by the [Booster].","Допълнително гориво, изразходвано от [Усилвателя].","translated",""
"tt_alchemy_6","Alchemy properties

To craft something new, you need to discover its formula
(<sprite name=""rune_r""> + <sprite name=""rune_g""> + <sprite name=""rune_b"">).

All the formulas you've discovered are recorded in the [Folio].","Алхимични свойства

За да изработиш нещо ново, трябва да откриеш формулата му
(<sprite name=""rune_r""> + <sprite name=""rune_g""> + <sprite name=""rune_b"">).

Всички открити формули се записват във [Folio].","translated",""
"tt_alchemy_7","Effect of the [Booster] on properties","Ефект на [Усилвателя] върху свойствата","translated",""
"tt_alchemy_flasks","Available flasks

Add flasks to the shelf to increase this number.","Налични колби

Добави колби на рафта, за да увеличиш този брой.","translated",""
"tt_conv_chest_conn","Conveyor connection","Връзка с конвейера","translated",""
"tt_craft_fire","Available fuel

Stock the firewood shed to increase supply.","Налично гориво

Зареди навеса за дърва, за да увеличиш запасите.","translated",""
"tt_craft_mastery","Worker mastery","Майсторство на работника","translated",""
"tt_craft_tick","Progress per successful tick","Напредък за успешен тик","translated",""
"tt_craft_tick_length","Tick length","Дължина на тика","translated",""
"tt_craft_tick_part","Chance of successful tick","Шанс за успешен тик","translated",""
"tt_energy_spendings","Energy spent per tick","Енергия, изразходвана за тик","translated",""
"tt_extension","Extension","Разширение","translated",""
"tt_factory_gears","Add zombies to zombie carousels to get more <sprite name=""gear"">.","Добави зомбита към зомби въртележките, за да получиш повече <sprite name=""gear"">.","translated",""
"tt_garden_3","Base garden bed quality","Базово качество на градинската леха","translated",""
"tt_garden_3_add","Fertilizer bonus","Бонус от тора","translated",""
"tt_garden_4","Additional yield

Awarded when progress reaches this point.","Допълнителна реколта

Получава се, когато напредъкът достигне тази стойност.","translated",""
"tt_garden_5","Growth per successful tick","Растеж за успешен тик","translated",""
"tt_garden_5_part","Chance of successful growth tick","Шанс за успешен тик на растеж","translated",""
"tt_garden_6","Crop quality requirement

Minimum requirement for base yield. Exceeding this value gets more growth per tick.","Изискване за качество на културата

Минимално изискване за базовата реколта. Надвишаването на тази стойност дава повече растеж за тик.","translated",""
"tt_garden_7","Current growth progress","Текущ напредък на растежа","translated",""
"tt_garden_mastery","Total garden bed quality","Общо качество на градинската леха","translated",""
"tt_grave_1","Grave quality

<sprite name=""skull""> + <sprite name=""wr""> = <sprite name=""wskull"">

The quality of each grave contributes to the total graveyard quality.","Качество на гроба

<sprite name=""skull""> + <sprite name=""wr""> = <sprite name=""wskull"">

Качеството на всеки гроб допринася към общото качество на гробището.","translated",""
"tt_grave_2","Determined by body parts","Определя се от частите на тялото","translated",""
"tt_grave_4","Each <sprite name=""skull""> + <sprite name=""wr""> = <sprite name=""wskull"">","Всеки <sprite name=""skull""> + <sprite name=""wr""> = <sprite name=""wskull"">","translated",""
"tt_insanity_spendings","Insanity gained per tick","Лудост, придобита за тик","translated",""
"tt_pray_1","Church quality","Качество на църквата","translated",""
"tt_pray_3","Parishioners

<sprite name=""cross""> + <sprite name=""happiness""> = <sprite name=""happiness_cross"">","Енориаши

<sprite name=""cross""> + <sprite name=""happiness""> = <sprite name=""happiness_cross"">","translated",""
"tt_prefight_1","Currently selected squads","Текущо избрани отряди","translated",""
"tt_prefight_2","Your total power / Minimum required power","Твоята обща сила / Минимално необходима сила","translated",""
"tt_prefight_2b","Your total power","Твоята обща сила","translated",""
"tt_prefight_3","Squad power","Сила на отряда","translated",""
"tt_resur_collar","Pick a collar","Избери каишка","translated",""
"tt_study_faith","Total in your inventory and storage.","Общо в инвентара и склада ти.","translated",""
"tt_study_science","Get more by studying and decomposing items that contain <sprite name=""science"">, like [Paper] and [Science kits].","Получавай повече, като изучаваш и разграждаш предмети, които съдържат <sprite name=""science"">, например [Paper] и [Science kits].","translated",""
"tt_town_happiness","Get <sprite name=""happiness""> from [Town Gratitude], trading special items, and completing town orders.","Получавай <sprite name=""happiness""> от [Town Gratitude], търгувай със специални предмети и изпълнявай градски поръчки.","translated",""
"tt_trade_hap_bar","Current progress to the next <sprite name=""happiness"">.

Sell items with the <sprite name=""happiness""> label. Once it reaches 100%, you gain +<sprite name=""happiness"">.

Vendors only need a limited number of each item every week.","Текущ напредък към следващото <sprite name=""happiness"">.

Продавай предмети с етикет <sprite name=""happiness"">. Когато достигне 100%, получаваш +<sprite name=""happiness"">.

Търговците се нуждаят само от ограничен брой от всеки предмет всяка седмица.","translated",""
"tt_trade_hap_likes","Maximum <sprite name=""happiness""> you can get from this vendor this week.

Resets every <sprite name=""day_pride"">","Максималното <sprite name=""happiness"">, което можеш да получиш от този търговец тази седмица.

Нулира се всеки <sprite name=""day_pride"">","translated",""
"tt_your_mastery_levels","Your mastery levels","Нивата ти на майсторство","translated",""
"tt_zombie_2","Use these to obtain new perks","Използвай ги, за да получиш нови умения","translated",""
"tt_zombie_3","Determined by body parts.
Each <sprite name=""rskull""> unlocks a perk slot.","Определя се от частите на тялото.
Всеки <sprite name=""rskull""> отключва слот за умение.","translated",""
"tt_zombie_mastery_levels","Zombie mastery levels","Нива на майсторство на зомбитата","translated",""
"tutorial_autopsy_1","With a special autopsy table, you can remove or reattach different... ""parts"".","Със специална маса за аутопсия можеш да премахваш или прикрепяш отново различни... „части“.","translated",""
"tutorial_autopsy_2","Working with the various parts requires various skills. There's always a chance that a procedure might fail.","Работата с различните части изисква различни умения. Винаги има шанс процедурата да се провали.","translated",""
"tutorial_autopsy_3","You can check what skulls each part contributes. If you can’t see it right now, you may need to learn the relevant skill.","Можеш да провериш какви черепи допринася всяка част. Ако не можеш да го видиш сега, може да се наложи да научиш съответното умение.","translated",""
"tutorial_autopsy_graveyard","For the graveyard, it's better to have more <sprite name=""skull""> and fewer <sprite name=""rskull"">.","За гробището е по-добре да имаш повече <sprite name=""skull""> и по-малко <sprite name=""rskull"">.","translated",""
"tutorial_autopsy_items","Advanced organs need higher <sprite name=""talent_blue"">. Then you can fill the progress bar enough to extract the organ <sprite name=""organ_hrt"">, and avoid surgeon's error <sprite name=""organ_mis_hrt"">.","За напредналите органи е нужно по-високо <sprite name=""talent_blue"">. После можеш да запълниш достатъчно лентата, за да извадиш органа <sprite name=""organ_hrt""> и да избегнеш грешка на хирурга <sprite name=""organ_mis_hrt"">.","translated",""
"tutorial_autopsy_skull_d","Skulls: [+]<sprite name=""skull"">","Черепи: [+]<sprite name=""skull"">","translated",""
"tutorial_autopsy_work","Extract and replace organs to change the body's <sprite name=""skull""> and <sprite name=""rskull"">.","Изваждай и заменяй органи, за да променяш <sprite name=""skull""> и <sprite name=""rskull""> на тялото.","translated",""
"tutorial_graveyard_place","To build more graves, unlock new Graveyard modules in the Tech Tree and place them.","За да построиш още гробове, отключи нови модули за гробището в Дървото на технологиите и ги постави.","translated",""
"tutorial_graveyard_put","Decorate each grave to increase its quality <sprite name=""wskull"">. Each <sprite name=""skull""> increases the maximum quality, while each <sprite name=""rskull""> reduces it.","Украсявай всеки гроб, за да увеличиш качеството му <sprite name=""wskull"">. Всеки <sprite name=""skull""> увеличава максималното качество, а всеки <sprite name=""rskull""> го намалява.","translated",""
"tutorial_hdr_autopsy","Tutorial: Autopsies","Урок: Аутопсии","translated",""
"tutorial_hdr_graves","Tutorial: Graves","Урок: Гробове","translated",""
"tutorial_hdr_questslog","Tutorial: Quest Log","Урок: Дневник на задачите","translated",""
"tutorial_hdr_seremons","Tutorial: Sermon","Урок: Проповед","translated",""
"tutorial_insp_complete","Performing various actions earns different inspirations. ","Извършването на различни действия ти носи различни вдъхновения.","translated",""
"tutorial_insp_points","There are various inspirations: <sprite name=""inspiration_point-orange"">, <sprite name=""inspiration_point-red"">, <sprite name=""inspiration_point-green"">, <sprite name=""inspiration_point-yellow"">, and <sprite name=""inspiration_point-blue"">.","Има различни вдъхновения: <sprite name=""inspiration_point-orange"">, <sprite name=""inspiration_point-red"">, <sprite name=""inspiration_point-green"">, <sprite name=""inspiration_point-yellow""> и <sprite name=""inspiration_point-blue"">.","translated",""
"tutorial_questslog_1","You can check your current tasks in the Story Tree. Tasks are separated into different story branches.","Можеш да проверяваш текущите си задачи в Дървото на историята. Задачите са разделени в различни сюжетни разклонения.","translated",""
"tutorial_questslog_2","It’s a good idea to complete your current tasks, to unlock new ones...","Добре е да изпълняваш текущите си задачи, за да отключваш нови...","translated",""
"tutorial_questslog_3","Hopefully, there’s a happy ending somewhere to the right.","Надяваме се, че някъде вдясно има щастлив край.","translated",""
"tutorial_questslog_finish","You can always view the information for each quest.","Винаги можеш да преглеждаш информацията за всяка задача.","translated",""
"tutorial_questslog_info","Quests show which characters are important for the quest.","Задачите показват кои герои са важни за изпълнението им.","translated",""
"tutorial_questslog_track","Some quests have various stages you need to complete before it's finished.","Някои задачи имат различни етапи, които трябва да изпълниш, преди да приключат.","translated",""
"tutorial_seremons_1","You can develop and perform different ceremonies, each offering unique rewards and bonuses.","Можеш да развиваш и провеждаш различни церемонии, всяка от които предлага уникални награди и бонуси.","translated",""
"tutorial_seremons_2","More sophisticated ceremonies require more developed skills and higher church quality. A successful ceremony also requires attendees.","По-сложните церемонии изискват по-развити умения и по-високо качество на църквата. За успешна церемония са нужни и присъстващи.","translated",""
"tutorial_seremons_3","A well-maintained graveyard raises ceremony profits.","Добре поддържаното гробище увеличава печалбите от церемониите.","translated",""
"ultimate_bite","Live Bait","Жива стръв","translated",""
"ultimate_bite_d","Attracts: Mythic Carp, Celestial Salmon, Elder Catfish, Kraken Jr","Привлича: митичен шаран, небесна сьомга, древен сом, младши Кракен","translated",""
"undertaker_1","Undertaker I","Гробар I","translated",""
"undertaker_1_d","Craft crosses and fences","Изработвай кръстове и огради","translated",""
"undertaker_2","Undertaker II","Гробар II","translated",""
"undertaker_3","Undertaker III","Гробар III","translated",""
"undertaker_4","Undertaker IV","Гробар IV","translated",""
"undertaker_5","Undertaker V","Гробар V","translated",""
"undertaker_6","Undertaker VI","Гробар VI","translated",""
"unlock_graveyard_zone_1_s","Expand graveyard I","Разшири гробището I","translated",""
"unlock_graveyard_zone_2_s","Expand graveyard II","Разшири гробището II","translated",""
"unlock_graveyard_zone_3_s","Expand graveyard III","Разшири гробището III","translated",""
"unlock_squad_slot","Unlock Squad Slot","Отключи слот за отряд","translated",""
"upgrade_church_1_s","Improve the Church I","Подобри църквата I","translated",""
"upgrade_church_2_s","Improve the Church II","Подобри църквата II","translated",""
"upgrade_church_3_s","Improve the Church III","Подобри църквата III","translated",""
"upgrade_graveyard_fence_1_s","Upgrade Fence I","Подобри оградата I","translated",""
"upgrade_graveyard_fence_2_s","Upgrade Fence II","Подобри оградата II","translated",""
"upgrade_graveyard_road_1_s","Upgrade Road and Paths","Подобри пътя и пътеките","translated",""
"upgrade_mercenary_equipment_1","Upgrade mercenary equipment","Подобри екипировката на наемниците","translated",""
"upgrade_pr_machine_1","Upgrade PR Machine I","Подобри PR машината I","translated",""
"upgrade_pr_machine_2","Upgrade PR Machine II","Подобри PR машината II","translated",""
"upgrade_pr_machine_3","Upgrade PR Machine III","Подобри PR машината III","translated",""
"upgrade_pr_machine_4","Upgrade PR Machine IV","Подобри PR машината IV","translated",""
"upgrade_sawmill","Upgrade Sawmill","Подобри дъскорезницата","translated",""
"urn_ashes_1","Urn with Ashes I","Урна с пепел I","translated",""
"urn_ashes_2","Urn with Ashes II","Урна с пепел II","translated",""
"Vegetable_t1","Vegetable Stand","Щанд за зеленчуци","translated",""
"Vegetable_t2","Vegetable Stand II","Щанд за зеленчуци II","translated",""
"Vegetable_t3","Vegetable Stand III","Щанд за зеленчуци III","translated",""
"VillageForestArea","Village near the forest","Село край гората","translated",""
"vine_press","Vine Press","Преса за грозде","translated",""
"vineyard_crafter","Gardener Stand","Щанд на градинаря","translated",""
"vineyard_empty","Vine Trellis","Лозова конструкция","translated",""
"vineyard_upgrade_s","Vineyard Upgrade","Подобрение на лозето","translated",""
"violine","Violin","Цигулка","translated",""
"violine_d","The violin of Albert's sister, intended for Linda.","Цигулката на сестрата на Албърт, предназначена за Линда.","translated",""
"water","Water","Вода","translated",""
"weak_growing_elixir","Weak growth elixir","Слаб еликсир на растежа","translated",""
"weapons_t1","Simple Weapons","Прости оръжия","translated",""
"weaving_loom","Weaving Loom","Тъкачен стан","translated",""
"well_garden_1","Water well","Воден кладенец","translated",""
"well_garden_2","Garden Well II","Градински кладенец II","translated",""
"well_garden_upgrade_s","Garden Well Upgrade","Подобрение на градинския кладенец","translated",""
"wheat","Wheat","Пшеница","translated",""
"wheat_seed","Wheat seed","Пшенично семе","translated",""
"wild_zombie_test_d","Wild Zombie","Див зомби","translated",""
"wine_barrel","Wine Barrel","Бъчва за вино","translated",""
"wood","Log","Дънер","translated",""
"wood_2","Special Wood","Специална дървесина","translated",""
"wood_artisan","Wood artisan","Дърводелец","translated",""
"wood_basic","The Concept of Wood","Концепцията за дървото","translated",""
"wood_billet","Wooden Billet","Дървено трупче","translated",""
"wood_container_conveyor","Wood Stockpile","Склад за дървесина","translated",""
"wood_container_conveyor_TOP_BROKEN","Broken Wood Stockpile","Счупен склад за дървесина","translated",""
"wood_wedge","Wood wedge","Дървен клин","translated",""
"wood1","Short Log","Къс дънер","translated",""
"woodcutter_1","Woodcutter I","Дървар I","translated",""
"woodcutter_1_d","Chop trees into logs and firewood","Сечи дървета за трупи и дърва за огрев","translated",""
"woodcutter_2","Woodcutter II","Дървар II","translated",""
"woodcutter_3","Woodcutter III","Дървар III","translated",""
"woodcutter_4","Woodcutter IV","Дървар IV","translated",""
"woodcutter_5","Woodcutter V","Дървар V","translated",""
"wooden_anvil","Wooden Anvil","Дървена наковалня","translated",""
"wooden_beam","Wooden beam","Дървена греда","translated",""
"wooden_detail","Wooden Detail","Дървен детайл","translated",""
"wooden_joint","Wooden Joint","Дървена сглобка","translated",""
"wooden_kit","Wood Kit","Дървен комплект","translated",""
"wooden_kit_1","Wooden Kit I","Дървен комплект I","translated",""
"wooden_kit_2","Wooden Kit II","Дървен комплект II","translated",""
"wooden_plank","Wooden Plank","Дървена дъска","translated",""
"woodworking_workbench_1","Woodworking Workbench I","Работна маса за дървообработване I","translated",""
"woodworking_workbench_2","Woodworking Workbench II","Работна маса за дървообработване II","translated",""
"work_with_wood_1","Woodworking I","Дървообработване I","translated",""
"work_with_wood_2","Woodworking II","Дървообработване II","translated",""
"worms_bite","Worms Bait","Стръв от червеи","translated",""
"worms_bite_d","Attracts: Salmon, Herring, Eel, Catfish, Swamp Ghost, Anchovy","Привлича: сьомга, херинга, змиорка, сом, блатен призрак, аншоа","translated",""
"writing_books_1","Books I","Книги I","translated",""
"writing_books_2","Books II","Книги II","translated",""
"writing_desk_1","Writing Desk","Бюро за писане","translated",""
"writing_items","Writing Supplies","Пособия за писане","translated",""
"writing_tools_1","Writing Tools I","Инструменти за писане I","translated",""
"writing_tools_2","Writing Tools II","Инструменти за писане II","translated",""
"wz_493_dev_playground_test","Test 493 Zone","Тестова зона 493","translated",""
"wz_alchemy_lab","Alchemy Lab","Алхимична лаборатория","translated",""
"wz_astrologer_tower","Astrologer's Tower","Кулата на астролога","translated",""
"wz_bandits_camp","Bandit Camp","Лагер на бандитите","translated",""
"wz_basement_writing","Writing Basement","Писателско мазе","translated",""
"wz_canaliseum","Sewrena","Сюрина","translated",""
"wz_carrier","Quarry","Каменоломна","translated",""
"wz_church","Church","Църква","translated",""
"wz_conveyor","Factory","Фабрика","translated",""
"wz_crossroads","Crossroads","Кръстопът","translated",""
"wz_forest","Forest","Гора","translated",""
"wz_forest_post","Forest Post","Горски пост","translated",""
"wz_garden","Garden","Градина","translated",""
"wz_graveyard","Graveyard","Гробище","translated",""
"wz_hangman_house","Hangman's House","Къщата на палача","translated",""
"wz_heart_swamp","Heart of the Swamp","Сърцето на блатото","translated",""
"wz_herms_store","Herm's Store","Магазинът на Херм","translated",""
"wz_home","Home","Дом","translated",""
"wz_inquisition_tower","Abandoned Tower","Изоставена кула","translated",""
"wz_inquisitions_base","Inquisition Base","База на инквизицията","translated",""
"wz_intro_scout_building","Abandoned House","Изоставена къща","translated",""
"wz_mailbox_area","Mailbox","Пощенска кутия","translated",""
"wz_main_pier","Main Pier","Главен кей","translated",""
"wz_mine","Old Mine","Стара мина","translated",""
"wz_morgue","Morgue","Морга","translated",""
"wz_palace","Palace","Дворец","translated",""
"wz_plague_doctor_lab","Plague Doctor's Lab","Лаборатория на чумния лекар","translated",""
"wz_port_area","Port Area","Пристанищна зона","translated",""
"wz_port_tavern","Dockside Club","Крайбрежен клуб","translated",""
"wz_prison","Inquisition Dungeon","Тъмница на инквизицията","translated",""
"wz_resurrection","Resurrection Lab","Лаборатория за възкресение","translated",""
"wz_resurrection_area","Resurrection Lab","Лаборатория за възкресение","translated",""
"wz_royal_foundry","Royal Foundry","Кралска леярна","translated",""
"wz_sand_clay_zone","Riverside","Речен бряг","translated",""
"wz_sawmill","Sawmill","Дъскорезница","translated",""
"wz_sewers","Sewers","Канализация","translated",""
"wz_sluice_area","Sluice Area","Зона на шлюза","translated",""
"wz_square","Square","Площад","translated",""
"wz_stilt_houses","Stilt Houses","Къщи на кокили","translated",""
"wz_swamp","Swamp","Блато","translated",""
"wz_tavern","Village Tavern","Селска кръчма","translated",""
"wz_town","Town","Град","translated",""
"wz_town_guard_barracks","Barracks","Казарми","translated",""
"wz_twins_home","Twins’ Land","Земята на близнаците","translated",""
"wz_village","Village","Село","translated",""
"wz_vineyard","Vineyard","Лозе","translated",""
"wz_warehouse","Town Warehouse","Градски склад","translated",""
"wz_warehouse_cellar","Warehouse Cellar","Мазе на склада","translated",""
"wz_well","Manhole","Шахта","translated",""
"wz_winery","Winery","Винарна","translated",""
"wz_workshop_conveyor","Jack's Workshop","Работилницата на Джак","translated",""
"wz_yard","Yard","Двор","translated",""
"zmb_choir_unlock_s","Choir","Хор","translated",""
"zmb_organ_unlock_s","Organ","Орган","translated",""
"zombie_beer","Zombie Brewing","Зомби пивоварство","translated",""
"zombie_carousel","Zombie Carousel","Зомби въртележка","translated",""
"zombie_carousel_broken","Broken Zombie Carousel","Счупена зомби въртележка","translated",""
"zombie_carousel_fix","Zombie Carousel Repairing","Ремонт на зомби въртележката","translated",""
"zombie_collar","Collar","Каишка","translated",""
"zombie_conveyor_transporter_station","Zombie Supply Porter","Преносвач на зомби провизии","translated",""
"zombie_exp_potions_1","Zombie Potions","Зомби отвари","translated",""
"zombie_exp_potions_2","Zombie Potions II","Зомби отвари II","translated",""
"zombie_gardening","Zombie Gardening","Зомби градинарство","translated",""
"zombie_goo","Zombie goo","Зомби слуз","translated",""
"zombie_marble","Zombie Marble Mining","Зомби добив на мрамор","translated",""
"zombie_mechanism","Zombie Mechanism","Зомби механизъм","translated",""
"zombie_mining","Zombie Mining","Зомби добив","translated",""
"zombie_name_1","Shaun the Undead","Шон Немъртвия","translated",""
"zombie_name_10","Liv Mourn","Лив Моурн","translated",""
"zombie_name_11","Zed Wick","Зед Уик","translated",""
"zombie_name_12","Dr. Wyrmz","Д-р Уърмз","translated",""
"zombie_name_13","Gerry Brain","Джери Брейн","translated",""
"zombie_name_14","Neganomicon","Неганомикон","translated",""
"zombie_name_15","Chomp Columbus","Чомп Колумб","translated",""
"zombie_name_16","Governor Ghoul","Губернатор Гул","translated",""
"zombie_name_17","T-Vince","Ти-Винс","translated",""
"zombie_name_18","Sgt. Rotz","Серж. Ротц","translated",""
"zombie_name_19","Addy Gnaw","Ади Но","translated",""
"zombie_name_2","Zom Romero","Зом Ромеро","translated",""
"zombie_name_20","Fido Fetch","Файдо Феч","translated",""
"zombie_name_21","Mash Billiams","Маш Билиъмс","translated",""
"zombie_name_22","Twenty Eights","Туенти Ейтс","translated",""
"zombie_name_23","Wormwhole","Уърмхоул","translated",""
"zombie_name_24","Molten","Молтън","translated",""
"zombie_name_25","Chompers","Чомпърс","translated",""
"zombie_name_26","Buster Cretin","Бъстър Кретин","translated",""
"zombie_name_27","Beetlewine","Бийтълуайн","translated",""
"zombie_name_28","Jericho","Йерихон","translated",""
"zombie_name_29","Beefy Jerk","Бийфи Джърк","translated",""
"zombie_name_3","Ricktater","Риктейтор","translated",""
"zombie_name_30","McDead","МакДед","translated",""
"zombie_name_31","Sam Reanimy","Сам Реаними","translated",""
"zombie_name_32","Nick Crimes","Ник Краймс","translated",""
"zombie_name_33","Jerry Kane","Джери Кейн","translated",""
"zombie_name_34","Murk Durk","Мърк Дърк","translated",""
"zombie_name_35","Bludyung","Блъдиунг","translated",""
"zombie_name_36","Gnardist","Нардист","translated",""
"zombie_name_37","Gravestone","Грейвстоун","translated",""
"zombie_name_38","Rick Van Rotten","Рик Ван Ротън","translated",""
"zombie_name_39","Dippy Stitch","Дипи Стич","translated",""
"zombie_name_4","Braine Henderson","Брейн Хендерсън","translated",""
"zombie_name_40","Bonegrin the Second","Бонегрин Втори","translated",""
"zombie_name_5","Daddy Decompo","Татко Декомпо","translated",""
"zombie_name_6","Alice d'Cay","Алис д’Кей","translated",""
"zombie_name_7","Tallahasshriek","Талахашрийк","translated",""
"zombie_name_8","Murphrot","Мърфрот","translated",""
"zombie_name_9","Captain Dead","Капитан Дед","translated",""
"zombie_power","Zombie Power","Сила на зомбито","translated",""
"zombie_stone","Zombie Stone Mining","Зомби добив на камък","translated",""
"zombie_supplier_station","Zombie Supplier Station","Станция за зомби снабдяване","translated",""
"zombie_supplier_station_no_overhead","I should put a zombie here.","Трябва да сложа зомби тук.","translated",""
"zombie_vineyard","Zombie Vineyard","Зомби лозе","translated",""
"zombie_wine","Zombie Winemaking","Зомби винопроизводство","translated",""
"zombie_wood","Zombie Lumberjack","Зомби дървосекач","translated",""
"zombie_wood_2","Zombie Lumberjack II","Зомби дървосекач II","translated",""
"zombie_workers_tut_1","Zombies can craft items that you queue up at workbenches and furnaces. They can only follow recipes that match their talent level.","Зомбитата могат да изработват предмети, които наредиш на работните маси и пещите. Те могат да следват само рецепти, съответстващи на нивото им на талант.","translated",""
"zombie_workers_tut_2","Increase a zombie's talent by giving it better tools or by unlocking new talent points. Unlock talents using the Tech Points that zombies earn while crafting.","Увеличи таланта на зомбито, като му дадеш по-добри инструменти или отключиш нови точки за талант. Отключвай таланти с точките за технологии, които зомбитата печелят, докато изработват предмети.","translated",""
"zombie_workers_tut_3","For zombies to operate automatically, build a Zombie Supply Station in the area, and assign a Zombie Supplier to the station.","За да работят зомбитата автоматично, построй в зоната станция за зомби снабдяване и назначи зомби снабдител към нея.","translated",""
"zombie_zavhoz","Zombie Assistant","Зомби помощник","translated",""
"сhurch_decorations","Church decorations","Украси за църквата","translated",""
