"key","value"
"0_fairy_find_out","Прах в кухнята"
"1_intro_prison_brake_1","Веригите не ми позволяват да се движа."
"1_intro_prison_brake_10","Да, свободен съм!"
"1_intro_prison_brake_11","Браво! Каква решителност! Сега ме измъкни от този саркофаг."
"1_intro_prison_brake_5","Е, продължавай да дърпаш. От години се мъчиш с тях."
"1_intro_prison_brake_6","Втората обаче изглежда по-здрава."
"1_intro_prison_brake_6_1","На тези феи никога не съм им имал доверие..."
"1_intro_prison_brake_7","Хайде, не се отказвай толкова лесно!"
"1_intro_prison_brake_8","Още е доста здрава..."
"1_intro_prison_brake_9","Имам чувството, че почти успяваш!"
"1_intro_prison_door_1","Изглежда ми трябва ключ."
"1_intro_prison_door_2","По-добре вземи всичко от сандъка."
"1_intro_prison_door_3","Опитай се да изглеждаш естествено. Не искаме да привличаме нежелано внимание."
"1_intro_prison_door_4","Между избягал затворник и летящ череп именно ти ще привлечеш вниманието."
"1_intro_prison_door_5","Не знам какво се е случило и не искам да оставам, за да разбера."
"1_intro_prison_new_zone_1","Нали в затвора би трябвало да има стражи?"
"1_intro_prison_new_zone_10","Това ни трябва, за да отворим врата! Грабвай всичко!"
"1_intro_prison_new_zone_2","Да, да - нека се оплачем, че това не е достатъчно трудно."
"1_intro_prison_new_zone_3","Виж! Бележка."
"1_intro_prison_new_zone_4","И какво имаше в скривалището?"
"1_intro_prison_new_zone_5","Кралският печат..."
"1_intro_prison_new_zone_6","...много изискано..."
"1_intro_prison_new_zone_7","...медальон на инквизитор..."
"1_intro_prison_new_zone_8","...може да е полезен..."
"1_intro_prison_new_zone_9","...и ръждясал ключ."
"1_intro_prison_sarcophage_1","Тази кирка ще свърши работа."
"1_intro_prison_sarcophage_1_inventory","За да отворя инвентара си, трябва да натисна @(GameKeyCharacterWindow)."
"1_intro_prison_sarcophage_10","Не ми се иска да ти го казвам, но ти си..."
"1_intro_prison_sarcophage_11","Да... може да съм череп, но се обзалагам, че ще станем най-добри приятели."
"1_intro_prison_sarcophage_11_CORRECT","Говорещ череп?! Няма начин, това е невъзможно."
"1_intro_prison_sarcophage_12","Точно така. Оценявам сарказма."
"1_intro_prison_sarcophage_13","Това си е моят стил."
"1_intro_prison_sarcophage_14","Благодаря, че ме измъкна от този сандък."
"1_intro_prison_sarcophage_15","Имам чувството, че ще станем най-добри приятели. Ха-ха."
"1_intro_prison_sarcophage_16","Да се махаме оттук."
"1_intro_prison_sarcophage_2","Трябва ми нещо, с което да го отворя."
"1_intro_prison_sarcophage_3","Май първо трябва да екипирам кирката."
"1_intro_prison_sarcophage_4","Аз... просто не мога."
"1_intro_prison_sarcophage_5","Вероятно си прекалено слаб и гладен. Виждаш ли храна?"
"1_intro_prison_sarcophage_6","Май виждам гъби."
"1_intro_prison_sarcophage_7","Много хранителни... и може би дори леко халюциногенни, хе-хе..."
"1_intro_prison_sarcophage_8","Пак не помръдва."
"1_intro_prison_sarcophage_9","Е, изяде ли гъбите, гений такъв?"
"1_intro_prison_wake_1","Събуди се, Гробарю!"
"1_intro_prison_wake_10","Ура!"
"1_intro_prison_wake_11","Една верига по-малко..."
"1_intro_prison_wake_12","О, това е по-трудно, отколкото мислех... просто не е останала достатъчно вяра в света..."
"1_intro_prison_wake_13","Няма да мога да счупя втората верига..."
"1_intro_prison_wake_14","Тогава спасяването на света ще трябва да почака."
"1_intro_prison_wake_15","Това не е шега... Времето изтича... Призови ме веднага щом можеш..."
"1_intro_prison_wake_16","Хей, приятелю... Върна ли се? И в съзнание ли си?"
"1_intro_prison_wake_17","Да, да..."
"1_intro_prison_wake_18_a","Кой си ти?"
"1_intro_prison_wake_18_a_1","Лари. Приятно ми е. Почти десетилетие сме съквартиранти... хе-хе."
"1_intro_prison_wake_18_b","Къде сме?"
"1_intro_prison_wake_18_b_1","Петзвездно подземие на Инквизицията - тук изтезанията се поддържат на изискано ниво."
"1_intro_prison_wake_19","Не помня... Познавам ли те?"
"1_intro_prison_wake_2","Не ме карай да те охапя!"
"1_intro_prison_wake_20","Никога не сме имали възможност да поговорим. Ти винаги беше по средата на поредното изтезание..."
"1_intro_prison_wake_21","Или в безсъзнание... откакто инквизиторите си събраха багажа и си тръгнаха..."
"1_intro_prison_wake_22","Но няма значение... Сега, след като феята ти помогна, може и да имаме шанс!"
"1_intro_prison_wake_3","Ох!"
"1_intro_prison_wake_3_1","Какво по..."
"1_intro_prison_wake_4","Къде съм? Коя си ти?"
"1_intro_prison_wake_5","Можеш да ме наричаш Душа... и е време да действаш!"
"1_intro_prison_wake_6","За осем години успя да съсипеш този свят... Сега съдбата ти е да го спасиш."
"1_intro_prison_wake_7","Звучи малко... спорно... както и да е, изглежда съм в окови."
"1_intro_prison_wake_8","Ще те освободя, но трябва да спасиш всички ни. Обещаваш ли?"
"1_intro_prison_wake_9","Добре, разбира се..."
"10_village_food_samples","Засадено и доставено"
"10_village_food_samples_0","Дай безплатни проби."
"10_village_food_samples_1","Тези проби са феноменални."
"10_village_food_samples_2","Това е най-добрата реколта, която сме имали от доста време."
"10_village_food_samples_3","Значи, ще купуваш ли зеленчуците ми занапред?"
"10_village_food_samples_4","Качествените стоки изискват качествено заплащане."
"10_village_food_samples_5","Знаеш ли, хубаво е отново да съм в бизнеса."
"10_village_food_samples_6","Може дори да натрупаме излишък и да започнем да търгуваме."
"10_village_food_samples_7","Имам и малко излишни семена."
"10_village_food_samples_8","Ако продължиш да търгуваш с мен, това определено ще повиши репутацията ти в селото."
"10_village_food_samples_9","И ще можем да разширим бизнеса ми."
"100_village_swamp_after_1","Феята каза, че вече имам цялата нужна сила... стига да използвам собствената си вяра."
"100_village_swamp_after_2","Честно ли? Това звучи като лъжа."
"100_village_swamp_after_3","Ще намеря сам пътя обратно!"
"100_village_swamp_bandits_1","Хей... ти можеш да минеш, но той..."
"100_village_swamp_bandits_2","Ха-ха! Древната богиня ще те накаже!"
"100_village_swamp_bandits_3","Заради всичко, което си направил на свещената ѝ земя!"
"100_village_swamp_bandits_4","Свен, този човек е луд... просто го пусни."
"100_village_swamp_bandits_5","О, Богиньо... идвам."
"100_village_swamp_faith","Богинята в блатото"
"100_village_swamp_faith_1","Дай вяра"
"100_village_swamp_faith_2","Отне ми известно време да събера всичко това."
"100_village_swamp_faith_3","О, не бъди скромен. Знам, че произвеждаш вяра в индустриални количества."
"100_village_swamp_faith_4","Истински жрец на Древния бог..."
"100_village_swamp_faith_5","Много добре. Готови ли сме?"
"100_village_swamp_faith_6","Да... заведи ме до светилището!"
"100_village_swamp_goddess_1","Довел си го?"
"100_village_swamp_goddess_10","Някога светът беше в равновесие."
"100_village_swamp_goddess_11","Но алчността ги настрои срещу теб."
"100_village_swamp_goddess_12","В алчността си те започнаха да те мразят."
"100_village_swamp_goddess_13","Беше предадена... и изоставена..."
"100_village_swamp_goddess_14","И все пак аз съм тук, за да те почитам."
"100_village_swamp_goddess_15","Чуй ме. Как смееш!"
"100_village_swamp_goddess_16","Чувам те... и усещам цялата ти вяра..."
"100_village_swamp_goddess_17","Еха... наистина проработи!"
"100_village_swamp_goddess_18","Имам толкова много въпроси... Имам нужда от силата ти..."
"100_village_swamp_goddess_19","Извинете... имам един доста деликатен въпрос..."
"100_village_swamp_goddess_2","Да. Той е."
"100_village_swamp_goddess_20","Какво?"
"100_village_swamp_goddess_21","Току-що проверих записките си... май все още ти дължа няколко монети за зъбите ти."
"100_village_swamp_goddess_22","Монети... точно така..."
"100_village_swamp_goddess_23","Последвай ме... нека Богинята поговори с Гробаря."
"100_village_swamp_goddess_3","Поклонниците вече не са това, което бяха..."
"100_village_swamp_goddess_4","Ако не ме харесваш, мога да си тръгна!"
"100_village_swamp_goddess_5","Не, остани, моля те."
"100_village_swamp_goddess_6","Добре... готов съм. Кажи ми кога да започна..."
"100_village_swamp_goddess_7","Започни ритуала."
"100_village_swamp_goddess_8","Добре... пожелай ми късмет. За първи път ми е..."
"100_village_swamp_goddess_9","Просто говори от сърцето си..."
"100_village_swamp_leave_1","Все още имам нужда от отговори"
"100_village_swamp_optional_1","Разкажи ми повече за него."
"100_village_swamp_optional_10","Хе-хе... разбира се."
"100_village_swamp_optional_11","Благодаря."
"100_village_swamp_optional_2","Може би ако знаех нещо за него, щеше да ми помогне да го намеря."
"100_village_swamp_optional_3","Той беше добро момче... винаги играеше онези игри G&G..."
"100_village_swamp_optional_4","Живееше във фантастични светове... винаги измисляше нови."
"100_village_swamp_optional_5","После бяхме в една кола... и изведнъж се появихме тук..."
"100_village_swamp_optional_6","Порталът ни направи богове, а брат ми най-сетне успя да създаде своя малка Римска империя."
"100_village_swamp_optional_7","Това беше преди много, много години..."
"100_village_swamp_optional_8","Тези спомени толкова ме изморяват... Върви. Намери го."
"100_village_swamp_optional_9","Чакай."
"100_village_swamp_outpost_1","Хей, хора, знаете ли накъде съм тръгнал?"
"100_village_swamp_outpost_2","Пак ли отиваш да береш гъби?"
"100_village_swamp_outpost_3","Отивам да събудя Богинята на природата."
"100_village_swamp_outpost_4","Добре, че избрахме Хефри вместо онзи човек."
"100_village_swamp_outpost_5","Чакай... нали избрахме Джефри?"
"100_village_swamp_red_eye_1","Човекът с червеното око."
"100_village_swamp_red_eye_10","Това е всичко. Няма магическа жълта стрелка, приятелю."
"100_village_swamp_red_eye_11","Има още една подробност... мястото мирише ужасно."
"100_village_swamp_red_eye_12","Вероятно канализацията. Трябва да поговоря с Мародера в клуба на пристанището."
"100_village_swamp_red_eye_13","Може би ще могат да ми дадат някаква следа."
"100_village_swamp_red_eye_14","Помисли... може би брат ми вече ти е изпратил някои улики."
"100_village_swamp_red_eye_2","Имаш ли достатъчно сила, за да намериш брат си?"
"100_village_swamp_red_eye_3","Ммм... не съм се чувствала толкова добре от години!"
"100_village_swamp_red_eye_4","Нека погледна..."
"100_village_swamp_red_eye_5","О... той е много слаб. Почти безсилен."
"100_village_swamp_red_eye_6","Заклещен е някъде под земята..."
"100_village_swamp_red_eye_7","Сгради, улици, зомбита... всичко е точно над него. От три страни мястото е заобиколено от реки."
"100_village_swamp_red_eye_8","Прилича на килия, но не е предназначена за хора..."
"100_village_swamp_red_eye_9","Хм... Надявах се на нещо по-конкретно..."
"100_village_swamp_rest_1","Трябва ми малко почивка... и нещо за хапване."
"100_village_swamp_rest_2","Добре, да приключваме."
"100_village_swamp_rest_3","Донесох малко от твоето сирене."
"100_village_swamp_rest_4","Това не е моето сирене."
"100_village_swamp_rest_5","Странно... под леглото ми се появиха две пити сирене."
"100_village_swamp_rest_6","Веднага след като говорихме за ритуала."
"100_village_swamp_rest_7","Реших, че е подарък от теб."
"100_village_swamp_rest_8","Добре... да вървим!"
"101_workshop_calculations_1","Виж изчислението."
"101_workshop_calculations_10","Търговия, услуги, дребни занаяти..."
"101_workshop_calculations_11","Вече няма кой да иска да работи в добра стара манифактура."
"101_workshop_calculations_12","Това може да те изненада, но... имам много работници, готови да работят във фабриката ми."
"101_workshop_calculations_13","Поне се надявам да са готови... По-добре е от това, което иначе биха правили."
"101_workshop_calculations_14","Твоята фабрика? С конвейерни ленти и автоматизирани работни маси?"
"101_workshop_calculations_15","Да... истинско подземно съоръжение..."
"101_workshop_calculations_16","О, с удоволствие бих го видял!"
"101_workshop_calculations_17","Щом си толкова развълнуван, чувствам, че трябва да оправдая очакванията..."
"101_workshop_calculations_18","Щом проверя всичко, с радост ще те поканя на обиколка."
"101_workshop_calculations_19","Вторият проблем?"
"101_workshop_calculations_2","И така, за какво изчисление говореше?"
"101_workshop_calculations_20","Какъв е вторият проблем?"
"101_workshop_calculations_21","Качеството на стоманата..."
"101_workshop_calculations_22","Никога няма да постигнем най-високо качество на стоманата от Кралската леярна."
"101_workshop_calculations_23","Може би можем да я възстановим?"
"101_workshop_calculations_24","Може и да не се налага... Преди няколко дни видях да излиза дим от нея."
"101_workshop_calculations_25","Трябва само някой да стигне дотам и да провери дали майсторите на желязо все още произвеждат стомана."
"101_workshop_calculations_26_a","За твой късмет... вече работя по този въпрос."
"101_workshop_calculations_26_b_1","Далеч ли е? Как се стига дотам?"
"101_workshop_calculations_26_b_2","В северната част на града е."
"101_workshop_calculations_26_b_3","Единственият начин да стигнеш дотам е през воден тунел."
"101_workshop_calculations_26_b_4","За щастие, знам всичко за него."
"101_workshop_calculations_27","Ще ти донеса проби и можеш да провериш качеството."
"101_workshop_calculations_28","Това би било чудесно."
"101_workshop_calculations_29","Чудесно... междувременно пред мен все още стоят 25 години работа..."
"101_workshop_calculations_3","Това е планът ми за индустриализация."
"101_workshop_calculations_4","Виж тези числа... дори с всички ресурси, с които разполагам, ще ми трябват 25 години, за да достигна нивата отпреди апокалипсиса."
"101_workshop_calculations_5","А това трябваше да е само началото..."
"101_workshop_calculations_6","Разбирам... тогава какъв е проблемът, щом разполагаш с нужните ресурси?"
"101_workshop_calculations_7","Има два основни проблема."
"101_workshop_calculations_8","Тук съм съвсем сам... Дори да построя фабрика, няма кой да работи в нея..."
"101_workshop_calculations_9","Едва са се измъкнали от смъртта, но всички са твърде изискани за тежка работа."
"101_workshop_calculations_ask","Сметка на салфетка"
"102_town_captain_beer","Приказки за бира"
"102_town_captain_beer_1","Ето ти бирата."
"102_town_captain_beer_10","След още една страхотна история..."
"102_town_captain_beer_11","Това беше страхотна история! Каза, че имаш още?"
"102_town_captain_beer_12","Да... но сега съм тъжен... и не съм в настроение за още една."
"102_town_captain_beer_13","Всичките ми истории са в миналото... а що се отнася до това, което ме очаква... е, вече имам побеляла коса."
"102_town_captain_beer_14","Може би още една бира ще те развесели."
"102_town_captain_beer_15","Не... ще ми трябва нещо по-силно от бира... ако ще повярвам, че пред мен все още има добри истории."
"102_town_captain_beer_2","А, добре... знаеш ли, виждал съм те и преди."
"102_town_captain_beer_3","В друга кръчма — „Мъртвият кон“."
"102_town_captain_beer_4","Мислех, че ще се впуснем заедно в някое велико приключение... но не."
"102_town_captain_beer_5","После те видях отново... Почувствах го като знак. Имаш ли приключения, които да споделиш?"
"102_town_captain_beer_6","Честно казано, в момента не се сещам за такива."
"102_town_captain_beer_7","Разбирам... знаеш ли, смятам се за доста забележителен персонаж..."
"102_town_captain_beer_8","Може би следващия път."
"102_town_captain_beer_9","Може би... добре тогава, време е за история!"
"102_town_captain_faith_1","Дай Вяра."
"102_town_captain_faith_2","Повярвай ми... предстоят ти още приключения. Просто им дай време."
"102_town_captain_faith_3","... Знаеш ли какво? Вярвам ти. Искаш ли да чуеш още една история?"
"102_town_captain_faith_4","Хех... разказването на тези истории само ме натъжава..."
"102_town_captain_meet_1","Ей... искаш ли да чуеш една от историите ми?"
"102_town_captain_meet_2","Добри ли са?"
"102_town_captain_meet_3","Само най-добрите. Някога бях капитан... докато корабът ми не потъна."
"102_town_captain_meet_4","Купи ми бира и ще ти го докажа."
"103_workshop_steel_1","Висококачествена стомана."
"103_workshop_steel_10","Но там вече няма майстори."
"103_workshop_steel_11","Тогава кой е изковал тази стомана?"
"103_workshop_steel_12","Сега там живее група монаси. Те управляват леярната."
"103_workshop_steel_13","Монаси... овладели стоманата и произвеждат това?"
"103_workshop_steel_14","Явно да."
"103_workshop_steel_15","Но това е невероятно! Как са успели? Щяха да са нужни години..."
"103_workshop_steel_16","Между другото, разчистих пътя до леярната. Сега можем да търгуваме с тях."
"103_workshop_steel_17","Добри новини... но все пак — как са го постигнали? Дори аз не успях да овладея процеса."
"103_workshop_steel_18","Нямам представа. Просто работят заедно. Спокойно."
"103_workshop_steel_19","Разбирам... заедно..."
"103_workshop_steel_2","Джак, донесох слитък от Кралската леярна."
"103_workshop_steel_20","Благодаря."
"103_workshop_steel_3","Виж дали още става."
"103_workshop_steel_4","Нека проверя..."
"103_workshop_steel_5","Има един прост тест за това."
"103_workshop_steel_6","О, боже..."
"103_workshop_steel_7","Лошо ли е?"
"103_workshop_steel_8","Не... точно обратното. По-добра е от всякога."
"103_workshop_steel_9","Изглежда, че майсторите на желязо най-сетне са усъвършенствали занаята си."
"104_workshop_industrial_1","Ще ти покажа фабриката си."
"104_workshop_industrial_10","Те никога не се уморяват."
"104_workshop_industrial_11","И без почивки за тоалетна, бас държа..."
"104_workshop_industrial_12","Наистина ли построи всичко това?"
"104_workshop_industrial_13","Повечето. Помещението и механизмите на подовите ленти вече бяха тук."
"104_workshop_industrial_14","Аз само ги поправих и свързах."
"104_workshop_industrial_15","А това е под базата на Инквизитора, нали?"
"104_workshop_industrial_16","Точно така."
"104_workshop_industrial_17","Това обяснява всичко."
"104_workshop_industrial_18","Кралят е използвал това място, за да произвежда стоки за целия град."
"104_workshop_industrial_19","Било е толкова евтино, че гилдиите едва са можели да се конкурират."
"104_workshop_industrial_2","Имам нещо, което според мен ще те впечатли."
"104_workshop_industrial_20","Той е имал пълен монопол. Вероятно затворниците са вършели цялата работа."
"104_workshop_industrial_21","Е... радвам се, че сега всичко е в добри ръце."
"104_workshop_industrial_22","Невероятно е, че постигна всичко това толкова бързо..."
"104_workshop_industrial_23","Задоволяваш нуждите на целия град..."
"104_workshop_industrial_24","Надмина всичко, което някога съм си представял."
"104_workshop_industrial_25","Да се върнем... в моята... скромна колиба..."
"104_workshop_industrial_3","Имаш предвид подземната си фабрика?"
"104_workshop_industrial_4","Точно така. Мисля, че съм готов да ти я покажа."
"104_workshop_industrial_5","Това е моята модерна производствена линия."
"104_workshop_industrial_6","Невероятно... по-голяма е от всичко, което съм виждал досега."
"104_workshop_industrial_7","Навсякъде има конвейерни ленти... но откъде идва цялата енергия?"
"104_workshop_industrial_8","Виждаш ли онези типове, които тичат и въртят колелата?"
"104_workshop_industrial_9","Да... виждам ги."
"104_workshop_industrial_show","Обиколка на фабриката"
"105_guards_armor_1","Най-добрите доспехи."
"105_guards_armor_10","Ще ги пазя. Ако нещата отново се влошат, ще заслужат правото да ги носят."
"105_guards_armor_11","Предпазлив човек си."
"105_guards_armor_12","Животът ме научи. Никога не ми е било лесно, затова се научих да се подготвям за най-лошото."
"105_guards_armor_13","Уморен съм, Гробарю... и не от онзи вид умора, който се оправя с хубав сън."
"105_guards_armor_14","Мисля, че направи достатъчно. Заслужи си спокоен живот."
"105_guards_armor_15","Да... мисля, че съм готов да се пенсионирам. Сега проблемът е твой... Ха-ха."
"105_guards_armor_16_a_1","Агата ми предложи едно местенце при нея. Първият ми истински дом... Винаги съм живял в казармата."
"105_guards_armor_16_a_2","Странно е как едно кръстовище може да стане толкова спокойно."
"105_guards_armor_16_b_1","Ще си намеря някое местенце наблизо. Искам да живея по-близо до Агата."
"105_guards_armor_17","Благодаря ти, Гробарю. Наистина."
"105_guards_armor_18","Добре че не нося много багаж. Мечът ми, спомените ми... новите ми доспехи... и това е всичко."
"105_guards_armor_2","Тези доспехи са истински шедьовър... точно каквито поиска."
"105_guards_armor_3","Ха... Всеки майстор се хвали с творенията си..."
"105_guards_armor_4","Но тези наистина го заслужават. Невероятни са. По-добри са от доспехите, които носеше Кралската стража."
"105_guards_armor_5","Един комплект за теб. Останалите са за хората ти."
"105_guards_armor_6","Моят ще бъде изложен. Останалите ще ги поддържам смазани и ще ги пазя внимателно."
"105_guards_armor_7","Мислех, че ще ги дадеш на стражите си."
"105_guards_armor_8","О, засега са на сигурно място... благодарение на теб."
"105_guards_armor_9","Тези мързеливи глупаци само ще ги надраскат по пейките в кръчмата или ще ги заложат за бира."
"105_guards_armor_give","Още не съм в блестящи доспехи"
"106_foundry_meeting_1","Нека се помолим за добра стомана, братя!"
"106_foundry_meeting_10","Сега си с осем години по-стар... а очите ти те издават."
"106_foundry_meeting_11","Какво казват?"
"106_foundry_meeting_12","Твоите предизвикват света. Неговите просто го изтърпяха."
"106_foundry_meeting_13","Виждам, че знаеш много. И това е добре."
"106_foundry_meeting_14","Очаквах този ден. Подготвил съм отговорите си."
"106_foundry_meeting_15","Другото ми аз."
"106_foundry_meeting_16","Можеш ли да ми разкажеш за другата версия на мен?"
"106_foundry_meeting_17","Той злодей ли е бил, който е унищожил света?"
"106_foundry_meeting_18","Беше... и все още е... мой приятел."
"106_foundry_meeting_19","Той искаше да поправи нещата. Всичко просто завърши по обичайния начин."
"106_foundry_meeting_2","Амин."
"106_foundry_meeting_20","Значи... зомби апокалипсисът по негова вина ли е бил?"
"106_foundry_meeting_21","Надявам се, че не... Честно казано, не знам как би могло да стане без магията на портала."
"106_foundry_meeting_22","Премахнахме го от двореца — портала и цялата му магия."
"106_foundry_meeting_23","Защо го преместихте?"
"106_foundry_meeting_24","Всички започнахме да злоупотребяваме с него за лична изгода."
"106_foundry_meeting_25","Но в наша защита — съпругата на Гробаря започна всичко."
"106_foundry_meeting_26","Тя винаги искаше още. Власт. Корона. Глупости."
"106_foundry_meeting_27","Затова шестима от нас активирахме портала и го откраднахме от Кралския дворец."
"106_foundry_meeting_28","След това... всичко се разпадна."
"106_foundry_meeting_29","Само се надявам да не е било заради нас."
"106_foundry_meeting_3","Ваше Височество!"
"106_foundry_meeting_4","Казах ти да не ме наричаш така... моля те."
"106_foundry_meeting_5","Боже мой... а кой е този? Новият гробар."
"106_foundry_meeting_6","Познат, но напълно различен. Ха-ха..."
"106_foundry_meeting_7","Продължете службата без мен, братя."
"106_foundry_meeting_8","Как разбра, че не съм същият Гробар?"
"106_foundry_meeting_9","Ха-ха... резонен въпрос. "
"106_foundry_meeting_mirror_1","Използвай магическото огледало."
"106_foundry_meeting_mirror_10","За да получа частта от портала..."
"106_foundry_meeting_mirror_11","Хм... какво да поискам... всъщност лично аз нямам нужда от нищо..."
"106_foundry_meeting_mirror_12","Тогава може просто да ми дадеш частта от портала?"
"106_foundry_meeting_mirror_13","Не, не... ха-ха... тук нещата не работят така. Да видим..."
"106_foundry_meeting_mirror_14","Братята ми се умориха да помпат меховете на ръка."
"106_foundry_meeting_mirror_15","Мога да ти изпратя няколко зомбита..."
"106_foundry_meeting_mirror_16","О, тук нямаме нужда от цели зомбита..."
"106_foundry_meeting_mirror_17","Добре, ще ти донеса само зомби енергия."
"106_foundry_meeting_mirror_18","Не съм сигурен, но може и да проработи."
"106_foundry_meeting_mirror_19","Ха-ха... не съм давал на никого задача от осем години..."
"106_foundry_meeting_mirror_2","Нека опитаме с това огледало."
"106_foundry_meeting_mirror_3","Както желаеш. Доста е просто."
"106_foundry_meeting_mirror_4","Огледалце... огледалце... покажи ми първата част от магическия портал."
"106_foundry_meeting_mirror_5","Ти си най-красивият, разбира се... чакай... какво? Частта от портала... дай ми секунда."
"106_foundry_meeting_mirror_6","Много смешно... точно зад теб е!"
"106_foundry_meeting_mirror_7","Наистина много смешно. Ха-ха..."
"106_foundry_meeting_mirror_8","Значи мога да взема първата част и да използвам огледалото, за да намеря останалите?"
"106_foundry_meeting_mirror_9","Разбира се. Но първо ще трябва да изпълниш задачите ми."
"106_foundry_meeting_portal","Магическо огледало"
"106_foundry_meeting_portal_1","Магическият портал"
"106_foundry_meeting_portal_10","Съпругата ми?"
"106_foundry_meeting_portal_11","Да. Другото ти аз я доведе тук. Това беше грешка."
"106_foundry_meeting_portal_12","Огледалото може да разкрие местоположението на следващия фрагмент от портала."
"106_foundry_meeting_portal_13","Магията е малко сложна, затова за първи път... ще я използваме заедно."
"106_foundry_meeting_portal_2","Трябва да намеря магическия портал и да го използвам, за да спася света."
"106_foundry_meeting_portal_3","Брат ми и аз го откраднахме от двореца... от другото ти аз."
"106_foundry_meeting_portal_4","Съпругата ти искаше да стане кралица, премести се в двореца и взе портала със себе си."
"106_foundry_meeting_portal_5","Разделихме го на части, за да не могат да го възстановят и използват отново."
"106_foundry_meeting_portal_6","Интересно... а къде са частите сега?"
"106_foundry_meeting_portal_7","Много добър въпрос. Разпръснах седемте части сред различни хора."
"106_foundry_meeting_portal_8","Този път няма лесен начин..."
"106_foundry_meeting_portal_9","За щастие, взех магическо огледало от съпругата ти."
"106_foundry_meeting_quest_1","Задача за огледалото"
"106_foundry_meeting_quest_10","Вагнер? Хм... имаш предвид астролога Гунтер?"
"106_foundry_meeting_quest_11","Наричай го както искаш. Мисля, че знаеш кого имам предвид."
"106_foundry_meeting_quest_12","Това огледало е малко невъзпитано."
"106_foundry_meeting_quest_13","Животът му не е бил лесен..."
"106_foundry_meeting_quest_2","Значи... каква е втората задача?"
"106_foundry_meeting_quest_3","Знаеш ли какво? Изглеждаш като свестен човек."
"106_foundry_meeting_quest_4","Една задача ще е достатъчна."
"106_foundry_meeting_quest_5","Благодаря, предполагам... Значи мога ли да взема огледалото?"
"106_foundry_meeting_quest_6","Разбира се... но можеш ли да го изпробваш тук, за да намериш следващата част... само за да се уверим, че работи."
"106_foundry_meeting_quest_7","Добре."
"106_foundry_meeting_quest_8","Огледалце... огледалце... покажи ми втория фрагмент от портала."
"106_foundry_meeting_quest_9","Втората част се намира в дома на твоя приятел... поета Вагнер."
"106_foundry_meeting_steel","Човек от стомана"
"106_foundry_meeting_steel_1","Висококачествена стомана."
"106_foundry_meeting_steel_10","Ха-ха... не съвсем. Освен това изучихме всяка книга по металургия, която успяхме да намерим."
"106_foundry_meeting_steel_11","Разбирам. Значи мога ли да получа малко от тази стомана?"
"106_foundry_meeting_steel_12","Разбира се. Ха-ха. Продава се."
"106_foundry_meeting_steel_2","Хей, виждам, че топилната пещ още работи."
"106_foundry_meeting_steel_3","Наистина. Първо кипваше водата за баните ни, а сега топи най-фината стомана."
"106_foundry_meeting_steel_4","Значи все още правите висококачествена стомана?"
"106_foundry_meeting_steel_5","Определено се надяваме."
"106_foundry_meeting_steel_6","Но как? И защо? Вие сте монаси... най-много се очаква да правите вино."
"106_foundry_meeting_steel_7","Това е част от обета ни за послушание."
"106_foundry_meeting_steel_8","Събираме се около пещта и се молим на духа ѝ."
"106_foundry_meeting_steel_9","Това ли е всичко?"
"107_astrologer_likes_1","Цел на рекламната кампания."
"107_astrologer_likes_10","Можех да получа цялото внимание, за което някога копнеех... но тогава нямах нужда от него."
"107_astrologer_likes_11","Мисля, че се опитваш да кажеш, че приятелството е по-важно от общественото одобрение."
"107_astrologer_likes_12","Добре казано... А сега е време да помогна на приятеля си Джак."
"107_astrologer_likes_13","И какъв е този грандиозен проект?"
"107_astrologer_likes_14","Търпение. Първо Джак трябва да го одобри."
"107_astrologer_likes_15","Освен това проект от такъв мащаб заслужава подобаващо обявяване."
"107_astrologer_likes_16_a_1","За Джак... вярвам, че ще се съгласи да се присъедини към теб."
"107_astrologer_likes_16_a_2","Чудесно. Ще говоря с него. Ще осъществим този проект точно тук, на пристанището!"
"107_astrologer_likes_16_b_1","Хех... мисля, че Джак все още отказва да се откаже от фабриката си."
"107_astrologer_likes_16_b_2","Но ще му покажа, че мога сам да се справя с производствените нужди на града."
"107_astrologer_likes_16_b_3","Разбира се... само бъди по-мек с него. Опитва се да изглежда по-корав, отколкото е."
"107_astrologer_likes_16_b_4","Междувременно ще подготвя всичко. Ще стартираме проекта на пристанището."
"107_astrologer_likes_2","Достигнахме целта си."
"107_astrologer_likes_3","Отлично. Знаех, че сме на прав път."
"107_astrologer_likes_4","Това е още една роля, която съм усъвършенствал!"
"107_astrologer_likes_5","Поет. Магически звяр. Астролог. А сега — рекламен стратег."
"107_astrologer_likes_6","Усъвършенствал си ролята на магически звяр?"
"107_astrologer_likes_7","Ъъъ... беше кратък, но много драматичен период от живота ми."
"107_astrologer_likes_8","Може би тази роля ми хареса най-много... Бях част от нещо голямо. Точно както сега."
"107_astrologer_likes_9","Заобиколен от приятели. Подкрепян. Уверен."
"107_astrologer_likes_give","Защо не ме харесваш?"
"108_astrologer_pieces_1","Част от портал"
"108_astrologer_pieces_10","Не знам какво са си пожелали последния път... но сега дните от седмицата са пълна бъркотия."
"108_astrologer_pieces_11","И явно само аз го забелязвам... астрологът."
"108_astrologer_pieces_12","Добре, може би дните ще се върнат към нормалното, след като поправим света."
"108_astrologer_pieces_13","Добре... Може би поправянето на самото време е част от спасяването на света."
"108_astrologer_pieces_14","Огледалце... огледалце... разкрий третия фрагмент от портала."
"108_astrologer_pieces_15","Интересно... Ще обясниш ли или да го направя аз?"
"108_astrologer_pieces_16","Искаш ли сам да му кажеш?"
"108_astrologer_pieces_17","Виждаш ли... някога имах два фрагмента. Чарм ми даде своя."
"108_astrologer_pieces_18","Но не винаги съм бил уважаван рекламен мениджър и астролог."
"108_astrologer_pieces_19","Тогава имах нужда от пари... затова го продадох."
"108_astrologer_pieces_2","Знам, че имаш втората част от портала. Огледалата не лъжат."
"108_astrologer_pieces_20","Направил си какво? На кого?"
"108_astrologer_pieces_21","В своя защита ще кажа, че получих отлична цена... дори за магическа реликва."
"108_astrologer_pieces_22","Къде е сега?"
"108_astrologer_pieces_23","Някъде по средата на морето."
"108_astrologer_pieces_24","Отпътува с търговски кораб."
"108_astrologer_pieces_25","Невероятно..."
"108_astrologer_pieces_26","Спокойно. Можем да си го купим обратно. Всичко подлежи на договаряне. Говори с Майстора на търговията на Главния кей."
"108_astrologer_pieces_27","Много се надявам."
"108_astrologer_pieces_28","В крайна сметка що за история би била това, ако героят не можеше да поправи грешките си?"
"108_astrologer_pieces_29","Това беше твоя грешка!"
"108_astrologer_pieces_3","А, значи си посетил Брат Бишъп... знаеш ли, едно време беше голям моден познавач."
"108_astrologer_pieces_30","Има нещо вярно в думите ти. А сега иди и говори с Майстора на търговията."
"108_astrologer_pieces_4","Едно време имаше присъствие."
"108_astrologer_pieces_5","И така, Гюнтер... или да кажа Вагнер — къде е фрагментът?"
"108_astrologer_pieces_6","Тук е. Винаги съм се надявал някой да дойде и да възстанови портала."
"108_astrologer_pieces_7","Щом Бишъп ти е поверил огледалото, предполагам, че и аз мога да ти се доверя."
"108_astrologer_pieces_8","Само се надявам да попиташ за поправянето на дните от седмицата."
"108_astrologer_pieces_9","Какво им е на дните?"
"108_astrologer_pieces_second","Гладният космос"
"109_crossroad_magnificent_1","Качеството на църквата."
"109_crossroad_magnificent_10","Да. Добър. Към хората. Разбира се, че е нелепо."
"109_crossroad_magnificent_11","Всъщност е хубаво да си добър към другите."
"109_crossroad_magnificent_12","О, колко удобно за мен... значи, г-н Доброта. Мисля, че ще те помоля за помощ."
"109_crossroad_magnificent_13","Готов съм. Особено ако докаже, че съм прав."
"109_crossroad_magnificent_14","Деликатно е... Трябва внимателно да подбера думите си."
"109_crossroad_magnificent_2","Направих каквото можах. Църквата изглежда великолепно."
"109_crossroad_magnificent_3","Този път... не ми се крещи по теб."
"109_crossroad_magnificent_4","Тези четения разкриват меката ми страна..."
"109_crossroad_magnificent_5","И може дори да ми хареса."
"109_crossroad_magnificent_6","Знаеш ли, това не е лошо."
"109_crossroad_magnificent_7","Хърбърт казва същото..."
"109_crossroad_magnificent_8","Казва, че трябва да съм... какво беше... до... доо..."
"109_crossroad_magnificent_9","Добър?"
"109_crossroad_magnificent_church","Ще се видим в църквата"
"11_guards_morale_graveyard","Гробни очаквания"
"11_guards_morale_graveyard_1","Гробището изглежда по-добре."
"11_guards_morale_graveyard_10","А всички просто... някак си го приемат."
"11_guards_morale_graveyard_11","Тъжно е да го чуя."
"11_guards_morale_graveyard_12","Но е самата истина."
"11_guards_morale_graveyard_13","Насърчи човека..."
"11_guards_morale_graveyard_14","Значи с малко вяра на твоя страна ще отблъснеш зомбитата?"
"11_guards_morale_graveyard_15","Може би... Поне можем да опитаме."
"11_guards_morale_graveyard_16","Но не мога да си представя откъде ще намериш достатъчно вяра..."
"11_guards_morale_graveyard_2","Това е чудесна новина."
"11_guards_morale_graveyard_3","Добрата новина не трябва да се крещи. Достатъчно е да бъде прошепната."
"11_guards_morale_graveyard_4","Не мога да не попитам - защо са тези кавички?"
"11_guards_morale_graveyard_5","О, няма значение. Просто е цитат от книга, която харесвам."
"11_guards_morale_graveyard_6","И така, какъв е планът ти? Ще съберем ли провизии и ще отблъснем ли зомбитата?"
"11_guards_morale_graveyard_7","Какво? Не, разбира се, че не!"
"11_guards_morale_graveyard_8","През цялото време отстъпваме... и губим вяра."
"11_guards_morale_graveyard_9","Изглежда, че вече няма накъде да отстъпваме... и няма останала вяра, която да губим."
"110_town_cheese_find_1","Тогава може би трябва сам да го потърсиш?"
"110_town_cheese_find_10","Канализацията е огромна... ще ни трябват още улики, за да намерим мястото..."
"110_town_cheese_find_11","Откъде се взе това сирене?"
"110_town_cheese_find_12","Хм..."
"110_town_cheese_find_13","Хей, то е от фабриката за сирене на Маурицио... От три страни я заобикалят реки."
"110_town_cheese_find_14","Едно време беше най-доброто отлежало сирене в града."
"110_town_cheese_find_15","Да, хубаво сирене... дар от боговете... ха-ха."
"110_town_cheese_find_16","Само да можехме да стигнем до избата му, където го е пазил..."
"110_town_cheese_find_17","Чакай малко! Може би Древният бог е там..."
"110_town_cheese_find_18","Древният бог? Както и да е, ако помогнеш на моите хора да влязат в избите..."
"110_town_cheese_find_19","Тогава половината сирене е твое... а и Древният бог, разбира се... ха-ха."
"110_town_cheese_find_2","О, ще го направя... кхъ-кхъ"
"110_town_cheese_find_20","Да вървим, момчета. Аз черпя!"
"110_town_cheese_find_21","Това ли е богът, който може да излекува сестра ми?"
"110_town_cheese_find_22","Мисля, че да... започваш ли да вярваш?"
"110_town_cheese_find_23","Сирене, което просто се появява от нищото... кхъ-кхъ"
"110_town_cheese_find_24","Да... може би... и това може да е последният ми шанс... кашлицата ми се влошава..."
"110_town_cheese_find_25","Наистина съжалявам, Албърт."
"110_town_cheese_find_26","Обещай ми... ако ме няма, ще го попиташ ли за Алекста?"
"110_town_cheese_find_27","Обещавам."
"110_town_cheese_find_28","Имам ти доверие."
"110_town_cheese_find_29","Може би има нещо, което можем да направим за здравето ти?"
"110_town_cheese_find_3","Хей! Не говори така на клиентите!"
"110_town_cheese_find_30","Може и да има начин... но съм твърде зает, за да го проуча."
"110_town_cheese_find_31","Ъъъ... между другото, ще имаш ли нещо против да взема това сирене?"
"110_town_cheese_find_4","Поискай подсказки."
"110_town_cheese_find_5","Извинявайте, че ви прекъсвам."
"110_town_cheese_find_6","Кажи му... че цената е нелепа..."
"110_town_cheese_find_7","Това е опасна работа..."
"110_town_cheese_find_8","Трябва да намеря място в канализацията..."
"110_town_cheese_find_9","Килия, но не за хора..."
"110_town_cheese_look","Намиране на Древния бог"
"110_town_cheese_look_1","Търсиш някого, миличък?"
"110_town_cheese_look_2","Знаеш ли къде е Дейви Камата?"
"110_town_cheese_look_3","Той е близо до входа на канализацията, при западната порта..."
"110_town_cheese_look_4","Занимава се с някои работни въпроси."
"110_town_cheese_look_5","Благодаря."
"111_base_dig_1","Дзън-донг. Бинг-банг-бонг. Копая аз! Или не?"
"111_base_dig_10","Дълга история."
"111_base_dig_11","Много дълга история."
"111_base_dig_12","Както и да е, дошъл съм да се видя с теб, Гробарю Втори."
"111_base_dig_13","В момента ти си този, който оформя тази история... и целия свят заедно с нея."
"111_base_dig_14","Затова ти донесох малък подарък. Нещо, което ти позволява да виждаш онова, което го няма."
"111_base_dig_15","Съдбата ти е да вземеш това Червено око — частица от силата на Древен бог."
"111_base_dig_16","Древен бог... да виждаш онова, което го няма... хм."
"111_base_dig_17","Може ли да ми помогне да намеря врата в плътна стена?"
"111_base_dig_18","Врата? Възможно е. Но такива инструменти изискват... въображение."
"111_base_dig_19","Точно така... защото ми трябва тази врата, за да освободя Древен бог. Искам да говоря с него."
"111_base_dig_2","Какво? Кой си ти, по дяволите?"
"111_base_dig_20","На твое място... не бих."
"111_base_dig_21","Древен бог"
"111_base_dig_22","Защо да не говоря с него?"
"111_base_dig_23","Изглежда грижовен. Добър човек, твоят приятел Древният бог."
"111_base_dig_24","Той се отнася към света като към пиеса, написана единствено за негово забавление."
"111_base_dig_25","Понякога помага на актьорите. Понякога ги заменя."
"111_base_dig_26","Понякога просто се наслаждава да ги гледа как страдат. Той е опасен."
"111_base_dig_27","Откъде знаеш толкова много за него?"
"111_base_dig_28","Той е бил върховният жрец и пророк на бога... нали така?"
"111_base_dig_29","Бях... "
"111_base_dig_3","Приятно ми е, Гробарю Втори."
"111_base_dig_30","Освен това... едно време имаше златни ябълки. Ябълки, които даряват абсолютна мъдрост."
"111_base_dig_31","Накратко... изядох две от тях."
"111_base_dig_32","Червено око"
"111_base_dig_33","Хм... как получи това Червено око от бога?"
"111_base_dig_34","Ха... просто бях на точното място в точното време. Буквално го вдигнах от пода."
"111_base_dig_35","Съпругата ти... съпругата на Гробаря... си го пожела с портала."
"111_base_dig_36","Но тя не знаеше какво да прави с него. Не беше подходящият тип. Не беше Гробар."
"111_base_dig_37","Ти обаче... ти можеш да промениш света с него."
"111_base_dig_38","Значи мога да пропусна възстановяването на портала, за да спася света?"
"111_base_dig_39","Порталът е основният механизъм... искам да кажа... централната сила на този свят."
"111_base_dig_4","Как влезе тук? Заключих вратата."
"111_base_dig_40","Но имах чувството, че ще ти трябва окото, за да продължи историята."
"111_base_dig_41","Ами другите гробари?"
"111_base_dig_42","Ако наистина притежаваш безкрайна мъдрост, имам много въпроси."
"111_base_dig_43","Твърде много отговори носят твърде много болка. Аз съм го преживял."
"111_base_dig_44","Освен това трябва да хвана кораб и да напусна града."
"111_base_dig_45","Когато тази история приключи, искам да съм много далеч."
"111_base_dig_46","Добре тогава... дай ми окото."
"111_base_dig_47","Как се очаква да го използвам?"
"111_base_dig_48","Мислех, че онзи тип сигурно си е изгубил ума, след като е изял тези ябълки."
"111_base_dig_49","И така... как точно го познаваш, приятелю?"
"111_base_dig_5","Някой сигурно я е оставил отключена. Случват се такива неща."
"111_base_dig_50","Недей да започваш... това е съвсем друга история от много отдавна."
"111_base_dig_51","Повярвай ми, няма да ти е приятно да я чуеш. Ще отнеме цяла вечност."
"111_base_dig_52","Освен това вероятно можеш да прочетеш за нея в някоя прашна библиотека."
"111_base_dig_53","Добре тогава... Ако искам отговори, май ще трябва да отида в канализацията и да намеря тази врата."
"111_base_dig_6","Магарето каза, че е видяло някого да идва насам..."
"111_base_dig_7","Е, здравей, Луций. Виждам, че си отслабнал. Ха-ха."
"111_base_dig_8","Дигус... радвам се да те видя! Макар че сега се казвам Лари."
"111_base_dig_9","Чакай малко. Вие двамата познавате ли се?"
"111_base_dig_sleep","Приятел или враг"
"112_linda_wealth_1","Заможни граждани"
"112_linda_wealth_2","Направих каквото поиска. Магазините са пълни с луксозни, ненужни стоки."
"112_linda_wealth_3","Вече забелязах наплив от заможни посетители в клуба."
"112_linda_wealth_4","Браво. Ти си герой... за мен и за града. Ха-ха..."
"112_linda_wealth_5_a_1","Сега остава само да излекуваме кашлицата на Албърт."
"112_linda_wealth_5_a_2","Не мога да позволя да изплаши най-добрите ми клиенти!"
"112_linda_wealth_5_b_1","След като го излекуваме... с моята нежна намеса той може да стане много уважаван лекар."
"112_linda_wealth_5_b_10","Бях парализирана от страх... Алекста беше тази, която ни спаси."
"112_linda_wealth_5_b_11","В онзи ден се заклех, че ще стана красива и смела."
"112_linda_wealth_5_b_12","И си станала."
"112_linda_wealth_5_b_13","Но това не ми донесе щастие."
"112_linda_wealth_5_b_14","Едва след като срещнах Албърт, го разбрах. Наистина бих могла да бъда щастлива с него."
"112_linda_wealth_5_b_15","Той е различен... внимателен... страстен..."
"112_linda_wealth_5_b_16","Да, той си е голям образ."
"112_linda_wealth_5_b_17","Искам да ти благодаря... за всичко, което направи."
"112_linda_wealth_5_b_18","Ще бъда толкова щастлива да съм близо до него..."
"112_linda_wealth_5_b_19","Има ли още нещо, което мога да направя за теб?"
"112_linda_wealth_5_b_2","Това е най-малкото, което мога да направя за него."
"112_linda_wealth_5_b_20","Направи достатъчно. Аз ще говоря с Албърт."
"112_linda_wealth_5_b_3","Не мисля, че дължиш нещо на Албърт."
"112_linda_wealth_5_b_4","Е... и да, и не. Бях приятелка с Алекста. Тя беше толкова красива."
"112_linda_wealth_5_b_5","Всички я обожаваха. А аз бях просто едно непохватно патенце."
"112_linda_wealth_5_b_6","Ха... трудно е да повярваш на това сега."
"112_linda_wealth_5_b_7","Сега знам как да се държа... как да ми се възхищават..."
"112_linda_wealth_5_b_8","Но тогава просто ревнувах."
"112_linda_wealth_5_b_9","Бяхме заедно, когато дойдоха зомбитата."
"112_linda_wealth_orders","Заможни клиенти"
"113_sewers_god_1","Най-сетне... започвах да се тревожа, че ще ти отнеме цяла вечност."
"113_sewers_god_10","Истински орди от зомбита?"
"113_sewers_god_11","Да. Превзеха целия град. Едва наскоро започнахме да ги отблъскваме."
"113_sewers_god_12","Еха... този Гробар звучи като истинско бедствие."
"113_sewers_god_13","Той и любимата му все още ли имаха портала?"
"113_sewers_god_14","Не. Беше разделен на фрагменти. Опитвам се да ги събера всичките."
"113_sewers_god_15","Хм... Разбиването на портала може да се окаже наистина лоша идея."
"113_sewers_god_16","Трябва да ми кажеш как да използвам портала правилно, за да пожелая светът да се върне към нормалното."
"113_sewers_god_17","Сестра ми винаги е толкова драматична. На всеки няколко години някой „съсипва света“..."
"113_sewers_god_18","И все пак всички сме още тук, изправени на крака."
"113_sewers_god_19","От друга страна, не би било зле да започнем начисто някъде другаде..."
"113_sewers_god_2","Дори се притесних, че сиренето, което те води, ще ми свърши."
"113_sewers_god_20","Не ми харесва това, което чувам. Ще ти върна окото, но само ако ми помогнеш."
"113_sewers_god_21","Ах, тези гробари и тяхната свободна воля..."
"113_sewers_god_22","Как се използва порталът"
"113_sewers_god_23","Трябва да знам как да използвам портала и да си пожелая правилното нещо."
"113_sewers_god_24","Е, очевидно ти трябва целият портал... и седемте камъка."
"113_sewers_god_25","За да го активират, седемте страсти... или грехове... трябва да застанат близо до него."
"113_sewers_god_26","Мислех, че трябва само да събера фрагментите. Къде да намеря хората?"
"113_sewers_god_27","Не искам да се хваля, но в разцвета си можех сам да активирам портала."
"113_sewers_god_28","Значи можеш да го активираш вместо мен?"
"113_sewers_god_29","Вече не. Да си бог звучи впечатляващо, но изчерпва страстта ти."
"113_sewers_god_3","Честно казано, сиренето не ме водеше особено... предимно ме объркваше."
"113_sewers_god_30","Тогава може би мога да го направя сам..."
"113_sewers_god_31","Не. Нарочно избирам гробари, които не притежават и седемте страсти. Без лоши чувства."
"113_sewers_god_32","Няма проблем. Тогава как да активирам портала?"
"113_sewers_god_33","Трябва да намериш седем души — по един за всеки ден от седмицата."
"113_sewers_god_34","Но тук има само шест дни."
"113_sewers_god_35","Да, знам... шест изглежда по-добре на колелото на времето."
"113_sewers_god_36","Значи ти трябват шестима."
"113_sewers_god_37","А как да ги намеря?"
"113_sewers_god_38","Вероятно вече си ги намерил. Или те са намерили теб. По някакъв начин ще усетиш, че са специални."
"113_sewers_god_39","Връзката ти с тях ще стане по-ясна."
"113_sewers_god_4","Прав си... но с толкова малко останала сила подсказките със сирене бяха най-доброто, което можех да измисля."
"113_sewers_god_40","Спечели пълното им доверие... сто процента от него... и ги доведи до портала."
"113_sewers_god_41","Това ли е всичко?"
"113_sewers_god_42","Да, това е всичко. А сега ми дай окото, моля. Все пак съм бог."
"113_sewers_god_43","С моето око порталът може да работи, дори да спечелиш само деветдесет процента от доверието им. Това ще ти спести време."
"113_sewers_god_5","Както и да е... усещам, че имаш окото ми. Върни ми го сега, за да можеш да завършиш тази история."
"113_sewers_god_6","Ще възстановя силата си, а ти можеш да останеш гробар още... да видим... четиридесет години!"
"113_sewers_god_7","Чакай малко... мисля, че съдбата ми е да спася света."
"113_sewers_god_8","Според кого?"
"113_sewers_god_9","Феята и сестра ти. Казаха, че другото ми аз, Гробарю Първи, е съсипало света и е събудило ордите от зомбита. А светът може скоро да загине."
"113_sewers_god_ask_1_1","Първо имам няколко въпроса."
"113_sewers_god_ask_1_2","О, така ли? Един от онези гробари, които искат да знаят всичко..."
"113_sewers_god_ask_1_3","Или просто можем да пропуснем тази част и направо да се заемем със спасяването на света."
"113_sewers_god_ask_2_1","Първо имам няколко въпроса."
"113_sewers_god_ask_2_2","С радост ще им отговоря, след като ми върнеш окото."
"113_sewers_god_ask_3_1_1","Как стана бог?"
"113_sewers_god_ask_3_1_2","Това се случи преди много години... Когато бях млад. Всъщност по-млад от теб."
"113_sewers_god_ask_3_1_3","Обичах да чета исторически и фентъзи книги."
"113_sewers_god_ask_3_1_4","Бях мечтател... и благодарение на тези мечти и малко лош късмет, със сестра ми се озовахме тук."
"113_sewers_god_ask_3_1_5","Тук нямаше нищо освен портал в празнотата."
"113_sewers_god_ask_3_1_6","Изглеждаше готов да изпълни желанията ни. Затова създадох този свят."
"113_sewers_god_ask_3_1_7","Никога не съм искал да ставам бог... но предполагам, че така се става бог."
"113_sewers_god_ask_3_2_1","Разкажи ми за портала."
"113_sewers_god_ask_3_2_2","Няма много какво да ти кажа. Той вече беше тук, когато пристигнах."
"113_sewers_god_ask_3_2_3","Изпълнява желания, когато бъде активиран."
"113_sewers_god_ask_3_2_4","Макар че има навика да ги изкривява по доста неловки начини."
"113_sewers_god_ask_3_3_1","Сестра ти"
"113_sewers_god_ask_3_3_2","Тя е... или беше... прекрасно момиче. Обичаше природата и животните."
"113_sewers_god_ask_3_3_3","Докато аз изграждах малката си империя, тя прекарваше времето си сред дърветата и зайците."
"113_sewers_god_ask_3_3_4","Срещнах я. Сега изглежда малко изгубена."
"113_sewers_god_ask_3_3_5","Истината е, че няма много вълнение в простото наблюдаване на природата."
"113_sewers_god_ask_3_3_6","След като се изгубиш в нея за толкова години... естествено е да станеш малко странен."
"113_sewers_god_ask_3_4_1","Гробарите и старият договор"
"113_sewers_god_ask_3_4_2","В един момент това място ми омръзна."
"113_sewers_god_ask_3_4_3","Реших да попътувам из други светове за известно време, просто за да видя как стоят нещата другаде."
"113_sewers_god_ask_3_4_4","Затова измислих хитър сюжетен обрат."
"113_sewers_god_ask_3_4_5","Идеята беше да оставя някого от реалния свят тук на мое място."
"113_sewers_god_ask_3_4_6","Някого със свободна воля, който да поддържа нещата в движение."
"113_sewers_god_ask_3_4_7","Нов бог... гробар. Всички вие трябваше да бъдете само временни мои заместници."
"113_sewers_god_ask_3_4_8","Но някак си всички успяхте да ме разочаровате. Твърде много свободна воля."
"113_sewers_god_ask_3_4_9","Но не и ти. Ти си свестен гробар."
"113_sewers_god_ask_3_5_1","Какви сили притежаваш?"
"113_sewers_god_ask_3_5_2","О, всички обичайни божествени сили... светкавици, гръмотевици, драматични появявания... ха-ха."
"113_sewers_god_ask_3_5_3","Шегувам се. Истинската ми сила е въображението."
"113_sewers_god_ask_3_5_4","Да измислям неща."
"113_sewers_god_ask_3_5_5","А окото ми помага да виждам интересни начини да вдъхна живот на тези неща."
"113_sewers_god_ask_3_5_6","Едно време вярвах в собствената си сила..."
"113_sewers_god_ask_3_5_7","Но сега разчитам на вярата на другите в мен."
"113_sewers_god_ask_3_6_1","Защо ти трябва Червеното око?"
"113_sewers_god_ask_3_6_2","Казах ти... Помага ми. Разкрива скритото."
"113_sewers_god_ask_3_6_3","Извежда идеите на повърхността."
"113_sewers_god_ask_3_6_4","Но също така ти дава магическа сила, нали?"
"113_sewers_god_ask_3_6_5","Не точно... по-скоро е като проклятие."
"113_sewers_god_ask_3_6_6","Но намерих начин да го контролирам... и дори да му се наслаждавам."
"113_sewers_god_ask_3_7_1","Как изгуби окото си?"
"113_sewers_god_ask_3_7_2","Някой не особено умен реши да ме накаже, използвайки силата на портала."
"113_sewers_god_ask_3_7_3","Но вместо това прокле само себе си."
"113_sewers_god_ask_3_7_4","Макар че, честно казано, да бъда затворен с всичкото това сирене не беше особено приятно."
"113_sewers_god_ask_3_7_5","Така че предполагам, че все пак съм бил наказан."
"113_sewers_god_give_eye_1","Дай окото"
"113_sewers_god_give_eye_2","Добре. Договорката си е договорка. Ето ти окото. Но все още имам нужда от помощта ти."
"113_sewers_god_give_eye_3","Разбира се. Все пак съм добър бог... макар че ми е останала съвсем малко сила."
"113_sewers_god_give_eye_4","Имам нужда от малко вяра. Моля те, изпълни ритуала ми."
"113_sewers_god_give_eye_5","Това не беше част от договорката."
"113_sewers_god_give_eye_6","Ще е много по-бързо, отколкото да спечелиш последните десет процента доверие."
"113_sewers_god_give_eye_7","Значи... завършвам портала, печеля доверието на шестима души и изпълнявам ритуала."
"113_sewers_god_give_eye_8","В произволен ред... но те съветвам да побързаш с ритуала. Тогава ще мога да ти помогна с онези шестима."
"113_sewers_god_give_eye_9","Довиждане... имам някои божествени дела за вършене."
"113_sewers_god_give_eye_after_1","Първо имам няколко въпроса."
"113_sewers_god_give_eye_after_2","Имам работа, а ти трябва да изпълниш церемония за мен."
"113_sewers_god_give_eye_after_3","Нека се съсредоточим върху това. Ще отговоря на въпросите ти после. Обещавам."
"113_sewers_god_give_eye_after_4","Ще се видим след церемонията."
"113_sewers_god_keep_eye_1","Запази Червеното око"
"113_sewers_god_keep_eye_10","Мога да поправя таванското помещение в дома си. Ще ти свърши ли работа?"
"113_sewers_god_keep_eye_11","Ха-ха... чудесно място за един безсилен бог."
"113_sewers_god_keep_eye_12","Кажи ми, когато е готово."
"113_sewers_god_keep_eye_2","Това е доста за осмисляне."
"113_sewers_god_keep_eye_3","Докато поправям портала и осмислям всичко това, по-добре да задържа окото."
"113_sewers_god_keep_eye_4","О, Гробарю, не ме карай да съжалявам за това."
"113_sewers_god_keep_eye_5","Ще си го получиш обратно, щом спася света."
"113_sewers_god_keep_eye_6","Наистина лошо решение... но предполагам, че свободната воля си е свободна воля."
"113_sewers_god_keep_eye_7","И все пак не мога да остана тук повече, заобиколен от планини от сирене."
"113_sewers_god_keep_eye_8","Не съм сигурен къде би могъл да останеш..."
"113_sewers_god_keep_eye_9","Е, мога да остана у вас за известно време."
"114_base_god_1","Впечатляващо... точно като в добрите стари времена. Те построиха този храм, за да спечелят прошката ми."
"114_base_god_10","И го правя. Тихомълком премахвам последните им съмнения. Но последната стъпка е твоя."
"114_base_god_11","Онези шестима"
"114_base_god_12","Имам няколко въпроса."
"114_base_god_13","Знаеш ли, едно време познавах един човек, който полудя от прекалено много отговори."
"114_base_god_14","Харесвам те и не искам да те видя да полудяваш... Затова можеш да зададеш два въпроса."
"114_base_god_2","Но забравиха — не всичко опира до стените."
"114_base_god_3","Възстанови ли достатъчно сила?"
"114_base_god_4","Да. Възстанових я още преди церемонията. Твоята вяра в мен беше достатъчна."
"114_base_god_5","И все пак... трябва да призная, че церемонията беше доста приятна."
"114_base_god_6","Радвам се, че ти хареса. А сега ми разкажи повече за онези шестима."
"114_base_god_7","Просто е. Отиди при тях и ги помоли да помогнат с активирането на магическия портал."
"114_base_god_8","Може да им предложиш желание от портала като отплата. Обикновено действа."
"114_base_god_9","Каза, че ще ми помогнеш да ги убедя."
"114_base_god_ceremony","Око, Червено око"
"115_linda_dawn_ask","Любовна история"
"115_linda_dawn_ask_1","Хей, Албърт. Радвам се да видя, че си се преместил в истинска къща."
"115_linda_dawn_ask_10","Той върши много неща... дори ми помага да управлявам клуба."
"115_linda_dawn_ask_11","Линда заслужава помощ. Красиво момиче като нея не би трябвало да работи по цял ден."
"115_linda_dawn_ask_12","Много си мил, Албърт."
"115_linda_dawn_ask_13","Радвам се, че сте се срещнали. Може би има нещо, което мога да направя за теб."
"115_linda_dawn_ask_14","Всъщност да. Свършиха ми шишенцата за лекарството."
"115_linda_dawn_ask_15","Търсенето е огромно напоследък. Можеш ли да ми изработиш няколко? Нещо... подобаващо професионално."
"115_linda_dawn_ask_16","О, горкото момиче... позволи ми да помогна."
"115_linda_dawn_ask_17","Може би и Линда има нужда от нещо?"
"115_linda_dawn_ask_18","О, мисля, че тя се справя добре."
"115_linda_dawn_ask_19","Добре, трябва да се върна при пациентите си. Ще се видим по-късно с шишенцата."
"115_linda_dawn_ask_2","Да... Линда може да бъде много убедителна."
"115_linda_dawn_ask_20","Чао, Албърт."
"115_linda_dawn_ask_21","Гробарю, почакай малко."
"115_linda_dawn_ask_22","Чух, че питаш как можеш да ни помогнеш."
"115_linda_dawn_ask_23","Точно така."
"115_linda_dawn_ask_24","Можеш ли да ми донесеш малко шоколад? Чух, че е доста специален."
"115_linda_dawn_ask_25","Търговците наскоро донесоха какаови семена."
"115_linda_dawn_ask_26","Разбира се, ще видя какво мога да направя."
"115_linda_dawn_ask_3","Само ако беше така. Построи си лаборатория в мазето и прекарва цялото си време там."
"115_linda_dawn_ask_4","Но също така отворих малък кабинет на втория етаж за пациенти."
"115_linda_dawn_ask_5","Само се шегувам. Виждам, че наистина се опитваш да се промениш... и уважавам това."
"115_linda_dawn_ask_6","Чакай малко... Албърт, сестра ти ли работи зад бара?"
"115_linda_dawn_ask_7","Да, това е Алекста. Научихме я да сервира бира."
"115_linda_dawn_ask_8","Линда и аз решихме, че това може да помогне за възстановяването ѝ."
"115_linda_dawn_ask_9","Но все още провеждам експериментите си. Разбира се, покрай Линда и всички клиенти не ми остава толкова време."
"116_base_attic_1","Ето ме! Усетих, че новото ми жилище е готово, и пристигнах."
"116_base_attic_10","Не, не хъркам. Сега, след като имаш къде да останеш, ми разкажи повече за онези шестима."
"116_base_attic_11","Просто трябва да ги помолиш за услуга... да ти помогнат да активираш магическия портал."
"116_base_attic_12","Можеш да ги подкупиш с обещания за желания от портала."
"116_base_attic_13","Звучи като добър план."
"116_base_attic_14","Точно така. Поправи портала, убеди шестимата... и не забравяй да ме поканиш!"
"116_base_attic_15","Все пак ще имаш нужда от мен, за да изпълня един малък трик, преди да можеш да си пожелаеш нещо както трябва."
"116_base_attic_16","Естествено... не би искал да направим всичко без теб."
"116_base_attic_17","Шестимата"
"116_base_attic_18","Можеш ли да ми кажеш кои са тези шестима?"
"116_base_attic_19","Наистина ли не знаеш? Мислех, че си опитен гробар."
"116_base_attic_2","Псст... Видях го да се крие доста дълго в един близък храст."
"116_base_attic_20","Просто искам да съм сигурен."
"116_base_attic_21","Да, да... по-добре да се подсигурим. Шест гряха... шестима души."
"116_base_attic_22","Линда, собственичката на Крайбрежния клуб. Албърт, лекарят."
"116_base_attic_23","Агата, монахинята. Хърбърт, стражът."
"116_base_attic_24","Гюнтер, рекламният мениджър... И Джак, занаятчията."
"116_base_attic_25","Но камъните са седем... кой активира последния?"
"116_base_attic_26","Доколкото знам, това винаги се случва доста мистериозно. Някой се появява в последния момент."
"116_base_attic_27","Предполагам, че идеята е да ни даде ценен урок."
"116_base_attic_28","Е... все пак си бог."
"116_base_attic_29","Да, бог, който живее в таванското ти помещение."
"116_base_attic_3","Следвай ме, ще ти покажа таванското ти помещение."
"116_base_attic_30","И така, как е нашият Древен бог?"
"116_base_attic_31","Знаеш ли... всъщност изглежда като сравнително свестен човек."
"116_base_attic_32","И все пак е странно да имаш бог, който живее в таванското ти помещение."
"116_base_attic_33","Говорещият череп също е странен, но свикнах с него."
"116_base_attic_34","Това, което ме притеснява, е Червеното око. Не се чувствам добре, че го имам."
"116_base_attic_35","Тогава го върни... или ми го дай, ха-ха."
"116_base_attic_36","Както и да е, сега трябва да говоря с хората, които могат да ми помогнат да активирам портала."
"116_base_attic_37","Успех с това. Не е нещо, което се иска всеки ден."
"116_base_attic_38","Точно така... ще трябва да ми имат пълно доверие. Ще трябва да избера подходящия момент, за да ги попитам."
"116_base_attic_4","Внимавай по стълбите."
"116_base_attic_5","Тук е доста приятно място за живеене."
"116_base_attic_6","Да... честно казано, отдавна не съм имал дом."
"116_base_attic_7","А това място ми напомня за летните ваканции, когато бях дете."
"116_base_attic_8","Радвам се, че ти харесва."
"116_base_attic_9","Надявам се, че не хъркаш."
"117_crossroad_calm_ask","Заслужена почивка"
"117_crossroad_calm_ask_1","Здравей. Надявам се, че не ви безпокоя."
"117_crossroad_calm_ask_10","Честно казано... не съм сигурен, че имаме нужда от нещо друго."
"117_crossroad_calm_ask_11","Виждам, че почти си приключила с книгата, която ти дадох."
"117_crossroad_calm_ask_12","Мога да ти донеса още, ако искаш."
"117_crossroad_calm_ask_13","Това би било хубаво, нали, Агата?"
"117_crossroad_calm_ask_14","Само ако са добри книги."
"117_crossroad_calm_ask_15","На теб може да ти хареса тази, Хърбърт... но аз не мога да чета повече от тази помия."
"117_crossroad_calm_ask_16","Знаеш ли, и аз съм нещо като писател. Мога да опитам да ти напиша книга."
"117_crossroad_calm_ask_17","Може би трилогия. Чух, че всички добри истории вървят по три."
"117_crossroad_calm_ask_18","Тогава се разбрахме, Хърбърт."
"117_crossroad_calm_ask_19","Добре че умееш да пишеш, Гробарю."
"117_crossroad_calm_ask_2","Гробарю! Винаги си добре дошъл тук."
"117_crossroad_calm_ask_20","Хърбърт ми разказва толкова много истории за военната си служба."
"117_crossroad_calm_ask_21","Само да знаех как да ги запиша."
"117_crossroad_calm_ask_22","Чакай малко... мислех, че знаеш да четеш."
"117_crossroad_calm_ask_23","Да чета — да... но не и да пиша. Монахините трябва да четат свещените слова, а не да пишат нови."
"117_crossroad_calm_ask_24","Хм... мислех си за конструкцията на полуавтоматично устройство, което може да записва реч."
"117_crossroad_calm_ask_25","Ще ти донеса едно, за да го изпробваш."
"117_crossroad_calm_ask_26","Старите ми военни истории не са нищо особено."
"117_crossroad_calm_ask_27","Но ги харесвам... и искам да ги запазя."
"117_crossroad_calm_ask_28","Тогава се радвам, че намерихме начин да помогна."
"117_crossroad_calm_ask_3","Построи чудесно място за мен и Агата."
"117_crossroad_calm_ask_4","А най-хубавото е... че не е далеч от работата ми. Ха-ха."
"117_crossroad_calm_ask_5","Ха-ха... Това беше добро, Агата."
"117_crossroad_calm_ask_6","Това сигурно е първата шега, която някога съм чувал от нея."
"117_crossroad_calm_ask_7","Изглежда, че най-сетне сте намерили малко спокойствие."
"117_crossroad_calm_ask_8","Колкото и странно да звучи... от доста време не съм изпитвала гняв."
"117_crossroad_calm_ask_9","Това ме радва. Може би има нещо, което мога да направя, за да направя живота ви още по-спокоен?"
"118_astrologer_project_ask","Обичам те, човече"
"118_astrologer_project_ask_1","Здравей, Гробарю!"
"118_astrologer_project_ask_10","Всичко е в процеса и в това да работиш заедно с приятелите си."
"118_astrologer_project_ask_11","Дори малките постижения са по-приятни, когато ги постигате заедно."
"118_astrologer_project_ask_12","Хей, аз също съм ти приятел. Може ли да се присъединя към проекта?"
"118_astrologer_project_ask_13","Е... опитваме се да запазим нещата малки и да избегнем бюрокрацията."
"118_astrologer_project_ask_14","Добре, справедливо. Но може би мога да помогна като външен изпълнител?"
"118_astrologer_project_ask_15","Хм... мисля, че вече сме се погрижили за всичко. Нали, Джак?"
"118_astrologer_project_ask_16","Напълно си прав, Гюнтер."
"118_astrologer_project_ask_17","И все пак си спомням, че спомена втора протезна ръка."
"118_astrologer_project_ask_18","С нея ще можеш да работиш два пъти по-бързо."
"118_astrologer_project_ask_19","А за теб, Гюнтер, мога да построя малка печатна преса. Ще можеш да публикуваш стиховете си и новини за колоса."
"118_astrologer_project_ask_2","Както виждаш, вече започнахме проекта, за който ти разказах."
"118_astrologer_project_ask_20","Това може да помогне, не мислиш ли?"
"118_astrologer_project_ask_21","Наистина ли мислиш, че хората ще искат да четат поезията ми и докладите за колоса?"
"118_astrologer_project_ask_22","Разбира се, че ще искат. Ти си блестящ поет."
"118_astrologer_project_ask_23","Е... в такъв случай с радост ще приемем помощта."
"118_astrologer_project_ask_3","Не може да бъде... наистина ли планирате да възстановите колоса?"
"118_astrologer_project_ask_4","Точно така! Дори направих публично обявление. Всички са развълнувани."
"118_astrologer_project_ask_5","Има хора от отвъд морето, които искат да дойдат да видят напредъка."
"118_astrologer_project_ask_6","Каква беше думата, която използва, Гюнтер... ту..."
"118_astrologer_project_ask_7","Туризъм! Възстановяването на колоса ще привлече посетители."
"118_astrologer_project_ask_8","Дори планираме обиколка с Дейви до заразената част на града."
"118_astrologer_project_ask_9","Големи планове, момчета! Но не мислите ли, че този проект може да е прекалено голям за вас двамата?"
"119_pre_B1_fights_herbert","Воден шлюз"
"119_pre-B1-fights_herbert_1","Врата на водния шлюз"
"119_pre-B1-fights_herbert_2","Както говорихме по-рано, имам ясна цел."
"119_pre-B1-fights_herbert_3","Кажи ми и ще се опитам да те убедя да не го правиш."
"119_pre-B1-fights_herbert_4","Този път е важно. Трябва да източа водата от шлюза."
"119_pre-B1-fights_herbert_5","Тогава ще трябва да затвориш лявата врата на шлюза."
"119_pre-B1-fights_herbert_6","За твой късмет не е далеч от отбранителната ни позиция на Пазарния площад."
"119_pre-B1-fights_herbert_7","Но стражите ми докладват, че от другата страна на моста се събират още зомбита."
"119_pre-B1-fights_herbert_8","Все пак трябва да го направя, Хърбърт."
"119_pre-B1-fights_herbert_9","Добре. Все пак си разумен човек. Ще уведомя стражите си за предстоящата битка."
"119_pre-B1-fights_pre_1","За вратата на шлюза..."
"119_pre-B1-fights_pre_10","Тогава изчакай подходящия момент и направи бърз щурм към вратата."
"119_pre-B1-fights_pre_11","Звучи разумно. Благодаря, момчета."
"119_pre-B1-fights_pre_2","Здравейте, момчета... Изглежда трябва да премина моста с войниците си."
"119_pre-B1-fights_pre_3","Отдавна не сме се виждали. Мислех, че приключихме с атаките."
"119_pre-B1-fights_pre_4","Надявам се да не местим барикадата си по-нататък."
"119_pre-B1-fights_pre_5","Ха! Съгласен съм. Доста удобно е пазарът да е толкова близо."
"119_pre-B1-fights_pre_6","Ще запазим това като основната си отбранителна позиция."
"119_pre-B1-fights_pre_7","Нужна ни е само бърза атака, за да мога да затворя вратата на корабния шлюз."
"119_pre-B1-fights_pre_8","Какво мислите, момчета?"
"119_pre-B1-fights_pre_9","Хм... ще ти трябва стабилна защита, за да удържиш площада от другата страна на моста."
"119_pre-B1-fights_win_1","По дяволите... тези врати са по-тежки, отколкото си мислех."
"119_pre-B1-fights_win_10","Добри момчета. А сега трябва да говоря с вашия командир."
"119_pre-B1-fights_win_2","Нямам време да доведа зомбитата си на помощ."
"119_pre-B1-fights_win_3","Казах ви, че ще има нужда от помощта ни!"
"119_pre-B1-fights_win_4","Какво правите тук, момчета?!"
"119_pre-B1-fights_win_5","Тук сме, за да ти помогнем да затвориш вратите! Или се справяш добре и сам?"
"119_pre-B1-fights_win_6","Идвате точно навреме."
"119_pre-B1-fights_win_7","Цял месец ще се хваля, че съм помогнал на Гробаря."
"119_pre-B1-fights_win_8","Фантастично! А сега да се връщаме."
"119_pre-B1-fights_win_9","Да, не бива да оставаме далеч от поста си твърде дълго."
"12_village_boat_brothers_1","Помоли ги да гребат."
"12_village_boat_brothers_2","Готови ли сте да гребете до пристанището?"
"12_village_boat_brothers_3","Ура, скоро отново ще имаме лодка!"
"12_village_boat_brothers_4","Да, не бих се радвал толкова. Подаръците на Майстора никога не са безплатни..."
"12_village_boat_finally_1","Значи ще отплавате?"
"12_village_boat_finally_2","Да, всичко е готово. Само чакаме попътен вятър!"
"12_village_boat_finally_3","Ще ти пиша, когато се върнем."
"12_village_boat_tools_1","Ето ги инструментите ти."
"12_village_boat_tools_2","Благодаря! Когато си върна работилницата, ще те взема за чирак."
"12_village_boat_tools_3","Сега попитай братята дали са готови за пътуването до пристанището."
"12_village_boat_tools_4","Добре, ще ги попитам."
"12_village_boat_wood","Джак в лодка"
"12_village_boat_wood_1","Дай материалите."
"12_village_boat_wood_10","Разбира се, че ти трябват."
"12_village_boat_wood_11","Казаха ми, че ще се съгласят... ако някой, на когото имат доверие, ги помоли."
"12_village_boat_wood_12","Добре, ще поговоря с тях."
"12_village_boat_wood_2","Ето всичко, което поиска."
"12_village_boat_wood_3","Има някои... усложнения с построяването на лодката."
"12_village_boat_wood_4","Но не се тревожи, аз съм професионалист!"
"12_village_boat_wood_5","Трябват ми само комплект бронзови инструменти."
"12_village_boat_wood_6","В селото не можеш да се сдобиеш с такива."
"12_village_boat_wood_7","Това ли е всичко, от което се нуждаеш? Само да не тичам напред-назад."
"12_village_boat_wood_8","Не се тревожи, това е последното, от което имам нужда."
"12_village_boat_wood_9","... О, чакай... Трябват ми и онези двама младежи с еднакви дрехи, за да гребат."
"120_pre_B2_fights_herbert","Кралска пара"
"120_pre-B2-fights_foundry_1","Най-сетне! Това ли е Кралската леярна?"
"120_pre-B2-fights_foundry_2","Тя е... макар че не очаквахме посетители. Откъде идваш?"
"120_pre-B2-fights_foundry_3","Пътят към безопасната част на града вече е чист."
"120_pre-B2-fights_foundry_4","О, слава богу... молехме се и други да са оцелели."
"120_pre-B2-fights_foundry_5","Да, градът все още функционира сравнително добре."
"120_pre-B2-fights_foundry_6","Това са чудесни новини. Може би най-сетне ще можем да ядем нещо различно от риба от водния тунел."
"120_pre-B2-fights_foundry_7","Разбира се... но първо трябва да говоря с епископа."
"120_pre-B2-fights_foundry_8","Той вече не е епископ. Сега е наш брат. Ето го там."
"120_pre-B2-fights_herbert_1","Водният тунел"
"120_pre-B2-fights_herbert_2","Имам нова цел. Това е входът към водния тунел от дясната страна на корабния шлюз."
"120_pre-B2-fights_herbert_3","А, да, познавам този тунел."
"120_pre-B2-fights_herbert_4","Добре че източи шлюза... проходът би трябвало вече да е сух."
"120_pre-B2-fights_herbert_5","Как да стигна до него?"
"120_pre-B2-fights_herbert_6","Определено не от площада. Вместо това атакувай от моста от левия борд."
"120_pre-B2-fights_herbert_7","Оттам пътят до входа на тунела е почти по права линия."
"120_pre-B2-fights_herbert_8","Ще предупредя стражите."
"120_pre-B2-fights_pre_10","Той никога не е споменавал, че е свързан с канализацията."
"120_pre-B2-fights_pre_11","Добре тогава. Успех."
"120_pre-B2-fights_pre_2","Здравейте, момчета... изглежда трябва да стигна до водния тунел оттук."
"120_pre-B2-fights_pre_3","Не е далеч, но пътят напред гъмжи от зомбита."
"120_pre-B2-fights_pre_4","И си дръжте очите отворени. Може да изскочат от къщите покрай улицата."
"120_pre-B2-fights_pre_5","Благодаря, момчета. Мисията изглежда доста проста."
"120_pre-B2-fights_pre_6","Няма защо."
"120_pre-B2-fights_pre_7","Мислех, че този тунел е свързан с канализацията. Не е ли?"
"120_pre-B2-fights_pre_8","Не ме гледай. Нямам представа."
"120_pre-B2-fights_pre_9","Е, говорих с един майстор, който знае всичко за тунелите."
"120_pre-B2-fights_win_1","Това би трябвало да е входът към тунела..."
"120_pre-B2-fights_win_10","Има нови поръчки... ха-ха."
"120_pre-B2-fights_win_11","А какво ще кажеш за водния тунел към Кралската леярна?"
"120_pre-B2-fights_win_12","О, онова място? Напълно превзето от немъртви."
"120_pre-B2-fights_win_13","Трябва да стигна до онази леярна."
"120_pre-B2-fights_win_14","И си дошъл тук от повърхността? Ти си легенда, приятелю!"
"120_pre-B2-fights_win_15","Но следващия път просто използвай канализацията."
"120_pre-B2-fights_win_16","Да... следващия път ще използвам канализацията."
"120_pre-B2-fights_win_18","Хей, момчета, трябва да стигна до водния тунел, който води към леярната."
"120_pre-B2-fights_win_19","Лесно е... наляво, надясно, наляво, наляво, наляво, надясно..."
"120_pre-B2-fights_win_2","По дяволите... този тунел е пълен с плъхове!"
"120_pre-B2-fights_win_20","Не, не наляво, надясно... наляво, наляво."
"120_pre-B2-fights_win_21","Момчета... може би просто ще ми покажете пътя?"
"120_pre-B2-fights_win_22","О. Добре... става."
"120_pre-B2-fights_win_3","Излизайте! Въоръжен съм!"
"120_pre-B2-fights_win_4","Е, е... каква приятна изненада. Добър ден, Гробарю."
"120_pre-B2-fights_win_5","Как стигна дотук?"
"120_pre-B2-fights_win_6","През канализацията, разбира се. След като шлюзът се отводни, се откриха нови маршрути."
"120_pre-B2-fights_win_7","Мислех, че сам избягваш да слизаш под земята."
"120_pre-B2-fights_win_8","Обикновено го правя. Но това е специална възможност."
"120_pre-B2-fights_win_9","Заможният квартал вече е достижим... нови бизнес възможности, разбираш ли."
"121_pre_B3_fights_herbert","Право върху почвата"
"121_pre-B3-fights_herbert_1","Дъното на шлюза"
"121_pre-B3-fights_herbert_2","Сега, след като шлюзът е празен, трябва да обезопасим дъното."
"121_pre-B3-fights_herbert_3","Какъв е смисълът? Това е просто купчина пръст."
"121_pre-B3-fights_herbert_4","За теб може да е пръст, но познавам хора, които я наричат почва."
"121_pre-B3-fights_herbert_5","И им я обещах."
"121_pre-B3-fights_herbert_6","Думата на мъжа е най-ценното, което притежава."
"121_pre-B3-fights_herbert_7","Ще трябва да пробиеш от Пазарния площад. Разчисти пътя и след това барикадирай района."
"121_pre-B3-fights_herbert_8","Разбрах. Ще се погрижа."
"121_pre-B3-fights_herbert_9","Ще кажа на стражите."
"121_pre-B3-fights_pre_1","Дъното на шлюза"
"121_pre-B3-fights_pre_2","Здравейте, момчета... изглежда отново ще преминавам моста."
"121_pre-B3-fights_pre_3","Този път си връщам дъното на шлюза."
"121_pre-B3-fights_pre_4","За какво ти е?"
"121_pre-B3-fights_pre_5","Очевидно планира нещо. След толкова години почвата долу сигурно е отлична."
"121_pre-B3-fights_pre_6","Напълно си прав, приятелю. Имаш ли някакъв съвет?"
"121_pre-B3-fights_pre_7","Не забравяй да барикадираш мястото, след като го обезопасиш."
"121_pre-B3-fights_pre_8","Това не би трябвало да е трудно. Долу има предостатъчно отломки."
"121_pre-B3-fights_pre_9","Благодаря, момчета."
"121_pre-B3-fights_win_1","Добре, мястото вече е безопасно. Само трябва да проверя барикадата."
"121_pre-B3-fights_win_2","Барикадата изглежда здрава. Мястото вече е безопасно."
"121_pre-B3-fights_win_3","Чакай малко... как се очаква да изляза оттук?"
"121_pre-B3-fights_win_4","Елате, момчета. Първо да намерим най-сухото място."
"121_pre-B3-fights_win_5","Как стигнахте дотук?"
"121_pre-B3-fights_win_6","През канализацията. Искахме да се настаним, преди да си промениш решението."
"121_pre-B3-fights_win_7","Щом чухме накъде си тръгнал, те последвахме."
"121_pre-B3-fights_win_8","За всеки случай, ако решиш да си го присвоиш."
"121_pre-B3-fights_win_9","Благословена да е душата на човека, измислил канализационната система."
"122_pre-B5-fights_pre_1","Западното езеро"
"122_pre-B5-fights_pre_10","Да, само се увери, че ще удържиш брега, преди да преминеш."
"122_pre-B5-fights_pre_11","Благодаря, момчета. Съветите ви никога не ме разочароват."
"122_pre-B5-fights_pre_2","Този път, момчета, трябва да стигна до хората, живеещи край Западното езеро."
"122_pre-B5-fights_pre_3","Дърводелците? Вероятно са на сигурно в онези къщи на колове."
"122_pre-B5-fights_pre_4","Дори няма нужда да се биете. Просто вземи лодка."
"122_pre-B5-fights_pre_5","Виждаш ли лодки тук?"
"122_pre-B5-fights_pre_6","Тогава по-добре да си пробия път с бой. Все пак имам армия с причина."
"122_pre-B5-fights_pre_7","Някакъв съвет?"
"122_pre-B5-fights_pre_8","Просто премини през площада и обезопаси брега."
"122_pre-B5-fights_pre_9","Щом стигнеш до дървените мостове, останалото би трябвало да е лесно."
"122_pre-B5-fights_win_1","Хей, вие там! Спуснете моста!"
"122_pre-B5-fights_win_10","Може би защото нямам."
"122_pre-B5-fights_win_11","Добре че ние имаме. Можеш да я използваш на връщане."
"122_pre-B5-fights_win_12","Благодаря... бих искал също да взема малко отлична дървесина от вас."
"122_pre-B5-fights_win_13","Тогава ще трябва да говориш с нашия майстор."
"122_pre-B5-fights_win_2","Спуснете моста!"
"122_pre-B5-fights_win_3","Изобщо знаеш ли кой е това?"
"122_pre-B5-fights_win_4","Дръжте моста вдигнат!"
"122_pre-B5-fights_win_5","Аз съм Гробар... Гробарят на гробището."
"122_pre-B5-fights_win_6","Не го познавам, но определено звучи уверен."
"122_pre-B5-fights_win_7","Спуснете моста малко."
"122_pre-B5-fights_win_8","Благодаря, момчета."
"122_pre-B5-fights_win_9","Защо просто не взе лодка?"
"123_basement_factory_elevator_1","Еха... колко интересно. Какво ли е това?"
"123_basement_factory_elevator_2","Съдейки по знанията ми като гробар, това е някакъв асансьор за ресурси."
"123_basement_factory_elevator_3","Ако успея да го възстановя, ще мога да пренасям предмети оттук до повърхността."
"123_basement_factory_factory_1","Казах ти, че ще си струва да разчистим отломките."
"123_basement_factory_factory_2","Трябва да се съглася... Ще е нужна много работа, за да възстановим всичко... но потенциалът е много обещаващ."
"123_basement_factory_find_1","Хей, пак започна без мен!"
"123_basement_factory_find_10","Не знам какво означава това, но бас държа, че ти можеш..."
"123_basement_factory_find_11","А тук можеш да възстановиш частта, която задвижва цялото нещо."
"123_basement_factory_find_12","Само ти трябват няколко клетници, които да го въртят."
"123_basement_factory_find_13","Къде да намеря някого, който да е готов да го върти тук долу, под земята?"
"123_basement_factory_find_14","Е, например... може да използваш някои от онези немъртви клетници, които се скитат из двора ни."
"123_basement_factory_find_2","Спокойно, щях да те повикам, ако намеря нещо интересно."
"123_basement_factory_find_3","Точно това е проблемът... ти не би разпознал нещо интересно."
"123_basement_factory_find_4","Изглежда, че тук няма нищо интересно..."
"123_basement_factory_find_5","Виждаш ли, точно за това говоря."
"123_basement_factory_find_6","Това е изоставена фабрика на Инквизитора."
"123_basement_factory_find_7","Виж, всичко е свързано със зъбни колела под земята..."
"123_basement_factory_find_8","Бас държа, че можеш да поставиш нещо, което се движи, там..."
"123_basement_factory_find_9","Да, например конвейерна лента..."
"123_basement_factory_mine_1","А какво има там?"
"123_basement_factory_mine_2","Не знам, но изглежда, че това трябва да е път към гората."
"123_basement_factory_mine_3","Бас държа, че това е пътят към горската мина!"
"123_basement_factory_pass_1","Чуваш ли този звук зад отломките? Някакво дрънчене."
"123_basement_factory_pass_2","Това ехо... зад тях има пространство. Голямо пространство."
"123_basement_factory_pass_3","Изглежда, че тези отломки ще се разчистват трудно... а след това ще трябва да укрепя тавана."
"123_basement_factory_pass_4","Не съм сигурен, че си струва усилието."
"123_basement_factory_pass_5","Но там трябва да има нещо ценно!"
"123_basement_factory_pass_6","Метал, зъбни колела... звучи като гробище за машини."
"124_village_money_chest_1","Изработени пари."
"124_village_money_chest_2","Ето, момчета... изработих малко пари за вас."
"124_village_money_chest_3","Хм... изглеждат различно."
"124_village_money_chest_4","Но са толкова красиви..."
"124_village_money_chest_5","Прави сте! Добре, ето го сандъка, както се договорихме."
"124_village_money_januarius","Натисни за пари"
"124_village_money_januarius_1","Бюджетни проблеми"
"124_village_money_januarius_10","А после мога да ги подпечатам с кралския печат."
"124_village_money_januarius_11","Може би това наистина ще проработи."
"124_village_money_januarius_12","Но ако искаме пълен бюджет, ще ни трябват много такива."
"124_village_money_januarius_13","Ще пусна печатната си машина възможно най-скоро."
"124_village_money_januarius_2","Току-що имах доста неловък разговор с Джефри и Хефри."
"124_village_money_januarius_3","Помолиха ме да изработя пари за градския бюджет."
"124_village_money_januarius_4","Хех... толкова са наивни. Но всъщност имаме проблем."
"124_village_money_januarius_5","Икономиката расте, а монетите ни свършват."
"124_village_money_januarius_6","Само да можехме наистина да изработваме пари... Не знам — може би от хартия! Ха-ха."
"124_village_money_januarius_7","Хм... знаеш ли, това наистина може да проработи."
"124_village_money_januarius_8","Не, просто се шегувах. Кой би купил книжни пари?"
"124_village_money_januarius_9","Ще опитам да направя цветни книжни банкноти."
"124_village_money_stamp_1","Книжни пари."
"124_village_money_stamp_10","Мъдър кръчмар си, приятелю!"
"124_village_money_stamp_11","Казах ти, че ще проработи."
"124_village_money_stamp_12","Честно казано, изненадан съм... само си представи какви възможности открива това..."
"124_village_money_stamp_2","Направих няколко... и изглеждат изненадващо добре. Трябва ни само кралски печат, за да станат официални."
"124_village_money_stamp_3","Колко удобно... случайно имам такъв. Дойде с наръчника за изборите."
"124_village_money_stamp_4","Мисля, че е справедливо да вземеш своя дял."
"124_village_money_stamp_5","Само се надявам хората да го купуват."
"124_village_money_stamp_6","О, ще го правят. Почти съм сигурен."
"124_village_money_stamp_7","А после ще направя още."
"124_village_money_stamp_8","Имам чувството, че трябва да внимаваме."
"124_village_money_stamp_9","Нека първо изчакаме градът да порасне малко и чак тогава да отпечатаме още."
"124_village_money_twins_1","Поздравления"
"124_village_money_twins_10","Не мисля, че разбирате как работи това."
"124_village_money_twins_11","Ще ти дадем този мистериозен сандък, който извадихме от реката."
"124_village_money_twins_12","Да... така или иначе не успяхме да го отворим."
"124_village_money_twins_13","Хм... мистериозен сандък звучи примамливо."
"124_village_money_twins_14","Добре, ще говоря с Януариус."
"124_village_money_twins_2","Поздравления за избора."
"124_village_money_twins_3","Чакай... мислех, че Джефри спечели."
"124_village_money_twins_4","Каква е разликата? Януариус не ни позволява да харчим пари."
"124_village_money_twins_5","За какви пари говорите?"
"124_village_money_twins_6","Бюджетът... нали знаеш, парите, които трябва да харчим."
"124_village_money_twins_7","Да... но е празен. Той каза, че първо трябва да направим малко пари."
"124_village_money_twins_8","Но дори не знаем от какво се правят парите."
"124_village_money_twins_9","Хей, Гробарю... ти постоянно изработваш разни неща. Можеш ли да отидеш при Януариус и да направиш малко пари за нас?"
"125_astrologer_third_1","Част от портала"
"125_astrologer_third_10","Добре. Върни се на <sprite name=""day_lust""> с парите и ще е твоя."
"125_astrologer_third_11","Не знам как се изписва толкова голямо число, затова ще ти го запиша."
"125_astrologer_third_12","Чакай... толкова много?"
"125_astrologer_third_13","Половината от първоначалната цена плюс комисионата ми."
"125_astrologer_third_14","Добре. Ще намеря парите."
"125_astrologer_third_2","Имам нужда от помощта ти."
"125_astrologer_third_3","Опитвам се да си купя обратно древен фрагмент от магическия портал."
"125_astrologer_third_4","Гюнтер го е продал на търговец."
"125_astrologer_third_5","О, да, определено го направи... а аз си прибрах таксата."
"125_astrologer_third_6","Голям шоумен е... „Мистична реликва! Древна сила!“"
"125_astrologer_third_7","Търговецът продължава да го споменава всяка седмица..."
"125_astrologer_third_8","Не е успял да го продаде. Дори за половината от цената."
"125_astrologer_third_9","Чудесно. Ще го отърва от него."
"125_astrologer_third_ask","Висока цена"
"125_astrologer_third_buy_1","Купи фрагмента от портала."
"125_astrologer_third_buy_2","Ето парите."
"125_astrologer_third_buy_3","А ето го и твоя камък... Доста „магически“. Ха-ха."
"125_astrologer_third_buy_4","Чудесно... трябва да поставя този на мястото му и да разбера къде е следващият."
"125_astrologer_third_fourth_sluise","Зелен фрагмент"
"125_astrologer_third_install_1","Добре. Възстанови фрагмента."
"125_astrologer_third_install_10","Ох... дълбоко е в калта... не знам как се казва..."
"125_astrologer_third_install_11","Малък канал с врати, през които преминават кораби."
"125_astrologer_third_install_12","Наводнен корабен шлюз..."
"125_astrologer_third_install_13","Вече го източих. Би трябвало да е лесно да го извадим."
"125_astrologer_third_install_14","Хей... може би трябва да попитаме огледалото за следващия?"
"125_astrologer_third_install_15","Хм... струва си да опитаме."
"125_astrologer_third_install_16","Огледалце... огледалце... покажи ни петия фрагмент от портала."
"125_astrologer_third_install_17","Е... това е неловко. Колко фрагмента всъщност имаше?"
"125_astrologer_third_install_18","Само три! Кълна се."
"125_astrologer_third_install_19","Три?"
"125_astrologer_third_install_2","Винаги съм се чувствал толкова виновен, че го продадох."
"125_astrologer_third_install_20","Останалите заминаха да пътуват и оставиха фрагментите си при мен."
"125_astrologer_third_install_21","А наскоро дадох петия на приятеля си... Джак."
"125_astrologer_third_install_22","Защо на Джак му е нужен фрагмент от портала?"
"125_astrologer_third_install_23","Не крещи... просто... напоследък той е доста нещастен, не забеляза ли?"
"125_astrologer_third_install_24","Значи си му дал древна магическа реликва за емоционална подкрепа?"
"125_astrologer_third_install_25","По онова време изглеждаше разумно."
"125_astrologer_third_install_26","Както и да е, вероятно трябва да се погрижим за настроението му."
"125_astrologer_third_install_27","Настроението на Джак."
"125_astrologer_third_install_28","Какво му е на Джак?"
"125_astrologer_third_install_29","Спомняш си какъв беше... пълен с енергия, толкова самоуверен."
"125_astrologer_third_install_3","Това е част от историята ни... Представи си да се озове в някой островен музей."
"125_astrologer_third_install_30","Сега виждам съмнение в очите му."
"125_astrologer_third_install_31","Проектът му за фабрика не върви точно както е планирал."
"125_astrologer_third_install_32","Знам. Като негов приятел трябва да го насоча към нещо ново."
"125_astrologer_third_install_33","Нещо смислено и видимо за жителите на града."
"125_astrologer_third_install_34","Все пак той все още е героят на града."
"125_astrologer_third_install_35","Тогава какво те спира?"
"125_astrologer_third_install_36","Аз държа на думата си..."
"125_astrologer_third_install_37","Рекламната ни кампания трябва да постигне целите си, преди да мога да сменя фокуса."
"125_astrologer_third_install_38","Какви цели?"
"125_astrologer_third_install_39","Приличен брой харесвания <sprite name=""happiness""> в седмичния доклад."
"125_astrologer_third_install_4","Радвам се, че успях да помогна."
"125_astrologer_third_install_40","Мисля, че това е предимно моя отговорност. Можеш да продължиш с Джак."
"125_astrologer_third_install_41","Трябват ми числата... не само като рекламен мениджър, но и като астролог."
"125_astrologer_third_install_42","А... звездите не одобряват ниската ангажираност."
"125_astrologer_third_install_43","Точно така."
"125_astrologer_third_install_5","Имам един въпрос... как успя да похарчиш толкова много пари?"
"125_astrologer_third_install_6","А... не съм ли споменавал? Преди астрологията бях професионален инвеститор."
"125_astrologer_third_install_7","Така че ако някога търсиш възможности..."
"125_astrologer_third_install_8","Добре. Да намерим четвъртия фрагмент."
"125_astrologer_third_install_9","Огледалце... огледалце... разкрий четвъртата част от портала."
"126_pre-C1-fights_1","Хей, какво си мислиш, че правиш?"
"126_pre-C1-fights_10","Явно има трик при сбъдването на желания. Нашият Древен бог пази тази подробност за себе си."
"126_pre-C1-fights_11","Но обеща да я разкрие, когато порталът е готов."
"126_pre-C1-fights_12","Добре тогава... време е да се срещнем с нашите по-красиви близнаци. Ха-ха."
"126_pre-C1-fights_13","Ха-ха..."
"126_pre-C1-fights_2","Ще оставиш стария си приятел Лари?"
"126_pre-C1-fights_3","Не съм сигурен, че предстоящата битка е най-безопасното място за теб."
"126_pre-C1-fights_4","Спокойно. Ще пътувам в торбата ти, както в добрите стари времена. Почти нищо не тежа."
"126_pre-C1-fights_5","Освен това искам да се срещна с онзи друг говорещ череп... онзи, който уж изглеждал по-добре."
"126_pre-C1-fights_6","Прав си, Лари. Започнахме тази история заедно, трябва да я завършим заедно."
"126_pre-C1-fights_7","Помисли ли вече какво ще си пожелаеш?"
"126_pre-C1-fights_8","Вероятно ще си пожелая да спася света... каквото и да означава това."
"126_pre-C1-fights_9","Това е духът. Гордея се с теб."
"126_pre-C1-fights_approach","Последната битка"
"127_palace_battle_1","Какво сега, Гробарю?"
"127_palace_battle_10","Казах ти, че ще наблюдавам."
"127_palace_battle_11","Няма нужда да ми благодариш."
"127_palace_battle_12","Колко хубаво, че един бог е на наша страна."
"127_palace_battle_13","Добре че запазих Червеното око. Знам как да разкривам скрити врати с него."
"127_palace_battle_14","Честно казано, защо ти е бог, когато твоят приятел може да прави същите номера?"
"127_palace_battle_15","Хайде, Лари. Да вървим."
"127_palace_battle_16","Не се тревожи, приятелю. Разполагаме с цялото време на света. Можем да опитаме отново друг ден."
"127_palace_battle_2","Мисля, че можем да удържим тази позиция. Това би трябвало да ни даде достатъчно време да стигнем до двореца."
"127_palace_battle_3","Тогава да тръгваме."
"127_palace_battle_4","Оттук пътеката се изкачва нагоре. Тайната врата би трябвало да е някъде по пътя."
"127_palace_battle_5","А къде точно е тази врата?"
"127_palace_battle_6","Не знам. Тук е отбелязана на картата."
"127_palace_battle_7","Или Дейви те е измамил. Звучи като нещо в негов стил."
"127_palace_battle_8","Не знам, Лари... това може да се окаже бедствие. Може би всичко е било напразно."
"127_palace_battle_9","Имаш ли нужда от малко помощ?"
"128_foundry_wine_bring","Господна реколта"
"128_foundry_wine_give_1","Дай вино."
"128_foundry_wine_give_2","Само не пийте прекалено много или прекалено бързо, става ли?"
"128_foundry_wine_give_3","О, разбира се... само една глътка."
"128_foundry_wine_monk_1","Забелязах, че ме гледаш така, сякаш искаш да попиташ нещо."
"128_foundry_wine_monk_10","А ние много бихме искали да сме по-близо до Бога."
"128_foundry_wine_monk_11","В това има известна логика... но за такава задача ще ти трябва превъзходно вино."
"128_foundry_wine_monk_12","Вероятно... Нямаме пари, но вместо това можем да ти предложим този меч."
"128_foundry_wine_monk_13","Той също е... доста превъзходен."
"128_foundry_wine_monk_2","Да, добри Гробарю... ти си от града, нали?"
"128_foundry_wine_monk_3","Точно така."
"128_foundry_wine_monk_4","Никога не сме били там... има ли вино във вашия град?"
"128_foundry_wine_monk_5","О, да... вероятно повече, отколкото ни е нужно."
"128_foundry_wine_monk_6","Можеш ли да ни донесеш малко?"
"128_foundry_wine_monk_7","Изобщо позволено ли ви е да пиете алкохол?"
"128_foundry_wine_monk_8","Не сме сигурни... епископът... искам да кажа, Брат Бишъп..."
"128_foundry_wine_monk_9","Той каза, че хубавото вино те приближава до Бога."
"129_palace_keeper_1","След едно пътуване из празния дворец..."
"129_palace_keeper_10","Просто исках да се прибера у дома..."
"129_palace_keeper_11","И двамата искахме да се приберем у дома. Но вместо това се оказахме в капана на този кошмар."
"129_palace_keeper_12","Порталът ни измами."
"129_palace_keeper_13","Разбирам. Но порталът все още е единственият ни шанс да поправим всичко... и да те изпратим у дома."
"129_palace_keeper_14","Проблемът е, че порталът го няма. Беше разбит на парчета."
"129_palace_keeper_15","За щастие имам всички части с изключение на една... а тя е някъде тук."
"129_palace_keeper_16","Ха-ха... никой не е очаквал втори говорещ череп, нали?"
"129_palace_keeper_17","Луций, стари приятелю... ти ли си?"
"129_palace_keeper_18","Кой друг, Джов? Все пак споделяме едно и също проклятие."
"129_palace_keeper_19","Всичко това е много трогателно, но може би трябва да поговорим някъде по-безопасно."
"129_palace_keeper_2","Ох... боли!"
"129_palace_keeper_20","Не мисля, че армията ми може да задържи всички тези зомбита още дълго."
"129_palace_keeper_21","Мога да ни спечеля малко време. Никога досега не съм опитвал да звъня с това по средата на деня..."
"129_palace_keeper_22","Но вероятно няма да влоши нещата."
"129_palace_keeper_23","А какво означава това?"
"129_palace_keeper_24","Съдейки по последните събития... нещата току-що се влошиха."
"129_palace_keeper_25","Тогава по-добре да побързаме."
"129_palace_keeper_26","Следвайте ме!"
"129_palace_keeper_27","Все още чувам звуците на битката... това е добър знак."
"129_palace_keeper_28","Пълно отстъпление!"
"129_palace_keeper_29","Бързо, в канализацията!"
"129_palace_keeper_3","Не и когато носиш пълни доспехи."
"129_palace_keeper_30","Почакайте малко... трябва да си поема въздух."
"129_palace_keeper_31","Добре... мисля, че засега сме в безопасност тук. Можем малко да си починем."
"129_palace_keeper_32","Освен това имам много въпроси."
"129_palace_keeper_33","Да... трябва да обясня какво се случи."
"129_palace_keeper_34","Колко вече знаеш?"
"129_palace_keeper_35","Прекарах последните осем години окован в подземие."
"129_palace_keeper_36","О. Добре тогава... ще започна отначало."
"129_palace_keeper_37","И за да сме наясно... не знаех дали другата част от мен изобщо е все още жива..."
"129_palace_keeper_38","Озовах се в този свят, а един човек с Червено око ми даде работата на гробар."
"129_palace_keeper_39","Но единствената ми истинска цел беше да се върна при съпругата си."
"129_palace_keeper_4","Ако си тук, за да ме накажеш, трябва да знаеш, че съм безсмъртен!"
"129_palace_keeper_40","Накратко... научих за портал, който можеше да ме изпрати у дома."
"129_palace_keeper_41","Накрая разбрах как да го активирам."
"129_palace_keeper_42","Но вместо да ме изпрати у дома, доведе любимата ми тук."
"129_palace_keeper_43","Явно с използването на портала съм нарушил някакъв древен договор."
"129_palace_keeper_44","След това... всичко започна да се разпада."
"129_palace_keeper_45","И само да знаеш... всичко се случи заради човека с Червеното око."
"129_palace_keeper_46","Затова реших да използвам портала още веднъж, за да го накажа и да отнема силата му."
"129_palace_keeper_47","Но вместо това той ме поквари... и не можех да спра да си пожелавам нови неща."
"129_palace_keeper_48","Вместо да се прибера у дома, си пожелах власт и богатство."
"129_palace_keeper_49","Докато приятелите ни не унищожиха портала."
"129_palace_keeper_5","Всичко това беше огромна грешка."
"129_palace_keeper_50","Тогава проклех всички тях... целия град..."
"129_palace_keeper_51","В отчаян опит да възстановя портала, създадох армия от немъртви."
"129_palace_keeper_52","Няма нищо, скъпи... беше обладан."
"129_palace_keeper_53","Да, скъпи мой. Любовта ти ме спаси... даде ми силата да се отърва от окото."
"129_palace_keeper_54","Така се оказахме в капана на двореца... неспособни да контролираме злото, което отприщихме."
"129_palace_keeper_55","Макар че все още имахме камбаната... за да отзоваваме зомбитата веднъж седмично."
"129_palace_keeper_56","Да, те трябваше да намерят фрагментите от портала, за да можем да поправим всичко."
"129_palace_keeper_57","Но винаги се проваляха... Носеха ни само безполезни боклуци."
"129_palace_keeper_58","Е, поне храната и алкохолът бяха добри."
"129_palace_keeper_59","Ха-ха... това обяснява защо зомбитата се оттеглят при звука на камбаната."
"129_palace_keeper_6","Ако някой тук заслужава наказание, това съм аз..."
"129_palace_keeper_60","Добре че моята армия от зомбита е много по-добре организирана от това."
"129_palace_keeper_61","Сега най-сетне сме близо до поправянето на портала. Да вървим."
"129_palace_keeper_62","Знаеш ли... още не разбирам защо никога не са опитали да те намерят."
"129_palace_keeper_63","Мисля, че са били щастливи заедно... само двамата."
"129_palace_keeper_64","Да, те са си доста интересна двойка..."
"129_palace_keeper_7","Не съм тук, за да наказвам когото и да било..."
"129_palace_keeper_8","Ти си!"
"129_palace_keeper_9","Уф... какво облекчение. Ти си единственият, който може да ме разбере."
"13_village_fairy_ask","Добряк"
"13_village_fairy_jully_1","И така... какво можеш да ми кажеш за феите?"
"13_village_fairy_jully_10","Както и да е... да се върнем на феите."
"13_village_fairy_jully_11","Ще ти трябват няколко зъба."
"13_village_fairy_jully_12","Ще свършат ли зъбите на мъртвец?"
"13_village_fairy_jully_13","Да... хм... в такъв случай ще ти трябва и Прах от сънища."
"13_village_fairy_jully_14","Откъде се очаква да намеря това?"
"13_village_fairy_jully_15","Къде ли наистина... Няма да ти хареса..."
"13_village_fairy_jully_16","Чумният лекар... това човешко недоразумение."
"13_village_fairy_jully_17","Той е единствената ти възможност... Но трябва да те предупредя... прокълнат е."
"13_village_fairy_jully_18","Е, ще опитам да-"
"13_village_fairy_jully_19","Прокълнатият му дом е някъде... под земята."
"13_village_fairy_jully_2","Как мога да призова някоя?"
"13_village_fairy_jully_20","Да... виждал съм го в подземието под къщата ми..."
"13_village_fairy_jully_3","Хм... помогна ни, това не мога да го отрека."
"13_village_fairy_jully_4","Може би наистина започваш да мислиш и за нещо повече от себе си..."
"13_village_fairy_jully_5","Феи... хм..."
"13_village_fairy_jully_6","Древни природни духове... от времето преди бога с червеното око."
"13_village_fairy_jully_7","Хей, аз съм виждал този човек! Даже говори с мен!"
"13_village_fairy_jully_8","Да, да... не говори глупости. Отдавна си е отишъл! Изостави всички ни..."
"13_village_fairy_jully_9","От другата страна на града има едно село. Те още му се кланят - можеш ли да повярваш?"
"130_town_wishes_almost_1","Пристигнахме! "
"130_town_wishes_almost_10","Гробарю, барикадите са в опасност!"
"130_town_wishes_almost_11","Никога не съм виждал толкова много зомбита! И изглеждат ядосани!"
"130_town_wishes_almost_12","Хех... може би не трябваше да бия тази камбана..."
"130_town_wishes_almost_13","По дяволите... има много неща, които не трябваше да правим."
"130_town_wishes_almost_14","Но сега, с портала, можем да поправим всички тях!"
"130_town_wishes_almost_15","Двама гробари... два говорещи черепа... и някак си дори не съм изненадана."
"130_town_wishes_almost_16","Стига приказки!"
"130_town_wishes_almost_2","Време е да възстановим портала. Тогава всеки ще получи желанието си."
"130_town_wishes_almost_3","Само... опитайте да не разбивате реалността отново."
"130_town_wishes_almost_4","Значи това е? Частта с желанията?"
"130_town_wishes_almost_5","Чакай... защо има двама гробари?"
"130_town_wishes_almost_6","Гробарю Първи и Гробарю Втори... това е дълга история, приятелю."
"130_town_wishes_almost_7","Хей, познавам те. Ти си поетът Вагнер!"
"130_town_wishes_almost_8","Това вече е в миналото, както и времето, когато бях гробар."
"130_town_wishes_almost_9","Мога ли да продължа?"
"130_town_wishes_finish_1","Поправи го! Успя! Светът е спасен!"
"130_town_wishes_finish_10","Спокойно. Виж, още дори не работи."
"130_town_wishes_finish_11","Между другото... защо не работи?"
"130_town_wishes_finish_12","Миналия път бяха достатъчни шестима грешници и един гробар."
"130_town_wishes_finish_13","Не знам..."
"130_town_wishes_finish_14_1","Всичко изглежда готово."
"130_town_wishes_finish_14_10","Не можете да си пожелавате неща за себе си... само за някого, който е важен за вас."
"130_town_wishes_finish_14_2","И един Древен бог..."
"130_town_wishes_finish_14_3","Вижте! Работи! Предполагам, че ти си бил седмият."
"130_town_wishes_finish_14_4","Е, това е доста изненадващо. Може би принудителното ми усамотение все пак ме е променило."
"130_town_wishes_finish_14_5","Можем ли да започнем с желанията?"
"130_town_wishes_finish_14_6","Шшт... оставете Бога да говори!"
"130_town_wishes_finish_14_7","Всички се справихте добре."
"130_town_wishes_finish_14_8","Горе-долу."
"130_town_wishes_finish_14_9","Сега можете да си пожелаете нещо. Но..."
"130_town_wishes_finish_15_1","Тук съм... Ах, толкова се уморих да ходя. Как го правите всички вие?"
"130_town_wishes_finish_15_10","Сега можем да си пожелаем нещо."
"130_town_wishes_finish_15_11","Не можете да си пожелавате неща за себе си... само за някого, който е важен за вас."
"130_town_wishes_finish_15_2","Всичко е готово, но порталът не работи."
"130_town_wishes_finish_15_3","Странно... все още ли очакваме някого?"
"130_town_wishes_finish_15_4","Не мисля."
"130_town_wishes_finish_15_5","Чувате ли този шум отвън?"
"130_town_wishes_finish_15_6","Изглежда, че целият град се събира."
"130_town_wishes_finish_15_7","Откъде са разбрали?"
"130_town_wishes_finish_15_8","Предполагам, че е защото писах за това в последния брой на списанието."
"130_town_wishes_finish_15_9","Вижте... порталът! Работи!"
"130_town_wishes_finish_16","Добре тогава... пожелавам на приятеля ми Гюнтер да повярва в себе си и да не се интересува от мнението на другите."
"130_town_wishes_finish_17","Добро желание. А аз ти пожелавам да се научиш на малко скромност и обноски!"
"130_town_wishes_finish_18","Ха! Също много добро желание, приятелю."
"130_town_wishes_finish_19","Добре, време е за сериозните желания."
"130_town_wishes_finish_2","И да не сте посмели отново да го счупите. Говоря на всички вас!"
"130_town_wishes_finish_20","Пожелавам сестрата на Албърт отново да стане нормална жена!"
"130_town_wishes_finish_21","О, Линда... пожелавам ти най-сетне да се отпуснеш и да ми се довериш. Никога няма да те разочаровам."
"130_town_wishes_finish_22","Благодаря ти, скъпи мой."
"130_town_wishes_finish_23","Хм... пожелавам на Агата отново да намери щастието си. Вече няма нужда да се страхуваш, че ще изгубиш нещо."
"130_town_wishes_finish_24","Мисля, че това е постижимо. Но за тази цел пожелавам на Хърбърт да възвърне страстта си към живота."
"130_town_wishes_finish_25","Бъди отново смел, войнико Хърбърт... точно като в старите ти истории!"
"130_town_wishes_finish_26","Сега е наш ред. Това би трябвало да е лесно!"
"130_town_wishes_finish_27","Само момент... Гробарю, онези двамата си заслужиха проклятията."
"130_town_wishes_finish_28","Може би заслужават прошка... но все пак бих искал да ги оставиш под надзор още около десетилетие."
"130_town_wishes_finish_29","Това вероятно е справедливо. Още десет години няма да променят много."
"130_town_wishes_finish_3","Или ще те намеря и ще те ухапя!"
"130_town_wishes_finish_30","Добре тогава... освен това започва да ми харесва да съм говорещ череп."
"130_town_wishes_finish_31","Мисля, че сега е мой ред..."
"130_town_wishes_finish_32","Пожелавам на Гробарю Първи и съпругата му да се върнат в реалния свят."
"130_town_wishes_finish_33","Нищо не се случва... защо нищо не се случва?"
"130_town_wishes_finish_34","Желанията изискват време... но в твоя случай трябва да използваш самия портал."
"130_town_wishes_finish_35","Тогава ще пропусна желанието си. Вече си пожелах твърде много неща."
"130_town_wishes_finish_36","Какво да си пожелая за теб, приятелю?"
"130_town_wishes_finish_37","Искаш ли да се върнеш с нас?"
"130_town_wishes_finish_38","В реалния свят отново ще станете един човек."
"130_town_wishes_finish_39","Само не забравяй да ми върнеш окото, преди да тръгнеш."
"130_town_wishes_finish_4","Вярно е, тя хапе."
"130_town_wishes_finish_40","Можеш да тръгваш... ние ще се справим с останалото сами."
"130_town_wishes_finish_41","Ще ми липсваш, приятелю!"
"130_town_wishes_finish_42","Върви"
"130_town_wishes_finish_43","Каква история беше това. Благодаря на всички ви."
"130_town_wishes_finish_44","И благодаря ти, Древен бог, за странното приключение, което преживяхме."
"130_town_wishes_finish_45","А сега ми пожелай да се прибера у дома, Гробарю Първи. Гробарю Втори е готов да тръгне!"
"130_town_wishes_finish_46","Остани."
"130_town_wishes_finish_47","Знаете ли... вървете без мен. Запазете си желанието."
"130_town_wishes_finish_48","Ще остана в този странен свят с всичките си нови приятели."
"130_town_wishes_finish_49","Искам да видя какво ще се случи тук след това."
"130_town_wishes_finish_5","Добре тогава... довиждане. Насладете се на желанията си!"
"130_town_wishes_finish_50","С Червеното око или без него, ще създам собствената си история."
"130_town_wishes_finish_51","Сигурен ли си, че не искаш да използваш желанието ми?"
"130_town_wishes_finish_52","Не, благодаря... мога сам да сбъдна всичките си желания."
"130_town_wishes_finish_53","Все пак съм Гробар!"
"130_town_wishes_finish_54","Е, обратно на работа, приятелю!"
"130_town_wishes_finish_55","Да не губим повече време. Имам големи планове!"
"130_town_wishes_finish_56","Изглежда ще трябва да свикна да живея без окото си."
"130_town_wishes_finish_57","Имаш план... Ха! Древният бог има по-добър."
"130_town_wishes_finish_6","Двама гробари... два говорещи черепа... и една фея... очакваме ли още някого?"
"130_town_wishes_finish_7","Агата, предстои да бъдеш много изненадана..."
"130_town_wishes_finish_8","Казах ви, че ще изпуснем всичко!"
"130_town_wishes_finish_9","Вече пожелахте ли си нещо?"
"131_history_start_before_1","Хей, Лари... спиш ли?"
"131_history_start_before_2","Не мога... това е част от живота на един череп."
"131_history_start_before_3","Да... отначало беше толкова невероятно, но сега..."
"131_history_start_before_4","Между другото, така и не успях да те попитам... как се озова в подземието на инквизитора?"
"131_history_start_before_5","Ами... всичко започна на едно далечно, далечно място..."
"131_history_start_cinematic_1","Беше обичайният ми петък, в обичайния ми свят..."
"131_history_start_cinematic_10","Обвиниха ме във вещерство... И ме заключиха в тъмница..."
"131_history_start_cinematic_2","След работа у дома ме чакаше някой специален."
"131_history_start_cinematic_3","Понякога ежедневието и задълженията бавно те изтощават..."
"131_history_start_cinematic_4","Но дори в делничния свят има място за любов и за това да бъдеш обичан."
"131_history_start_cinematic_5","Дори когато знаеш, че някой вече е малко изнервен..."
"131_history_start_cinematic_6","И тогава дойде мракът..."
"131_history_start_cinematic_7","Човекът с червеното око ме чакаше... Говореше за нова глава в живота ми..."
"131_history_start_cinematic_8","Направи мое копие... или ме раздели на две..."
"131_history_start_cinematic_9","И тогава се озовах в щаба на инквизитора."
"131_history_start_ends_1","Знаеш останалото..."
"131_history_start_ends_2","Тъжното е, че не можех да умра там... Но пак беше много болезнено..."
"131_history_start_ends_3","Така че може би съм загубил част от разума си..."
"131_history_start_ends_4","Не се страхувай. Сега си с Лари."
"131_history_start_ends_5","Лягай да спиш."
"132_history_apocalypsis_before_1","И така, как вървят нещата тук?"
"132_history_apocalypsis_before_2","Свеж въздух, усилена работа... Май ми харесва."
"132_history_apocalypsis_before_3","Добре... Поех риск и порових из базата."
"132_history_apocalypsis_before_4","Изненадващо, навсякъде са разхвърляни записки."
"132_history_apocalypsis_before_5","И то много... Нямам представа кой ги е писал и защо."
"132_history_apocalypsis_before_6","Какви записки? Нещо полезно?"
"132_history_apocalypsis_before_7","Предимно думи. Емоции. Такива неща... Прочетох ги."
"132_history_apocalypsis_before_8","За да не се налага на теб."
"132_history_apocalypsis_before_9","Това научих за последните дни преди апокалипсиса."
"132_history_apocalypsis_cinematic_1","Всичко започна преди около осем години."
"132_history_apocalypsis_cinematic_10","После един ден дори живите започнаха да се превръщат в немъртви. Масово."
"132_history_apocalypsis_cinematic_11","Започна край Кралския дворец и скоро погълна по-голямата част от града."
"132_history_apocalypsis_cinematic_2","Много преди това вече имаха проблеми с мъртвите си..."
"132_history_apocalypsis_cinematic_3","Нещо за това, че са предали боговете си. Два пъти."
"132_history_apocalypsis_cinematic_4","Но това не е важно."
"132_history_apocalypsis_cinematic_5","Всичко наистина тръгна надолу, след като се появи странен човек, който не можеше да умре..."
"132_history_apocalypsis_cinematic_6","Човек, който е трябвало да бъдеш ти."
"132_history_apocalypsis_cinematic_7","След това мъртвите започнаха да се надигат..."
"132_history_apocalypsis_cinematic_8","Преди някой да успее да ги погребе в северното гробище..."
"132_history_apocalypsis_cinematic_9","Или да ги изпрати по море."
"132_history_apocalypsis_end_1","После превръщанията в зомбита просто спряха..."
"132_history_apocalypsis_end_2","Но немъртвите вече бяха прекалено много..."
"132_history_apocalypsis_end_3","Сега хората се страхуват от всяко мъртво тяло..."
"132_history_apocalypsis_end_4","И все пак някак са се научили да живеят в тази бъркотия."
"132_history_apocalypsis_end_5","Много интересно..."
"133_history_god_cinematic_before_1","Имам новини за положението ти."
"133_history_god_cinematic_before_10","Помниш ли как ми разказа за човека с червените очи, който те раздели на две..."
"133_history_god_cinematic_before_2","Намерил си още записки някъде..."
"133_history_god_cinematic_before_3","Да... предимно за последния ден на един човек на име Руфъс."
"133_history_god_cinematic_before_4","Лични неща. Знаеш как е..."
"133_history_god_cinematic_before_5","Освен това имам още един надежден източник..."
"133_history_god_cinematic_before_6","Някой важен в гробарския бизнес."
"133_history_god_cinematic_before_7","Някой с дълги уши?"
"133_history_god_cinematic_before_8","Да... едно магаре, което обича да говори. Пълно е със странни теории."
"133_history_god_cinematic_before_9","Слушам те..."
"133_history_god_cinematic_start_1","Човекът с червените очи някога е бил местен бог."
"133_history_god_cinematic_start_10","Накратко... Старият бог се смилил над хората и сключил договор с тях."
"133_history_god_cinematic_start_11","Дал им Гробар, който да напътства душите им и да им осигурява покой след смъртта."
"133_history_god_cinematic_start_12","Имало е много гробари, всеки от които служел за своето време..."
"133_history_god_cinematic_start_13","Всеки доведен тук от далечни земи."
"133_history_god_cinematic_start_14","И точно когато ти се появи, друг пристигна в Северното гробище."
"133_history_god_cinematic_start_15","Той изглежда точно като теб..."
"133_history_god_cinematic_start_2","Той осигурявал на хората всичко в замяна на тяхното поклонение."
"133_history_god_cinematic_start_3","После го предали... заради един по-нов бог."
"133_history_god_cinematic_start_4","След това останали сами с всичките си проблеми и нужди."
"133_history_god_cinematic_start_5","Изоставили всички стари ритуали и цикълът на прераждането се сринал."
"133_history_god_cinematic_start_6","Изгубените души се превърнали в истински проблем..."
"133_history_god_cinematic_start_7","Ами вторият бог и второто предателство, за които спомена?"
"133_history_god_cinematic_start_8","Не е важно. Вторият бог беше провал."
"133_history_god_cinematic_start_9","А сега спри да ме прекъсваш..."
"133_history_god_end_1","Но нещо лошо му се случило..."
"133_history_god_end_2","И вярвам, че сега ти си новият Гробар."
"133_history_god_end_3","Хм... никой никога не ми е разказвал нищо от това. Не съм сигурен..."
"133_history_god_end_4","Тогава ми кажи... не ти ли се струва странно, че при погребване на тяло се появява свидетелство?"
"133_history_god_end_5","Като го спомена... да, това е малко странно."
"133_history_god_end_6","Точно така. То е част от древен договор..."
"133_history_god_end_7","А сега и ти си част от него."
"134_history_keeper_beer","Другарю Магаре"
"134_history_keeper_beer_1","Мисля, че мога да разбера повече за другия гробар... онзи, който може да си ти."
"134_history_keeper_beer_2","Това е добра новина. Не мога да повярвам, че някоя част от мен може да е била толкова лоша."
"134_history_keeper_beer_3","Има само един проблем... ще ми трябва бира."
"134_history_keeper_beer_4","Ти изобщо можеш ли да пиеш?"
"134_history_keeper_beer_5","Не за мен. За нашия другар... магарето."
"134_history_keeper_beer_6","Някой е научил горкото животно да пие."
"134_history_keeper_beer_7","Добре. Ще донеса, ако това помогне да му развърже езика."
"134_history_keeper_cinematic_end_1","Оттогава Магарето не го е виждало..."
"134_history_keeper_cinematic_end_10","Няма значение."
"134_history_keeper_cinematic_end_2","Може би желанието му се е сбъднало и се е прибрал у дома."
"134_history_keeper_cinematic_end_3","Може би..."
"134_history_keeper_cinematic_end_4","Хей, и ти ли не искаш да се върнеш?"
"134_history_keeper_cinematic_end_5","Не... не особено. Разбира се, има неща, които ми липсват..."
"134_history_keeper_cinematic_end_6","Но мисля, че сега мястото ми е тук."
"134_history_keeper_cinematic_end_7","Мястото ти ли беше в тъмницата, окован? Ха."
"134_history_keeper_cinematic_end_8","Да... може би е стокхолмски синдром."
"134_history_keeper_cinematic_end_9","Какъв синдром?"
"134_history_keeper_cinematic_star_1","Сега съм почти сигурен, че другият гробар си бил ти..."
"134_history_keeper_cinematic_star_2","Беше що-годе свестен човек. Малко алчен."
"134_history_keeper_cinematic_star_3","Не се отнасяше особено почтително към труповете..."
"134_history_keeper_cinematic_star_4","Но като цяло не беше лош човек."
"134_history_keeper_cinematic_star_5","Винаги мечтаеше да се върне в своя свят..."
"134_history_keeper_cinematic_star_6","Открил легенда за портал, който изпълнява желания..."
"134_history_keeper_cinematic_star_7","И вложил всичките си сили във възстановяването му..."
"134_history_keeper_cinematic_star_8","Мислел, че е оправил всичко с малко помощ от новите си приятели."
"134_history_keeper_cinematic_star_9","Но малко след това започнала чумата на немъртвите..."
"134_history_keeper_donkey_1","Дай бирата."
"134_history_keeper_donkey_2","Добре, пожелай ми късмет..."
"134_history_keeper_donkey_3","Прекалено се вълнува, че ще пие с череп."
"134_history_keeper_ride_1","Знаеш ли, прекарахме си доста добре..."
"134_history_keeper_ride_2","Дори ме повози на гърба си..."
"134_history_keeper_ride_3","И така, научи ли нещо полезно?"
"134_history_keeper_ride_4","Ех... повече от достатъчно..."
"135_town_fisher_fish_good","Риба за Рибаря"
"135_town_fisher_good_decent_1","Добра риба."
"135_town_fisher_good_decent_2","Ето добра риба."
"135_town_fisher_good_decent_3","Ха... опитваш се да ме впечатлиш, така ли?"
"135_town_fisher_good_decent_4","Всеки може да хване риба в спокойно езеро."
"135_town_fisher_good_decent_5","Опитай да направиш същото в морето."
"135_town_fisher_good_decent_6","Добре. Мога ли да ловя риба тук?"
"135_town_fisher_good_decent_7","Не. Това е моето място. Опитай късмета си край кея."
"135_town_fisher_good_decent_8","Донеси ми морска риба и ще споделя с теб стара рибарска рецепта."
"135_town_fisher_good_meet_1","Как е риболовът тук?"
"135_town_fisher_good_meet_2","Не е толкова добър, колкото беше преди."
"135_town_fisher_good_meet_3","Знаеш ли, извън града има добри места за риболов."
"135_town_fisher_good_meet_4","Значи казваш, че си по-добър рибар?"
"135_town_fisher_good_meet_5","Не, просто казвам, че..."
"135_town_fisher_good_meet_6","Добре тогава, предизвиквам те!"
"135_town_fisher_good_meet_7","Донеси ми добра риба от някое от твоите места..."
"135_town_fisher_good_meet_8","И ще призная, че те бива за нещо."
"135_town_fisher_good_myst_1","Мистериозна риба!"
"135_town_fisher_good_myst_2","Не беше лесно, но успях."
"135_town_fisher_good_myst_3","Я да видя... наистина си успял..."
"135_town_fisher_good_myst_4","Печелиш... златната рибарска въдица е твоя."
"135_town_fisher_good_sea_1","Морска риба."
"135_town_fisher_good_sea_2","Ето морска риба."
"135_town_fisher_good_sea_3","Е, да му се не види. Май рецептата е твоя... най-доброто ястие, което един рибар може да получи."
"135_town_fisher_good_sea_4","И все пак съм малко по-добър от теб."
"135_town_fisher_good_sea_5","Ако наистина искаш да ме победиш, хвани мистериозна риба."
"135_town_fisher_good_sea_6","Добре, ще опитам."
"136_guards_discount_ask","Инфлация"
"136_guards_discount_ask_1","Тарифи за наемници"
"136_guards_discount_ask_10","Ще видим... Ще си обуча собствени войници... безстрашни и въоръжени с лъскави копия!"
"136_guards_discount_ask_11","Добре... добре. Може би можем да обсъдим малка отстъпка."
"136_guards_discount_ask_2","Защо услугите ви са толкова скъпи?"
"136_guards_discount_ask_3","Защото сме единствените наемници наоколо, а напоследък няма много работа."
"136_guards_discount_ask_4","Затова, когато някой най-сетне ни наеме, определяме висока цена."
"136_guards_discount_ask_5","Но току-що каза, че никой не ви наема... може би заради тази цена."
"136_guards_discount_ask_6","Може би никой няма нужда от наемници... освен теб."
"136_guards_discount_ask_7","А сега като се замисля, може би всеки нов договор трябва да ти струва още повече!"
"136_guards_discount_ask_8","Това е нелепо!"
"136_guards_discount_ask_9","Може би... но какъв избор имаш?"
"136_guards_discount_discount_1","Малка отстъпка?"
"136_guards_discount_discount_2","И за каква отстъпка говорим?"
"136_guards_discount_discount_3","Просто е. Донеси ни хубаво вино. Напоследък е почти невъзможно да се намери."
"136_guards_discount_discount_4","И къде точно трябва да го намеря?"
"136_guards_discount_discount_5","Нямам представа... може би ти можеш да направиш малко. Ха-ха."
"136_guards_discount_wine_1","Дай вино."
"136_guards_discount_wine_2","Ето малко хубаво вино."
"136_guards_discount_wine_3","Ммм... това е добро. Откъде го взе?"
"136_guards_discount_wine_4","Направих го сам."
"136_guards_discount_wine_5","Хмм... в такъв случай със сигурност можеш да ни направиш още."
"136_guards_discount_wine_6","Знаеш ли какво... с радост ще приемем виното ти вместо пари."
"136_guards_discount_wine_7","Честно казано, така или иначе щяхме да похарчим парите за вино... само че за по-лошо."
"137_base_resurection_necro_1","Виждам, че се усмихваш... най-после ли се сдоби с онази книга за зомбита?"
"137_base_resurection_necro_2","Да... би трябвало да съдържа всички отговори."
"137_base_resurection_necro_3","Добре. Сега ти трябва само подходящо място за възкресяване на мъртвите."
"137_base_resurection_necro_4","Предполагам, че е като при готвенето — по-добри съставки, по-добри резултати."
"137_base_resurection_necro_5","Какво общо има готвенето?"
"137_base_resurection_necro_6","О, искам да кажа... от по-добрите трупове излизат по-добри зомбита."
"137_base_resurection_necro_7","Това е доста обезпокоителна аналогия."
"137_base_resurection_room_1","Казах ти, че това е мястото!"
"137_base_resurection_room_10","А жиците започват да хвърлят всякакви смешни искри. Хе-хе."
"137_base_resurection_room_11","Чакай... всеки <sprite name=""day_envy""> ли има гръмотевична буря?"
"137_base_resurection_room_12","Да... точно като по часовник. Този свят е станал още по-странен, отколкото го помня."
"137_base_resurection_room_13","Почти съм сигурен, че преди апокалипсиса възкресяването на зомбита е работело идеално и без цялото това елек... каквото и да е."
"137_base_resurection_room_14","По онова време въздухът е бил изпълнен с магия."
"137_base_resurection_room_15","Не трябва ли първо да проверим записите им?"
"137_base_resurection_room_16","Хмм... изглеждат като чертежи на оборудването, което са използвали тук."
"137_base_resurection_room_17","Но няма нито дума за рецептата на серума."
"137_base_resurection_room_18","Непрекъснато споменават някаква книга с формулата... Некрономикона."
"137_base_resurection_room_19","Хе-хе... веднъж съм я чел! Макар че само прегледах раздела за готвене."
"137_base_resurection_room_2","Изглежда, че са взели по-голямата част от оборудването със себе си..."
"137_base_resurection_room_20","Май ще трябва да намеря някого, който знае повече за възкресяването на зомбита... и за тази книга."
"137_base_resurection_room_3","Но виж — оставили са малко серум за възкресение и няколко записки."
"137_base_resurection_room_4","Според това са използвали електричество, за да възкресяват трупове."
"137_base_resurection_room_5","С какво, моля?"
"137_base_resurection_room_6","Виждаш ли онези дълги тънки неща като въжета по стената? Това са жици... По тях тече електричество."
"137_base_resurection_room_7","Но откъде биха взели електричество тук?"
"137_base_resurection_room_8","Тези жици стигат чак до върха на кулата..."
"137_base_resurection_room_9","Всеки <sprite name=""day_envy""> по време на буря мълния удря кулата."
"137_base_resurection_think_1","Мислиш ли някога да опиташ да възкресяваш собствени зомбита?"
"137_base_resurection_think_10","Обзалагам се, че са го правили някъде край моргата... Трябва да влезем в онази стая."
"137_base_resurection_think_11","Вероятно там са пазели всичките си тайни за възкресението."
"137_base_resurection_think_2","Да... би било хубаво. Тези зелени типове са доста полезни."
"137_base_resurection_think_3","Тук намерих записки за експериментите, които инквизиторите са правили."
"137_base_resurection_think_4","Надявали са се да възкресят свои зомбита и да ги накарат да се бият с лошите."
"137_base_resurection_think_5","Всъщност не е лоша идея."
"137_base_resurection_think_6","Изглежда, че са били доста близо до успеха... Успели са да ги възкресят. Просто не са могли да ги контролират."
"137_base_resurection_think_7","За да ги контролираш, мисля, че трябва да им сложиш каишка със син камък."
"137_base_resurection_think_8","Да, звучи като добро решение..."
"137_base_resurection_think_9","Трябва да попиташ човека с дървената маска за тези камъни."
"138_base_garden_clay_1","Добре... наистина работи, ако продължаваш да го въртиш."
"138_base_garden_clay_2","Сега ми трябва само малко глина."
"138_base_garden_clay_3","Видях залежи от глина край онези руини."
"138_base_garden_clay_4","Благодаря, Лари... без теб щях да съм напълно изгубен."
"138_base_garden_dungeon_1","Защо си се намръщил? Нещо те тревожи?"
"138_base_garden_dungeon_10","Хмм... честно казано. Какво щях да правя без теб?"
"138_base_garden_dungeon_11","Сигурно още щеше да висиш окован в някоя тъмница. Ха-ха."
"138_base_garden_dungeon_2","Да... трябва да намеря начин да вляза в мазето."
"138_base_garden_dungeon_3","По мое време мазетата обикновено бяха под земята."
"138_base_garden_dungeon_4","Затова бих проверил какво има под онзи капак."
"138_base_garden_dungeon_5","За какъв капак говориш?"
"138_base_garden_dungeon_6","Ами за този капак, разбира се..."
"138_base_garden_dungeon_7","Заклевам се, че преди го нямаше... просто... се появи..."
"138_base_garden_dungeon_8","Съжалявам, че ще те разочаровам, но винаги си е бил там."
"138_base_garden_dungeon_9","Сигурно е чисто психологическо... страх от тъмници, огромна травма..."
"138_base_garden_garden_1","Докато обикаляше насам-натам, аз поразузнах наоколо."
"138_base_garden_garden_10","Изглежда, че там са отглеждали грозде. Вероятно за вино."
"138_base_garden_garden_11","Знаеш ли, чаша вино много помага по време на екзекуция. Ха-ха..."
"138_base_garden_garden_2","Бях зает да спасявам света... което, между другото, включва и теб."
"138_base_garden_garden_3","Много благородно от твоя страна... Добре, ще ти кажа какво намерих."
"138_base_garden_garden_4","Може дори да ти помогне да спасиш света. Ха-ха..."
"138_base_garden_garden_5","Това изглежда като идеалното място за изработката ти."
"138_base_garden_garden_6","Добре... винаги съм искал да работя на открито, с хубава гледка."
"138_base_garden_garden_7","Тук някога е имало градина..."
"138_base_garden_garden_8","Не питай защо на инквизиторите им е била нужна."
"138_base_garden_garden_9","А какво има там, отвъд счупения мост вляво?"
"138_base_garden_sand_1","Само не ми казвай, че ти трябва и пясък."
"138_base_garden_sand_2","Разбира се, че ще ми трябва пясък."
"138_base_garden_sand_3","Добре, че край реката има предостатъчно."
"138_base_garden_sand_4","Кой знае... може някой ден дори да намерим злато в него. Ха-ха."
"139_town_homobonus_1","Хей, трябва да ти благодаря, че прогони онези зомбита!"
"139_town_homobonus_10","Не ми се иска да те разочаровам, но никой няма да купува бутилирана вода."
"139_town_homobonus_11","Напълно си прав... най-вече защото всичките ми бутилки са счупени."
"139_town_homobonus_12","Трябват ми нови бутилки, за да продължа. Ако можеш да ми донесеш няколко."
"139_town_homobonus_13","Наистина ми трябват нови бутилки. Донеси ми няколко и ще ти дам старите книги на чичо ми."
"139_town_homobonus_14","Какви книги?"
"139_town_homobonus_15","Не знам... Едва мога да чета."
"139_town_homobonus_16","Дай бутилки."
"139_town_homobonus_17","Ха-ха... до следващата ни среща ще съм натрупал цяло състояние!"
"139_town_homobonus_2","Сега най-сетне мога да се върна към бизнеса си."
"139_town_homobonus_3","А ти всъщност кой си?"
"139_town_homobonus_4","О, аз съм Хомобонус... продавач на вода."
"139_town_homobonus_5","Приятно ми е да се запознаем, драги ми господине."
"139_town_homobonus_6","Но какво имаш предвид с това, че продаваш вода? Тя е безплатна навсякъде... в реката, във всеки кладенец."
"139_town_homobonus_7","Точно затова това е идеалният бизнес! Виждам възможност!"
"139_town_homobonus_8","Никой не продава вода в бутилки! Само вино и бира!"
"139_town_homobonus_9","Скоро целият пазар ще е мой!"
"139_town_homobonus_bottle","Хомобонус I"
"14_guard_faith_battle_1","Изглежда всичко е готово..."
"14_guard_faith_battle_2","Вземи това червено знаме. Останалите ще те последват."
"14_guard_faith_bell_1","Камбаната"
"14_guard_faith_bell_2","Ето я камбаната, за която ти говорех."
"14_guard_faith_bell_3","Ще я поставя и ще обясня на всички колко е важна..."
"14_guard_faith_bring","Изисква се боен дух"
"14_guard_faith_head_1","Дай вяра"
"14_guard_faith_head_10","Да, така е."
"14_guard_faith_head_11","Трябва да увеличим броя на мечовете до приемливо ниво."
"14_guard_faith_head_12","И мога да те уверя... че това няма да стане без онзи отряд наемни мечоносци."
"14_guard_faith_head_13","Добре... Мисля, че мога да се справя с всичко това..."
"14_guard_faith_head_14","Почакай..."
"14_guard_faith_head_15","Дори и с всичко това, пак ще ни трябва чудо..."
"14_guard_faith_head_16","за да победим всички онези зомбита. Или евтин номер."
"14_guard_faith_head_17","Евтин номер?"
"14_guard_faith_head_18","Като коз в ръкава."
"14_guard_faith_head_19","Няма да ни даде предимство, но може да ни даде втори шанс."
"14_guard_faith_head_2","Интересно... за първи път от много години някой наистина проявява загриженост."
"14_guard_faith_head_20","Добре... Разкажи ми."
"14_guard_faith_head_21","Трябва да направим камбана..."
"14_guard_faith_head_22","Половин омагьосващ час по-късно..."
"14_guard_faith_head_23","... и така ще ги принудим да отстъпят и ще се спасим, ако битката се обърне срещу нас."
"14_guard_faith_head_25","Хех... само се радвам, че точно ти ще я изпробваш."
"14_guard_faith_head_26","Донеси ми камбаната. Аз ще подготвя всичко останало."
"14_guard_faith_head_3","И така... сега ли ще отблъснем зомбитата?"
"14_guard_faith_head_4","О, не, не ние... предимно ти. Аз съм твърде стар за това."
"14_guard_faith_head_5","Добре, готов съм! Да сритаме задниците на зомбитата!"
"14_guard_faith_head_6","Не бързай толкова..."
"14_guard_faith_head_7","Трябва да се подготвим. А тъй като нашият скъп майстор Джак изостави кораба,"
"14_guard_faith_head_8","от теб зависи да събереш всички провизии и материали, които ще ни трябват."
"14_guard_faith_head_9","Хм... Звучи като доста работа."
"14_guard_faith_sword_1","Готови сме."
"14_guard_faith_sword_2","Радвам се да го чуя. Надявам се да поведеш силите ни в битката!"
"14_guard_faith_swords","Мечове и камбана"
"140_town_homobonusus_1","Хей! Радвам се да те видя отново!"
"140_town_homobonusus_10","Радвам се за теб, предполагам."
"140_town_homobonusus_11","Проблемът е, че в този бизнес винаги не ми достига вяра."
"140_town_homobonusus_12","А ти... ти имаш добър и стабилен доход."
"140_town_homobonusus_13","Така че, ако се интересуваш, можем да разменим твоята вяра за моите пари... при много изгоден курс."
"140_town_homobonusus_14","Продай вяра"
"140_town_homobonusus_2","И така... как върви бизнесът с водата?"
"140_town_homobonusus_3","Ами... има лоши дни..."
"140_town_homobonusus_4","А добри дни?"
"140_town_homobonusus_5","Не."
"140_town_homobonusus_6","Хмм... но изглеждаш щастлив и заможен. Какво се промени?"
"140_town_homobonusus_7","Вместо да продавам вода, реших да напиша книга за това как да започнеш собствен бизнес с продажба на вода."
"140_town_homobonusus_8","Чакай... ти ми даде книга, защото каза, че не можеш да четеш."
"140_town_homobonusus_9","Казах, че едва мога да чета! Но напълно достатъчно, за да напиша книга за самопомощ."
"140_town_homobonusus_faith","Хомобонус II"
"141_town_porters_1","Не ти ли омръзва да мъкнеш сандъци към Града съвсем сам?"
"141_town_porters_2","Имаш ли по-добра идея? Защото да изпратим зомбита по главната улица звучи като бърз начин да предизвикаме бунт."
"141_town_porters_3","Кой е говорил за улица?"
"141_town_porters_4","Обзалагам се, че инквизиторите са имали начин да стигат до Града незабелязано."
"141_town_porters_5","А съдейки по този тунел? Бас държа, че води право в Града. И то без никой да разбере."
"141_town_porters_6","...Може и да си прав. Ще проверя."
"141_town_porters_7","Разбира се, че съм прав. Наистина трябва да започнеш да свикваш с това."
"142_foundry_zombie_1","Сила на зомбито."
"142_foundry_zombie_10","Не разполагахме с всички в двореца... а порталът все пак работеше."
"142_foundry_zombie_11","Благодаря... Познавам някого, който със сигурност знае как се използва порталът."
"142_foundry_zombie_12","Тогава ти пожелавам късмет."
"142_foundry_zombie_13","Цялата история с портала напълно промени мен и приятелите ми. Преди бях изпълнен с гордост!"
"142_foundry_zombie_14","Сега съм просто скромен монах... и съм напълно доволен."
"142_foundry_zombie_15","Надявам се и ти да намериш своя покой."
"142_foundry_zombie_2","Това е силата на зомбито. Можеш да го използваш като работна ръка. Компактно. Не се нуждае от храна."
"142_foundry_zombie_3","Братята ще оценят това. Благодаря."
"142_foundry_zombie_4","Надявам се да завършиш портала... и да го използваш разумно."
"142_foundry_zombie_5","Ако това изобщо е възможно... само Древният бог знае..."
"142_foundry_zombie_6","Благодаря."
"142_foundry_zombie_7","Между другото, знаеш ли как се активира портал?"
"142_foundry_zombie_8","Горе-долу..."
"142_foundry_zombie_9","Трябва да събереш шест предмета... поне така беше замислено."
"143_workshop_piece_1","Фрагмент от портала."
"143_workshop_piece_10","И аз съм добър приятел... а и ми трябва този фрагмент."
"143_workshop_piece_11","Хмм... знаеш ли кое е по-добро от късмета?"
"143_workshop_piece_12","Добрият план!"
"143_workshop_piece_13","Помогни ми да оправя нещата с проекта си и камъкът е твой."
"143_workshop_piece_2","Джак, трябва ми фрагментът от портала, който Гюнтер ти даде."
"143_workshop_piece_3","Онзи, който зареди с късмет специално за мен?"
"143_workshop_piece_4","Да. Този."
"143_workshop_piece_5","Няма да стане. По принцип не вярвам на мистичните глупости на Гюнтер..."
"143_workshop_piece_6","Макар че напоследък... малко късмет няма да ми е излишен. Ха-ха."
"143_workshop_piece_7","Не ти трябва някакъв глупав камък. Гюнтер те подкрепя."
"143_workshop_piece_8","Ха! На Гюнтер му трябва някой, който да подкрепя него."
"143_workshop_piece_9","Той е добро момче и добър приятел... Просто му липсва малко смелост."
"143_workshop_piece_ask","Още части от портала"
"143_workshop_piece_get_1","Постъпващи данни"
"143_workshop_piece_get_10","Наистина ли?"
"143_workshop_piece_get_11_a","Да. Просто първо трябва да приключи с някои рекламни дейности."
"143_workshop_piece_get_11_b","Да. Чака те у дома си, за да обсъдите подробностите."
"143_workshop_piece_get_12","Звучи добре... Знаеш ли, не е лесно винаги да си начело."
"143_workshop_piece_get_13","Понякога ми се иска да съм обикновен човек, който просто може да разчита на приятел."
"143_workshop_piece_get_14","А съвместната работа по проект превръща мъжете в приятели!"
"143_workshop_piece_get_15","Мъдри думи, Джак."
"143_workshop_piece_get_16","Благодаря. Знам."
"143_workshop_piece_get_17","Мога ли сега да получа този камък?"
"143_workshop_piece_get_18","Разбира се. Нека донесе късмет и на теб."
"143_workshop_piece_get_2","Мисля, че ти осигурих отговорите, които търсеше."
"143_workshop_piece_get_3","Може би... но сега започвам да се съмнявам в нещо друго."
"143_workshop_piece_get_4","Наистина ли трябва да се напъвам толкова? А вие, монасите..."
"143_workshop_piece_get_5","Изглеждате по-способни от мен."
"143_workshop_piece_get_6","Хей, Джак... горе главата. Все пак ти си любимецът на града."
"143_workshop_piece_get_7","Само заради Гюнтер..."
"143_workshop_piece_get_8","Той избра теб. Това означава нещо."
"143_workshop_piece_get_9","Каза ми, че иска да започне нов голям проект... с теб."
"143_workshop_piece_outside_1","Ще отида да поставя тези фрагменти в портала и учтиво ще поискам следващия."
"144_crossroad_home_1","Малка услуга"
"144_crossroad_home_10","Така ще прилича повече на къща, а не на палатка."
"144_crossroad_home_11","Няма проблем, ще..."
"144_crossroad_home_12","Сигурно се чудиш защо на една скромна монахиня ѝ е притрябвала четвърта стена."
"144_crossroad_home_13","За да можеш драматично да я разбиеш ли?"
"144_crossroad_home_14","Не... аз оставям на други хора да разбиват стените."
"144_crossroad_home_15","Искам Хърбърт да напусне службата си и да се нанесе тук..."
"144_crossroad_home_16","Толкова е изморен от всичко... а аз ще мога да му чета по-често..."
"144_crossroad_home_17","Ха, мислех, че при теб всичко се върти около гнева, а не около похотта."
"144_crossroad_home_18","Внимавай с мръсния си език!"
"144_crossroad_home_19","Аз съм стара монахиня, а той е стар войник. Не се занимаваме с любов."
"144_crossroad_home_2","Може би трябва да спреш да увърташ и просто да поискаш услуга."
"144_crossroad_home_20","Става дума да осигурим малко спокойствие на Хърбърт, след всичко, което изтърпя заради тези неблагодарни глупаци."
"144_crossroad_home_21","Извинявай, ако съм те засегнал... ще ти построя четвъртата стена."
"144_crossroad_home_3","Вече два пъти намекна за това."
"144_crossroad_home_4","Да не си посмял да ми говориш така."
"144_crossroad_home_5","Но да... имам нужда от помощта ти. Надявам се, че за последен път."
"144_crossroad_home_6","О, не... да не умираш?"
"144_crossroad_home_7","В мечтите ти. Никога не съм се чувствал по-добре."
"144_crossroad_home_8","Сега съм още по-объркан."
"144_crossroad_home_9","Трябва още веднъж да подобриш жилището ми."
"144_crossroad_home_ask","Къщата на кръстопътя"
"144_crossroad_home_complete_1","Истински дом за двама."
"144_crossroad_home_complete_2","Благодаря ти, Гробарю..."
"144_crossroad_home_complete_3","Следващия път, когато Хърбърт дойде да ме слуша, докато чета, ще го поканя на церемонията ти."
"144_crossroad_home_complete_4","Ще чуе органа... а след това ще го помоля да напусне поста си..."
"144_crossroad_home_complete_5","Напоследък е затрупан от всичко... от цяла вечност не ме е молил да му чета."
"145_base_organ_1","Благодаря ти, Гробарю, за церемонията... органът наистина ме трогна."
"145_base_organ_10","И аз го почувствах. Музиката ми напомни за времето преди цялата тази горчивина."
"145_base_organ_11","Когато сега мисля за сестрите си, не изпитвам гняв... само нежна тъга."
"145_base_organ_12","Радвам се да чуя тази топлина в гласа ти."
"145_base_organ_13","Ти си чудесен пример. Постоянството и добротата могат да променят света."
"145_base_organ_14","Гневът само задълбочава раните..."
"145_base_organ_15","Радвам се да го чуя. А сега не го карай да чака... покани стария войник у дома."
"145_base_organ_16","Преди да си промени решението и да реши, че в казармата е по-спокойно!"
"145_base_organ_2","Казах ти, Хърбърт — този инструмент носи нещо специално в тръбите си."
"145_base_organ_3","Наистина. Мислех, че гласът ти е най-красивият звук, който познавам..."
"145_base_organ_4","Но сега имаш съперник..."
"145_base_organ_5","Музиката успокои сърцето ми. Една кратка разходка за завършек би била идеална."
"145_base_organ_6","След малко ще се присъединя към теб. Трябва да поговоря с Гробаря."
"145_base_organ_7","Разбира се, Агата..."
"145_base_organ_8","Радвам се, че той намери покой. Надявам се, че и ти си намерила малко."
"145_base_organ_9","Не знам как успя... Хърбърт ми каза, че не е изпитал гняв, а само покой."
"145_base_organ_ceremony","Добрият пример е най-добрата проповед"
"146_stilt_master_ask_1","Специална дървесина."
"146_stilt_master_ask_10","Това звучи достатъчно специално."
"146_stilt_master_ask_11","Добре, тогава да... дялам „специална“ дървесина."
"146_stilt_master_ask_12","Трябва ми за един църковен проект."
"146_stilt_master_ask_13","Църковен проект? Звучи впечатляващо. Браво на теб."
"146_stilt_master_ask_14","Трябва ли да направя нещо за него?"
"146_stilt_master_ask_15","Да направиш нещо? Не... не, приятелю. Просто ще ти я продам."
"146_stilt_master_ask_16","Щедро от твоя страна."
"146_stilt_master_ask_17","Щом поправя механизма си за събиране на дървесина."
"146_stilt_master_ask_18","Значи все пак има нещо, с което мога да ти помогна?"
"146_stilt_master_ask_19","Не, не... ще се оправя сам..."
"146_stilt_master_ask_2","Търся майстор дърворезбар."
"146_stilt_master_ask_20","Може би утре. Или следващия месец."
"146_stilt_master_ask_21","Какво те спира да го поправиш сега?"
"146_stilt_master_ask_22","Трябват ми материали. Но не обичам да ходя на пазара..."
"146_stilt_master_ask_23","Там има хора, знаеш..."
"146_stilt_master_ask_24","Добре. Аз ще ти набавя материалите."
"146_stilt_master_ask_3","Хмм... би трябвало да има един наоколо... я да помисля..."
"146_stilt_master_ask_4","О, чакай... май аз съм майстор дърворезбар."
"146_stilt_master_ask_5","Но ми казвай Харолд."
"146_stilt_master_ask_6","Значи дялаш специална дървесина?"
"146_stilt_master_ask_7","Особена? Какво ѝ е специалното?"
"146_stilt_master_ask_8","Просто дървесина от дърветата, които растат в северните планини."
"146_stilt_master_ask_9","Понякога реката я довлича... а аз я събирам и я оставям да отлежи."
"146_stilt_master_materials_1","Дай материалите."
"146_stilt_master_materials_2","Ето материалите, които поиска."
"146_stilt_master_materials_3","Супер... знаеш ли, всъщност нямах нужда от тях."
"146_stilt_master_materials_4","След разговора ни проверих механизма... просто е бил заседнал..."
"146_stilt_master_materials_5","Значи сега мога да получа тази специална дървесина?"
"146_stilt_master_materials_6","Разбира се. Ще ти я дам срещу няколко монети."
"146_stilt_master_meet","Органична музика"
"147_sewers_looters_1","Това е мястото. Мазето за сирене на Маурицио е точно зад тази стена."
"147_sewers_looters_10","Чудесна идея. Само че ще затрупаш себе си... и целия квартал... с развалини."
"147_sewers_looters_11","Тогава ще чакам. Вратите не изчезват без причина. Рано или късно ще разбера какъв е номерът."
"147_sewers_looters_12","Междувременно трябва да се съсредоточа върху възстановяването на портала."
"147_sewers_looters_13","За какво говори той?"
"147_sewers_looters_14","Нямам представа..."
"147_sewers_looters_2","А вратата би трябвало да е точно тук."
"147_sewers_looters_3","Да... би трябвало. Но я няма."
"147_sewers_looters_4","Може би сме се объркали. Може би вратата се е преместила."
"147_sewers_looters_5","Вратите не се местят. И сме на правилното място. Не усещаш ли миризмата на сирене?"
"147_sewers_looters_6","Веднъж ограбихме това място, преди апокалипсиса. Вратата беше точно тук. Спомням си как минах през нея, бягайки."
"147_sewers_looters_7","Добре. Просто ще прокопая стената."
"147_sewers_looters_8","Няма шанс. Стената е прекалено дебела... цялата е от камък."
"147_sewers_looters_9","Тогава ще използвам експлозиви."
"148_doctor_cough_1","Здравето ти"
"148_doctor_cough_10","Линда... мисля, че държи на мен. А аз искам да бъда до нея."
"148_doctor_cough_11","Тя е крехка... невинна, каквато някога беше сестра ми. Трябва да я защитя."
"148_doctor_cough_12","Ако все още има време. кхъ-кхъ."
"148_doctor_cough_13_a","Ще направя всичко по силите си, за да намеря лек."
"148_doctor_cough_13_b","Работя върху нещо, което може да ти помогне."
"148_doctor_cough_13_c","Намерихме лек!"
"148_doctor_cough_2","Спомена нещо за начин да се излекуваш."
"148_doctor_cough_3","Да, може би има начин да излекувам кашлицата си. кхъ-кхъ."
"148_doctor_cough_4","Имаш ли нужда от помощта ми?"
"148_doctor_cough_5","Може би. Възможно е случайно да попаднеш на нещо, което да ме спаси."
"148_doctor_cough_6","Мислех, че вече имаш план и просто ти трябва помощта ми, за да набавиш съставки или нещо подобно."
"148_doctor_cough_7","Не... нямам план. Но за първи път искам да живея. кхъ-кхъ."
"148_doctor_cough_8","Преди завиждах на здравите и силните... Но сега бих се задоволил просто да дишам без болка."
"148_doctor_cough_9","Но какво промени мнението ти?"
"148_doctor_cough_ask","Кашлицата си я бива!"
"149_sluice_tools_land","Зелени хора от далечни земи"
"149_sluice_tools_land_1","Тази земя може да бъде ваша."
"149_sluice_tools_land_10","Каквито сме свикнали да използваме."
"149_sluice_tools_land_11","Сигурно идвате от доста напреднало място."
"149_sluice_tools_land_12","Но наистина искам да помогна на Албърт. Ще ви намеря подходящото оборудване."
"149_sluice_tools_land_13","Чудесно. Междувременно ще започнем да разчистваме земята."
"149_sluice_tools_land_2","Хмм... почвата е отлична."
"149_sluice_tools_land_3","Радвам се, че одобрявате. Надявам се скоро да видя първата ви реколта."
"149_sluice_tools_land_4","Има само един проблем... не донесохме инструментите си."
"149_sluice_tools_land_5","Това лесно се решава. Можете да си купите инструменти в града."
"149_sluice_tools_land_6","Виждали сме ги. Толкова са некачествени."
"149_sluice_tools_land_7","Можете да си представите какво биха ѝ причинили."
"149_sluice_tools_land_8","Никой друг не се е оплаквал."
"149_sluice_tools_land_9","Нуждаем се от истински, висококачествени инструменти."
"149_sluice_tools_tools_1","Дай инструментите."
"149_sluice_tools_tools_10","И така... каква е рецептата?"
"149_sluice_tools_tools_11","Това е магически Кар-то-ф. Някакви приключенци са го донесли от далечни земи."
"149_sluice_tools_tools_12","Той черпи силата си от почвата. Свари го добре."
"149_sluice_tools_tools_13","Нека приятелят ти вдишва парата от сварения Кар-то-ф."
"149_sluice_tools_tools_14","Повтаряй това всеки ден в продължение на седмица и кашлицата му би трябвало да отшуми."
"149_sluice_tools_tools_2","Еха, изненадан съм колко бързо успяхте да направите това място приятно."
"149_sluice_tools_tools_3","Изглежда, че ви донесох инструментите точно навреме."
"149_sluice_tools_tools_4","Обичаме да работим... Изненадани сме колко мързеливи са всички тук."
"149_sluice_tools_tools_5","Сякаш някой друг трябва да осигурява всичко."
"149_sluice_tools_tools_6","О, само да знаехте колко верни са тези думи."
"149_sluice_tools_tools_7","Ще очаквам своя дял от реколтата."
"149_sluice_tools_tools_8","Чухме, че приятелят ви е много болен, затова ще ви дадем част от нея предварително."
"149_sluice_tools_tools_9","А по всяко време можете да си купите още."
"15_guards_fightback_lose_1","Нещо се обърка. Този път не успяхме да ги превземем."
"15_guards_fightback_lose_2","Не мога да кажа, че съм изненадан... Но можеш да продължаваш да опитваш."
"15_guards_fightback_lose_3","Обикновено събираме отбранителните си линии само веднъж седмично. След като камбаната удари."
"15_guards_fightback_lose_4","Но районът около портата винаги е обезопасен."
"15_guards_fightback_lose_5","Можеш да опиташ отново, когато си готов."
"15_guards_fightback_win","Първа кръв... ъъ, първа тиня?"
"15_guards_fightback_win_1","Я виж ти... Иска ми се да кажа, че си свършил добра работа..."
"15_guards_fightback_win_10","Ще проверя периметъра и ще разпределя още стражи."
"15_guards_fightback_win_11","Добра работа!"
"15_guards_fightback_win_12","Добре... време е да отворим района и да продължим към пристанището."
"15_guards_fightback_win_2","Тогава просто го кажи."
"15_guards_fightback_win_3","Преди за нас нямаше надежда."
"15_guards_fightback_win_4","Нямаше какво да защитаваме... поне така се чувствахме."
"15_guards_fightback_win_5","Но сега... имам това странно усещане... Надежда."
"15_guards_fightback_win_6","Това всъщност звучи някак... добре?"
"15_guards_fightback_win_7","Хех... трябваше да се пенсионирам седмицата, в която започна всичко това."
"15_guards_fightback_win_8","Но сега? Няма покой, няма тишина и определено няма време за хубава книга."
"15_guards_fightback_win_9","Както и да е... сега ти решаваш. Използвай това, което спечелихме с меч, и обезопаси района."
"150_base_90not_1","Шестимата"
"150_base_90not_10","Тогава ще трябва само да поправиш портала. С моето червено око и едно щракване с пръсти..."
"150_base_90not_11","Фюу! Желанията са изпълнени, светът е спасен и така нататък."
"150_base_90not_12","Наистина ли искаш окото си обратно?"
"150_base_90not_13","Свикнал съм със силата му. Отне ми много време да се науча да живея без него."
"150_base_90not_14","Честно казано... малко ме е страх за теб."
"150_base_90not_15","Да, знам... причинява ми кошмари."
"150_base_90not_2","Говорих с тях. Всички са готови да ми помогнат."
"150_base_90not_3","Но нещо все още ги спира."
"150_base_90not_4","Казах ти... трябва да са напълно на твоя страна."
"150_base_90not_5","Но не знам какво друго мога да направя за тях. Изглежда, че вече всички са си добре устроени."
"150_base_90not_6","Да, доверието изисква време. Просто ще трябва да почакаш."
"150_base_90not_7","А може би един ден уменията ти ще са достатъчно добри, за да им помогнеш."
"150_base_90not_8","Разбирам... тогава ще продължа да усъвършенствам уменията си."
"150_base_90not_9","Или... просто можеш да ми върнеш окото и да прескочим тази бавна част."
"150_base_90not_give_eye_1","Върни го"
"150_base_90not_give_eye_2","О, благодаря ти. Вече започвах да си мисля, че си от онези предпазливи типове."
"150_base_90not_give_eye_3","Чудесно е да си върна окото."
"150_base_90not_give_eye_4","Каза, че нещата с приятелите ми ще вървят по-бързо, щом си го върна."
"150_base_90not_give_eye_5","А аз държа на думата си."
"150_base_90not_give_eye_6","Иди и поговори отново с онези шестима. С моята благословия съм сигурен, че всичко ще мине гладко."
"150_base_90not_keep_eye_1","Запази окото"
"150_base_90not_keep_eye_2","Добре тогава, ще продължа да си върша работата."
"150_base_90not_keep_eye_3","Защо не, щом толкова ти харесва."
"151_base_90yes_1","Значи цялата греховна шайка е съгласна?"
"151_base_90yes_10","Хех... Отначало беше забавно, но предизвика доста бъркотия."
"151_base_90yes_11","И все пак... успех с онова, което предстои."
"151_base_90yes_2","О! Изплаши ме... Да, всички са съгласни."
"151_base_90yes_3","Просто трябва да взема последния фрагмент от портала."
"151_base_90yes_4","А за да го взема, ще трябва да се изправя срещу другото си аз."
"151_base_90yes_5","Е, предполагам, че ще ти помогна. Честно казано, не съм голям почитател на другата ти версия."
"151_base_90yes_6","Изглежда, че ти си по-добрият избор. Но кой може да знае със сигурност, нали?"
"151_base_90yes_7","Така и не обясни защо ни раздели отначало."
"151_base_90yes_8","Това е... сложно. От онези сложни неща, на които само боговете се наслаждават. Но накратко, исках да опитам нещо различно."
"151_base_90yes_9","Както когато реших, че хората са готови да се оправят сами."
"152_astrologer_dark_come_1","Хей, хора... как върви проектът ви?"
"152_astrologer_dark_come_10","Нещо елегантно, може би изработено от скъпо дърво. С поставка за хартия."
"152_astrologer_dark_come_11","Ще сме ти много благодарни. Нали, Джак?"
"152_astrologer_dark_come_12","Да... читателите ме обожават. Пишат ми чудесни писма."
"152_astrologer_dark_come_13","Добре тогава. Ако това ти трябва, ще го направя."
"152_astrologer_dark_come_2","Ами... то е..."
"152_astrologer_dark_come_3","Чудесно... просто чудесно. Още сме на етап предварителна подготовка."
"152_astrologer_dark_come_4","Да, първо смятаме да спечелим малко пари, а после да обиколим света и да изучим как са построени другите колоси."
"152_astrologer_dark_come_5","Може би първо трябва да започнете да строите своя."
"152_astrologer_dark_come_6","Знаеш ли... това всъщност може да е добра идея."
"152_astrologer_dark_come_7","Пак ли си изгуби писмата от фенове?"
"152_astrologer_dark_come_8","Изглежда, че да..."
"152_astrologer_dark_come_9","Гробарю, наистина можеш да ни помогнеш, като изработиш нова протезна ръка за Джак."
"152_astrologer_dark_dream_1","Надявам се днес най-после да направим нещо."
"152_astrologer_dark_dream_10","Не сега. Вместо това започвам нов проект."
"152_astrologer_dark_dream_11","Съвсем ново списание... OnlyFuns. Линда ще пише за всички забавни истории от Пристанищния клуб."
"152_astrologer_dark_dream_12","Ще бъде огромен успех!"
"152_astrologer_dark_dream_13","А, ето ги писмата..."
"152_astrologer_dark_dream_14","Еха... хората наистина ме харесват. Тези писма са пълни с комплименти."
"152_astrologer_dark_dream_15","Казах ти."
"152_astrologer_dark_dream_2","Хей, вчера издадохме дванадесетия брой на списанието си."
"152_astrologer_dark_dream_3","Споделихме всичките си грандиозни планове с читателите!"
"152_astrologer_dark_dream_4","Плановете са хубаво нещо... но може би трябва и да построим нещо."
"152_astrologer_dark_dream_5","Джак, всички са възхитени от идеята ти за колоса."
"152_astrologer_dark_dream_6","Продадохме два пъти повече бройки от обикновено. Къде е онова възхитено писмо от фен?"
"152_astrologer_dark_dream_7","Чакай... има ли нови писма?"
"152_astrologer_dark_dream_8","Цяла купчина!"
"152_astrologer_dark_dream_9","Чудесно. Нали планираше и да издадеш стиховете си?"
"152_astrologer_dark_hand_1","Елегантна ръка"
"152_astrologer_dark_hand_2","Ето ти една елегантна ръка. Няма да може да държи чук, но е идеална за държане на листове."
"152_astrologer_dark_hand_3","Благодаря, Гробарю. Точно това ми трябваше."
"152_astrologer_dark_wake_up_1","Какво има? Викаше насън."
"152_astrologer_dark_wake_up_2","Само странен сън. Приятелите ми поемаха по грешен път."
"152_astrologer_dark_wake_up_3","Може би това е знакът, който чакаше. Може да имат нужда от помощта ти!"
"153_crossroad_dark_chair_1","Удобен стол"
"153_crossroad_dark_chair_2","Ето го — най-удобният стол, който успях да измисля."
"153_crossroad_dark_chair_3","Кажи „благодаря“, Хърбърт."
"153_crossroad_dark_chair_4","Да, да... разбира се. Благодаря, Гробарю!"
"153_crossroad_dark_come_1","Здравей... как върви всичко?"
"153_crossroad_dark_come_10","Той може да ти направи най-удобния стол... нали?"
"153_crossroad_dark_come_11","Да... разбира се. Това няма да е проблем."
"153_crossroad_dark_come_2","Много спокойно... макар че краката ми сякаш отслабват."
"153_crossroad_dark_come_3","Не се тревожи. Ще ти намерим нов стол... нещо по-удобно."
"153_crossroad_dark_come_4","Може би имаш нужда от повече движение."
"153_crossroad_dark_come_5","Може и да си права. Дори си мислех да се върна на стария си пост... само на непълен работен ден."
"153_crossroad_dark_come_6","Това е безумие при твоето състояние."
"153_crossroad_dark_come_7","Искаш ли просто да те оставя на мира... и да занеса тялото ти на Гробаря?"
"153_crossroad_dark_come_8","Не, не, Агата... има още толкова много книги, които можеш да ми четеш."
"153_crossroad_dark_come_9","Това е правилният дух, Хърбърт. А нашият приятел Гробарят с радост ще ни помогне."
"153_crossroad_dark_dream_1","Сигурен ли си, че не ти трябва нещо?"
"153_crossroad_dark_dream_10","А после ще имам част от теб завинаги."
"153_crossroad_dark_dream_11","Добре, Агата... не бих искал да те разстроя."
"153_crossroad_dark_dream_2","Не, просто си седи и си почивай. Тук си в безопасност... не се изтощавай."
"153_crossroad_dark_dream_3","Скоро ще се върна и ще ти почета още."
"153_crossroad_dark_dream_4","Звучи чудесно. Междувременно може да се поразходя малко... да посетя старите си колеги от стражата."
"153_crossroad_dark_dream_5","В никакъв случай. Те ти влияят ужасно."
"153_crossroad_dark_dream_6","Животът ми стана прекалено спокоен. Започвам да си мисля, че ме пазиш малко повече, отколкото трябва..."
"153_crossroad_dark_dream_7","Просто не искам да те загубя, Хърбърт. Вече изгубих толкова много."
"153_crossroad_dark_dream_8","А сега се отпусни и помисли за следващата история, която ще ми разкажеш."
"153_crossroad_dark_dream_9","Устройството на Гробаря ще я запише."
"153_crossroad_dark_wake_up_1","Лош сън, Гробарю?"
"153_crossroad_dark_wake_up_2","Да... не беше приятен. Обезпокоителен сън за приятелите ми."
"153_crossroad_dark_wake_up_3","Може би е време да им помогнеш."
"154_linda_dark_come_1","Хей, Албърт, как си?"
"154_linda_dark_come_10","Заслужаваш го, любов моя. Трябва ли ти нещо, Гробарю?"
"154_linda_dark_come_11","Всъщност да. Търся начин да ти помогна. Може би ще се сетиш за нещо."
"154_linda_dark_come_12","Имаш ли нужда от помощ, Линда?"
"154_linda_dark_come_13","О, много мило от твоя страна..."
"154_linda_dark_come_14","Добре сме. Всичко е под контрол. Но ако искаш да помогнеш, можеш да ми донесеш луксозни завеси."
"154_linda_dark_come_15","Водоустойчиви завеси. Искам да украся лабораторията си в мазето."
"154_linda_dark_come_16","Хмм, да, Албърт... завесите ще го направят много по-приятно."
"154_linda_dark_come_17","Добре, ще се опитам да ти направя."
"154_linda_dark_come_2","Добре, добре, Гробарю. Доста съм зает, но съм много щастлив."
"154_linda_dark_come_3","Къде е Линда? Обикновено по това време посреща клиентите."
"154_linda_dark_come_4","Почива си. Направи толкова много за града... сега заслужава малко време за себе си."
"154_linda_dark_come_5","Разбира се, че си прав, Албърт."
"154_linda_dark_come_6","О... проспах се, скъпи."
"154_linda_dark_come_7","Радвам се да те видя, Гробарю... *прозява се*"
"154_linda_dark_come_8","Здравей, Линда... изглеждаш различно."
"154_linda_dark_come_9","Албърт ме обгрижва... може би малко прекалено старателно."
"154_linda_dark_drape_1","Луксозни завеси."
"154_linda_dark_drape_2","Донесох завесите. Водоустойчиви са и огнеупорни."
"154_linda_dark_drape_3","Благодаря ти, Гробарю. Точно това ни трябваше, за да направим малкото си гнезденце още по-приятно."
"154_linda_dark_dream_1","Линда — чаках те долу в лабораторията си!"
"154_linda_dark_dream_10","В мазето е по-тихо. Много по-добре е за деликатна работа."
"154_linda_dark_dream_11","Скоро ще започнеш да го оценяваш."
"154_linda_dark_dream_12","Ще оценя всичко, което направиш за мен, любов моя."
"154_linda_dark_dream_2","О, съжалявам, скъпи. Бях заета и изгубих представа за времето."
"154_linda_dark_dream_3","Дадох ти седмичен график с причина. Трябва да спреш да работиш толкова много."
"154_linda_dark_dream_4","Време е за здравната ти инжекция. Приготвила съм няколко серума за теб."
"154_linda_dark_dream_5","О, Албърт... може би вече достатъчно си се грижил за мен."
"154_linda_dark_dream_6","Глупости. Красотата и здравето ти трябва да бъдат съхранени. После ще си починеш... с дълъг, дълбок сън."
"154_linda_dark_dream_7","Разбира се, Албърт... просто не съм свикнала някой да се грижи толкова за мен."
"154_linda_dark_dream_8","Ти си всичко за мен... а здравето и красотата ти заслужават защита."
"154_linda_dark_dream_9","Но защо не можем да направим процедурата в медицинския ти кабинет горе?"
"154_linda_dark_wake_up_1","Нещо се случва, нали?"
"154_linda_dark_wake_up_2","Да, винаги се случва нещо... просто трябва да му се радваш."
"154_linda_dark_wake_up_3","Мисля, че е време да се забавляваш, като помагаш на другите."
"155_guards_bridge_1","Мост към езерото."
"155_guards_bridge_10","Тя е толкова добра... и крехка по свой начин. Липсват ѝ сестрите."
"155_guards_bridge_11","Може би „крехка“ не е съвсем точната дума."
"155_guards_bridge_12","Трябваше да видиш очите ѝ, когато спомена органа от стария си манастир."
"155_guards_bridge_13","Попитах Джак... Той каза, че ще можеш да направиш такъв."
"155_guards_bridge_14","Нека позная... Трябва му специална дървесина за добър резонанс."
"155_guards_bridge_15","Значи вече си проучил въпроса."
"155_guards_bridge_16","Тогава е добре, че така или иначе си тръгнал към дърворезбарите."
"155_guards_bridge_17","Да, щастливо съвпадение."
"155_guards_bridge_18","Кажи ми, когато органът е готов."
"155_guards_bridge_2","Трябва ни план, за да си пробием път до дърворезбарите край езерото."
"155_guards_bridge_3","Никога не се задоволяваш с мира, нали..."
"155_guards_bridge_4","Дори обмислях да напусна службата... а ето че отново си тук."
"155_guards_bridge_5","Хърбърт, повярвай ми... този път е в твоя полза."
"155_guards_bridge_6","Добре. Ще тръгнем на север от площада и ще прекосим двата основни моста..."
"155_guards_bridge_7","После ще поемем на запад. Това би трябвало да ни отведе до моста към езерото... ако не е превзет."
"155_guards_bridge_8","Звучи като план..."
"155_guards_bridge_9","Чакай... това може да е и моят шанс да се отплатя на Агата."
"155_guards_bridge_ask","Все още на кокили"
"155_guards_bridge_retirement_1","Напускане на службата."
"155_guards_bridge_retirement_10","Е, и? Всеки си има недостатъци."
"155_guards_bridge_retirement_11","Трябва ми само подходяща броня, която да закача на стената... и тогава ще се пенсионирам."
"155_guards_bridge_retirement_12","Това мога да осигуря."
"155_guards_bridge_retirement_13","И може би комплект за хората ми..."
"155_guards_bridge_retirement_14","За да знам, че ще са защитени, когато се оттегля."
"155_guards_bridge_retirement_15","Това звучи изпълнимо."
"155_guards_bridge_retirement_2","Наистина ли планираш да се оттеглиш?"
"155_guards_bridge_retirement_3","Защо не? Нещата най-после са стабилни."
"155_guards_bridge_retirement_4","А трябва да прекарвам повече време с Агата... това я успокоява."
"155_guards_bridge_retirement_5","Прав си. Тя крещи по-малко на хората."
"155_guards_bridge_retirement_6","Точно така. А войниците ти са по-силни от всякога."
"155_guards_bridge_retirement_7","В склада има нов интендант, който замества Джак."
"155_guards_bridge_retirement_8","Упорит е и не обича да говори. Ще стигне далеч... а и би бил чудесен заместник за мен."
"155_guards_bridge_retirement_9","Но е Овен."
"156_base_pieces_1","Значи... легендарният магически портал е почти готов."
"156_base_pieces_10","Добре... намира се в добре укрепена и строго охранявана база на инквизиторите."
"156_base_pieces_11","Един от инквизиторите имаше доста красива жена, затова по време на последната си работа ги наглеждах."
"156_base_pieces_12","Чакай... базата на хълма западно от града ли?"
"156_base_pieces_13","Може би. Виждам мястото, но нямам карта."
"156_base_pieces_14","И още ли е охранявана? Кога я провери за последно?"
"156_base_pieces_15","Преди известно време... но съм почти сигурен... Чакай... къде отидоха всички инквизитори?"
"156_base_pieces_16","Сега виждам само едно забавно магаре, което пие с... говорещ череп."
"156_base_pieces_17","Тогава това определено е моята база. Къде е фрагментът?"
"156_base_pieces_18","Просто лежи сред отломките."
"156_base_pieces_19","Е, това звучи изненадващо лесно."
"156_base_pieces_2","Да. Още два фрагмента и това нещо най-после би трябвало да заработи."
"156_base_pieces_3","Само ми кажи, когато поставяш последното парче."
"156_base_pieces_4","Предпочитам да стоя на много голямо разстояние от всякакви драматични активирания на портала."
"156_base_pieces_5","Разумно е... ха-ха."
"156_base_pieces_6","Огледалце, огледалце... покажи ми шестия фрагмент от портала."
"156_base_pieces_7","Да видим... шестият..."
"156_base_pieces_8","О, боже... този няма да е лесен. Особено за двама съмнителни типове с магическо огледало."
"156_base_pieces_9","Просто му кажи! Той ще го вземе на всяка цена."
"156_base_pieces_base_1","Разбрах."
"156_base_pieces_base_10","Хмм... само че си облечен различно. А другият череп изглежда по-добре."
"156_base_pieces_base_11","Моля? Другият говорещ череп ли?"
"156_base_pieces_base_12","А, да, а ето я и нея — съпругата на Гробаря. Каза ми да я наричам Кралицата."
"156_base_pieces_base_13","Къде са?"
"156_base_pieces_base_14","В тронната зала на Кралския дворец. Последният фрагмент е там."
"156_base_pieces_base_15","Това е лоша новина. Дворецът е в центъра на заразената зона."
"156_base_pieces_base_16","Но имам и добра новина."
"156_base_pieces_base_17","Каква е добрата новина?"
"156_base_pieces_base_18","Току-що спечелих бас срещу Другаря Магаре. Казах, че накрая ще трябва да се срещнем с другото ти аз."
"156_base_pieces_base_19","Трябва ми само фрагментът, не да се срещам със себе си."
"156_base_pieces_base_2","Това последният фрагмент ли е?"
"156_base_pieces_base_20","Няма да казваме на магарето за тази част."
"156_base_pieces_base_21","Има някой, който знае пътя до Двореца."
"156_base_pieces_base_22","Кой?"
"156_base_pieces_base_23","Дейви Камата. Той знае всички тайни пътища. Говори с него."
"156_base_pieces_base_3","Не, още ми трябва един."
"156_base_pieces_base_4","Това е добре. Нали знаеш — като твой приятел и спътник очаквам и едно желание за себе си."
"156_base_pieces_base_5","Разбира се, Лари. Почти стигнахме."
"156_base_pieces_base_6","Веднага ще попитам къде е последният фрагмент."
"156_base_pieces_base_7","Огледалце, огледалце... разкрий последния фрагмент от портала."
"156_base_pieces_base_8","Хей... подиграваш ли ми се? Стоиш точно до него с онзи говорещ череп."
"156_base_pieces_base_9","Не... това не може да е последният. Или тук има още един?"
"156_base_pieces_sixth","Още части от портала"
"157_base_palace_1","Относно Двореца..."
"157_base_palace_10","Трябва ми безопасен път до тронната зала на Кралския дворец."
"157_base_palace_11","Еха, това е опасно... Обирът на двореца ще бъде венецът на кариерата ми!"
"157_base_palace_12","Виждаш ли? Знаех си, че ще ти дойде в повече."
"157_base_palace_13","Чакай малко! За правилната цена всичко е възможно."
"157_base_palace_14","Кълна се, че ще намеря този път. С радост бих пожертвал всеки един от мародерите си, за да го открия."
"157_base_palace_15","А когато ги няма, ще наема и обуча нови!"
"157_base_palace_16","Това е духът. Възхищавам се на отдадеността ти, Дейви."
"157_base_palace_2","Няма кого другиго да попитам освен теб."
"157_base_palace_3","Слушам те."
"157_base_palace_4","Макар че... може би тази задача е прекалено трудна за теб."
"157_base_palace_5","Просто карай по същество."
"157_base_palace_6","Вероятно е прекалено опасно..."
"157_base_palace_7","Нищо не е прекалено опасно за Дейви Камата."
"157_base_palace_8","Не съм толкова сигурен..."
"157_base_palace_9","О, по дяволите, кажи вече какво искаш."
"157_base_palace_ask","Дворцова политика"
"157_base_palace_more_1","Гробарю! Това беше работа, с която човек може да се похвали."
"157_base_palace_more_10","Някъде в тази стена би трябвало да има скрита врата."
"157_base_palace_more_11","Но дори с всичките ти сили и ресурси... това може да се окаже прекалено много."
"157_base_palace_more_12","Благодаря, Дейви. Ще измисля нещо."
"157_base_palace_more_13","Чу ли това, Лари? Какво да правя?"
"157_base_palace_more_14","Изглежда, че се подготвяме за последната битка."
"157_base_palace_more_15","Време е приятелите ти наистина да се докажат като приятели в нужда."
"157_base_palace_more_16","Ще бъдеш ли по-конкретен?"
"157_base_palace_more_17","Помоли приятелите си за помощ."
"157_base_palace_more_18","Вече ги моля да помогнат с активирането на портала."
"157_base_palace_more_19","Чудесно. Тогава още една малка услуга не би трябвало да е проблем."
"157_base_palace_more_2","Значи си намерил безопасен маршрут?"
"157_base_palace_more_3","Е... не точно безопасен. Все пак ще трябва да си пробиеш път с бой."
"157_base_palace_more_4","С това вече съм свикнал."
"157_base_palace_more_5","Не разбираш. Тази битка ще бъде огромна."
"157_base_palace_more_6","Ще влезеш през канализацията и ще излезеш на площада край двореца."
"157_base_palace_more_7","Там ще трябва да се сражаваш с всички зомбита в района и да ги държиш заети."
"157_base_palace_more_8","Ако успееш да ги задържиш там, пътят към двореца би трябвало да остане свободен."
"157_base_palace_more_9","Виж тук... донесох карта, за да ти го обясня."
"157_base_palace_pay_1","Плати сумата."
"157_base_palace_pay_2","Дай ми ден-два. Ще дойда у вас, когато имам новини."
"157_base_palace_pay_3","Еха... това е добро обслужване, Дейви."
"157_base_palace_pay_4","Добре е, нали? Само за най-добрите ни клиенти."
"157_base_palace_pay_5","Гюнтер дори предложи всяко пето обиране да е безплатно."
"157_base_palace_pay_6","Да, звучи като нещо, което Гюнтер би измислил."
"158_astrologer_palace_help","Лакомия и гордост"
"158_astrologer_palace_help_1","Имам нужда от помощта ви"
"158_astrologer_palace_help_10","Но всеки момент нещата могат да станат много по-зле."
"158_astrologer_palace_help_11","Трябва да възстановим баланса в света."
"158_astrologer_palace_help_12","На мен ми изглежда доста балансиран."
"158_astrologer_palace_help_13","Е, една фея и древна богиня на природата не биха излъгали!"
"158_astrologer_palace_help_14","Нали?"
"158_astrologer_palace_help_15","Кой знае какво биха направили или не биха направили древните богове."
"158_astrologer_palace_help_16","Може би... но ако ми помогнете, всички можем да поискаме желание от магическия портал."
"158_astrologer_palace_help_17","Трябваше да започнеш с това. Какво трябва да направим?"
"158_astrologer_palace_help_18","Просто трябва да застанете до мен, когато поставям последния фрагмент на портала."
"158_astrologer_palace_help_19","Това не е проблем, нали, Джак?"
"158_astrologer_palace_help_2","Приятели... трябва да ви попитам нещо важно."
"158_astrologer_palace_help_20","Но последният фрагмент е в Двореца... и ще трябва да си пробия път дотам с бой."
"158_astrologer_palace_help_21","Дори с фабриката и всичките ми ресурси ще имам нужда от всяка помощ, която мога да получа."
"158_astrologer_palace_help_22","Няма проблем, Гюнтер. Порталът е точно зад стената. Ще сме там, когато му дойде времето."
"158_astrologer_palace_help_23","А може би имам нещо, което ще ти помогне да вземеш последния фрагмент."
"158_astrologer_palace_help_24","Свитък?"
"158_astrologer_palace_help_25","Това е чертеж за автоматична система с лъкове. Никога не съм имал достатъчно ресурси, за да направя прототип."
"158_astrologer_palace_help_26","Но бас държа, че ти можеш да направиш много такива."
"158_astrologer_palace_help_27","Благодаря, приятели."
"158_astrologer_palace_help_3","Преминахме през много неща заедно. Построихме много неща..."
"158_astrologer_palace_help_4","Но всичко това може да се окаже напразно, ако не ми помогнете да спася света."
"158_astrologer_palace_help_5","Какво се случва със света, приятелю?"
"158_astrologer_palace_help_6","Ами... зомбита заливат града, дните от седмицата си разменят местата..."
"158_astrologer_palace_help_7","Мислех, че сме постигнали удобен баланс със зомбитата."
"158_astrologer_palace_help_8","А странният календар? Това са просто забавни картинки. Вече свикнах с него."
"158_astrologer_palace_help_9","Да, да... знам. И аз свикнах с него..."
"158_astrologer_palace_press_1","Малка печатна преса"
"158_astrologer_palace_press_2","Направих я лесна за използване, Гюнтер."
"158_astrologer_palace_press_3","Не се тревожи. Джак ще ми помогне да се оправя с нея."
"158_astrologer_palace_press_4","Първото нещо, което ще отпечатам, е новината, че най-после имам печатна преса!"
"158_astrologer_palace_prothesis_1","Протезна ръка"
"158_astrologer_palace_prothesis_2","Ето това е точно протезата, от която имах нужда!"
"158_astrologer_palace_prothesis_3","Радвам се, че успях да помогна с проекта ти."
"159_crossroad_palace_device_1","Пишещо устройство"
"159_crossroad_palace_device_2","Изпробвах го и, изненадващо — работи!"
"159_crossroad_palace_device_3","Това е, защото си добър човек... любимият на боговете Гробар."
"159_crossroad_palace_help","Гняв и леност"
"159_crossroad_palace_help_1","Имам нужда от помощта ви"
"159_crossroad_palace_help_10","Не, говоря сериозно. Трябва да завърша магическия портал, да спра зомбитата и да помогна на Древния бог."
"159_crossroad_palace_help_11","Как не те е срам... това звучи като стари вярвания и суеверия."
"159_crossroad_palace_help_12","Знаеш ли, Агата... Гробарят спечели доверието ми."
"159_crossroad_palace_help_13","Лесно ще видите, че всичко е истина... а ако ми помогнете, всеки от вас може да поиска желание от портала."
"159_crossroad_palace_help_14","Вече имаме всичко необходимо... но Хърбърт е прав. Спечели доверието ни. Ще ти помогнем."
"159_crossroad_palace_help_15","Какво трябва да направим?"
"159_crossroad_palace_help_16","Застанете до мен, когато събера всички фрагменти от портала."
"159_crossroad_palace_help_17","Ще ги сглобя в къщата на Астролога край пристанището."
"159_crossroad_palace_help_18","Не харесвам особено този тип... но ще сме там."
"159_crossroad_palace_help_19","Благодаря ви. Проблемът е, че последният фрагмент е в Двореца... и ще трябва да си пробия път с бой."
"159_crossroad_palace_help_2","Знам, че най-после си намерил малко покой."
"159_crossroad_palace_help_20","С цялата вяра и всички благословии на света... плюс армията ми... пак ще имам нужда от помощта ви, за да успея."
"159_crossroad_palace_help_21","Но какво може да направи една стара монахиня?"
"159_crossroad_palace_help_22","Хмм... бас държа, че старият началник на стражата може да направи нещо."
"159_crossroad_palace_help_23","Ще говоря с интенданта. Бас държа, че може да намери малко място за защитното ти оборудване."
"159_crossroad_palace_help_24","А наемниците ми дължат услуга... Можеш да ги използваш в тази битка."
"159_crossroad_palace_help_25","Единственото, което мога да ти дам, е благословията ми, Гробарю."
"159_crossroad_palace_help_26","Благодаря... това означава много."
"159_crossroad_palace_help_3","Вече си водил достатъчно битки през живота си."
"159_crossroad_palace_help_4","Но всичко това може да се окаже безсмислено, ако не ми помогнеш да спася света."
"159_crossroad_palace_help_5","Знам, че молитвите ми не са достатъчни... ще трябва да науча Хърбърт как да се моли правилно!"
"159_crossroad_palace_help_6","Молитвите може да помогнат... но това е нещо много по-голямо. Самите основи на света са в опасност."
"159_crossroad_palace_help_7","А аз съм единственият, който може да го спаси... с ваша помощ, разбира се."
"159_crossroad_palace_help_8","О, разбирам какво става. Той репетира драматичната част от трилогията си."
"159_crossroad_palace_help_9","Трябва да призная, че не е зле. Много героичен тон."
"159_crossroad_palace_trilogy_1","Трилогия"
"159_crossroad_palace_trilogy_2","Еха, изглеждат невероятно. Бас държа, че са много вълнуващи."
"159_crossroad_palace_trilogy_3","Прав си, Хърбърт... великите книги винаги имат страхотни корици."
"16_foreman_letter_foreman_1","Прочети писмото."
"16_foreman_letter_foreman_10","Нещо друго, миличък?"
"16_foreman_letter_foreman_11","Да... още едно... за моя приятел."
"16_foreman_letter_foreman_12","И едно от моя приятел..."
"16_foreman_letter_foreman_13","Колко мило от твоя страна."
"16_foreman_letter_foreman_14","Ще се върна след минутка..."
"16_foreman_letter_foreman_15","Къде бях... А, да, срещнах един невероятно гениален учен."
"16_foreman_letter_foreman_16","Той разпозна необикновените ми умения!"
"16_foreman_letter_foreman_17","И, колкото и странно да е, сякаш знаеше доста за някого..."
"16_foreman_letter_foreman_18","Който много прилича на теб... Много странно..."
"16_foreman_letter_foreman_19","Той също ми даде рецепта за камбана."
"16_foreman_letter_foreman_2","Скъпи мой приятелю,"
"16_foreman_letter_foreman_20","Вътре има инструкции как да я построиш и използваш."
"16_foreman_letter_foreman_22","Тя би трябвало да ти помогне да отблъснеш зомбитата и да прочистиш района на пристанището."
"16_foreman_letter_foreman_22_1","И как точно се очаква да работи това нещо?"
"16_foreman_letter_foreman_22_2","Звукът на такава камбана е като заповед към зомбитата да се оттеглят и да се върнат в центъра на града."
"16_foreman_letter_foreman_22_3","О! Като когато се оттеглят сутринта на <sprite name=""day_sloth"">, щом камбаната удари."
"16_foreman_letter_foreman_22_4","Тази е като онази, само че по-малка."
"16_foreman_letter_foreman_22_5","Значи не е просто обикновена камбана... Трябва да е магическа."
"16_foreman_letter_foreman_23","П.П. Тук няма материали. Складът е в частта на пристанището, завладяна от зомбитата."
"16_foreman_letter_foreman_24","Ще се заемем с него, щом си върнеш пристанището."
"16_foreman_letter_foreman_25","П.П.П. Моля те, избягвай да използваш лодката, докато не си върнем склада...."
"16_foreman_letter_foreman_3","Първо трябва да ти кажа - материалите, които ми даде..."
"16_foreman_letter_foreman_4","Хей... по-тихо."
"16_foreman_letter_foreman_5","... наистина бяха с много ниско качество!"
"16_foreman_letter_foreman_6","Именно затова лодката, която построих, не е особено годна за плаване."
"16_foreman_letter_foreman_7","Затова няма да рискувам да се върна по море..."
"16_foreman_letter_foreman_8","На лодката ми ще се качи Монахинята."
"16_foreman_letter_foreman_9","Тя обеща да повдигне морала ти."
"16_foreman_letter_plan_1","Разбра ли нещо от това?"
"16_foreman_letter_plan_2","Да, лесно. Първо трябва да се срещна с Монахинята в селската кръчма."
"16_foreman_letter_plan_3","Второ, трябва да стигна до района на пристанището през града, пълен със зомбита."
"16_foreman_letter_plan_4","А камбаната?"
"16_foreman_letter_plan_5","Ами камбаната?"
"16_foreman_letter_plan_6","Това засега не е ясно, но трябва да подготвя рецептата."
"16_foreman_letter_plan_7","Когато животът ти даде рецепта за магическа камбана, вероятно скоро ще ти потрябва."
"16_foreman_letter_twins_1","Чук-чук."
"16_foreman_letter_twins_2","Влез."
"16_foreman_letter_twins_3","Здрасти..."
"16_foreman_letter_twins_4","Върнахме се от пристанището. И доведохме една Монахиня."
"16_foreman_letter_twins_5","Монахиня? Къде е Джак?"
"16_foreman_letter_twins_6","Остана на пристанището..."
"16_foreman_letter_twins_7","Но ти изпрати съобщение..."
"16_foreman_letter_twins_8","Монахинята е в кръчмата... чака те."
"16_foreman_letter_twins_9","Благодаря."
"160_linda_palace_bottles_1","Бутилки"
"160_linda_palace_bottles_2","Гробарю, станал си истински майстор. Тези бутилки са наистина елегантни."
"160_linda_palace_bottles_3","Радвам се, че отговарят на изискванията ти, Албърт."
"160_linda_palace_chocolate_1","Шоколад"
"160_linda_palace_chocolate_2","Ммм... ухае прекрасно. Нямам търпение да го опитам с Албърт."
"160_linda_palace_chocolate_3","Сигурен съм, че и на двама ви ще ви хареса."
"160_linda_palace_help","Похот и завист"
"160_linda_palace_help_1","Имам нужда от помощта ви"
"160_linda_palace_help_10","Почти съм поправил портала, но все още трябва да го активирам."
"160_linda_palace_help_11","За да работи, двамата трябва да застанете до мен."
"160_linda_palace_help_12","Не разбирам... Ще пътуваме ли някъде през него?"
"160_linda_palace_help_13","Не, магическият портал изпълнява желания... всички ще си пожелаем по едно."
"160_linda_palace_help_14","Извинявайте, но мислех, че основното предназначение на портала е да пренася."
"160_linda_palace_help_15","Доста странно е такъв предмет да изпълнява желания."
"160_linda_palace_help_16","Албърт, не бъди толкова скептичен. Можеш да поискаш от портала лек за Алекста."
"160_linda_palace_help_17","А... права си. Портал или не, ще ти помогнем."
"160_linda_palace_help_18","Но последният фрагмент е в Двореца и ще трябва да си пробия път дотам с бой."
"160_linda_palace_help_19","Дори с армия от най-добрите ми зомбита нямам достатъчно сили, за да спечеля тази битка."
"160_linda_palace_help_2","Линда, Албърт... трябва да ви попитам нещо важно."
"160_linda_palace_help_20","Не казвай повече. В хода на проучванията си попаднах на рецепта за отвара."
"160_linda_palace_help_21","Тя прави кожата на зомбитата много по-здрава. Би трябвало да ти помогне."
"160_linda_palace_help_22","Чудесна работа, Албърт. А аз имам само рецепта, която значително увеличава издръжливостта."
"160_linda_palace_help_23","Самата аз съм я приемала много пъти."
"160_linda_palace_help_24","Благодаря. Сега се чувствам много по-подготвен."
"160_linda_palace_help_3","Тъкмо когато най-после сте намерили щастието заедно, целият свят може да е в опасност."
"160_linda_palace_help_4","Светът е на ръба на изчезването..."
"160_linda_palace_help_5","О, не... знаех си, че нещата са прекалено хубави, за да са истина."
"160_linda_palace_help_6","Чу ли това, Линда? Изглежда, че краят на света идва в ужасно неподходящ момент."
"160_linda_palace_help_7","Остави го да говори, Албърт. Гробарят сигурно има план."
"160_linda_palace_help_8","Точно така. Всичко, което се случва... проблемът със зомбитата и всичко останало..."
"160_linda_palace_help_9","Всичко започна заради предишния Гробар и един магически портал."
"161_base_survey_1","Лабораторията в кулата"
"161_base_survey_1_a","За какво се е използвала тази лаборатория?"
"161_base_survey_1_b","За какво се е използвала лабораторията горе?"
"161_base_survey_10","Разбира се, на теб просто ти поднасят такива неща... Само да имах такава маса, когато бях млад и любопитен."
"161_base_survey_2","Съмнителна алхимия на инквизиторите, предполагам... кхъ-кхъ."
"161_base_survey_3","Сега не е останало много... освен онази маса в средата."
"161_base_survey_4","О... и разбира се, оставили са най-ценното оборудване."
"161_base_survey_5","Това е маса за проучване... използва се, за да научаваш неща за предметите."
"161_base_survey_6","Това знание би трябвало да обогати разбирането ти за света... кхъ-кхъ."
"161_base_survey_7","Чакай... всеки предмет може да ми даде знание?"
"161_base_survey_8","Е, в твоя случай не бих могъл да съм сигурен... но по принцип да. Може дори да покаже някои от алхимичните свойства на предмета."
"161_base_survey_9","Изглежда като много важна маса. Ще я използвам доста."
"162_village_pardon_ask","Дивей в Дивите земи"
"162_village_pardon_get_1","Получи кралско помилване"
"162_village_pardon_get_2","За да получиш кралско помилване, първо трябва да извършиш дребно престъпление."
"162_village_pardon_get_3","Е, това мога да го направя."
"162_village_pardon_get_4","Засечено е дребно престъпление... повреда на кралска собственост."
"162_village_pardon_get_5","Плати глобата, за да получиш кралско помилване."
"162_village_pardon_ink_1","Допълни мастилото."
"162_village_pardon_ink_2","Кралското помилване е предоставено."
"162_village_pardon_pay_1","Плати глобата"
"162_village_pardon_pay_2","Глобата е платена. Благодарим за съдействието."
"162_village_pardon_pay_3","Кралската пощенска кутия е останала без черно мастило."
"163_village_fish_1","Дай рибата."
"163_village_fish_2","Тези риби изглеждат вкусни."
"163_village_fish_3","Честно казано, на мен ми изглеждат доста неапетитни."
"163_village_fish_4","Глупости... просто трябва да знаеш как да ги приготвиш!"
"163_village_fish_5","Ето... опитай тези рецепти. Може да си промениш мнението."
"163_village_fish_rod","Тихото изкуство"
"164_base_alchemy_chest_1","Ха-ха... хайде, погледни. Бас държа, че е точно това, от което имаш нужда."
"164_base_alchemy_insanity_1","Няма как да не забележа онази малка искра на лудост в очите ти."
"164_base_alchemy_insanity_2","Така ли мислиш? Все пак си говорещ череп... изобщо истински ли си?"
"164_base_alchemy_insanity_3","О, чудесно... започва се."
"164_base_alchemy_insanity_4","Просто казвам, че трябва да намериш начин да се отпускаш... хапни нещо хубаво, пий малко вино."
"164_base_alchemy_insanity_5","Хех... може и да си прав, Лари... харесва ми този нов живот..."
"164_base_alchemy_insanity_6","Просто... понякога това, което трябва да правя, ми се струва малко прекалено странно."
"164_base_alchemy_intro_1","Забавно е как рецептата за праха се оказа най-лесната."
"164_base_alchemy_intro_2","Да... само че нямам представа откъде да взема тези съставки."
"164_base_alchemy_intro_3","Хмм... виждаш ли онзи сандък там? Може би вече има всичко, от което имаш нужда."
"164_base_alchemy_intro_4","Да, разбира се... защото животът винаги е толкова удобен."
"164_base_alchemy_intro_5","Ще се изненадаш... Понякога е — особено за отчаяни Гробари."
"165_base_donkey1_1","Е, виждам, че доста добре помагаш на Града."
"165_base_donkey1_10","Да, да... аз съм просто едно смирено магаре, което се опитва да си изкара моркова."
"165_base_donkey1_2","Да, да... на тези хора им трябва някой, който да се грижи за тях."
"165_base_donkey1_3","И естествено, този някой си ти."
"165_base_donkey1_4","Приятно е да усещаш, че си нужен... нали?"
"165_base_donkey1_5","Да, да... но наистина ли им е нужна помощта ти?"
"165_base_donkey1_6","Мисля, че да."
"165_base_donkey1_7","Не съм толкова сигурен... тези капиталистически гадове си получиха заслуженото."
"165_base_donkey1_8","Направиха всичко възможно, за да потопят града в хаос."
"165_base_donkey1_9","Хей, мислех, че си загърбил всичко това."
"166_base_donkey2_1","Три моркова на ден, другарю Магаре, едно, две — добре!"
"166_base_donkey2_10","Моля?"
"166_base_donkey2_11","Те не произвеждат нищо. Градът е пълен с търговци и магазини... само купуване и продаване."
"166_base_donkey2_12","Но разбирам... колкото по-лоши са хората — толкова по-добри са труповете!"
"166_base_donkey2_13","Хм... предполагам, че и така може да се погледне на нещата."
"166_base_donkey2_14","Не се тревожи за това. Всички се справяме отлично."
"166_base_donkey2_2","Ла-ла-ла..."
"166_base_donkey2_3","Радвам се да те видя в такова добро настроение."
"166_base_donkey2_4","Знаеш ли, Лари не е чак толкова зле... не е като последния череп, но все пак."
"166_base_donkey2_5","Научих го да пие. Ха-ха..."
"166_base_donkey2_6","И изкарахме акъла на Монахинята..."
"166_base_donkey2_7","Лари ме яздеше, а ние пеехме песни... ха-ха."
"166_base_donkey2_8","Предполагам, че е хубаво да се забавляваш. Разбира се, стига това да не пречи на работата ти."
"166_base_donkey2_9","Хей... кой прави бирата, която пием? Кой разглезва града?"
"167_base_donkey3_1","Как върви денят, кмете?"
"167_base_donkey3_10","Винаги говориш със загадки."
"167_base_donkey3_11","Както и да е, прекрасен ден е за едно магаре да работи за монопола ти."
"167_base_donkey3_2","Аз? Просто съм скромен Гробар."
"167_base_donkey3_3","Да... който случайно притежава града."
"167_base_donkey3_4","Без теб това място щеше да се разпадне."
"167_base_donkey3_5","Драматизираш... Те си имат кмет и... други важни хора."
"167_base_donkey3_6","Ха-ха... все пак тъмна шапка и червено око ще ти стоят чудесно."
"167_base_donkey3_7","За какво говориш?"
"167_base_donkey3_8","Имало едно време един тип, който вършел всичко за тези хора."
"167_base_donkey3_9","Не свърши добре... ха-ха."
"17_village_nun_leaving_1","Моооооля те..."
"17_village_nun_leaving_2","Ти каза ли нещо?"
"17_village_nun_leaving_3","Кой? Аз ли?"
"17_village_nun_leaving_4","Неееее..."
"17_village_nun_meeting_1","Здравейте, аз съм местният Гробар. Чух, че ме търсите."
"17_village_nun_meeting_10","Ето... вземи тази книга: „Значи реши да украсиш църквата.“"
"17_village_nun_meeting_11","Класика."
"17_village_nun_meeting_12","Благодаря... предполагам."
"17_village_nun_meeting_13","А сега върви! Украси църквата, за да мога да извърша церемония!"
"17_village_nun_meeting_14","Ще идвам всеки <sprite name=""day_wrath"">, за да проверявам напредъка ти."
"17_village_nun_meeting_15","Щом всичко е готово, сама ще извърша първата церемония."
"17_village_nun_meeting_16","Опитай да се измъкнеш."
"17_village_nun_meeting_17","И защо точно трябва да ти помагам и да привеждам църквата в ред?"
"17_village_nun_meeting_18","Не говори глупости! Вяра!"
"17_village_nun_meeting_19","Вяра?"
"17_village_nun_meeting_2","Чух, че сте и инквизитор. Вярно ли е?"
"17_village_nun_meeting_20","Определено ще ти трябва много."
"17_village_nun_meeting_21","Повярвай ми... монахиня съм!"
"17_village_nun_meeting_22","Нека свети знамения те споходят..."
"17_village_nun_meeting_23","... Добре."
"17_village_nun_meeting_3","Да... Да, такъв съм. Имам медальон и всичко останало."
"17_village_nun_meeting_4","Чудесно! Най-сетне някой, който може да изгори всички онези еретици!"
"17_village_nun_meeting_5","Чудееесно..."
"17_village_nun_meeting_6","Успя ли да поправиш стария храм за мен?"
"17_village_nun_meeting_7","Успокой Монахинята..."
"17_village_nun_meeting_8","Ъъ... още съм по средата на процеса..."
"17_village_nun_meeting_9","Не ме лъжи! Нищо не разбираш от храмове!"
"17_village_nun_tavern","Боже мили!"
"17_village_nun_tavern_1","А, най-сетне..."
"17_village_nun_tavern_2","Дошъл съм да говоря с Монахинята."
"17_village_nun_tavern_3","Можеш ли да побързаш и да направиш каквото поиска?"
"17_village_nun_tavern_4","Колкото по-скоро я изкараме от кръчмата, толкова по-добре."
"17_village_nun_tavern_5","Искам да кажа... тя гони всичките ми клиенти!"
"17_village_nun_tavern_6","Ще видя какво мога да направя..."
"18_base_doctor_encounter","Подземия и... това е, май."
"18_doctor_after_all_1","Знаеш ли какво?"
"18_doctor_after_all_2","Какво?"
"18_doctor_after_all_3","Май ми харесва тук долу!"
"18_doctor_after_all_4","Май свикнах с тъмните подземни места..."
"18_doctor_after_all_5","Да, доста добре се сливаш с обстановката."
"18_doctor_after_all_6","Освен това носът ме сърби... точно като първия път, когато те доведоха в подземието!"
"18_doctor_after_all_7","Определено трябва да премахнем това препятствие и да изследваме по-надълбоко."
"18_doctor_after_all_8","И под „ние“ имам предвид предимно теб!"
"18_doctor_after_all_9","Аз ще те чакам горе, докато ти... оправяш кашата."
"18_doctor_basement_first_1","Еха, наше собствено подземие! Колко яко е това?!"
"18_doctor_basement_first_2","Знаеш ли... имам лоши спомени от подземията."
"18_doctor_basement_first_3","Не, не... слушай..."
"18_doctor_basement_first_4","Мисля, че всъщност е доста голямо. Може дори да свързва различни места под земята."
"18_doctor_basement_first_5","Може дори да е свързано с канализацията на града."
"18_doctor_basement_first_6","Можеш ли да си представиш колко интересни неща може да са скрити в подземието на базата на един загадъчен инквизитор?"
"18_doctor_basement_first_7","Хм... може би си прав. Това мазе може да се окаже полезно."
"18_doctor_basement_first_8","Трябва да го изследваме."
"18_doctor_encounter_first_1","*кхъ-кхъ*"
"18_doctor_encounter_first_10","Страхувам се, че никога няма да се освободя от това тежко бреме."
"18_doctor_encounter_first_2","Никога няма да намеря начин да вляза в кулата..."
"18_doctor_encounter_first_3","Хей! Ти кой си?"
"18_doctor_encounter_first_4","*кхъ-кхъ*"
"18_doctor_encounter_first_5","Мислех, че вие, селяните, се страхувате от подземията."
"18_doctor_encounter_first_6","Не съм селянин. Аз съм Гробарят..."
"18_doctor_encounter_first_7","... и инквизитор на половин работен ден!"
"18_doctor_encounter_first_8","И всъщност това е моето подземие!"
"18_doctor_encounter_first_9","Както и да е... браво на теб..."
"18_doctor_guessing_correctly_1","Кой беше този, по дяволите?!"
"18_doctor_guessing_correctly_2","Не знам със сигурност..."
"18_doctor_guessing_correctly_3","Но предполагам - Чумният лекар."
"18_doctor_guessing_correctly_4","А аз имам работа с него."
"19_base_ceremony_church_1","Подготви се както намериш за добре!"
"19_base_ceremony_church_2","Чувствай се свободно, сякаш изобщо не съм тук..."
"19_base_ceremony_church_3","Но да знаеш, че все още те наблюдавам!"
"19_base_ceremony_church_4","Да започна ли..."
"19_base_ceremony_church_5","Дай ми знак..."
"19_base_ceremony_next_1","Това беше... зле..."
"19_base_ceremony_next_10","Добре."
"19_base_ceremony_next_2","Предупредих те."
"19_base_ceremony_next_3","Все пак е по-добре от нищо."
"19_base_ceremony_next_4","Трябва да стигнеш до хората на пристанището."
"19_base_ceremony_next_5","Свържи се с тях... направи ги щастливи... и церемониите ти ще..."
"19_base_ceremony_next_6","Лесно е да се каже."
"19_base_ceremony_next_7","Ще бъда на кръстопътя край градската стена и ще чакам новото си пророчество."
"19_base_ceremony_next_8","Ще трябва да ме снабдяваш с пособия за писане и хартия!"
"19_base_ceremony_next_9","Ще трябва да запиша всичките си свети преживявания."
"19_base_ceremony_ready_1","Всичко е готово."
"19_base_ceremony_ready_10","Не мога... ще трябва да се справиш. Ти си инквизитор, нали?"
"19_base_ceremony_ready_11","Да..."
"19_base_ceremony_ready_12","Това на практика е почти като да си свещеник. Освен това местните ти имат повече доверие!"
"19_base_ceremony_ready_13","Това е много важно. На места като това превръщаме доверието направо във вяра... и пари!"
"19_base_ceremony_ready_14","Но никога не съм правил нещо подобно..."
"19_base_ceremony_ready_15","Просто кажи няколко думи. Атмосферата на мястото ще свърши цялата работа!"
"19_base_ceremony_ready_16","Между другото... Инквизицията снабди ли те с разрешително за церемонии?"
"19_base_ceremony_ready_17","Ъъ, не точно..."
"19_base_ceremony_ready_18","Как, по дяволите?! Добре, нека се успокоим... Днес ще остана тук."
"19_base_ceremony_ready_19","Но следващия път дори не си помисляй да проповядваш без разрешително!"
"19_base_ceremony_ready_2","Добре. Едва става... но..."
"19_base_ceremony_ready_20","Обещавам."
"19_base_ceremony_ready_21","Добре, заеми мястото си."
"19_base_ceremony_ready_3","Видя ли това?"
"19_base_ceremony_ready_4","Какво?"
"19_base_ceremony_ready_5","Възможно ли е да е било..."
"19_base_ceremony_ready_6","Определено беше. Свято знамение, и то не първото."
"19_base_ceremony_ready_7","Кой съм аз, че да не се подчиня..."
"19_base_ceremony_ready_8","Трябва да побързам към кръстопътя! Там ми е мястото."
"19_base_ceremony_ready_9","Ами церемонията?"
"1999_dev_firewood_shed","Тестова зона за навес за дърва"
"1h_marble","Мрамор"
"1h_stone","Камък"
"2_intro_scout_bridge_1","А сега какво? Мостът е блокиран."
"2_intro_scout_bridge_2","И се стъмва."
"2_intro_scout_bridge_3","Да се скрием в онази сграда с огромната врата."
"2_intro_scout_cross_the_corner_1","Това място изглежда отдавна изоставено, Лари..."
"2_intro_scout_cross_the_corner_2","Между другото, така и не успях да те попитам как се казваш."
"2_intro_scout_cross_the_corner_3","Не съм сигурен... всичките ми спомени се усещат като лоши сънища."
"2_intro_scout_cross_the_corner_4","Феята ме нарече Гробар."
"2_intro_scout_cross_the_corner_5","Добро име... харесва ми."
"2_intro_scout_cross_the_corner_6","Добре, Гробарю... да вървим."
"2_intro_scout_inside_1","Еха, това е доста приятно място."
"2_intro_scout_inside_2","Да. Има дори легло и малко сирене."
"2_intro_scout_inside_3","Сигурно е хубаво сирене, щом го ядат и в леглото."
"2_intro_scout_inside_4","Да запалим огън. Вече има дупка на покрива за дима."
"2_intro_scout_inside_5","Не, не, по-добре да не се набиваме на очи, поне докато не научим повече."
"2_intro_scout_inside_6","Изяж си сиренето и си легни. Аз ще пазя."
"2_intro_scout_inside_7","Можеш да се довериш на приятеля си череп. Хе-хе."
"2_intro_scout_inside_8","Само се надявам, докато спя, през тази дупка да не падне нещо върху мен."
"2_intro_scout_inside_9","Това е добро място - а и наистина трябва да си почина."
"2_intro_scout_living_area_1","Всичко е толкова... запустяло..."
"2_intro_scout_living_area_2","Накъде изобщо да вървим?"
"2_intro_scout_living_area_3","По-добре да не следваме тази улица... портата води към двореца."
"2_intro_scout_living_area_4","А знаеш какво означава дворецът, нали?"
"2_intro_scout_living_area_5","Какво?"
"2_intro_scout_living_area_6","Стражи, приятелю..."
"2_intro_scout_living_area_7","Прав си... искаме да избегнем стражите..."
"2_intro_scout_living_area_8","Лари е прав, трябва да тръгнем в другата посока."
"2_intro_scout_new_zone_1","Най-лесно е да останеш незабелязан, като се слееш с тълпата..."
"2_intro_scout_new_zone_2","Къде е градът?"
"2_intro_scout_new_zone_3","В него сме... Е, вътре в стените му."
"2_intro_scout_new_zone_4","Просто трябва да слезем от Коронния хълм..."
"2_intro_scout_new_zone_5","Ще имаш ли нещо против да те сложа в чантата си?"
"2_intro_scout_new_zone_6","Малко е унизително... но си прав. Подскачащ череп може да привлече нежелано внимание... хе-хе..."
"2_intro_scout_road_baricade_1","Хм... Изглежда са се защитавали от нещо..."
"2_intro_scout_road_baricade_2","Може би... макар че сега всичко изглежда достатъчно безопасно."
"2_intro_scout_road_baricade_3","Та..."
"2_intro_scout_road_baricade_4","Та какво?"
"2_intro_scout_road_baricade_5","Та грабвай брадва... Разчисти пътя."
"2_intro_scout_road_baricade_6","Добре, глупава барикадо. Играта започва!"
"2_intro_scout_road_baricade_7","Радвам се да видя как победи такъв страховит противник."
"2_intro_scout_sewers_1","Как изобщо стигна до тази част на града?"
"2_intro_scout_sewers_10","Движи се!"
"2_intro_scout_sewers_2","Ами... просто се скитах насам-натам, нали знаеш..."
"2_intro_scout_sewers_3","Просто така?"
"2_intro_scout_sewers_4","Човек, който спи в най-опасната част на града..."
"2_intro_scout_sewers_5","Ти си интересен тип, знаеш ли. Как се казваш?"
"2_intro_scout_sewers_6","Ъм, Гробар е... Можеш да ме наричаш Гробар."
"2_intro_scout_sewers_7","Както и да е, трябва да побързаме за последната част."
"2_intro_scout_sewers_8","Внимавай зомбитата да не те хванат."
"2_intro_scout_sewers_9","Кои?"
"2_intro_scout_squer_1","Какво се е случило тук...? Къде са всички?"
"2_intro_scout_squer_2","Нямам представа... мястото не изглежда така, както го помня."
"2_intro_scout_squer_3","Феята ми каза, че съм съсипал всичко..."
"2_intro_scout_squer_4","Не се тревожи... Изглежда нещата са тръгнали на зле, докато си се люлял в оковите."
"2_intro_scout_squer_5","Така е..."
"2_intro_scout_squer_6","Както и да е, трябва да намерим някое тихо и безопасно място, където да се снишим."
"2_intro_scout_squer_7","Тук е тихо... но определено не се чувства безопасно."
"2_intro_scout_squer_8","Съгласен съм... да продължаваме."
"2_intro_scout_wake_up_1","Събуди се..."
"2_intro_scout_wake_up_10","Навън има нещо лошо."
"2_intro_scout_wake_up_11","Трябва да събориш нужника! Бързо!"
"2_intro_scout_wake_up_12","Бързо, към канализацията!"
"2_intro_scout_wake_up_2","Чуваш ли тази камбана?"
"2_intro_scout_wake_up_3","Да... доста мрачно."
"2_intro_scout_wake_up_3_1","Шшт! Чуваш ли това?"
"2_intro_scout_wake_up_3_2","Някой е на покрива!"
"2_intro_scout_wake_up_4","Прокл..."
"2_intro_scout_wake_up_5","Добре ли си?!"
"2_intro_scout_wake_up_6","Кои са... Няма значение - бягай!"
"2_intro_scout_wake_up_7","Чакай, какво става?!"
"2_intro_scout_wake_up_8","Няма време за обяснения!"
"2_intro_scout_wake_up_9","Следвай ме, ако искаш да живееш!"
"2_intro_scout_zombie_baricade_1","Хей, там има някакъв човек."
"2_intro_scout_zombie_baricade_10","Разбра ли нещо от това, което каза, Лари?"
"2_intro_scout_zombie_baricade_11","Не съм сигурен. Може да е казал да тръгнем наляво и после надолу."
"2_intro_scout_zombie_baricade_12","Или може да е било нещо за майка ти. Хе-хе..."
"2_intro_scout_zombie_baricade_13","Как може да е толкова невъзпитан?!"
"2_intro_scout_zombie_baricade_2","Да се приближим."
"2_intro_scout_zombie_baricade_3","Не мога да мина покрай тази барикада."
"2_intro_scout_zombie_baricade_4","Хей, господине!"
"2_intro_scout_zombie_baricade_5","Хей!"
"2_intro_scout_zombie_baricade_6","Ъъррррррррр"
"2_intro_scout_zombie_baricade_7","Какво?"
"2_intro_scout_zombie_baricade_8","Ъъррррррррр"
"2_intro_scout_zombie_baricade_9","Помоли Лари за помощ."
"20_doctor_meeting_after_1","Чук-чук!"
"20_doctor_meeting_after_2","Има ли напредък?"
"20_doctor_meeting_after_3","Прах от сънища."
"20_doctor_meeting_door_1","*кхъ-кхъ*"
"20_doctor_meeting_door_2","Виждаш ли? Той е!"
"20_doctor_meeting_door_3","Носиш ли си меча? Да го нападнем!"
"20_doctor_meeting_door_4","Първо - да. Второ - не. Ще бъдем учтиви."
"20_doctor_meeting_door_knocking_1","Чук-чук!"
"20_doctor_meeting_door_knocking_2","Кой е?"
"20_doctor_meeting_door_knocking_3","ОТВОРИ..."
"20_doctor_meeting_door_knocking_4","Бъди учтив!"
"20_doctor_meeting_door_knocking_5","Извинявай, че те безпокоя, но сме нещо като... съседи."
"20_doctor_meeting_door_knocking_6","Затова реших да се представя."
"20_doctor_meeting_door_knocking_7","Хей, някой знае ли как се прави facepalm без ръце?"
"20_doctor_meeting_door_open_1","Изглежда някой не се страхува от древното зло."
"20_doctor_meeting_door_open_10","Аз съм инквизитор и сега управлявам тази база. Ти буквално живееш в мазето ми."
"20_doctor_meeting_door_open_11","Инквизитор? Как така? *кхъ-кхъ*"
"20_doctor_meeting_door_open_12","Не сте ли измрели всички?"
"20_doctor_meeting_door_open_13","Не, не сме. Имам медальон."
"20_doctor_meeting_door_open_14","Разбира се, че имаш. От години търся такъв. А ти просто си имаш един!"
"20_doctor_meeting_door_open_15","Слушай... *кхъ-кхъ*"
"20_doctor_meeting_door_open_16","Трябва да влезем в кулата... в твоята база."
"20_doctor_meeting_door_open_17","За да отвориш портата, ти трябват... медальон и тайна комбинация."
"20_doctor_meeting_door_open_18","И по стечение на обстоятелствата... аз разполагам с комбинацията."
"20_doctor_meeting_door_open_19","А аз имам медальона. Значи..."
"20_doctor_meeting_door_open_2","Болен ли си или нещо такова?"
"20_doctor_meeting_door_open_20","Но не виждам защо просто трябва да..."
"20_doctor_meeting_door_open_21","Защо?! Луд ли си? Тайна кула в база на инквизитор?!"
"20_doctor_meeting_door_open_22","..."
"20_doctor_meeting_door_open_23","Опа..."
"20_doctor_meeting_door_open_24","Вече дори не съм изненадан. Ти просто имаш всичко... База на инквизитор..."
"20_doctor_meeting_door_open_25","Як говорещ череп..."
"20_doctor_meeting_door_open_26","Благодаря..."
"20_doctor_meeting_door_open_27","Просто отвори проклетата кула и проклетия люк, за да мога да вляза..."
"20_doctor_meeting_door_open_28","Писна ми от това място..."
"20_doctor_meeting_door_open_29","Ще бъда при сандъка си."
"20_doctor_meeting_door_open_3","Не, добре съм."
"20_doctor_meeting_door_open_4","Тогава за какво ти е нужен лекар?"
"20_doctor_meeting_door_open_5","Чумен...*кхъ-кхъ*"
"20_doctor_meeting_door_open_6","Да бе, добре... Значи трябва да ми кажеш как се прави Прах от сънища!"
"20_doctor_meeting_door_open_7","Прахът от сънища... е изключително сложно вещество..."
"20_doctor_meeting_door_open_8","Но не виждам причина да ти казвам каквото и да било!"
"20_doctor_meeting_footprints_1","Хех-хех... Виждаш ли? Не беше толкова трудно."
"20_doctor_meeting_footprints_2","Виждаш ли тези стъпки?"
"20_doctor_meeting_footprints_3","Не, не виждам нищо. Сигурен ли си?"
"20_doctor_meeting_footprints_4","Разбира се! От такава височина нищо не можеш да различиш."
"20_doctor_meeting_footprints_5","Да ги проследим..."
"20_doctor_meeting_footprints_6","Онзи с дългия нос вероятно ги е оставил."
"21_base_donkey_1","Извинявай... но може да имаме проблем."
"21_base_donkey_2","Какъв проблем?"
"21_base_donkey_3","Монахинята каза, че мръсно животно като мен не може да осквернява свято място."
"21_base_donkey_4","Тя... тя каза, че ще ме прати в кланицата, щом поеме управлението."
"21_base_donkey_5","Стига... Тя изглежда като добър човек. Сигурно просто се е шегувала."
"21_base_donkey_6","Не знам... Лари явно мисли друго."
"21_base_donkey_7","Тогава може би трябва да поискаш помощ от Лари, а не от мен."
"22_doctor_tower_asking_1","Прах от сънища."
"22_doctor_tower_asking_10","Трябва да призова фея."
"22_doctor_tower_asking_11","А! Разбира се."
"22_doctor_tower_asking_12","Моля те, донеси ми праха, когато е готов..."
"22_doctor_tower_asking_13","Ще го проверя и ще ти дам няколко... предпазни съвета."
"22_doctor_tower_asking_14","Освен ако не си съгласен да призовеш нещо много по-космато от фея..."
"22_doctor_tower_asking_15","И страшно... хи-хи."
"22_doctor_tower_asking_16","Да... Все още не мога да повярвам на късмета ти..."
"22_doctor_tower_asking_17","Знаеш ли, въпреки първото впечатление, започвам да го харесвам."
"22_doctor_tower_asking_18","Само защото те нарече як череп."
"22_doctor_tower_asking_19","Прибирам се..."
"22_doctor_tower_asking_2","Знаеш ли, започвам сериозно да се съмнявам в късмета ти..."
"22_doctor_tower_asking_3","Какво имаш предвид?"
"22_doctor_tower_asking_4","Точно такъв тип лаборатория ти трябваше, за да направиш Прах от сънища."
"22_doctor_tower_asking_5","Хех... Май съм му късметлийският череп."
"22_doctor_tower_asking_6","Както и да е, ето една рецепта..."
"22_doctor_tower_asking_7","И бележките ми за основна алхимия."
"22_doctor_tower_asking_8","Благодаря."
"22_doctor_tower_asking_9","И защо, ако мога да попитам, ти трябва този прах?"
"22_doctor_tower_entering_1","Да видим какво имаме тук..."
"22_doctor_tower_entering_2","Търсиш ли нещо конкретно?"
"22_doctor_tower_entering_3","Не, не..."
"22_doctor_tower_entering_4","Но ако намериш книга с крещящ череп на корицата..."
"22_doctor_tower_entering_5","С удоволствие бих я разгледал."
"22_doctor_tower_entering_7","Добре, нека пуснем болнавия ни приятел..."
"22_doctor_tower_entering_8","Имаме сделка..."
"22_doctor_tower_hatch_opening_1","Най-сетне! Чакай..."
"22_doctor_tower_hatch_opening_10","Все още има време..."
"22_doctor_tower_hatch_opening_2","Къде по дяволите са всички книги?! Къде е библиотеката?"
"22_doctor_tower_hatch_opening_3","Точно така!"
"22_doctor_tower_hatch_opening_4","Опитай се да се зарадваш..."
"22_doctor_tower_hatch_opening_5","Не знам какво си очаквал."
"22_doctor_tower_hatch_opening_6","Но мястото е доста яко."
"22_doctor_tower_hatch_opening_7","Какво му е якото на изоставена алхимична лаборатория?!"
"22_doctor_tower_hatch_opening_8","Добре, добре... ще започна отначало..."
"22_doctor_tower_opening_1","Хей!"
"22_doctor_tower_opening_2","Сериозно, приятелю, какво става?!"
"22_doctor_tower_opening_3","Какво?"
"22_doctor_tower_opening_4","Мрънкане и оплакване - с Лари... Разглеждане на яка кула - без Лари!"
"22_doctor_tower_opening_5","Премести се."
"23_guards_mercenaries_meet","Хулигани под наем"
"23_guards_mercenaries_meeting_1","Здравейте."
"23_guards_mercenaries_meeting_2","Поздрави! Дойдохме в този град, за да предлагаме услугите си."
"23_guards_mercenaries_meeting_3","Ще се бием за вас. Срещу заплащане, разбира се."
"23_guards_mercenaries_meeting_4","Всяка битка се заплаща предварително."
"23_guards_mercenaries_meeting_5","И колкото по-трудна е битката, толкова по-голямо е заплащането."
"23_guards_mercenaries_meeting_6","Какво ще кажете за някакъв безплатен пробен бой?"
"23_guards_mercenaries_meeting_7","Бих искал да ви помогна с това, но уви, не мога да се съглася."
"23_guards_mercenaries_pay_1","Плати за битка."
"23_guards_mercenaries_pay_2","Мога ли да ви наема за следващата битка?"
"23_guards_mercenaries_pay_3","Ще се видим на бойното поле."
"24_doctor_zombies_asking_1","Да видим..."
"24_doctor_zombies_asking_10","В този случай си късметлия... Можеш да смесиш всичко в кухнята си."
"24_doctor_zombies_asking_11","Само... да смеся всичко? Без магически ритуали или древни думи?"
"24_doctor_zombies_asking_12","Това е просто обикновена фея...*кхъ-кхъ*"
"24_doctor_zombies_asking_13","О, чакай... Трябва да смесиш всичко с перо от опашката на комета."
"24_doctor_zombies_asking_14","Перо от... опашката на комета?!"
"24_doctor_zombies_asking_15","Да. На пристанището има астролог. Той има предостатъчно."
"24_doctor_zombies_asking_16","Продава ги на прилична цена. Моряците ги обожават. Много са популярни."
"24_doctor_zombies_asking_18","Но... кометите са небесни тела. Те нямат пера."
"24_doctor_zombies_asking_19","О, така ли? Тогава как ги продава?"
"24_doctor_zombies_asking_2","Къде е."
"24_doctor_zombies_asking_20","Вярно..."
"24_doctor_zombies_asking_21","Зомбита"
"24_doctor_zombies_asking_22","Това двойка зомбита ли е?"
"24_doctor_zombies_asking_23","Да. Имаш ли по-добро обяснение защо двама гниещи хора се разхождат невъзмутимо наоколо?"
"24_doctor_zombies_asking_24","Не... но изглеждат доста спокойни."
"24_doctor_zombies_asking_25","Да. Спокойни, но безполезни. Макар че стават за тежка работа."
"24_doctor_zombies_asking_26","За съжаление, през повечето време създават повече бъркотия, отколкото работа."
"24_doctor_zombies_asking_27","Хей, това може да прозвучи глупаво... но искаш ли да ги вземеш?"
"24_doctor_zombies_asking_28","За да ги погреба?"
"24_doctor_zombies_asking_29","Ни най-малко! Могат да работят за теб."
"24_doctor_zombies_asking_3","Имаш хубав дом."
"24_doctor_zombies_asking_30","О... още един чифт ръце. Харесва ми. Имаш ли още?"
"24_doctor_zombies_asking_31","Не. Астрологът от пристанището ми ги продаде."
"24_doctor_zombies_asking_32","Каза ми, че са много стари и „много специални“."
"24_doctor_zombies_asking_34","Определено ще навестя Астролога."
"24_doctor_zombies_asking_35","Още една причина да се отправя към пристанището."
"24_doctor_zombies_asking_36","Трябва да посетиш и онова блокирано помещение до моргата..."
"24_doctor_zombies_asking_37","Изглежда, че някога инквизиторите са се занимавали с възкресение там."
"24_doctor_zombies_asking_38","Имаш предвид зомбита?"
"24_doctor_zombies_asking_39","Върви... просто върви... *кхъ-кхъ*"
"24_doctor_zombies_asking_5","Благодаря!"
"24_doctor_zombies_asking_6","А, да, разбира се... прав си, аз греша."
"24_doctor_zombies_asking_7","Прахът ти е добър."
"24_doctor_zombies_asking_8","Фея"
"24_doctor_zombies_asking_9","И така, как точно използвам това, за да призова фея?"
"24_doctor_zombies_hatch_1","Не искам да давам на този човек още една причина да бъде гаден."
"24_doctor_zombies_powder","Сладки сънища"
"24_doctor_zombies_showing_1","Провери Праха от сънища."
"24_doctor_zombies_showing_3","Хм... Прахът от сънища трябва да е с друг цвят."
"24_doctor_zombies_showing_4","Но следвах рецептата точно."
"24_doctor_zombies_showing_5","Ще проверим още веднъж... Следвай ме."
"25_village_watchmen_1_1","Виждам, че имаш брадва."
"25_village_watchmen_1_2","И лопата."
"25_village_watchmen_1_3","И кирка."
"25_village_watchmen_1_4","Добре си се екипирал. Но и дума да не става да ги използваш тук - забранено е!"
"25_village_watchmen_2_1","Знаеш ли откъде идват зомбитата?"
"25_village_watchmen_2_2","Мисля, че се превръщаш в зомби, ако те ухапят."
"25_village_watchmen_2_3","Но кой е ухапал първото?"
"25_village_watchmen_2_4","Хм."
"25_village_watchmen_2_5","Ами ако щъркел е донесъл на някого зомби вместо бебе?"
"25_village_watchmen_2_6","Да, чудесна теория."
"25_village_watchmen_3_1","Псст. Това ли е човекът, който донесе провизиите?"
"25_village_watchmen_3_2","Да му... благодарим ли?"
"25_village_watchmen_3_3","Не. Не искаме да се възгордее и да започне да се прави на интересен."
"25_village_watchmen_4_1","От тази Монахиня ме побиват тръпки..."
"25_village_watchmen_4_2","Гледам да не я гледам в очите."
"25_village_watchmen_4_3","Аз изобщо гледам да не я поглеждам."
"25_village_watchmen_4_4","Кажи ми, че в момента не стои зад мен."
"25_village_watchmen_4_5","Спокойно, всичко е наред."
"25_village_watchmen_4_6","Хух."
"25_village_watchmen_5_1","Та... какво става с това време?"
"25_village_watchmen_5_2","Какво имаш предвид?"
"25_village_watchmen_5_3","Просто се опитвам да завържа разговор."
"25_village_watchmen_5_4","Без да казваш нищо?"
"25_village_watchmen_5_5","Хей! Казах „времето“."
"25_village_watchmen_6_1","Какво е любимото ти месо?"
"25_village_watchmen_6_2","Каквото намеря."
"25_village_watchmen_6_3","Умен човек. Аз обичам пилешко."
"25_village_watchmen_6_4","Бягаш като пиле."
"25_village_watchmen_6_5","Много смешно."
"26_port_foreman_1","ХЕЙ!"
"26_port_foreman_10","БЕЗОПАСНО ЛИ Е ОТ ДРУГАТА СТРАНА?!"
"26_port_foreman_11","ДА!"
"26_port_foreman_12","СИГУРЕН ЛИ СИ?"
"26_port_foreman_13","ДА!"
"26_port_foreman_14","Ааа, колко се радвам да те видя!"
"26_port_foreman_15","Къде се забави толкова?!"
"26_port_foreman_16","... Както и да е, нито за миг не се усъмних в теб."
"26_port_foreman_17","Камбаната ти много помогна!"
"26_port_foreman_18","Знаеш ли къде мога да намеря Астролога?"
"26_port_foreman_19","О, да, той ми каза за камбаната!"
"26_port_foreman_2","ТИ! Там, от другата страна!"
"26_port_foreman_20","Трябва да е в обсерваторията си..."
"26_port_foreman_21","Това е кула, прикрепена към... крак."
"26_port_foreman_22","Крак?"
"26_port_foreman_23","Ще разбереш, когато го видиш."
"26_port_foreman_24","Добре, чакам толкова дългооо..."
"26_port_foreman_25","Най-сетне мога да отида да видя какво имаме в склада!"
"26_port_foreman_26","Само трябва да разбера как се отваря тази врата... Хм... Я да видим какво имаме тук..."
"26_port_foreman_3","ХЕЙ, ДЖАК!"
"26_port_foreman_4","О. ТИ СИ!"
"26_port_foreman_5","ЧУВАШ ЛИ МЕ?"
"26_port_foreman_6","СЛУШАМ ТЕ!"
"26_port_foreman_7","КАКВО?"
"26_port_foreman_8","ЧУВАМ ТЕ!"
"26_port_foreman_9","ДОБРЕ!"
"26_port_foreman_demo_1","МОЖЕШ ЛИ ДА СПУСНЕШ МОСТА?"
"26_port_foreman_demo_10","И какво следва?"
"26_port_foreman_demo_11","Нищо ново... ще продължа да ти нося трупове..."
"26_port_foreman_demo_12","Реколтата ти ще расте."
"26_port_foreman_demo_13","Вече би трябвало да си доста добре запознат с рутината."
"26_port_foreman_demo_14","Разбирам."
"26_port_foreman_demo_15","Значи няма какво друго да се прави?"
"26_port_foreman_demo_16","О, винаги има какво да се прави..."
"26_port_foreman_demo_17","Харесва ми този подход."
"26_port_foreman_demo_18","Но не ти казвам нищо ново."
"26_port_foreman_demo_19","Просто бъди търпелив."
"26_port_foreman_demo_2","НЯМА КАК!"
"26_port_foreman_demo_20","Значи няма какво друго да се прави?"
"26_port_foreman_demo_21","О, винаги има какво да се прави..."
"26_port_foreman_demo_3","ЗАЩО НЕ?"
"26_port_foreman_demo_4","КАЗАХА МИ ДА НЕ ГО ПРАВЯ!"
"26_port_foreman_demo_5","ДО ПОСЛЕ!"
"26_port_foreman_demo_6","Няма смисъл да се опитваш да стигнеш от другата страна."
"26_port_foreman_demo_7","Но какво ще стане със спасяването на Града? Исках да бъда истински герой."
"26_port_foreman_demo_8","Знаеш ли... всичко си има цена..."
"26_port_foreman_demo_9","Дори за пиратите."
"26_port_foreman_reunite","Пристигна и се намери"
"27_port_astrologer_cards_1","Тесте карти"
"27_port_astrologer_cards_2","Донесох ти тестето, Астролог."
"27_port_astrologer_cards_3","О, благодаря ти много. Сега предсказанията ми отново ще са точни!"
"27_port_astrologer_cards_4","Бих искал да видя и следващата ти церемония."
"27_port_astrologer_cards_5","Споделянето на знания винаги е полезно в нашата работа."
"27_port_astrologer_meet","Приятелство, написано в звездите"
"27_port_astrologer_meeting_1","Боже... ти си... наистина ме намери..."
"27_port_astrologer_meeting_2","Да. Трябва да поговоря с теб."
"27_port_astrologer_meeting_3","Хей, знаеш ли, това е доста странен начин да посрещаш клиентите си."
"27_port_astrologer_meeting_4","Кой си ти?"
"27_port_astrologer_meeting_5","Аз съм Гробарят. Нов съм в града."
"27_port_astrologer_meeting_6","Нов? Хм... съжалявам за всичко това. Просто ми напомняш на стар приятел..."
"27_port_astrologer_meeting_7","Аз съм Мистериозният Гюнтариус... но можеш да ме наричаш Гюнтер."
"27_port_astrologer_meeting_8","И така... какво те води насам?"
"27_port_astrologer_meeting_9_a","Кометна опашка"
"27_port_astrologer_meeting_9_a_1","Трябва ми нещо, наречено кометна опашка... каквото и да означава това."
"27_port_astrologer_meeting_9_a_2","А, опашката на комета! Виждал ли си как преминава огнена през небето?"
"27_port_astrologer_meeting_9_a_3","Кометите са небесни тела. Нямат опашки, които можеш да продаваш."
"27_port_astrologer_meeting_9_a_4","А, колега астролог! Чудесно. Тогава имаш право на отстъпка за членове на гилдията!"
"27_port_astrologer_meeting_9_b","Зомбита"
"27_port_astrologer_meeting_9_b_1","Албърт ми даде няколко от своите „добри“ зомбита. Трябва да разбера как си ги направил."
"27_port_astrologer_meeting_9_b_10","Разбирам."
"27_port_astrologer_meeting_9_b_11","Между другото, намерих няколко бутилки с миризлива гадост, дошли заедно със зомбитата."
"27_port_astrologer_meeting_9_b_12","Продават се. Нещо, което мирише толкова ужасно, трябва да струва цяло състояние."
"27_port_astrologer_meeting_9_b_2","Направил съм ги? Не, не, не съм ги направил..."
"27_port_astrologer_meeting_9_b_3","Взех ги назаем."
"27_port_astrologer_meeting_9_b_4","Имам още три, които мога да ти дам."
"27_port_astrologer_meeting_9_b_5","Безплатно?"
"27_port_astrologer_meeting_9_b_6","Срещу една малка услуга."
"27_port_astrologer_meeting_9_b_7","Както можеш да очакваш, по време на зомби чума домашните зомбита рязко губят стойност..."
"27_port_astrologer_meeting_9_b_8","А ти знаеш как да правиш нови?"
"27_port_astrologer_meeting_9_b_9","Горе-долу... но не съм готов да споделя тази тайна с кой да е Гробар."
"27_port_astrologer_meeting_9_c","Малка услуга"
"27_port_astrologer_meeting_9_c_1","И каква е тази малка услуга, за която спомена?"
"27_port_astrologer_meeting_9_c_2","Лесно е... Трябва да отидеш в Бульо... искам да кажа, в местния ресторант!"
"27_port_astrologer_meeting_9_c_3","Намери Линда и вземи таро картите ми."
"27_port_astrologer_meeting_9_c_4","Защо не си ги вземеш сам?"
"27_port_astrologer_meeting_9_c_5","Последния път трябваше да си тръгна доста набързо... за да направя някои астрологични наблюдения."
"27_port_astrologer_meeting_9_c_6","И може би съм забравил да си платя сметката..."
"27_port_astrologer_zombie_1","Вземи зомбита."
"27_port_astrologer_zombie_10","Каквооо? Астролог да измами някого? Невъзможно!"
"27_port_astrologer_zombie_2","Чудесно. Твои са."
"27_port_astrologer_zombie_3","Значи мога просто да ги взема сега?"
"27_port_astrologer_zombie_4","В никакъв случай!"
"27_port_astrologer_zombie_5","Чакай - имахме сделка!"
"27_port_astrologer_zombie_6","Спокойно! Ще ги доставя до дома ти. Знам... няколко алтернативни маршрута."
"27_port_astrologer_zombie_7","Последното, от което имам нужда, е някой да те види как извеждаш зомбита от обсерваторията ми."
"27_port_astrologer_zombie_8","Очаквай ги до сутринта."
"27_port_astrologer_zombie_9","Добре... но да не си посмял да ме измамиш."
"27_port_astrologer_zombie_larry_1","Доста добра доставка... някакви доста зловещо изглеждащи зомбита."
"27_port_astrologer_zombie_larry_2","Ще ги използвам... мисля да насоча производството в по-зелена посока."
"27_port_astrologer_zombie_larry_3","Звучи като глупости..."
"27_port_astrologer_zombie_larry_4","Само си представи... зелени зомбита, които вършат цялата тежка работа вместо мен."
"28_base_fairy_1","Ха! Знаех си... Всички тези приказки за феи са били лъжа!"
"28_base_fairy_10","Последния път ми каза, че аз стоя зад цялата история със зомбитата. - Но това изобщо не е вярно!"
"28_base_fairy_11","Беше ти... е, не ти, а... ти."
"28_base_fairy_12","Виждаш ли? Тя е луда!"
"28_base_fairy_13","Помниш ли предишния си живот? Как се появи на този свят?"
"28_base_fairy_14","Горе-долу... но беше толкова отдавна... Може би не е било истинско. Не знам."
"28_base_fairy_15","Хей! Стига си се заяждала с приятеля ми! Тук си живеем доста щастливо."
"28_base_fairy_16","Има право. Харесва ми животът тук."
"28_base_fairy_17","Точно затова Древният бог е разделил душата ти!"
"28_base_fairy_18","А докато те влачеха към подземието и те измъчваха..."
"28_base_fairy_19","Другата ти половина..."
"28_base_fairy_2","Не би трябвало да се изненадваш... Как тези хора изобщо знаят толкова много за феите?"
"28_base_fairy_2_1","Е, поне намерихме малко сирене в шкафа..."
"28_base_fairy_2_2","Дано да е хубаво!"
"28_base_fairy_20","Другият ти аз беше навън и унищожаваше всичко, което беше останало."
"28_base_fairy_20_1","Той дори унищожи магическия портал... самото ядро на света!"
"28_base_fairy_21","Сигурен съм, че той... искам да кажа, аз... не съм го направил нарочно."
"28_base_fairy_22","О, почти съм сигурна, че го е направил. Той беше чисто зло."
"28_base_fairy_23","Надявам се, че не си като него. Този свят се нуждае от твоята помощ!"
"28_base_fairy_24_a","Съмнение"
"28_base_fairy_24_a_1","Хайде... Познавам се. В мен никога не е имало зли части."
"28_base_fairy_24_a_10","Добре... това определено звучи като огромна грешка."
"28_base_fairy_24_a_2","Добре... да проверим. Той е хранел хората с бургери от месо на трупове..."
"28_base_fairy_24_a_3","Какво?!"
"28_base_fairy_24_a_4","Продавал е тези бургери на тълпата по време на изгаряне на вещица, което сам е помогнал да организира..."
"28_base_fairy_24_a_5","Сериозно ли?"
"28_base_fairy_24_a_6","Помагал е и на кръвопиещи чудовища и мрачни култисти."
"28_base_fairy_24_a_7","Добре, това вече изглежда доста зло... дори за мен."
"28_base_fairy_24_a_8","На чия страна си?!"
"28_base_fairy_24_a_9","Той е създал първото зомби... и е използвал магически портал за собствена изгода."
"28_base_fairy_24_b","Зомби"
"28_base_fairy_24_b_1","Значи цялата тази работа със зомбитата... знаеш ли как е започнала?"
"28_base_fairy_24_b_10","Сигурно другият ти приятел... магарето... знае как се възкресяват зомбита."
"28_base_fairy_24_b_11","Трябват ти само тези блестящи кристали, за да не позволиш на магията на Древния бог да поквари силните."
"28_base_fairy_24_b_12","Къде мога да ги намеря?"
"28_base_fairy_24_b_13","Лесно е... Те растат при мен - в храма на Богинята на природата при езерото. Макар че... сега е блато."
"28_base_fairy_24_b_2","Аз съм само фея, не съм всезнаеща. Но съм почти сигурна, че я е започнал Злият Гробар."
"28_base_fairy_24_b_3","Мога ли да си направя едно? Много са полезни."
"28_base_fairy_24_b_4","За какво говориш?"
"28_base_fairy_24_b_5","Имам няколко зомбита, които работят за мен около къщата."
"28_base_fairy_24_b_6","Шегуваш се..."
"28_base_fairy_24_b_7","Опа. Може да си загазил..."
"28_base_fairy_24_b_8","Хей... те са безобидни!"
"28_base_fairy_24_b_9","Май си падаш по... черепи и зомбита."
"28_base_fairy_24_c","Спасяване на света"
"28_base_fairy_24_c_1","И така... хипотетично... ако реша да спася света... какво трябва да направя?"
"28_base_fairy_24_c_2","Хипотетично? Светът се разпада с теб на борда!"
"28_base_fairy_24_c_3","Добре, добре... това звучи доста убедително."
"28_base_fairy_24_c_4","Ще трябва да победиш себе си. Имам предвид злата си половина."
"28_base_fairy_24_c_5","Хех... сякаш цял живот работя по това..."
"28_base_fairy_24_c_5_1","Но най-важното е да възстановиш магическия портал!"
"28_base_fairy_24_c_6","Ще имам нужда от някакви насоки."
"28_base_fairy_24_c_7","Мъдри думи. Затова трябва да пътуваш до храма на Богинята на природата, в блатото."
"28_base_fairy_24_c_8","Тя е слаба... но може и да ти отговори."
"28_base_fairy_24_c_9","Колко храма имате тук?"
"28_base_fairy_25","Без повече въпроси! Имаш предостатъчно работа."
"28_base_fairy_26","Ще те чакам... в блатото!"
"28_base_fairy_27","Трябва да призная, че има стил."
"28_base_fairy_3","Апчих!"
"28_base_fairy_4","Наздраве."
"28_base_fairy_5","Къде се забави толкова? Вършеше странични задачи ли?"
"28_base_fairy_6","О, Майко Природо... Какво прави този череп тук?"
"28_base_fairy_7","Аз съм му приятел!"
"28_base_fairy_8","Наистина? Имаш странно влечение към черепите..."
"28_base_fairy_9","Както и да е... Направи първата стъпка към спасяването на този свят!"
"28_base_fairy_summon","В преследване на фееричните светлини"
"29_port_linda_cards_1","Тесте карти"
"29_port_linda_cards_10","Отворен... и добре зареден."
"29_port_linda_cards_11","Мога да помогна с това."
"29_port_linda_cards_12","О! Ще съм ти толкова благодарна! Наистина много благодарна..."
"29_port_linda_cards_13","Ако се погрижиш за това, със сигурност ще ти дам тестето на Гюнтер."
"29_port_linda_cards_2","Случайно да си намерила тесте таро карти?"
"29_port_linda_cards_3","О, да... намерих."
"29_port_linda_cards_4","Кажи на Гюнтер, че няма да му ги върна."
"29_port_linda_cards_5","Предсказанията му са пълни глупости."
"29_port_linda_cards_6","Макар че каза, че щял да дойде герой..."
"29_port_linda_cards_7","Значи мога да си взема тестето обратно?"
"29_port_linda_cards_8","И все пак... той предсказа и че старата работилница на пристанището ще отвори отново."
"29_port_linda_cards_9","Да върнем града към живот е много важно за моята... работа."
"29_port_linda_meet","Сигурно пристанище"
"29_port_linda_meeting_1","Здравейте. Аз съм Гробарят."
"29_port_linda_meeting_2","О, разбира се... разбира се! Славата ви ви изпреварва!"
"29_port_linda_meeting_3","Всички чакахме герой като вас."
"29_port_linda_meeting_3_1","Между другото, казвам се Линда."
"29_port_linda_meeting_4","Поласкан съм..."
"29_port_linda_meeting_5","Ти ли държиш тази кръчма?"
"29_port_linda_meeting_6","Кръчма? О, не, тя е много повече от това..."
"29_port_linda_meeting_7","Навремето тук имахме всякакви забавления..."
"29_port_linda_meeting_8","Добре е да го знам."
"3_intro_defence_after_sewer_1","Кой, по дяволите, си ти?"
"3_intro_defence_after_sewer_10","Тук съм... за да спася..."
"3_intro_defence_after_sewer_11","Само не ми казвай, че си инквизитор... защото тази история ми е позната..."
"3_intro_defence_after_sewer_12","Господине! Нова вълна зомбита приближава!"
"3_intro_defence_after_sewer_13","Не си зомби... може би наистина си инквизитор..."
"3_intro_defence_after_sewer_14","Както и да е, можеш да държиш оръжие."
"3_intro_defence_after_sewer_15","Това е единственото важно нещо в момента."
"3_intro_defence_after_sewer_16","Но нямаш броня и меч..."
"3_intro_defence_after_sewer_17","Вземи ги от работилницата."
"3_intro_defence_after_sewer_2","Намерих го в заразената част на града..."
"3_intro_defence_after_sewer_3","Скиташе се из района на Инквизицията, напълно изгубен."
"3_intro_defence_after_sewer_4","Нарича себе си Гробар."
"3_intro_defence_after_sewer_5","Мародер. Знаеш, че това е забранено, нали?"
"3_intro_defence_after_sewer_6","Аз не съм..."
"3_intro_defence_after_sewer_7","Я да видя какво има в чантата ти..."
"3_intro_defence_after_sewer_8","Хм... грозен череп, кралски печат и медальон на инквизитор."
"3_intro_defence_after_sewer_9","Странна колекция..."
"3_intro_defence_armour_1","Здравейте. Трябват ми броня и меч."
"3_intro_defence_armour_2","Разбира се. Раздавам ги на всеки, който влезе тук."
"3_intro_defence_armour_3","Ъъъ..."
"3_intro_defence_armour_3_1","Късметлия си, че измислих тези конвейерни ленти."
"3_intro_defence_armour_3_2","Мога да доставя ресурси до работната маса за нула време!"
"3_intro_defence_armour_3_3","Сега, с полуавтоматичната работна маса, бронята ти ще е готова за миг."
"3_intro_defence_armour_3_4","Впечатляващо, нали?"
"3_intro_defence_armour_3_5","Сарказъм."
"3_intro_defence_armour_3_6","Абсолютно. Най-сетне имах време да преодолея кризата на средната възраст."
"3_intro_defence_armour_4","Не ми обръщай внимание, просто вземи бронята и тръгвай."
"3_intro_defence_armour_5","Щом носиш броня и меч, можеш направо да ги екипираш."
"3_intro_defence_armour_6","Може да имам проблеми, ако си тръгна без броня и меч."
"3_intro_defence_fight_1","Изглеждаш страхотно в бронята. Точно като истински инквизитор."
"3_intro_defence_fight_10","Какво чакаш? Грабвай знамето и поведи момчетата в битка."
"3_intro_defence_fight_2","Като стана дума за това - нашите момчета имат нужда от малко мотивация."
"3_intro_defence_fight_3","Вижте, момчета, с нас има истински инквизитор!"
"3_intro_defence_fight_4","Еха."
"3_intro_defence_fight_5","Страхотно!"
"3_intro_defence_fight_6","Вземи този отряд и защитавай десния фланг."
"3_intro_defence_fight_7","Приеми повишението."
"3_intro_defence_fight_8","Добре, готови ли сте, момчета? Да вървим."
"3_intro_defence_fight_9","Гледай се само - изкачваш се в йерархията!"
"3_intro_defence_retreat_1","Всички обратно към пристанището!"
"3_intro_defence_retreat_10","Това беше доста безславно."
"3_intro_defence_retreat_11","Поне ни спечели малко време. Да се насочим към портите."
"3_intro_defence_retreat_12","По дяволите! Тези селски идиоти пак са блокирали портите."
"3_intro_defence_retreat_13","Хей, селяни. Отворете!"
"3_intro_defence_retreat_14","Няма да стане. Кметът каза не."
"3_intro_defence_retreat_15","Откога той има повече власт от мен?! Отваряйте!"
"3_intro_defence_retreat_16","Може би трябва да я отворим?"
"3_intro_defence_retreat_17","Защо?"
"3_intro_defence_retreat_18","Мисля, че тези хора имат нужда от помощта ни."
"3_intro_defence_retreat_19","Не. Те са си добре."
"3_intro_defence_retreat_20","Изглежда всички ще бъдем изядени. Дори костите ми скоро ще бъдат оглозгани."
"3_intro_defence_retreat_21","Може би им покажеш изискания си медальон?"
"3_intro_defence_retreat_22","Вижте, идвам от Инквизицията!"
"3_intro_defence_retreat_23","Какво прави инквизитор с вас?"
"3_intro_defence_retreat_24","Тук си, за да ни спасиш, нали?"
"3_intro_defence_retreat_25","Знаеш, да ни помогнеш и да възстановиш Инквизицията в Цитаделата."
"3_intro_defence_retreat_26_a","Отворете веднага, нещастници!"
"3_intro_defence_retreat_26_a_1","Защото имам кралския печат!"
"3_intro_defence_retreat_26_b","Бихте ли отворили портите, моля?"
"3_intro_defence_retreat_26_b_1","Все пак нося кралския печат..."
"3_intro_defence_retreat_27","Еха, има толкова много блестящи неща. Сигурно е инквизитор."
"3_intro_defence_retreat_3","Чувал съм за бедата ви."
"3_intro_defence_retreat_4","И дойдох да унищожа всичките ви врагове!"
"3_intro_defence_retreat_5","Три дни и три нощи пътувах дотук с търговски кораб."
"3_intro_defence_retreat_6","Но сега съм готов да бъда вашият спасител!"
"3_intro_defence_retreat_7","Умрете, мръсни изчадия!"
"3_intro_defence_retreat_8","Хей! Чакайте! Хапането не е честно!"
"3_intro_defence_retreat_9","Помощ! Ъъррр..."
"30_port_warehouse_1","Какво се случи? Намери ли каквото ти трябваше в склада?"
"30_port_warehouse_2","Не! Почти бях приключила с взлома... и тогава се появи този ужасен човек!"
"30_port_warehouse_3","Той не ми позволи да вляза."
"30_port_warehouse_4","Както ти казах, цялото съдържание по закон принадлежи на града..."
"30_port_warehouse_5","Живея тук откакто се помня!"
"30_port_warehouse_6","Но както виждаш, ако ми позволиш..."
"30_port_warehouse_find_out_1","Това е направо варварство!"
"30_port_warehouse_inside_1","... Хей. Къде е всичко?"
"30_port_warehouse_inside_10","Само ние можем да си върнем тези провизии."
"30_port_warehouse_inside_11","Провизии"
"30_port_warehouse_inside_12","Не знам. Мога да отглеждам култури, разбира се... но другите ресурси са доста ограничени."
"30_port_warehouse_inside_13","Няма проблем..."
"30_port_warehouse_inside_14","В гората близо до селото има стара каменоломна и мина."
"30_port_warehouse_inside_15","Тези глупави селяни са затворили гората... Бог знае защо."
"30_port_warehouse_inside_16","Но съм сигурен, че ще намериш начин да влезеш."
"30_port_warehouse_inside_17","За начало ще ни стигне малко желязо..."
"30_port_warehouse_inside_18","Добре, ще видя какво мога да направя."
"30_port_warehouse_inside_19","Защо правиш всичко това?"
"30_port_warehouse_inside_2","Изчезнало е..."
"30_port_warehouse_inside_20","Защо съм толкова обсебена от провизиите и технологиите?"
"30_port_warehouse_inside_21","Защото това е единственото, което има значение."
"30_port_warehouse_inside_22","А сега... с твоя помощ... най-сетне мога да донеса на този свят наука и прогрес."
"30_port_warehouse_inside_23","Една стъпка след друга..."
"30_port_warehouse_inside_24","Но защо?"
"30_port_warehouse_inside_25","Защо?"
"30_port_warehouse_inside_26","Защото ми трябва механична, напълно автоматизирана ръка, ето защо!"
"30_port_warehouse_inside_3","Но... но...!"
"30_port_warehouse_inside_4","Нищо не е останало. Страхувам се, че сме обречени."
"30_port_warehouse_inside_5","Единственият начин да получим още провизии е да изчакаме нов търговски кораб."
"30_port_warehouse_inside_6","А за това ще трябва да се подготвя."
"30_port_warehouse_inside_7","Ако някой иска да помогне на града, да ме чака на пристанището."
"30_port_warehouse_inside_8","Ако някой иска да помогне... бля-бля-бля..."
"30_port_warehouse_inside_9","Слушай - и двамата сме инженери."
"31_forest_guards_earlier_1","Не мога да те оставя да се скиташ из гората..."
"31_forest_guards_earlier_2","Прекалено опасно!"
"31_forest_guards_entrance_1","Стой! Накъде си тръгнал?"
"31_forest_guards_entrance_10","... например кмета, тогава ще те пусна."
"31_forest_guards_entrance_2","Ъъъ... в гората?"
"31_forest_guards_entrance_3","Съжалявам, не мога да те пусна. Прекалено опасно."
"31_forest_guards_entrance_4","Да, вътре е пълно с гоблини."
"31_forest_guards_entrance_5","Пак ли с гоблините... Тибо, те не съществуват."
"31_forest_guards_entrance_6","Тогава кой ми краде десните чорапи?!"
"31_forest_guards_entrance_7","*Въздишка*"
"31_forest_guards_entrance_8","Все пак наистина трябва да отида в гората."
"31_forest_guards_entrance_9","Ако някой от селото гарантира за теб..."
"31_forest_guards_pass","Към гората (някой ден)"
"32_guards_book_1","Няма как да не забележа колко мрачен си през цялото време."
"32_guards_book_10","Или може би е заради свежия въздух и цялата физическа активност."
"32_guards_book_11","Както и да е... има ли нещо, което мога да направя, за да те развеселя?"
"32_guards_book_12","Хм... какво пък... Можеш ли да ми намериш любовен роман?"
"32_guards_book_13","Да. Все го отлагах, а после всичко отиде по дяволите."
"32_guards_book_13_1","Изненадан съм. Но не те съдя..."
"32_guards_book_15","Знаеш ли къде мога да намеря такъв?"
"32_guards_book_16","В онази част на Града, гъмжаща от зомбита... в старата ми къща."
"32_guards_book_17","Добре... имаш ли представа как се очаква да стигна дотам?"
"32_guards_book_18","Не е нужно."
"32_guards_book_19","Може би шефът на мародерите в пристанищната кръчма ще може да ти помогне."
"32_guards_book_2","Нищо не убягва от погледа на Инквизитора..."
"32_guards_book_20","Бих го направил сам... но знаеш... тези романи могат да съсипят репутацията ми."
"32_guards_book_21","Разбирам..."
"32_guards_book_22","Докато аз съм чудакът, който живее в гробището."
"32_guards_book_23","Репутацията ми е непоклатима."
"32_guards_book_3","Но сериозно. Мисля, че се справяме добре."
"32_guards_book_4","Може би, но... пред теб все още има много време."
"32_guards_book_5","А аз просто съм стар... и търся малко спокойствие."
"32_guards_book_6","Да. Разбирам."
"32_guards_book_7","В предишния си живот май и аз исках същото."
"32_guards_book_8","Какво се промени?"
"32_guards_book_9","Може би сега съм намерил някакъв баланс..."
"32_guards_book_bring","Тъжен капитан, без действие"
"33_base_complain_1","Хей, къде е трупът?"
"33_base_complain_10","Тя е наредила... от името на Църквата... всички трупове да остават при нея за известно време."
"33_base_complain_11","Това е... странно. Значи отказваш да вземаш труповете от нея?"
"33_base_complain_12","Определено."
"33_base_complain_13","Имаш ли представа защо го прави?"
"33_base_complain_14","Разбира се, че... искам да кажа — не! Нямам представа. Тя просто е странна, ясно?"
"33_base_complain_15","Добре, добре. Ще говоря с нея. Тези трупове трябва отново да тръгнат."
"33_base_complain_16","Имам големи планове за тях."
"33_base_complain_17","Възкресяване на зомбита"
"33_base_complain_18","Феята от блатото ми каза, че знаеш как да възкресяваш трупове... как да правиш зомбита."
"33_base_complain_19","Кой, аз ли? Сигурно става дума за някое друго магаре."
"33_base_complain_2","Май съм в стачка..."
"33_base_complain_20","Да, разбира се... в погребалния бизнес има толкова много говорещи магарета."
"33_base_complain_21","Добре, добре. Може и да имам... книга! Книгата може да ти помогне."
"33_base_complain_22","Имам някои проблеми за решаване. Искаш книгата? Първо ми помогни."
"33_base_complain_23","Виж кой го казва. Ами ако просто те уволня? Не забравяй — „По-добре да имаш работа, отколкото да те превърнат в яхния.“"
"33_base_complain_24","Ха! Това беше много отдавна — преди Градът да започне да се съвзема."
"33_base_complain_25","В наши дни едно умно магаре като мен има предостатъчно възможности."
"33_base_complain_26","Твой късмет е... пренасянето на трупове е истинското ми призвание!"
"33_base_complain_27","И така, имаме ли сделка?"
"33_base_complain_28","Некро...? Добре, няма значение, имаме сделка."
"33_base_complain_3","Чакай — ти? В стачка? Мислех, че приключихме с комунистическия ти период."
"33_base_complain_4","Да, да, никакви повече червени знамена... Но този път става дума за непоносими условия на труд."
"33_base_complain_5","За какво говориш?"
"33_base_complain_6","Онази ужасна, страшна жена. — Тя мрази магарета."
"33_base_complain_7","Имаш предвид Монахинята?"
"33_base_complain_8","Да! А сега е отседнала в старата къща при кладенеца... на кръстопътя."
"33_base_complain_9","И?"
"34_port_looters_first_1","Ако търсиш празни приказки..."
"34_port_looters_first_2","Определено си объркал човека."
"34_port_looters_keys_1","Любовен роман."
"34_port_looters_keys_2","Донесох ти ключовете."
"34_port_looters_keys_3","Какво съвпадение, донесох ти книгата."
"34_port_looters_keys_4","Еха, не мислех, че ще си толкова бърз."
"34_port_looters_keys_5","Обикновено отнема няколко дни."
"34_port_looters_keys_6","Донасяш ключовете, правиш поръчка, а аз оставям предмета ти в сандъка зад мен."
"34_port_looters_keys_7","Тук съм всеки <sprite name=""day_lust"">, за да събирам нови поръчки."
"34_port_looters_meet","Крайбрежни плъхове"
"34_port_looters_meeting_1","Търся шефа на мародерите."
"34_port_looters_meeting_10","Всъщност любовен роман. Определена книга от определена къща."
"34_port_looters_meeting_11","Хех... Сега разбрах. Знаеш ли какво?"
"34_port_looters_meeting_12","Какво?"
"34_port_looters_meeting_13","Не ти трябват мародерите. Дейви ще ти свърши работа."
"34_port_looters_meeting_14","Ще ти я намеря... в замяна на няколко удара с меч."
"34_port_looters_meeting_15","Какво имаш предвид?"
"34_port_looters_meeting_16","Възхищавам се на това, което правиш... бориш се с немъртвите."
"34_port_looters_meeting_17","Просто трябва да го правиш... на определени места."
"34_port_looters_meeting_18","Звучи справедливо."
"34_port_looters_meeting_2","Е, това е късмет... вместо него намери мен."
"34_port_looters_meeting_3","Да, много мило. Но все пак трябва да се свържа с мародерите."
"34_port_looters_meeting_4","Наистина не ти трябват. Намери мен... Дейви... Дейви Камата!"
"34_port_looters_meeting_5","О... Здравей, Дейви."
"34_port_looters_meeting_6","И така, за какво са ти нужни мародерите?"
"34_port_looters_meeting_7","Е, това може да прозвучи странно..."
"34_port_looters_meeting_8","Но трябва да ми донесат нещо от заразената част на Града."
"34_port_looters_meeting_9","Това наистина е много странно... трябват ти мародери, за да ограбят нещо за теб..."
"34_port_looters_order_0","Технически учебници"
"34_port_looters_order_1","Направи поръчка"
"34_port_looters_order_2","Червени технически учебници"
"34_port_looters_order_3","Зелени технически учебници"
"34_port_looters_order_4","Сини технически учебници"
"34_port_looters_order_5","Случайни технически учебници"
"34_port_looters_order_6","Нашийници за зомбита"
"34_port_looters_order_7","Истории"
"34_port_looters_order_8","Ценности"
"34_port_looters_order_9","Семена"
"34_port_looters_order_big","Голяма поръчка"
"34_port_looters_order_medium","Средна поръчка"
"34_port_looters_order_small","Малка поръчка"
"35_port_pop_new_people_1","Нови хора?"
"35_port_pop_new_people_10","Хех. Ще трябва да го напълня с тонове Вяра, за да звучи поне малко правдоподобно."
"35_port_pop_new_people_2","Можеш ли да обясниш как точно смяташ да доведеш повече хора тук?"
"35_port_pop_new_people_3","Имаме много очарователен град... Просто му липсва едно — истински жители."
"35_port_pop_new_people_4","Веднъж седмично, в <sprite name=""day_lust"">, търговски кораб акостира на пристанището."
"35_port_pop_new_people_5","И какъв е планът ти?"
"35_port_pop_new_people_6","Ще се погрижа следващият да превозва хора, търсещи ново начало."
"35_port_pop_new_people_7","Но ще ми трябват рекламни материали от теб."
"35_port_pop_new_people_8","Като... брошура? За Града?"
"35_port_pop_new_people_9","Точно така! Нещо, което наистина да продаде очарованието му."
"35_port_pop_shop_1","Магазинът е отворен."
"35_port_pop_shop_10","Освен това съм експерт в това да правя нещата да изглеждат по-добре, отколкото са в действителност."
"35_port_pop_shop_11","Като стана дума за това как изглеждат нещата... не мислиш ли, че това място има нужда от малко освежаване?"
"35_port_pop_shop_12","Става. Може да го боядисаме — и да кажем, че е винтидж."
"35_port_pop_shop_13","Точно така! Напълно си прав. Ще е чудесно, ако ми донесеш малко боя."
"35_port_pop_shop_14","Добре, ще видя какво мога да направя."
"35_port_pop_shop_2","Колко е чудесно най-сетне отново да купуваме прясна храна..."
"35_port_pop_shop_3","Как сме се справяли без такъв сръчен човек!"
"35_port_pop_shop_4","Имаш предвид красив, разбира се."
"35_port_pop_shop_5","Ха! Добре, нека бъде така."
"35_port_pop_shop_6","Харесваш ми... Можеш да вземеш картите на Гюнтер."
"35_port_pop_shop_7","Заедно сме готови да привлечем нови хора в Града!"
"35_port_pop_shop_8","Да, зомби апокалипсисът би бил идеалната туристическа атракция..."
"35_port_pop_shop_9","Глупости... Хората виждат каквото искат да видят."
"36_port_trademaster_lenses","Кристално ясно"
"36_port_trademaster_lenses_1","Дай лещите."
"36_port_trademaster_lenses_2","Чудесно! Сега можем да довършим светлините и да обезопасим залива."
"36_port_trademaster_lenses_3","Любопитно ми е какви екзотични неща ще донесат корабите."
"36_port_trademaster_lenses_4","Предполагам."
"36_port_trademaster_lenses_5","Отбивай се всеки <sprite name=""day_lust""> и ще имам готови нови екзотични стоки за теб."
"36_port_trademaster_meeting_1","А, добре! Радвам се да те видя."
"36_port_trademaster_meeting_10","Трябва ни някакъв плаващ фар, който да обозначава най-опасните места."
"36_port_trademaster_meeting_11","Всичко съм подготвил... само че все още нямаме лещите за лампите."
"36_port_trademaster_meeting_12","Ще видя какво мога да направя."
"36_port_trademaster_meeting_13_a","Кораби на мъртвите?"
"36_port_trademaster_meeting_13_a_1","Тогава смятахме, че е най-добре да изпратим покойниците си..."
"36_port_trademaster_meeting_13_a_10","Да... чувал съм за това. Ако наистина работи... тогава все още може да имаме шанс."
"36_port_trademaster_meeting_13_a_11","Разбира се, че знаеш."
"36_port_trademaster_meeting_13_a_2","Да ги изпратите? Но защо?"
"36_port_trademaster_meeting_13_a_3","Е, имахме проблеми с изпращането на душите им в отвъдното, след като Мостът към отвъдното беше разрушен."
"36_port_trademaster_meeting_13_a_4","Уау. Кой би направил подобно нещо?"
"36_port_trademaster_meeting_13_a_5","Ние. Отдавна изоставихме старата си вяра... и предадохме бога си."
"36_port_trademaster_meeting_13_a_6","Все пак можеше просто да ги погребете, нали?"
"36_port_trademaster_meeting_13_a_7","Това нямаше да им осигури покой."
"36_port_trademaster_meeting_13_a_8","Е, щеше... но само ако специален Гробар ги погребе в свещена почва."
"36_port_trademaster_meeting_13_a_9","Точно това правя в моето гробище."
"36_port_trademaster_meeting_13_b","Относно големия кораб."
"36_port_trademaster_meeting_13_b_1","Защо е толкова важно да привличаме по-големи кораби?"
"36_port_trademaster_meeting_13_b_2","Добър въпрос. Колкото по-голям е корабът, толкова по-далеч плава."
"36_port_trademaster_meeting_13_b_3","Отдалеч идват наистина уникални и екзотични предмети... а те са ни нужни."
"36_port_trademaster_meeting_13_b_4","За какво?"
"36_port_trademaster_meeting_13_b_5","Не е много добър въпрос, но ще ти отговоря."
"36_port_trademaster_meeting_13_b_6","Какъв е смисълът да живееш на миризливо и пренаселено място, ако нямаш достъп до екзотични неща?"
"36_port_trademaster_meeting_13_b_7","Може да прозвучи странно... но някак си съм съгласен с теб."
"36_port_trademaster_meeting_2","Какво беше това за търговския кораб и помощта за Града?"
"36_port_trademaster_meeting_3","Точно така. Малки кораби идват в пристанището, предимно за да откарат бежанци..."
"36_port_trademaster_meeting_4","Понякога носят малко храна."
"36_port_trademaster_meeting_5","Скоро ще променим това!"
"36_port_trademaster_meeting_6","Браво! Това ми харесва."
"36_port_trademaster_meeting_7","Определено трябва да направим така, че големи кораби да могат да влизат в залива."
"36_port_trademaster_meeting_8","И така, какъв е проблемът?"
"36_port_trademaster_meeting_9","Много кораби, пълни с мъртви тела, са потънали в залива."
"37_village_forest_pass","Към гората"
"37_village_forest_pass_1","Попитай за гората."
"37_village_forest_pass_10","Можеш ли да бъдеш по-конкретен?"
"37_village_forest_pass_11","... Там живеят опасни бандити. От години тероризират всички ни!"
"37_village_forest_pass_12","Да... виждал съм селските ти стражи. Единственото, което ги тероризира, е махмурлукът."
"37_village_forest_pass_13","... Вълшебни, летящи, светещи демони! Ще те разкъсат!"
"37_village_forest_pass_14","Тя няма да се зарадва, ако те чуе да я наричаш демон."
"37_village_forest_pass_15","Нека го направим като миналия път..."
"37_village_forest_pass_16","Аз помагам на селото, а ти ми даваш достъп до гората."
"37_village_forest_pass_17","Не толкова бързо... Разбира се, че ще трябва да помогнеш."
"37_village_forest_pass_18","Но първо поправи Кралската пощенска кутия край кръчмата."
"37_village_forest_pass_19","Защо това е толкова важно?"
"37_village_forest_pass_2","Знам, че гората е затворена, но наистина трябва да вляза."
"37_village_forest_pass_20","Сега, когато има конкуренция на пристанището, Януариус е изнервен."
"37_village_forest_pass_21","Трябва да намерим начин да привлечем клиенти... Кралската пощенска кутия би била чудесно начало."
"37_village_forest_pass_22","Кралството е в руини. Изобщо ще проработи ли?"
"37_village_forest_pass_23","С магията на Майката природа..."
"37_village_forest_pass_24","Майката природа и..."
"37_village_forest_pass_25","Бюрокрацията!"
"37_village_forest_pass_26","Така че да, ако я поправиш, ще работи."
"37_village_forest_pass_27","... Добре. Ще видя какво мога да направя."
"37_village_forest_pass_28","Ще ми трябва доказателство, че наистина си я поправил."
"37_village_forest_pass_29","Донеси ми официално удостоверение от пощенската кутия, потвърждаващо статута ми на кмет."
"37_village_forest_pass_3","О, боже... ще трябва да говориш с Джули за това."
"37_village_forest_pass_4","Гората е деликатна тема за него."
"37_village_forest_pass_5","Попитай за гората."
"37_village_forest_pass_6","Трябва ми разрешението ти, за да вляза в гората."
"37_village_forest_pass_7","Нямаш работа в тази гора."
"37_village_forest_pass_8","Буквално имам много работа там."
"37_village_forest_pass_9","Има причина да е затворена!"
"38_village_mailbox_1","Поправи кутията..."
"38_village_mailbox_10","Моля, избери опция:"
"38_village_mailbox_2","Как се очаква да те поправя?"
"38_village_mailbox_3","... щрак..."
"38_village_mailbox_4","Моля, кажете името си."
"38_village_mailbox_5","Аз съм Гробарят. Живея на хълма отвъд реката."
"38_village_mailbox_6","[фонова музика]"
"38_village_mailbox_7","Няма начин..."
"38_village_mailbox_8","Вашата поща е много важна за нас..."
"38_village_mailbox_9","[музиката продължава]"
"38_village_mailbox_application_a","Кандидатура за свещеник (недостъпно)"
"38_village_mailbox_application_b","Кандидатура за свещеник"
"38_village_mailbox_application_b_1","Проверка за свободно място..."
"38_village_mailbox_application_b_2","Брой свещеници в кралството: 1 от 256 места."
"38_village_mailbox_application_b_3","Лицензът за свещеник е издаден."
"38_village_mailbox_application_b_4","Брой свещеници в кралството: 2 от 256 места."
"38_village_mailbox_certificate","Вземи удостоверението за кмет."
"38_village_mailbox_certificate_1","Временното удостоверение е издадено."
"38_village_mailbox_certificate_2","Забележка: За постоянно удостоверение за кмет са необходими официални избори."
"38_village_mailbox_pay_taxes_a","Плати данъци (недостъпно)"
"38_village_mailbox_pay_taxes_b","Плати данъци"
"38_village_mailbox_pay_taxes_b_1","Данъкът е увеличен!"
"38_village_mailbox_repair_full","Възстанови пълната функционалност"
"38_village_mailbox_repair_full_1","Благодарим ви, че участвате в процеса по възстановяване на Кралската пощенска служба."
"38_village_mailbox_repair_full_2","Моля, избери опция:"
"38_village_mailbox_request_deed_a","Поискай нотариален акт (недостъпно)"
"38_village_mailbox_request_deed_b","Поискай нотариален акт"
"38_village_mailbox_request_deed_b_1","Отдавна изоставената база на Инквизитора е прехвърлена на Гробаря."
"38_village_mailbox_royal_signet","Използвай кралския печат"
"38_village_mailbox_royal_signet_1","Тази пощенска кутия вече функционира напълно."
"38_village_mailbox_verification","Процедура за проверка в 42 стъпки"
"38_village_mailbox_verification_1","Предупреждение: Можеш да продължиш, след като изпълниш следните 42 прости стъпки. Продължаваш ли?"
"38_village_mailbox_verification_1_a","Да"
"38_village_mailbox_verification_1_a_1","Подготвяне на формуляр в 42 стъпки..."
"38_village_mailbox_verification_1_a_10","Тази пощенска кутия вече функционира напълно."
"38_village_mailbox_verification_1_a_2","... щрак..."
"38_village_mailbox_verification_1_a_3","... щрак..."
"38_village_mailbox_verification_1_a_4","Предупреждение: запасите от кралска магента са критично ниски..."
"38_village_mailbox_verification_1_a_5","... щрак..."
"38_village_mailbox_verification_1_a_6","Пропускане на стъпка 1..."
"38_village_mailbox_verification_1_a_7","Пропускане на стъпка 2..."
"38_village_mailbox_verification_1_a_8","О, НЕ!"
"38_village_mailbox_verification_1_a_9","Пропускане на останалите 40 стъпки..."
"38_village_mailbox_verification_1_b","Не."
"39_village_frill_asking_1","Освобождаването на пристанището подобри ли асортимента ти?"
"39_village_frill_asking_2","Е, на теория — да."
"39_village_frill_asking_3","Но дрехите ми не са в най-доброто си състояние."
"39_village_frill_asking_4","Не мога да се покажа пред хората така."
"39_village_frill_asking_5","Дантелата ти наистина изглежда малко износена."
"39_village_frill_asking_6","Хей! Трябваше да кажеш, че още изглеждам добре!"
"39_village_frill_asking_7","Ъм... Какво ще кажеш да ти намеря нова дантела?"
"39_village_frill_asking_8","Това би било огромна помощ!"
"39_village_frill_asking_9","Добре, заемам се."
"39_village_frill_bring","Дантелената гонитба"
"39_village_frill_lace_1","Ето, новата ти дантела."
"39_village_frill_lace_2","Благодаря. Знаеш ли, почти ми се иска да ти платя."
"39_village_frill_lace_3","... Почти?"
"39_village_frill_lace_4","Да, това очевидно беше поредният ти тестов опит."
"39_village_frill_lace_5","Но си добър човек."
"39_village_frill_lace_6","Заслужаваш почти да ти платя."
"39_village_frill_lace_7","Благодаря..."
"4_intro_base_after_retreat_1","Движение, движение!"
"4_intro_base_after_retreat_10","Трябва да го спасим... Отблъснете ги!"
"4_intro_base_after_retreat_11","Разбира се, както кажеш... но засега трябва да провериш всичките ни припаси."
"4_intro_base_after_retreat_12","Трябва да си починем."
"4_intro_base_after_retreat_13","Ще се видим при стражевата кула..."
"4_intro_base_after_retreat_14","А що се отнася до теб..."
"4_intro_base_after_retreat_15","Знам, че не си инквизитор..."
"4_intro_base_after_retreat_16","Каааакво? Това е клевета!!"
"4_intro_base_after_retreat_17","...но честно казано, не ми пука."
"4_intro_base_after_retreat_18","Дори един самозванец може да ни е полезен в момента."
"4_intro_base_after_retreat_19","Трябва да погребем падналите от тази страна на портата."
"4_intro_base_after_retreat_2","Затворете портата!"
"4_intro_base_after_retreat_20","Щом се наричаш Гробар... ти ще го направиш."
"4_intro_base_after_retreat_21","Добре... ще измисля нещо."
"4_intro_base_after_retreat_22","На запад има изоставена база на Инквизицията."
"4_intro_base_after_retreat_23","Значи... като инквизитор имам права над това място, нали?"
"4_intro_base_after_retreat_24","Както и да е... Да, предполагам, че имаш..."
"4_intro_base_after_retreat_25","Намери място за гробище там."
"4_intro_base_after_retreat_26","Сутринта ще уредя доставките на тела."
"4_intro_base_after_retreat_27","Когато приключиш, върни се при мен със свидетелствата за погребение."
"4_intro_base_after_retreat_28","Базата на Инквизицията звучи като чудесно място за преспиване."
"4_intro_base_after_retreat_29","Защо?"
"4_intro_base_after_retreat_3","Еха... За малко да умрем."
"4_intro_base_after_retreat_30","Ами, практически сме бездомни - а това е цяла база!"
"4_intro_base_after_retreat_31","Прав си... май ще е добро място за оставане..."
"4_intro_base_after_retreat_4","Ох... Знаеш ли какво? Можеш да останеш тук!"
"4_intro_base_after_retreat_5","Но определено нямаш право да влизаш в селото без разрешение."
"4_intro_base_after_retreat_6","Както желаете... Утре ще си поговоря с началника ви!"
"4_intro_base_after_retreat_7","О, неее... всичките ми любими инструменти са там!"
"4_intro_base_after_retreat_8","Толкова време ми отне да ги подредя!"
"4_intro_base_after_retreat_9","Иска ми се да можехме да направим нещо по въпроса, приятелю..."
"4_intro_base_home_1","Трябва да си легнеш."
"4_intro_base_home_10","Добре казано... до утре."
"4_intro_base_home_2","Чувал съм, че живите като теб имат нужда от сън."
"4_intro_base_home_3","И ме сложи на сандъка до леглото. Не обичам да стоя в тъмен чувал."
"4_intro_base_home_4","Кхъ-кхъ... Колко е прашно... Но пак е по-добре от подземието на Инквизицията..."
"4_intro_base_home_5","Много по-добре. Всъщност ми харесва тук."
"4_intro_base_home_6","Намерихме място, където да се снишим... хе-хе."
"4_intro_base_home_7","Само трябва да го почистим и да поправим няколко неща."
"4_intro_base_home_8","Да... толкова е прашно, че ще кихна."
"4_intro_base_home_9","Ти буквално нямаш с какво да кихаш."
"4_intro_base_near_base_1","Тази колиба изглежда обещаващо."
"4_intro_base_near_church_1","Виж... руините на храм на древен бог..."
"4_intro_base_near_church_2","Не мога да измисля по-добро място за гробище..."
"4_intro_base_near_church_3","Това е най-близкото до свято място, което ще намерим..."
"4_intro_base_near_church_4","Има дори място за уютна малка морга..."
"4_intro_base_near_church_5","Звучи ми като лесна работа."
"4_intro_base_near_church_6","Да вървим... и да разгледаме новия си имот."
"4_intro_base_near_church_7","Кажи шега."
"4_intro_base_near_church_8","Кой знае... може дори да върви с безплатен скелет."
"4_intro_base_near_church_9","Ха-ха... много смешно! Невероятен си!"
"4_intro_base_village_1","Стой там. Никой не минава."
"4_intro_base_village_2","Не и докато кметът не каже друго."
"4_intro_base_waking_1","Мисля, че това е нашият знак."
"4_intro_base_waking_2","Ще те чакам при моргата."
"40_village_fishing_bring","Много риба в морето"
"40_village_fishing_catfish_1","Здравей."
"40_village_fishing_catfish_10","Това би било страхотно!"
"40_village_fishing_catfish_11","А в замяна можем да те научим да правиш нова стръв за риболов."
"40_village_fishing_catfish_12","Сделка."
"40_village_fishing_catfish_2","Почти хванахме такъв огромен сом!"
"40_village_fishing_catfish_3","Това беше най-големият сом на света!"
"40_village_fishing_catfish_4","... Почти?"
"40_village_fishing_catfish_5","Да, даже му видяхме мустаците и всичко останало!"
"40_village_fishing_catfish_6","Мисля, че той иска да каже — не сме го хванали."
"40_village_fishing_catfish_7","Но... но... добре де, не сме."
"40_village_fishing_catfish_8","Но само защото нямахме достатъчно здрава риболовна корда!"
"40_village_fishing_catfish_9","Мога да ти намеря по-здрава корда."
"40_village_fishing_line_1","Ето нова риболовна корда."
"40_village_fishing_line_2","Пази се, господин Сом — сега вече ще те хванем!"
"40_village_fishing_line_3","Ще направим страхотна супа от него..."
"40_village_fishing_line_4","Супа?! Мислех, че ще го изпържим."
"40_village_fishing_line_5","Момчета? Ами стръвта?"
"40_village_fishing_line_6","О, вярно. Както обещахме."
"41_forest_bonfire_food","Вкусотии"
"41_forest_bonfire_food_1","Ето!"
"41_forest_bonfire_food_2","О, много ти благодаря."
"41_forest_bonfire_food_3","Сега вече определено е купон!"
"41_forest_bonfire_food_4","Обещахме награда."
"41_forest_bonfire_food_5","Какво ще кажеш за рецепта за войнишка супа и ейл?"
"41_forest_bonfire_food_6","Звучи страхотно!"
"41_forest_bonfire_food_7","Тогава решено."
"41_forest_bonfire_guards_1","Здравей."
"41_forest_bonfire_guards_2","Здравейте, здравейте! Добре дошъл на скромното ни празненство."
"41_forest_bonfire_guards_3","Вие просто... седите тук?"
"41_forest_bonfire_guards_4","Да. И си прекарваме страхотно!"
"41_forest_bonfire_guards_5","Има ли шанс да получим нещо за ядене или пиене?"
"41_forest_bonfire_guards_6","Съжалявам, но нямаме нищо подобно."
"41_forest_bonfire_guards_7","О, няма проблем. Мога да ви донеса нещо!"
"41_forest_bonfire_guards_8","Това би било чудесно!"
"41_forest_bonfire_guards_9","Не сме много богати, но ще се опитаме да те възнаградим с нещо."
"42_crossroad_nun_donkey","Монахинята с косматия задник"
"42_crossroad_nun_donkey_1","Доставка на трупове."
"42_crossroad_nun_donkey_10","Трябват ми тези тела, за да им осигуря покой."
"42_crossroad_nun_donkey_11","Виждам два проблема. Гробището ти... и онова животно."
"42_crossroad_nun_donkey_12_a","Моето гробище?"
"42_crossroad_nun_donkey_12_a_1","Какво му е на гробището ми?"
"42_crossroad_nun_donkey_12_a_10","Добре. Ще ти давам по няколко веднъж седмично. Най-нещастните от всички."
"42_crossroad_nun_donkey_12_a_11","Ела всеки <sprite name=""day_wrath""> и ги вземи."
"42_crossroad_nun_donkey_12_a_2","Неописуемо е! Във всяко друго отношение е чудесно."
"42_crossroad_nun_donkey_12_a_3","Хей, аз току-що започнах! Нужно е време!"
"42_crossroad_nun_donkey_12_a_4","Не разбираш... Всички живи са грешници. — Прокълнати!"
"42_crossroad_nun_donkey_12_a_5","Но мъртвите... те са благословени. Както и всичките ми бедни сестри."
"42_crossroad_nun_donkey_12_a_6","Сега останах само аз... и мой дълг е не само да наказвам живите, но и да се моля за мъртвите."
"42_crossroad_nun_donkey_12_a_7","Значи е нещо лично?"
"42_crossroad_nun_donkey_12_a_8","Това е моята съдба! А твоята е да направиш гробището по-хубаво място, където те да намерят покой."
"42_crossroad_nun_donkey_12_a_9","Но как да го направя без пресни трупове?"
"42_crossroad_nun_donkey_12_b","Проблемът с магарето"
"42_crossroad_nun_donkey_12_b_1","Какъв е проблемът с магарето? То е добро в доставянето на трупове."
"42_crossroad_nun_donkey_12_b_10","Под нас се намира древна крипта. В центъра ѝ има кладенец."
"42_crossroad_nun_donkey_12_b_11","Говори се, че водата му е свещена... достатъчно силна, за да победи дори тази животинска воня."
"42_crossroad_nun_donkey_12_b_12","Поправи го и може да позволя на създанието ти да се занимава с труповете."
"42_crossroad_nun_donkey_12_b_13","Водата си е вода. Наистина ли трябва да пълзя в крипта заради това?"
"42_crossroad_nun_donkey_12_b_14","Споменах ли, че твоето животно се облекчава навсякъде по свещената ми земя?"
"42_crossroad_nun_donkey_12_b_15","А познай кой после търка камъните?"
"42_crossroad_nun_donkey_12_b_16","Може би сред доказателствата ще намериш семена от моркови."
"42_crossroad_nun_donkey_12_b_17","Кааааакво?"
"42_crossroad_nun_donkey_12_b_18","Нищо. Ще поправя свещения ти кладенец."
"42_crossroad_nun_donkey_12_b_2","Не, не... то беше в пророческото ми видение!"
"42_crossroad_nun_donkey_12_b_3","Но щом поправя гробището, труповете ще трябва да пристигат много по-бързо..."
"42_crossroad_nun_donkey_12_b_4","А нашият дългоух приятел е от решаващо значение за това."
"42_crossroad_nun_donkey_12_b_5","Знаеш ли... може би заслужава тази тежка работа. Даже ще ми е приятно да го гледам как носи нещо тежко."
"42_crossroad_nun_donkey_12_b_6","И все пак неговата отвратителна мръсотия продължава да осквернява това място за вечен покой."
"42_crossroad_nun_donkey_12_b_7","Имам нужда от вода, за да почистя всичко след него."
"42_crossroad_nun_donkey_12_b_8","Какъв е проблемът? На няколко метра има цяла река."
"42_crossroad_nun_donkey_12_b_9","Тази река е мръсна. Виждал съм твоето животно да пие от нея. С доволство."
"42_crossroad_nun_donkey_2","Приятелят ми каза, че вече носиш мъртви тела тук."
"42_crossroad_nun_donkey_3","Да! Това е пророчеството! Свещен знак ме доведе на това място."
"42_crossroad_nun_donkey_4","Тези грешници просто изхвърляха мъртвите си през стената..."
"42_crossroad_nun_donkey_5","Да, така работят нещата. Те ги изхвърлят... магарето ги взема..."
"42_crossroad_nun_donkey_6","Не! Не това мръсно животно! Виждала съм го във виденията си. Той е Пратеник на мрака!"
"42_crossroad_nun_donkey_7","Успокой се, вече не е комунист... Освен това труповете просто ще изгният тук."
"42_crossroad_nun_donkey_8","Не, няма! На този кръстопът те не изгниват! Вероятно заради мен."
"42_crossroad_nun_donkey_9","Тук вече са се събрали много... Може би защото някой не си върши работата както трябва!"
"42_crossroad_nun_supplies_1","Ето ти принадлежностите за писане..."
"42_crossroad_nun_supplies_2","Знаеш ли, некадърността ти всъщност ми направи услуга."
"42_crossroad_nun_supplies_3","Докато чаках, имах предостатъчно време да наблюдавам и да мисля!"
"42_crossroad_nun_supplies_4","Значи предполагам, че трябва да ти... благодаря."
"42_crossroad_nun_supplies_5","Разбира се... с удоволствие..."
"42_crossroad_nun_writing","Монахински работи"
"43_astrologer_pr_church_1","Хей... Пссс..."
"43_astrologer_pr_church_2","О, здравей, Гюнтер. Какво правиш тук?"
"43_astrologer_pr_church_3","Шшт! Тихо! Забеляза ли нещо странно по време на церемонията?"
"43_astrologer_pr_church_4","Да... събраха се много по-малко хора, отколкото се надявах."
"43_astrologer_pr_church_5","Точно така. И знам защо... А още по-важното е, че знам как да го поправя."
"43_astrologer_pr_church_6","Слушам те внимателно."
"43_astrologer_pr_church_7","Не тук. По-добре да не ни виждат заедно."
"43_astrologer_pr_church_8","Срещни ме в моето Светилище на предсказанията. Ще поговорим там."
"43_astrologer_pr_church_9","Добре, ще дойда."
"43_astrologer_pr_tower","Проблеми с паството"
"43_astrologer_pr_tower_1","Проблем в църквата"
"43_astrologer_pr_tower_10","Стражите на стената буквално гледат как зомбитата ти се грижат за озеленяването."
"43_astrologer_pr_tower_11","Май никога не съм го поглеждал от тази страна..."
"43_astrologer_pr_tower_12","Разбираш ли? Ти си героят! Проповедникът! Последната надежда на цивилизацията... и човекът с немъртвите помощници."
"43_astrologer_pr_tower_13","Объркващо е. Хората лесно изпадат в паника. И вече започват да изпадат в паника."
"43_astrologer_pr_tower_14","Добре... мога да ги скрия. Под земята."
"43_astrologer_pr_tower_15","Добро начало. Но не е достатъчно. Хората обичат клюките и тревогите."
"43_astrologer_pr_tower_16","Какво предлагаш?"
"43_astrologer_pr_tower_17","Знаеш ли, преди да се захвана с цялата тази мистична пророческа работа, бях най-добрият писател в кралството."
"43_astrologer_pr_tower_18","Мога да бъда твоят Майстор на рекламата!"
"43_astrologer_pr_tower_19","Защото точно от намаляване на паниката имаш нужда. "
"43_astrologer_pr_tower_2","Значи знаеш ли защо последния път на службата за <sprite name=""day_wrath""> дойдоха по-малко хора?"
"43_astrologer_pr_tower_20","Добре, схванах шегата... не е лоша!"
"43_astrologer_pr_tower_21","Чакай... каква шега?"
"43_astrologer_pr_tower_22","Няма значение."
"43_astrologer_pr_tower_23","Неща за рекламата?"
"43_astrologer_pr_tower_24","И как ще работи това?"
"43_astrologer_pr_tower_25","Откакто бях дете, винаги съм жадувал за вниманието на хората."
"43_astrologer_pr_tower_26","Докато не научих най-добрия начин да го получа..."
"43_astrologer_pr_tower_27","Може ли да прескочим трагичната част с предисторията?"
"43_astrologer_pr_tower_28","Разбира се, ти си шефът. И за твой късмет, всъщност вярвам, че си един от добрите."
"43_astrologer_pr_tower_29","А иначе?"
"43_astrologer_pr_tower_3","О, да, знам... Нека проверя дали днес е подходящ ден да ти кажа..."
"43_astrologer_pr_tower_30","Е, Кодексът на астролога не ми позволява да лъжа хората."
"43_astrologer_pr_tower_31","Но понеже съм аз, ще се примириш с... полуистини?"
"43_astrologer_pr_tower_32","Точно така! Достатъчно истина, за да продадеш историята."
"43_astrologer_pr_tower_33","Та... ето какво ми трябва: няколко специални хипнотични устройства."
"43_astrologer_pr_tower_34","Какви устройства? Къде да ги намеря?"
"43_astrologer_pr_tower_35","Добрата новина е, че продавам точно това, от което ще имаш нужда... на невероятна отстъпка!"
"43_astrologer_pr_tower_36","Разбира се. Започвам да се съмнявам, че изобщо ще проработят."
"43_astrologer_pr_tower_37","Затова ще трябва да ги занесеш вкъщи... и да вложиш малко Вяра в тях."
"43_astrologer_pr_tower_38","О, и ако имаш подходящите материали у себе си... можеш дори да направиш няколко тук."
"43_astrologer_pr_tower_39","Ще те оставя насаме."
"43_astrologer_pr_tower_4","Ммм, звездите са леко раздразнени... но както и да е. Да поговорим."
"43_astrologer_pr_tower_5","Е?"
"43_astrologer_pr_tower_6","Зомбитата. Немъртвите. Схващаш ли накъде бия?"
"43_astrologer_pr_tower_7","Да, градът гъмжи... буквално се бия с тях!"
"43_astrologer_pr_tower_8","Точно така... нека поясня. Хората са започнали малко да се тревожат за немъртвите помощници, които работят на гробището ти."
"43_astrologer_pr_tower_9","Знаеш, че сме сплотена общност... хората говорят. Това може да не е толкова очевидно от твоята гледна точка."
"43_astrologer_pre_ceremony","Церемония за Гюнтер"
"44_port_violine_1","Ето малко боя."
"44_port_violine_10","Това е разумно."
"44_port_violine_11","Всъщност познавам... някого, който може да свири... но все още ми трябва инструмент. Цигулка."
"44_port_violine_12","О, не. Ще ми отнеме цяла вечност да се науча да направя такава..."
"44_port_violine_13","Няма нужда да правиш. Просто ми донеси една и ще изсвиря нещо."
"44_port_violine_14","Беше на най-добрата ми приятелка Алекста. За съжаление, тя вече няма нужда от нея."
"44_port_violine_15","А цигулката ѝ е... къде?"
"44_port_violine_16","Зловещият ѝ брат все още я пази. Той е лекар. Защо най-милите момичета винаги имат странни братя?"
"44_port_violine_17","Брат ѝ?"
"44_port_violine_18","Да, мисля, че живее някъде под Града. Разпитай наоколо. Надявам се още да е жив..."
"44_port_violine_19","Да... познавам го. Още е жив, просто постоянно кашля."
"44_port_violine_2","Намерих боя, която подхожда на клуба ти."
"44_port_violine_20","Перфектно! Донеси ми цигулката и тогава ще можем да поговорим за нови граждани."
"44_port_violine_21","Хмм... имахме сделка, а сега я променяш? Какво стана с това да бъдеш почтена жена?"
"44_port_violine_22","О, миличък, аз определено не съм такъв тип жена... Хи-хи..."
"44_port_violine_23","Но мога да бъда добра с теб... след като ми донесеш тази цигулка."
"44_port_violine_3","О, колко мило. Харесвам мъжете, които държат на думата си!"
"44_port_violine_4","Добре... защото аз съм такъв. "
"44_port_violine_5","Та... можем ли най-сетне да поговорим за привличането на още хора в Града?"
"44_port_violine_6","Да и не. Боята ще помогне за вида... но музиката..."
"44_port_violine_7","Чакай. Тук няма ли музика?"
"44_port_violine_8","Точно така! Няма музика... а хората обичат музиката."
"44_port_violine_9","Проблемът е, че не са останали много музиканти. Да мъкнеш тези неудобни инструменти затруднява бягството от немъртвите."
"45_guards_reading_1","Дай романтичния роман."
"45_guards_reading_10","Не! Никой от войниците не бива да знае! Ще бъде унизително."
"45_guards_reading_11","Само ако..."
"45_guards_reading_12","Хей, случайно да познаваш жената, която живее на кръстопътя, в къщата при разрушения кладенец?"
"45_guards_reading_13","Монахинята? Сестра Агата?"
"45_guards_reading_14","Да. Чувал съм я да се моли. Гласът ѝ е... доста приятен."
"45_guards_reading_15","Сестра Агата има приятен глас?"
"45_guards_reading_16","Можеш ли да я помолиш да ми го прочете?"
"45_guards_reading_17","Трябва да е в наистина добро настроение, за да се съгласи."
"45_guards_reading_18","Но добре... мога да опитам."
"45_guards_reading_2","Ето ти романа. Дано ти хареса."
"45_guards_reading_3","Благодаря. Ще е хубаво най-сетне да го сложа на рафта... може би някой ден дори ще го прочета."
"45_guards_reading_4","Защо не го прочетеш сега? Защо да го отлагаш? Животът е кратък."
"45_guards_reading_5","Да... само дето не мога да чета."
"45_guards_reading_6","Чакай... какво? Не можеш да четеш? Ти си почти генерал!"
"45_guards_reading_7","Казах ти... бях просто сержант. Сега отговарям за всичко!"
"45_guards_reading_8","Слава богу за картите и малките дървени фигурки. Но нещо с истински думи? Не."
"45_guards_reading_9","Хе-хе, може би има някой, който да те научи? Или поне да ти прочете проклетата книга?"
"45_guards_reading_book","Хърбърт и?"
"46_pre_A_fights_1","Нашият военен план"
"46_pre_A_fights_10","Дано така да не е толкова претъпкано, колкото площадът при моста."
"46_pre_A_fights_11","Но дотогава трябва да разузнаем площада, района близо до главната порта."
"46_pre_A_fights_12","А под „ние“, разбира се, имам предвид теб... Най-добре да сме подготвени."
"46_pre_A_fights_13","Добре, разбрах основния план."
"46_pre_A_fights_14","И поговори с момчетата ми при барикадите."
"46_pre_A_fights_15","Хората на земята често имат най-добрата информация."
"46_pre_A_fights_16","Кои момчета?"
"46_pre_A_fights_17","Вече разположих стражи на ключови позиции."
"46_pre_A_fights_18","Ние... Ти ще напреднеш от тези точки."
"46_pre_A_fights_19","Лесно ще ги забележиш."
"46_pre_A_fights_2","Пристанището засега е безопасно. Има много за възстановяване."
"46_pre_A_fights_20","Просто търси група намусени момчета, застанали около синьо знаме."
"46_pre_A_fights_21","Хе-хе, тези червени знамена винаги правят хората намусени."
"46_pre_A_fights_3","Но мисля, че... можем да продължим напред."
"46_pre_A_fights_4","Така ли мислиш?"
"46_pre_A_fights_5","Този път имахме късмет, че нещата се развиха в наша полза."
"46_pre_A_fights_6","Тази част на града беше доста изолирана. Останалата все още гъмжи от зомбита."
"46_pre_A_fights_7","Но си прав... трябва да разчистим път до следващия канал."
"46_pre_A_fights_8","Онзи, където се срещнахме за първи път? Можем да обезопасим площада."
"46_pre_A_fights_9","Точно така. Но следващия път трябва да атакуваме откъм пристанището."
"47_after_A2_2_fights_1","Колко странно... да тичаш напред, вместо назад."
"47_after_A2_2_fights_10","За да се заяждам."
"47_after_A2_2_fights_11","Защо? Заинтересува ли се?"
"47_after_A2_2_fights_12","Не, не... прекалено стар съм за такива неща."
"47_after_A2_2_fights_13","Както и да е, обратно към военните дела..."
"47_after_A2_2_fights_14","Слушам те."
"47_after_A2_2_fights_15","Основната орда е на запад... заела е две главни улици в района."
"47_after_A2_2_fights_16","Много са. Най-разумно е първо да разчистим площада при портата."
"47_after_A2_2_fights_17","Така ще отделим ордата от останалата част на града."
"47_after_A2_2_fights_18","Но, разбира се — ти решаваш."
"47_after_A2_2_fights_19","Благодаря, Хърбърт."
"47_after_A2_2_fights_2","Хайде, да превземем онази нова барикада."
"47_after_A2_2_fights_20","На твоите услуги."
"47_after_A2_2_fights_3","Добра работа. Но не завиждам на горкия нещастник, който ще трябва да възстанови всичко това."
"47_after_A2_2_fights_4","Не ми напомняй..."
"47_after_A2_2_fights_5","Хей, момчета."
"47_after_A2_2_fights_6","Толкова много място... Наистина можем отново да задвижим нещата."
"47_after_A2_2_fights_7","Магазини... пекарни..."
"47_after_A2_2_fights_8","Познаваш ли онова момиче?"
"47_after_A2_2_fights_9","Това е Линда... тя държи клуб на пристанището."
"47_pre_A2_2_fights_1","Мисля, че видяхме всичко, което трябваше да видим."
"47_pre_A2_2_fights_2","Да... още има предостатъчно от тях наоколо."
"47_pre_A2_2_fights_3","Но основната орда е на запад."
"47_pre_A2_2_fights_4","Ще разчистим този район и ще преместим барикадите още нататък. Готови ли сте?"
"47_pre_A2_2_fights_5","Готови сме."
"47_pre_A2_2_fights_6","Добре, че мостът от тази страна все още е блокиран с барикада."
"47_pre_A2_fights_1","Хей, момчета... Как върви дежурството?"
"47_pre_A2_fights_10","Вдигнете малко шум и вижте какво ще изпълзи. Така няма да има изненади."
"47_pre_A2_fights_11","Благодаря. Това е разумен подход."
"47_pre_A2_fights_2","Добре е, господине. Провизиите са по-добри, откакто отново се разбираме със селяните."
"47_pre_A2_fights_3","От стената видях как отблъснахте онези немъртви!"
"47_pre_A2_fights_4","Това е само началото."
"47_pre_A2_fights_5","Как мислите — можем ли да напреднем оттук и да завземем още територия?"
"47_pre_A2_fights_6","Трудно е да се каже... Не изглежда много от тях да са стигнали дотук."
"47_pre_A2_fights_7","Но с тези гадове никога не се знае. Възможно е да гъмжат във всяка от тези къщи."
"47_pre_A2_fights_8","И така, какъв е най-добрият ход?"
"47_pre_A2_fights_9","Първо разузнаване. "
"47_pre_A2_fights_before_1","Дано не се обърка"
"48_after_A3_fights_1","Бързо! Трябва да укрепим мостовете!"
"48_after_A3_fights_10","Да, ще поговоря с него."
"48_after_A3_fights_11","Той все пак обеща да ме научи на някои механични умения."
"48_after_A3_fights_12","Ти си човек с много таланти."
"48_after_A3_fights_13","Сгреших за теб, когато се срещнахме за първи път..."
"48_after_A3_fights_14","Благодаря, Хърбърт."
"48_after_A3_fights_2","Дай ми минутка... Някъде наоколо съм скрил няколко бутилки."
"48_after_A3_fights_3","Да се надяваме само, че немъртвите не са ценители на виното..."
"48_after_A3_fights_4","Трябва да намериш тези бутилки, човече! Мога да ги задържа без теб... за известно време."
"48_after_A3_fights_5","О... моята работилница... скъпата ми работилница..."
"48_after_A3_fights_6","И така, върнахме се там, откъдето започна всичко."
"48_after_A3_fights_7","О, неее... Какво са ѝ направииили?!"
"48_after_A3_fights_8","Хе-хе... може би трябва да успокоиш приятеля си."
"48_after_A3_fights_9","Той е добър човек... просто е малко емоционален. И пълен сноб."
"48_pre_A3_fights_1","Запомнящ се площад, господине... Тук ни поведохте в битка за първи път."
"48_pre_A3_fights_10","Този път ще сме готови."
"48_pre_A3_fights_2","Вярно е... но този път ще сме добре подготвени!"
"48_pre_A3_fights_3","Да... Сега площадът изглежда спокоен, но всички немъртви се крият в къщите."
"48_pre_A3_fights_4","Понякога излизат... влачейки разбитите врати като трофеи."
"48_pre_A3_fights_5","Хе-хе... да, наистина изглеждат малко смешно."
"48_pre_A3_fights_6","Не е толкова смешно, когато тези врати блокират стрелите ни..."
"48_pre_A3_fights_7","Сякаш стават по-умни."
"48_pre_A3_fights_8","Тогава и ние ще трябва да станем по-умни."
"48_pre_A3_fights_9","Укрепете центъра на площада, ударете камбаната... и чакайте."
"48_pre_A3_fights_before","Битка на площада"
"49_after_A4_2_fights_1","Чух, че всеки страж ще получи една от къщите тук."
"49_after_A4_2_fights_10","Мислиш ли, че тук има място за театър?"
"49_after_A4_2_fights_11","Нямам представа."
"49_after_A4_2_fights_12","Ще трябва сам да разбера."
"49_after_A4_2_fights_13","Между другото, сигурен ли си, че тук е безопасно?"
"49_after_A4_2_fights_14","По-сигурно няма накъде. Само побързай."
"49_after_A4_2_fights_15","Добър човек... просто прекалено много зависи от вниманието на другите."
"49_after_A4_2_fights_16","Обратно към работата. Все още трябва да се бием."
"49_after_A4_2_fights_17","Наскоро чух, че най-добрата защита е доброто нападение."
"49_after_A4_2_fights_18","Звучи логично..."
"49_after_A4_2_fights_19","Ще се срещнем в щаба и ще обсъдим следващия етап от плана."
"49_after_A4_2_fights_2","Побързай, искам онази в ъгъла... с хубав изглед към канала."
"49_after_A4_2_fights_3","Имаш предвид хубав изглед към ордата немъртви от другата страна на канала?"
"49_after_A4_2_fights_4","Ха-ха! Саааард..."
"49_after_A4_2_fights_5","Ще трябва да спрем дотук. Стигаме предела си."
"49_after_A4_2_fights_6","Какви ги говориш? По-силни сме от всякога!"
"49_after_A4_2_fights_7","Огледай се... всичко е в руини."
"49_after_A4_2_fights_8","Трябва да възстановим всичко."
"49_after_A4_2_fights_9","Ще го наречем ново начало... по-добро от предишното."
"49_pre_A4_2_fights_1","И така... последен напън?"
"49_pre_A4_2_fights_2","Последен засега, господине."
"49_pre_A4_2_fights_3","Просто си връщаме това, което неотдавна беше наше."
"49_pre_A4_2_fights_4","И няма да спрем."
"49_pre_A4_2_fights_5","Градът отново ще бъде наш!"
"49_pre_A4_fights_1","Хей, момчета... Как върви дежурството?"
"49_pre_A4_fights_10","Вие наистина си разбирате от работата."
"49_pre_A4_fights_2","Вдъхновени сме. Наистина се справяте добре там."
"49_pre_A4_fights_3","Понякога е трудно да удържаме тази позиция... Толкова много немъртви има от другата страна."
"49_pre_A4_fights_4","Добре, че имаме почивка всеки <sprite name=""day_sloth"">."
"49_pre_A4_fights_5","Но не се тревожете... ще ги задържим. Подгответе се колкото е необходимо."
"49_pre_A4_fights_6","И така, имате ли предложения?"
"49_pre_A4_fights_7","Мисля, че първо трябва да атакувате оттук... после да се оттеглите."
"49_pre_A4_fights_8","Да, прекалено много са, за да ги смажем наведнъж."
"49_pre_A4_fights_9","После ги ударете отново откъм площада... нападнете ги в гръб."
"49_pre_A4_fights_before_1","Улични битки"
"493_dev_playground_test","Качество: %1"
"5_intro_graveyard_autopsy_1","Значи това е моргата."
"5_intro_graveyard_autopsy_10","Полудя ли? Как изобщо ти хрумват такива неща?"
"5_intro_graveyard_autopsy_11","Много по-добър план би бил да вземем всичко от джобовете му!"
"5_intro_graveyard_autopsy_12","Искам да кажа, изглежда си е съвсем добре."
"5_intro_graveyard_autopsy_13","Сигурен съм, че рано или късно ще разберем как се прави аутопсия."
"5_intro_graveyard_autopsy_14","О, виж - тук всъщност има книга точно за това!"
"5_intro_graveyard_autopsy_15","Добре, вземи тялото и ме следвай."
"5_intro_graveyard_autopsy_2","Откъде знаеш?"
"5_intro_graveyard_autopsy_3","Докато спеше, пораздвижих малко костите си."
"5_intro_graveyard_autopsy_4","Сега сложи тялото на масата за аутопсия."
"5_intro_graveyard_autopsy_5","Как успя да изгубиш тялото още сега? Върви да го вземеш!"
"5_intro_graveyard_autopsy_6","И сега какво?"
"5_intro_graveyard_autopsy_7","Нямам представа."
"5_intro_graveyard_autopsy_8","Щом всички гладуват..."
"5_intro_graveyard_autopsy_9","... може да отрежем парче и да го продадем?"
"5_intro_graveyard_burial_1","Хей, къде е тялото? Върни го!"
"5_intro_graveyard_burial_10","Браво. Сега можем да занесем това свидетелство на Главата на стражата."
"5_intro_graveyard_burial_2","Можеш да го погребеш тук..."
"5_intro_graveyard_burial_3","Трябва да проявим малко уважение."
"5_intro_graveyard_burial_4","Не е редно просто да го хвърлим в някаква дупка."
"5_intro_graveyard_burial_5","Трябва му някакъв надгробен камък... или поне надгробен кръст."
"5_intro_graveyard_burial_6","Можеш да използваш каквото намериш в онзи сандък."
"5_intro_graveyard_burial_7","Само не забравяй лопатата..."
"5_intro_graveyard_burial_8","Сега сложи надгробния кръст на гроба..."
"5_intro_graveyard_burial_9","Не е кой знае какво, но ще свърши работа..."
"5_intro_graveyard_donkey_1","Аз съм уважавано, изтъкнато, магическо животно!"
"5_intro_graveyard_donkey_10","Добре, грабвай тялото и ме следвай."
"5_intro_graveyard_donkey_2","И какво искат от мен? Да пренасям мъртви тела."
"5_intro_graveyard_donkey_3","В този свят няма никакво чувство за справедливост."
"5_intro_graveyard_donkey_4","За магаре имаш доста богат речник..."
"5_intro_graveyard_donkey_5","Май ме обзема дежа вю."
"5_intro_graveyard_donkey_6","Какво казваше за справедливостта?"
"5_intro_graveyard_donkey_7","Няма значение, всъщност съм щастлив, че изобщо върша някаква работа."
"5_intro_graveyard_donkey_8","Много по-добре е от това да се превърна в месо за обяд."
"5_intro_graveyard_donkey_9","Като стана дума, донесох ти един труп. Трябва да бъде погребан."
"50_pre_S1_fights_1","Хей, момчета. Забелязвате ли нещо странно долу?"
"50_pre_S1_fights_10","Чудесно! Тези мародери ни дават процент. Хи-хи."
"50_pre_S1_fights_2","Нищо необичайно... само обичайното ръмжене и влачене на крака."
"50_pre_S1_fights_3","Добре, че не знаят как се използват стълби."
"50_pre_S1_fights_4","Да, тук горе сме сравнително в безопасност... Дежурството тук почти изглежда като привилегия."
"50_pre_S1_fights_5","Жалко за мен, но ще трябва да сляза долу."
"50_pre_S1_fights_6","Като ти се ходи, няма как."
"50_pre_S1_fights_7","Само внимавай... долу е лабиринт. Свързва всички части на града."
"50_pre_S1_fights_8","Точно затова трябва да го разчистя."
"50_pre_S1_fights_9","За да е по-безопасно за всички."
"50_pre_S1_fights_before","Битки в канализацията"
"51_crossroad_fixed_better_corpse_1","По-добър труп"
"51_crossroad_fixed_better_corpse_2","Какво точно прави един труп по-добър?"
"51_crossroad_fixed_better_corpse_3","Мога да се моля по-усърдно, преди да ти ги изпратя... Тогава ще имат повече <sprite name=""skull"">."
"51_crossroad_fixed_better_corpse_4","Но в момента не ми се иска."
"51_crossroad_fixed_better_corpse_5","Освен ако..."
"51_crossroad_fixed_better_corpse_6","Освен ако какво?"
"51_crossroad_fixed_better_corpse_7","Освен ако не оправиш нещата наоколо."
"51_crossroad_fixed_better_corpse_8","По-хубавото място със сигурност ще направи молитвите ми по... ефикасни."
"51_crossroad_fixed_delivery_1","Доставка на трупове"
"51_crossroad_fixed_delivery_2","Добре... изглежда най-сетне изпълних всичките ти изисквания."
"51_crossroad_fixed_delivery_3","Изпълни ги."
"51_crossroad_fixed_delivery_4","Значи... магарето ми вече може да идва да събира пресни трупове?"
"51_crossroad_fixed_delivery_5","Може ли?"
"51_crossroad_fixed_delivery_6","Можеш да ме питаш всеки <sprite name=""day_wrath""> от колко трупа ще имаш нужда за седмицата."
"51_crossroad_fixed_delivery_7","Ако не промениш заявката, ще запазя същата бройка и качество."
"51_crossroad_fixed_delivery_8","Точно това исках да чуя."
"51_crossroad_fixed_graveyard_1","Поправих гробището."
"51_crossroad_fixed_graveyard_2","Гробището още е малко, но мисля, че изглежда добре."
"51_crossroad_fixed_graveyard_3","Разбира се, че е малко... и определено още не е добро."
"51_crossroad_fixed_graveyard_4","Става..."
"51_crossroad_fixed_graveyard_5","Необходими са знания, за да се поддържа гробище правилно и да се разкрие истинското му величие."
"51_crossroad_fixed_graveyard_6","Да... започвам да осъзнавам колко е сложно."
"51_crossroad_fixed_graveyard_7","За твой късмет, моят орден някога притежаваше такива знания."
"51_crossroad_fixed_path_1","Подземен път"
"51_crossroad_fixed_path_10","А аз гледах... безсилна да помогна..."
"51_crossroad_fixed_path_11","Добре, добре... разбира се, нямаше как да знаем..."
"51_crossroad_fixed_path_2","Поправих кладенеца ти. Свещената вода е възстановена... макар че мирише малко подозрително."
"51_crossroad_fixed_path_3","Добре... доста ми допада мисълта това мръсно магаре да изтърпи свещена баня."
"51_crossroad_fixed_path_4","Отсега нататък ще си мие копитата преди всяко посещение. Без изключения."
"51_crossroad_fixed_path_5","Да... звучи малко садистично."
"51_crossroad_fixed_path_6","Какво искаш да кажеш?"
"51_crossroad_fixed_path_7","Какво знаеш ти или магарето ти за страданието?"
"51_crossroad_fixed_path_8","Какво знаеш ти или магарето ти за болката..."
"51_crossroad_fixed_path_9","Болка... можеш ли да си представиш болката на моите благословени сестри — изгарящи живи?"
"51_crossroad_fixed_path_before_1","Попитай за пътя"
"51_crossroad_fixed_path_before_2","Можеш ли да ми припомниш какво трябва да правя под земята?"
"51_crossroad_fixed_path_before_3","О, Господи... ти искаше отломките да бъдат разчистени."
"51_crossroad_fixed_path_before_4","За да мога да използвам водата от свещения кладенец."
"52_village_pass_forest_1","Пропуск за гората"
"52_village_pass_forest_2","Можеш ли да попиташ Джули за пропуска за гората?"
"52_village_pass_forest_3","О, да, ето — Джули ме помоли да ти го дам."
"52_village_pass_forest_4","Благодаря... Кажи му... че ще гласувам за него."
"52_village_pass_papers_1","Попитай за документите."
"52_village_pass_papers_10","Може да е малко драматичен, разбира се... но не мисля, че е чак толкова зле."
"52_village_pass_papers_11","Лесно ти е да го кажеш. Можеш да идваш и да си тръгваш, когато поискаш."
"52_village_pass_papers_12","Аз съм този, който трябва да стои тук и да се оправя с... ръководството му."
"52_village_pass_papers_13","Преди беше добре... докато цялата тази работа с „властта“ не му завъртя главата."
"52_village_pass_papers_14","Просто ми дай документа. Аз ще се погрижа."
"52_village_pass_papers_15","КАКВО?!"
"52_village_pass_papers_16","ВРЕМЕНЕН?!"
"52_village_pass_papers_17","ИЗБОРИ?!"
"52_village_pass_papers_18","... Прие го изненадващо добре."
"52_village_pass_papers_19","Да, чух."
"52_village_pass_papers_2","Хей, Януариус... може да има проблем с документите за кмета."
"52_village_pass_papers_20","Както и да е, нека му дадем малко време да се успокои."
"52_village_pass_papers_21","Ще ти кажа, когато Джули е готов да говори за изборите."
"52_village_pass_papers_22","Разбира се, отдели си колкото време ти е нужно."
"52_village_pass_papers_23","Имам достатъчно други грижи освен политиката."
"52_village_pass_papers_3","Хмм... На мен ми изглеждат наред."
"52_village_pass_papers_4","Виждаш ли думата „временен“ на тях?"
"52_village_pass_papers_5","А... да. Това е... неудобно."
"52_village_pass_papers_6","Джули няма да е във възторг."
"52_village_pass_papers_7","Точно така. Пощенската кутия каза, че ни трябват избори, за да стане официално."
"52_village_pass_papers_8","Хмм... Знаеш ли какво? Това всъщност може да е много добре!"
"52_village_pass_papers_9","Изборите най-сетне могат да ни освободят от малката диктатура на Джули."
"53_forest_pass_1","Покажи пропуска."
"53_forest_pass_10","Кой е Ханс?"
"53_forest_pass_11","Той е стар миньор. Живее в гората."
"53_forest_pass_12","Той и приятелят му Свен правеха най-добрия домашен алкохол."
"53_forest_pass_13","Чакай... Свен? Мислех, че той е водачът на разбойниците."
"53_forest_pass_14","Не, не, разбойниците убиха Свен. Сега водачът им е Робърт."
"53_forest_pass_15","Мноооого интересно..."
"53_forest_pass_16","Миньорът?"
"53_forest_pass_17","Защо миньор живее в гората?"
"53_forest_pass_18","Защото там има стара изоставена мина."
"53_forest_pass_19","И дъскорезница."
"53_forest_pass_2","Еха... това истински пропуск за гората ли е?"
"53_forest_pass_20","И тя ли е изоставена?"
"53_forest_pass_21","Очевидно."
"53_forest_pass_22","Чакай... ти вече бил ли си в гората?"
"53_forest_pass_23","Ооо! Знаех си... знаех, че има начин!"
"53_forest_pass_24","Ханс ни каза, че мините са свързани с тъмниците на Инквизитора."
"53_forest_pass_25","Пссс! Млъкни!"
"53_forest_pass_26_a","Ханс и останалите"
"53_forest_pass_26_a_1","Този Ханс звучи като забавен човек. Къде мога да го намеря?"
"53_forest_pass_26_a_2","Има лагер малко по-надолу по пътя."
"53_forest_pass_26_a_3","Точно преди моста към другата страна на реката."
"53_forest_pass_26_a_4","Да... мостът към прокълнатото блато!"
"53_forest_pass_26_b","Блатото?"
"53_forest_pass_26_b_1","Мислех, че там преди е имало езеро."
"53_forest_pass_26_b_2","Пффф. Имаше езеро. По времето на Древния бог."
"53_forest_pass_26_b_3","После някой прокопал канал до морето... и го отводнил напълно."
"53_forest_pass_26_b_4","Сега е просто едно смрадливо блато."
"53_forest_pass_3","Хей, ела тук... виж това! Този човек има пропуск за гората!"
"53_forest_pass_4","Човече, толкова ти завиждам. Всички тези сочни гъби само чакат да бъдат набрани..."
"53_forest_pass_5","И какво те спира да отидеш?"
"53_forest_pass_6","Нямаме пропуск."
"53_forest_pass_7","Освен това, знаеш... малко се страхуваме от призрачни убийци и разбойници."
"53_forest_pass_8","Изобщо виждал ли си някой от тях?"
"53_forest_pass_9","Не... но Ханс ни каза."
"53_forest_pass_return","Пропуск за гората"
"54_forest_bandits_1","Здравейте, вие ли сте Ханс?"
"54_forest_bandits_10","Кой насрочва срещи в блато?"
"54_forest_bandits_11","Трябва ми достъп до старата мина."
"54_forest_bandits_12","Изглеждаш като миньор... останало ли е още желязо долу?"
"54_forest_bandits_13","Абсолютно никакво. Желязо няма. Свърши."
"54_forest_bandits_14","Ханс, няма такова нещо като говорещ таралеж... малък лъжец!"
"54_forest_bandits_15","А кой, по дяволите, е този?"
"54_forest_bandits_16","О, той е пратеник от краля... помилвани сме!"
"54_forest_bandits_17","Не съм. Доколкото знам, вече няма крал."
"54_forest_bandits_18","Значи това означава... мога да ти избия душата!"
"54_forest_bandits_19","Всичко е наред, добре съм! Дай ми минутка. Или час. Може би два."
"54_forest_bandits_2","Кой пита?"
"54_forest_bandits_20_a","За блатото"
"54_forest_bandits_20_a_1","Трябва да премина моста към блатото."
"54_forest_bandits_20_a_10","Всички ме наричат Гробаря."
"54_forest_bandits_20_a_11","Правилно!"
"54_forest_bandits_20_a_12","Втори въпрос: Кой е любимият ти цвят?"
"54_forest_bandits_20_a_13","Черно."
"54_forest_bandits_20_a_14","Тъмнокафяво."
"54_forest_bandits_20_a_15","Тъмносиво."
"54_forest_bandits_20_a_16","Правилно!"
"54_forest_bandits_20_a_17","Добре, сега да преминем към третия въпрос."
"54_forest_bandits_20_a_18","Трети въпрос: "
"54_forest_bandits_20_a_19","Донеси ни кралско помилване от Кралската пощенска кутия!"
"54_forest_bandits_20_a_2","Не можеш без наше разрешение."
"54_forest_bandits_20_a_20","Чакай... това дори не е въпрос!"
"54_forest_bandits_20_a_21","Робърт задава третия въпрос. Но... днес не е особено в настроение за разговори."
"54_forest_bandits_20_a_22","Както и да е... без помилване няма преминаване."
"54_forest_bandits_20_a_3","Хмм... мисля, че мога."
"54_forest_bandits_20_a_4","Опитай... ще прережем моста, докато си още на него. Нали, Свен?"
"54_forest_bandits_20_a_5","Точно така! Без разрешение няма преминаване!"
"54_forest_bandits_20_a_6","Значи... има ли начин да получа разрешение?"
"54_forest_bandits_20_a_7","Да! Просто трябва да отговориш на три от въпросите ни!"
"54_forest_bandits_20_a_8","... Сериозно ли? Добре. Питайте."
"54_forest_bandits_20_a_9","Първи въпрос: Как се казваш?"
"54_forest_bandits_20_b","За мината"
"54_forest_bandits_20_b_1","Изобщо безопасно ли е да се използва мината?"
"54_forest_bandits_20_b_10","Да. Е, това е проблем."
"54_forest_bandits_20_b_11","Имаме експлозиви... Но няма да ти ги дадем!"
"54_forest_bandits_20_b_12","Не и докато не ни помогнеш да намерим съкровището си!"
"54_forest_bandits_20_b_13","Съкровище?"
"54_forest_bandits_20_b_14","Само Робърт знае къде е. А той... не е особено разговорлив череп."
"54_forest_bandits_20_b_15","Е, знам кого мога да попитам."
"54_forest_bandits_20_b_2","Няма начин. Наслагахме куп експлозиви долу."
"54_forest_bandits_20_b_3","Ханс. Кажи му истината."
"54_forest_bandits_20_b_4","Добре, добре... безопасно е. Просто забравихме да свалим предупредителните табели."
"54_forest_bandits_20_b_5","Да, но главният тунел е блокиран от скали."
"54_forest_bandits_20_b_6","Ще ти трябват експлозиви, за да го отвориш."
"54_forest_bandits_20_b_7","Добре... а откъде трябва да взема нещата за направата на експлозиви?"
"54_forest_bandits_20_b_8","В главния тунел. Долу има много сяра."
"54_forest_bandits_20_b_9","Но не мога да сляза долу без експлозиви."
"54_forest_bandits_3","Аз съм Гробарят. Живея горе на хълма, в старата база на Инквизитора."
"54_forest_bandits_4","И какво прави един Гробар в моята гора?"
"54_forest_bandits_5","Значи... ти си Ханс?"
"54_forest_bandits_6","Не, той е Ханс."
"54_forest_bandits_7","Ханс също иска да знае какво правиш тук."
"54_forest_bandits_8","Първо трябва да стигна до острова в блатото. Имам среща там."
"54_forest_bandits_9","А второ..."
"55_base_strike_10","Защо си щастлив? Толкова ли ти харесва работата?"
"55_base_strike_11","Не чак толкова... но вече мисля, че съм в безопасност."
"55_base_strike_12","Виждаш ли, сделката ни беше — ти ми помагаш, а аз ти давам Некрономикона."
"55_base_strike_13","Работата е там... че не го притежавам. Но познавам един човек, който може би знае къде е."
"55_base_strike_14","Хмм..."
"55_base_strike_15","Не, не ми пробутвай „хмм“... помни, че ти оплеска нещата. Всичко това с водното мъчение? Ти си виновен."
"55_base_strike_16","Значи сме квит..."
"55_base_strike_17","Май става. И кой е човекът?"
"55_base_strike_18","Добре, добре... Лари ме предупреди, че ще побеснееш, но приемаш го доста добре... ха-ха."
"55_base_strike_19","КОЙ Е ТОЗИ ЧОВЕК?!"
"55_base_strike_2","Уредих всичко със сестра Агата..."
"55_base_strike_20","Добре, добре... знаеш ли, имаш си характер, приятелю..."
"55_base_strike_21","Поетът... сега е астролог... нарича се Гюнтер."
"55_base_strike_22","Познавам го. Благодаря..."
"55_base_strike_23","Доста неловък избор на име. Веднъж познавах друг човек на име Гюнтер... "
"55_base_strike_24","Както и да е... обратно на работа."
"55_base_strike_3","Не е идеалното решение... но труповете ще продължат да идват."
"55_base_strike_4","И?"
"55_base_strike_5","... и можеш да продължиш да ги носиш."
"55_base_strike_6","Но?"
"55_base_strike_7","Да... оттук нататък трябва да миеш копитата си всеки път, когато отиваш да събираш труп."
"55_base_strike_8","И абсолютно никакво облекчаване на кръстопътя."
"55_base_strike_9","Ооо... по дяволите... беше на косъм. Добре!"
"55_base_strike_donkey","Гениалният господин Дон Магароте"
"56_forest_pardon_1","Дай кралското помилване"
"56_forest_pardon_10","Да, давай."
"56_forest_pardon_11","Между другото... обичаш ли сирене?"
"56_forest_pardon_12","Сирене?"
"56_forest_pardon_13","Да, днес намерихме една пита сирене. Стоеше на моста... просто се появи от нищото."
"56_forest_pardon_14","Жалко, че семейството ни има толкова трагична история с млечните продукти..."
"56_forest_pardon_15","Защо не. Изглежда вкусно."
"56_forest_pardon_16","Прояви интерес"
"56_forest_pardon_17","И така, сега, когато имаш помилването си... имаш ли големи планове?"
"56_forest_pardon_18","Е... ще набера малко гъби. За яхния."
"56_forest_pardon_19","Аз... още го обмислям."
"56_forest_pardon_2","Ето твоето кралско помилване."
"56_forest_pardon_20","Не, имам предвид като цяло... ще се върнеш ли в селото или нещо такова?"
"56_forest_pardon_21","Няма начин! Харесва ни тук. Спокойно е."
"56_forest_pardon_22","Добра идея."
"56_forest_pardon_23","О! И нека отворим магазин. Винаги съм искал да се пазаря!"
"56_forest_pardon_3","Чакай, защо не е на официална кралска хартия?"
"56_forest_pardon_4","Е, вече всъщност нямаме крал..."
"56_forest_pardon_5","Само временен, неизбран лидер."
"56_forest_pardon_6","Хей, познавам този човек... странния тип с дървената маска?"
"56_forest_pardon_7","Да. Много мил."
"56_forest_pardon_8","Опитваше се да бере нашите гъби, затова го прогонихме."
"56_forest_pardon_9","Значи сега мога да премина моста?"
"56_forest_pardon_bridge_try_1","Накъде си тръгнал?"
"56_forest_pardon_bridge_try_2","Какво, искаш да отсечем този мост, докато стоиш върху него?"
"56_forest_pardon_bridge_try_3","Спокойно, спокойно... само го разглеждам."
"57_forest_mine_before_1","Хм... има табела."
"57_forest_mine_before_2","Вътре има експлозивни капани. Не влизай. Ханс"
"57_forest_mine_before_3","Чудесно. Какво топло посрещане."
"57_forest_mine_before_4","Изглежда само Ханс може да ги обезвреди."
"57_forest_mine_before_continues_1","Не... Ако се срути, няма да получа никакво желязо."
"57_forest_mine_convince","Желязото ти пречи да видиш гората"
"57_forest_mine_larry_1","Съкровището на миньорите"
"57_forest_mine_larry_10","Трябва да го направим през нощта. Така е по-драматично."
"57_forest_mine_larry_11","Благодаря, Лари."
"57_forest_mine_larry_12","Само не забравяй да донесеш свещ. Искам да изглеждам възможно най-страховито."
"57_forest_mine_larry_2","Лари. Имам нужда от помощта на говорещ череп."
"57_forest_mine_larry_3","Това е доста конкретно. Каква е работата?"
"57_forest_mine_larry_4","Трябва да се преструваш на друг череп..."
"57_forest_mine_larry_5","Черепът на водач на разбойници... "
"57_forest_mine_larry_6","И да ги убедиш да ми дадат експлозивите си."
"57_forest_mine_larry_7","Хмм... изобщо приличаме ли си?"
"57_forest_mine_larry_8","Шегуваш се."
"57_forest_mine_larry_9","Черепът си е череп... макар че неговата брадичка може да е била по-изразена."
"57_forest_mine_larry_robert_1","Сложи свещ вътре."
"57_forest_mine_larry_robert_10","Винаги си бил толкова добър в това."
"57_forest_mine_larry_robert_11","Кхъ-кхъ... приятели мои!"
"57_forest_mine_larry_robert_12","Робърт! Видя ли, Свен! Казах ти, че може да говори!"
"57_forest_mine_larry_robert_13","О, Робърт, толкова ни липсваше..."
"57_forest_mine_larry_robert_14","Да, Свен е такъв скучник."
"57_forest_mine_larry_robert_15","Защото се уморявам от безкрайните ти глупости."
"57_forest_mine_larry_robert_16","Това не са глупости... нарича се „въображение“."
"57_forest_mine_larry_robert_17","Приятели, приятели... тук съм, за да ви кажа..."
"57_forest_mine_larry_robert_18","Трябва да дадете всичките си експлозиви..."
"57_forest_mine_larry_robert_19","... на моя добър приятел, Гробаря!"
"57_forest_mine_larry_robert_2","Добре, да го направим! Ще съм в чантата ти."
"57_forest_mine_larry_robert_20","Какво?! Няма начин! Той още не е намерил съкровището ни!"
"57_forest_mine_larry_robert_21","Да, къде е, Робърт? Ти си го скрил, нали?"
"57_forest_mine_larry_robert_22","Аз? Съкровището? Ъъ... да."
"57_forest_mine_larry_robert_23","Да. Дори не ни го показа."
"57_forest_mine_larry_robert_24","Да. Само ни каза, че е на сигурно място."
"57_forest_mine_larry_robert_25","Но то беше... метафора!"
"57_forest_mine_larry_robert_26","Истинското съкровище... беше нашето приятелство!"
"57_forest_mine_larry_robert_27","Това е нещото, което пазех на сигурно. А сега... е ваше!"
"57_forest_mine_larry_robert_28","Бъдете добри един към друг... приятели мои."
"57_forest_mine_larry_robert_29","... Всъщност това е доста красиво."
"57_forest_mine_larry_robert_3","Какво ти казах за това да го правим през нощта?"
"57_forest_mine_larry_robert_30","Да... когато Робърт беше още тук, наистина бяхме по-добри приятели."
"57_forest_mine_larry_robert_31","А сега и Гробарят е ваш приятел."
"57_forest_mine_larry_robert_32","Дайте му експлозивите!"
"57_forest_mine_larry_robert_33","Добре. За Робърт."
"57_forest_mine_larry_robert_34","Лари направо ги разбива. Време е да го вземем."
"57_forest_mine_larry_robert_35","Какво беше това...?"
"57_forest_mine_larry_robert_36","Няма значение."
"57_forest_mine_larry_robert_37","Прибери ме у дома... сега се чувствам толкова празен. Това изпълнение ми изтощи силите."
"57_forest_mine_larry_robert_4","Готов ли си, Лари?"
"57_forest_mine_larry_robert_5","Винаги!"
"57_forest_mine_larry_robert_6","Хей, той няма голяма брадичка! Лъжец такъв!"
"57_forest_mine_larry_robert_7","Да, да... "
"57_forest_mine_larry_robert_8","Ето ги — сега е твоят момент."
"57_forest_mine_larry_robert_9","Леле, наистина ми липсва да набивам хора..."
"58_port_supplies_1","Снабдяване на града"
"58_port_supplies_10","Добре, че изобретих конвейерните ленти и автоматизираните работни маси, преди да се появят зомбитата."
"58_port_supplies_11","Жалко, че загубихме всичко, когато това се случи."
"58_port_supplies_12","Загубили сме го? Ха! Нищо не е загубено. Ще си върна работилницата. Ще възстановя всичко."
"58_port_supplies_13","По-лесно е да се каже, отколкото да се направи..."
"58_port_supplies_14","Разбира се. Но съм достатъчно умен, за да не се страхувам от проблеми."
"58_port_supplies_15","Аз ще се погрижа за производствените планове в работилницата си."
"58_port_supplies_16","Но лесните неща? Е, те са твоя грижа."
"58_port_supplies_17","Лесните неща?"
"58_port_supplies_18","Да... Просто трябва да разчистиш всички онези немъртви варвари."
"58_port_supplies_19","Това беше сарказъм. Нали?"
"58_port_supplies_2","Донесох желязото, което поиска."
"58_port_supplies_20","Добре тогава. Май е време за малко лесни неща. "
"58_port_supplies_3","А, най-сетне... Знаеш ли, ти си единственият човек, на когото мога да се доверя!"
"58_port_supplies_4","А аз съм единствената надежда на този град..."
"58_port_supplies_5","Изглежда, че съм последният останал човек, който помни как се забива пирон."
"58_port_supplies_6","Знам как се..."
"58_port_supplies_7","Да, да, разбира се, че знаеш..."
"58_port_supplies_8","Но това, за което говорим, е малко по-сложно от пирони."
"58_port_supplies_9","Съвсем сам... поддържам крехкия пламък на цивилизацията жив."
"58_port_supplies_order","Работно време на работилницата"
"59_town_sewrena_1","Още ключове"
"59_town_sewrena_10","Точно така. Арена в канализацията — Севрена."
"59_town_sewrena_11","Ако разчистиш немъртвите там, това много ще помогне на бизнеса ми."
"59_town_sewrena_12","Ще съм ти много благодарен, а ти можеш да превърнеш тази благодарност в нещо по-ценно."
"59_town_sewrena_13","Това вече звучи като сделка, Дейви."
"59_town_sewrena_2","Виждам, че имаш нови поръчки за плячкосване, Дейви."
"59_town_sewrena_3","Да, търсенето расте заедно с Града."
"59_town_sewrena_4","А ти доста помагаш, като правиш канализацията по-безопасна за екипа ми."
"59_town_sewrena_5","Опитвам се. Но за да е честно, експедициите ми в канализацията трябва да са по-добре възнаградени."
"59_town_sewrena_6","Има логика. Да преследваш зомбита из безкрайни тунели не е особено ефикасно."
"59_town_sewrena_7","Долу има стар събирателен резервоар. Зомбитата обикновено се свличат в него."
"59_town_sewrena_8","Можеш да се справиш с всички на едно място, преди да се разпръснат из канализационната мрежа."
"59_town_sewrena_9","Искаш да кажеш, че някъде в канализацията има бойна арена?"
"6_intro_guards_burial","Свидетелството, моля."
"6_intro_guards_foreman_1","..."
"6_intro_guards_foreman_2","Нямаме много какво да предложим."
"6_intro_guards_foreman_3","Трябва ни всичко - буквално всичко."
"6_intro_guards_head_1","Покажи свидетелството за погребение."
"6_intro_guards_head_10","Бих казал, че вие, двамата чудаци, говорите на един и същ език."
"6_intro_guards_head_11","Това е добра новина."
"6_intro_guards_head_12","Радвам се да го чуя... особено предвид колко зле стоят нещата в момента."
"6_intro_guards_head_13","Останаха твърде малко хора... шепа стражи и отряд наемни мечоносци."
"6_intro_guards_head_14","Моралът е съвсем паднал..."
"6_intro_guards_head_15","Опитай се да ги развеселиш."
"6_intro_guards_head_16","Все пак говориш с инквизитор... и с Гробаря..."
"6_intro_guards_head_17","Може би по-хубаво гробище ще повдигне морала на горките души наоколо."
"6_intro_guards_head_18","Ти сериозно ли? Така де... всички скоро ще се озовем там..."
"6_intro_guards_head_19","Какво по дяволите... момчетата може наистина да оценят иронията!"
"6_intro_guards_head_2","Благодаря, че погреба мъртвеца..."
"6_intro_guards_head_20","Добре, стегни гробището... и ще ти дължа услуга."
"6_intro_guards_head_21","Сделка!"
"6_intro_guards_head_3","Проведох приятелски разговор с кмета."
"6_intro_guards_head_4","Той държи и селската таверна. Ще го намериш там."
"6_intro_guards_head_5","Пада си по приказки и разни суеверия, но занапред ще плаща добре за всяко погребение."
"6_intro_guards_head_6","Каза приказки? Мислиш ли, че ще знае как да призове фея?"
"6_intro_guards_head_7","Хех... да призове какво?"
"6_intro_guards_head_8","Една фея ми каза да я призова... за да спася света..."
"6_intro_guards_head_9","Хех... да, това звучи точно като нещо в неговия стил."
"60_port_workshop_1","Значи си върна работилницата. Щастлив ли си?"
"60_port_workshop_10","Но все още трябва да направя каквото трябва!"
"60_port_workshop_11","Какъв е проблемът?"
"60_port_workshop_12","За да поправя работилницата си... ми трябва работилницата ми!"
"60_port_workshop_13","А. Разбирам."
"60_port_workshop_14","Така ли? Чудесно. Тогава виждаш и че е пълна катастрофа. "
"60_port_workshop_15","Да започна от нулата... не е по вкуса ми."
"60_port_workshop_16","Е, имам стара работилница на Инквизитора под базата си. Може би мога да използвам нея?"
"60_port_workshop_17","Перфектно. Ето списък с нещата, които ми трябват. Можеш да използваш чертежите ми... Те са единственото, което оцеля."
"60_port_workshop_18","Разбира се... ако някога ми остане свободно време."
"60_port_workshop_2","Щастлив? Това е почти обратното на това, което чувствам в момента..."
"60_port_workshop_21","Е... имам работилница... но не е толкова напреднала... Не знам къде мога да направя всичко това."
"60_port_workshop_22","Бъди изобретателен, приятелю... Чувал съм слухове за работилница на Инквизитора, заровена някъде под базата ти."
"60_port_workshop_23","Ако дори половината от историите са верни, може да намериш точно каквото ти трябва долу."
"60_port_workshop_24","Ето списък с нещата, които ми трябват. Използвай чертежите ми... те са единственото, което оцеля."
"60_port_workshop_25","Добре... ще погледна. Мазето ми е достатъчно голямо, за да скрие още една тайна."
"60_port_workshop_3","Хей, за такъв талантлив и сръчен инженер би трябвало да е лесно да оправи всичко наоколо."
"60_port_workshop_31","Работилница на Инквизитора"
"60_port_workshop_32","Можеш ли да ми кажеш нещо за работилницата под базата ми?"
"60_port_workshop_33","Честно казано, не много... но Инквизиторите са били далеч пред времето си. В това няма съмнение."
"60_port_workshop_34","Долу може още да е останало нещо... артефакти, устройства... неприятности."
"60_port_workshop_35","Хм... сега привлече вниманието ми."
"60_port_workshop_36","Това, което ме тревожи, е източникът на енергия."
"60_port_workshop_37","Аз имам водното си колело... но енергията, която са използвали те, е загадка за мен."
"60_port_workshop_38","Надявам се да разреша тази загадка."
"60_port_workshop_4","Талантлив, да. Сръчен, да. Но те съсипаха всичко!"
"60_port_workshop_5","И за какво? Нищо от това дори не е особено вкусно!"
"60_port_workshop_6","Трябваше да изгониш онези немъртви от работилницата ми по-рано!"
"60_port_workshop_7","Направих всичко по силите си! И аз подготвям една работилница."
"60_port_workshop_8","Под базата ми има голяма работилница, която още трябва да бъде поправена."
"60_port_workshop_9","Добре, добре. Сигурен съм, че правиш всичко по силите си..."
"60_port_workshop_free","Джак отново е в бизнеса"
"61_after_clearing_A_10","Виж дали можеш да се съсредоточиш върху нещо спокойно."
"61_after_clearing_A_11","И все пак... отвъд реката може да има нещо ценно. Оцелели, може би."
"61_after_clearing_A_12","Може да има, а може и да няма. Ще говорим за атака, когато имаме ясна и смислена цел."
"61_after_clearing_A_13","Говориш с такава мъдрост. Жалко е да пропиляваме толкова добре подготвена армия."
"61_after_clearing_A_14","Ако умираш за битка, канализацията винаги е пълна с неприятности. Дейви ще бъде във възторг."
"61_after_clearing_A_15","Добре... убеди ме."
"61_after_clearing_A_16","Чудесно. Приятно е да видиш как мъдростта надделява. Ще съм тук, ако имаш нужда от помощ."
"61_after_clearing_A_2","Обезопасихме Града от стените до реката. Това е добра опорна точка."
"61_after_clearing_A_3","Готов съм да отблъсна зомбитата още по-далеч."
"61_after_clearing_A_4","Ах, младежкият плам... но защо трябва да настъпваме сега?"
"61_after_clearing_A_5","Върнахме си голяма част от Града и трябва да го възстановим."
"61_after_clearing_A_6","Знам... и сам помагах с поправките."
"61_after_clearing_A_7","В момента нямаме нужда от повече пространство. Трябват ни повече хора."
"61_after_clearing_A_8","Може би си прав."
"61_after_clearing_A_9","Разбира се, че съм прав. Реката е отлична естествена защита."
"61_after_clearing_A_complete_visual","Безопасна зона."
"62_swamp_fairy_1","Най-сетне. Чакаме те от доста време..."
"62_swamp_fairy_10","Сега го наричаш Лари..."
"62_swamp_fairy_11","Не бих могла да се доверя на някого, който ни е предал два пъти."
"62_swamp_fairy_12","Интересно... както и да е, той си остана у дома."
"62_swamp_fairy_13","Добре. Продължи по пътя си..."
"62_swamp_fairy_14","Ще те чакам в сърцето на блатото."
"62_swamp_fairy_2","Знам, че тук нещата се случват с твоето темпо."
"62_swamp_fairy_3","Но все пак е грубо да ни караш да чакаме."
"62_swamp_fairy_4","Направих каквото можах... както винаги..."
"62_swamp_fairy_5","Господарката ми отслабва с всеки изминал ден."
"62_swamp_fairy_6","Разбирам..."
"62_swamp_fairy_7","Не си довел онзи предател, нали?"
"62_swamp_fairy_8","Господарката ми не би искала да го вижда."
"62_swamp_fairy_9","Кого имаш предвид?"
"62_swamp_fairy_find","Сърцето на блатото"
"63_swamp_goddess_1","Колко разрушени църкви имате наоколо?"
"63_swamp_goddess_10","Онзи, който служи на брат ти."
"63_swamp_goddess_11","С цялото ми уважение, господарке... Не служа на никого."
"63_swamp_goddess_12","О, разбира се... ти просто си следващият в цикъла..."
"63_swamp_goddess_13","В роля, от която брат ми вече се е уморил..."
"63_swamp_goddess_14","Между другото, кой е брат ти?"
"63_swamp_goddess_15","Човекът с червеното око..."
"63_swamp_goddess_16","Роля, за която никой не е молил — но мнозина са желаели."
"63_swamp_goddess_17","Ужасно съжалявам..."
"63_swamp_goddess_18","Но може ли да прескочим направо до частта със „спасяването на света“?"
"63_swamp_goddess_19","Нетърпелив. Точно като брат ми."
"63_swamp_goddess_2","Не разваляй момента с оплаквания!"
"63_swamp_goddess_20","Естествено, той е избрал някого като себе си..."
"63_swamp_goddess_21","Сега е твой ред да спасиш този свят."
"63_swamp_goddess_22","От какво? Почти сме се справили с проблема със зомбитата..."
"63_swamp_goddess_23","От изчезване... Загубиш ли света, ще изгубиш и себе си."
"63_swamp_goddess_24","От векове съм твърде слаба... Само брат ми и магическият портал поддържаха всичко цяло."
"63_swamp_goddess_25","Сега и той е слаб... случило му се е нещо лошо..."
"63_swamp_goddess_26","Помощникът ти каза, че другата ми половина е унищожила света..."
"63_swamp_goddess_27","Да... и не. Брат ми е започнал процеса..."
"63_swamp_goddess_28","Но другата ти част... предишният Гробар... е използвала магическия портал..."
"63_swamp_goddess_29","По някакъв начин той почти е унищожил брат ми и самия портал."
"63_swamp_goddess_3","Последвай ме... Ще си първият, който я вижда от години!"
"63_swamp_goddess_30","Трябва да намериш брат ми."
"63_swamp_goddess_31","И трябва да намериш и възстановиш портала."
"63_swamp_goddess_32","Имам... няколко въпроса."
"63_swamp_goddess_32_a","Човекът с червеното око."
"63_swamp_goddess_32_a_1","Да. Древният бог. Старият бог. Много имена."
"63_swamp_goddess_32_a_2","Къде да го намеря?"
"63_swamp_goddess_32_a_3","Някъде в този свят... в плен... почти безсилен."
"63_swamp_goddess_32_a_4","Мога да опитам да открия къде е... но съм твърде слаба..."
"63_swamp_goddess_32_a_5","Само ако някой от поклонниците ми можеше да извърши ритуал тук..."
"63_swamp_goddess_32_a_6","Познавам един. Мъж с дървена маска... Той е обсебен от природата."
"63_swamp_goddess_32_a_7","Звучи идеално. Той би трябвало да знае ритуала. Доведи го тук."
"63_swamp_goddess_32_a_8","... и ще ти кажа къде е брат ми."
"63_swamp_goddess_32_b","Магическият портал..."
"63_swamp_goddess_32_b_1","За каква магия говорим?"
"63_swamp_goddess_32_b_10","Някой в този свят винаги е свързан с портала, дори когато той лежи разбит на парчета."
"63_swamp_goddess_32_b_11","Порталът може да е покварил душата му и да го е подлудил малко..."
"63_swamp_goddess_32_b_12","Той би бил обсебен от символите на дните..."
"63_swamp_goddess_32_b_13","Би трябвало да знае къде е..."
"63_swamp_goddess_32_b_14","Добре... ще поговоря с приятеля си и ще се опитам да разбера кой е той."
"63_swamp_goddess_32_b_2","Когато пристигнахме в този свят, нямаше нищо."
"63_swamp_goddess_32_b_3","Нищо освен портала."
"63_swamp_goddess_32_b_4","Той свързва светове... и изпълнява желания."
"63_swamp_goddess_32_b_5","Нашите желания ни направиха богове. После оформихме всичко."
"63_swamp_goddess_32_b_6","Значи просто трябва да си пожелая да спася света?"
"63_swamp_goddess_32_b_7","Пожелай си каквото искаш... но има една уловка в начина, по който изпълнява желания..."
"63_swamp_goddess_32_b_8","Просто трябва да го възстановиш и активираш, за да върнеш магията му."
"63_swamp_goddess_32_b_9","Добре... как да намеря портала?"
"63_swamp_goddess_32_c","Блестящи кристали."
"63_swamp_goddess_32_c_1","Феята ми каза, че мога да намеря сини кристали тук."
"63_swamp_goddess_32_c_2","Да... те са моите сълзи..."
"63_swamp_goddess_32_c_3","Проливам ги всеки <sprite name=""day_envy"">. Оплаквам това, което се е случило с този свят."
"63_swamp_goddess_32_c_4","Те могат да потиснат магията на червеното око на брат ми."
"63_swamp_goddess_32_c_5","Ако тази магия контролира немъртвите..."
"63_swamp_goddess_32_c_6","Това означава ли, че немъртвите са негово дело?"
"63_swamp_goddess_32_c_7","Може би... не... той не би..."
"63_swamp_goddess_32_c_8","Не знам... толкова съм уморена..."
"63_swamp_goddess_4","Погледни..."
"63_swamp_goddess_5","Само момент..."
"63_swamp_goddess_6","А... какъв приятен сън беше..."
"63_swamp_goddess_7","Здравей..."
"63_swamp_goddess_8","О. Това ли е човекът, за когото си мисля?"
"63_swamp_goddess_9","Да, господарке. Човекът от друг свят..."
"64_doctor_violine_1","Цигулката"
"64_doctor_violine_10","Линда... добре ли е? Здрава ли е?"
"64_doctor_violine_11","Доколкото мога да преценя, да. Изглежда зашеметяващо."
"64_doctor_violine_12","Колко безчувствено от нейна страна... и към мен, и към Алекста... В онзи съдбовен ден бяха заедно..."
"64_doctor_violine_13","Кой ден?"
"64_doctor_violine_14","кхъ-кхъ Няма значение."
"64_doctor_violine_15","Ще бъде... хубаво отново да чуя цигулката на Алекста."
"64_doctor_violine_16","Значи мога да я взема?"
"64_doctor_violine_17","Не толкова бързо. Тази цигулка е много ценна за мен."
"64_doctor_violine_18","Преди да я дам, искам да възстановя лаковото покритие."
"64_doctor_violine_19","Предполагам, че ти трябва защитен лак?"
"64_doctor_violine_2","Албърт, случайно да имаш цигулка?"
"64_doctor_violine_20","Точно така. Но вече нямам... а трябва да дам приоритет на експериментите си."
"64_doctor_violine_21","Няма проблем. Мога да намеря малко... или сам да си го направя. Случайно да знаеш рецепта?"
"64_doctor_violine_22","Разбира се, че знам. Доста си самоуверен за човек, който току-що е започнал с алхимията."
"64_doctor_violine_23","Ето. Вземи рецептата."
"64_doctor_violine_3","Не... Музиката е жалка. Никога не съм свирил."
"64_doctor_violine_4","Може би не е твоя. Възможно ли е да е била на сестра ти?"
"64_doctor_violine_5","Сестра ми? — Какво знаеш? Кой ти каза?"
"64_doctor_violine_6","Отговори ми! кхъ-кхъ"
"64_doctor_violine_7","Успокой се. Линда от пристанището търси музикален инструмент."
"64_doctor_violine_8","Казва, че е била приятелка на сестра ти и иска да свири на цигулката в клуба си."
"64_doctor_violine_9","... Линда. Да, тя е приятелка на Алекста."
"64_doctor_violine_ask","Преди да засвириш"
"65_doctor_lacquer_1","Дай лака"
"65_doctor_lacquer_10","Значи... мога ли сега да взема цигулката?"
"65_doctor_lacquer_11","Добре... Кажи на Линда, че ще дойда да я чуя как свири."
"65_doctor_lacquer_12","Трябва ли ти специална покана? Час и дата?"
"65_doctor_lacquer_13","кхъ-кхъ Няма нужда."
"65_doctor_lacquer_14","Имам си начин да се появявам... навреме."
"65_doctor_lacquer_2","Ето, донесох лака, който поиска."
"65_doctor_lacquer_3","О... кхъ-кхъ Вече си направих малко и лакирах цигулката."
"65_doctor_lacquer_4","Не можех да поверя нещо толкова деликатно на новак."
"65_doctor_lacquer_5","Все пак... да видим какво си направил."
"65_doctor_lacquer_6","Невероятно! Аз се занимавам с това от години... а ти тепърва започваш!"
"65_doctor_lacquer_7","Виж тази консистенция... този блясък..."
"65_doctor_lacquer_8","Значи... добро е?"
"65_doctor_lacquer_9","Не... Но все пак ще го задържа. Мога да го поправя. кхъ-кхъ"
"66_port_smell_1","Цигулка"
"66_port_smell_10","Звучеше доста уверен..."
"66_port_smell_11","Хмм, звучеше уверен... а на какво миришеше?"
"66_port_smell_12","Миризма? Ъъ... всъщност не съм забелязал."
"66_port_smell_13","Моя грешка, че питам Гробар за миризми."
"66_port_smell_14","Спомням си, че винаги миришеше на химикали и странни реагенти..."
"66_port_smell_15","Виж сега, ти го покани... Ти се оправяй с миризмата."
"66_port_smell_16","Чакай малко — уговорката беше само да ти донеса цигулката!"
"66_port_smell_17","Да, да. А сега имаме всичко необходимо, за да привлечем повече хора."
"66_port_smell_18","Но ако искаш всичко това наистина да се получи... помогни ми да направя концерта успешен."
"66_port_smell_19","Добре, добре. Как мога да помогна?"
"66_port_smell_2","Албърт ми даде цигулката."
"66_port_smell_20","Купи екзотичен тамян от търговския кораб и ми го донеси."
"66_port_smell_3","Какво добро момче си!"
"66_port_smell_4","Между другото... кой е Албърт?"
"66_port_smell_5","Той е братът на Алекста... Албърт."
"66_port_smell_6","Добре, добре... значи май съм готова."
"66_port_smell_7","Е, почти. Има още едно нещо..."
"66_port_smell_8","Албърт каза, че ще дойде да те чуе как свириш на цигулката на сестра му."
"66_port_smell_9","Сигурна ли си, че наистина ще дойде?"
"66_port_smell_violine","Струни и грешници"
"67_port_incense_1","Екзотичен тамян"
"67_port_incense_2","Миришат наистина добре... това не мога да го отрека."
"67_port_incense_3","Чудесно... какво качество! Никога не сме имали нещо толкова изискано в нашия град."
"67_port_incense_4","Всичко вече е готово. Дори ми остана време да потренирам."
"67_port_incense_5","Моля те, остани наблизо... Искам да чуеш колко невероятно звуча!"
"67_port_incense_6","Непременно ела на <sprite name=""day_lust"">... Искам да чуеш колко невероятно звуча!"
"68_port_concert_1","Започваме ли концерта?"
"68_port_concert_10","Извинете..."
"68_port_concert_11","Какъв идиот."
"68_port_concert_12","О, и ти ли си тук?"
"68_port_concert_13","Благодаря, че помогна с организацията."
"68_port_concert_14","Харесвам хубавата музика. А тя знае как да свири на цигулка."
"68_port_concert_15","Да, добра е... кхъ-кхъ ... макар че сестра ми е... беше по-добра."
"68_port_concert_16","Какво се случи със сестра ти?"
"68_port_concert_17","От двете момичета, разбира се, точно сестра ми трябваше да пострада..."
"68_port_concert_18","Но... жива ли е?"
"68_port_concert_19","Иска ми се да вярвам, че е... кхъ-кхъ"
"68_port_concert_2","Значи... всички ли са тук?"
"68_port_concert_20","Знаеш ли... тази музика отново ми дава надежда."
"68_port_concert_21","Видях, че малките ти помощници учат нови номера."
"68_port_concert_22","Трудът е това, което отличава хората от животните."
"68_port_concert_23","Хм... интересна теория. Мисля, че трябва да поговорим повече за това."
"68_port_concert_24","Ще те чакам в лабораторията си."
"68_port_concert_25","Но засега нека послушаме."
"68_port_concert_26","Ура!"
"68_port_concert_27","Браво!"
"68_port_concert_28","Линда... Беше прекрасно."
"68_port_concert_29","О, колко мило от твоя страна."
"68_port_concert_3","Не виждам Албърт... Каза ми, че ще дойде."
"68_port_concert_30","Нека намерим някое приятно и тихо място, където да си поговорим, става ли?"
"68_port_concert_31","Наистина нямам време."
"68_port_concert_32","О, дори минутка ли не можеш?"
"68_port_concert_33","Няколко минути по-късно..."
"68_port_concert_35","Добре... Тогава към лабораторията."
"68_port_concert_36","Ще се видим там. Имаме какво да обсъдим за зомбитата!"
"68_port_concert_37","Добре."
"68_port_concert_4","Просто започни. Каза, че си има начин да идва навреме."
"68_port_concert_5","Щом казваш."
"68_port_concert_6","Ето го и нашия доктор."
"68_port_concert_7","Прекрасно е... кхъ-кхъ"
"68_port_concert_9","Пссс..."
"68_port_concert_start","Идея за концерт"
"69_doctor_project_ask","Лична зомби зона"
"69_doctor-project_1","Обсъждане на зомбита"
"69_doctor-project_10","Еха. Дори не знам дали това е възможно."
"69_doctor-project_11","Трябва да е възможно. Ти си този, който отново ми даде надежда..."
"69_doctor-project_12","Трябва ми само едно добро, умно зомби."
"69_doctor-project_13","Интересна теория..."
"69_doctor-project_14","Но трябва да я изпробвам на практика."
"69_doctor-project_15","Донеси ми добро зомби. С 8 <sprite name=""rskull"">."
"69_doctor-project_16","Това... не е толкова лесно."
"69_doctor-project_17","Направи го и ще споделя с теб всичките си алхимични знания."
"69_doctor-project_18","Добре, ще видя какво мога да направя."
"69_doctor-project_19","Когато си готов, сложи зомбито на тази изследователска маса."
"69_doctor-project_2","Здравей, Албърт. За какво искаш да говорим?"
"69_doctor-project_3","Да, да... имам един малък страничен проект. кхъ-кхъ"
"69_doctor-project_4","Знам, че умееш да създаваш немъртви..."
"69_doctor-project_5","Работя по въпроса..."
"69_doctor-project_6","Не бъди толкова скромен. Тъжната истина е, че имаш талант."
"69_doctor-project_7","Но моята работа е различна. Опитвам се да обърна процеса."
"69_doctor-project_8","Какво — да превърнеш зомби в труп? Не звучи толкова трудно."
"69_doctor-project_9","Не... да излекуваш зомби. Да го върнеш към човешкия му облик."
"69_doctor-project_table","Тук трябва да сложа зомби с 8 <sprite name=""rskull"">."
"7_intro_village_foreman_1","Разбирам... наистина съжаляваме."
"7_intro_village_foreman_2","Нима той не... не разбираш ли колко важно е това?!"
"7_intro_village_foreman_3","Просто ни трябват повече ресурси и работна ръка!"
"7_intro_village_foreman_4","Нищо не можем да направим... тук дори нямаме достатъчно храна."
"7_intro_village_foreman_5","Глупости!"
"7_intro_village_januarius_1","Ето го и човека на деня! Радвам се, че най-сетне някой се зае с погребенията..."
"7_intro_village_januarius_2","Ще купувам свидетелствата за погребение от теб."
"7_intro_village_januarius_3","Това е нещо като стара традиция... Макар че, колкото и да е смешно, досега никога не сме имали гробище."
"7_intro_village_januarius_4","Чудесно."
"7_intro_village_januarius_5","Чух, че разбираш много от феи?"
"7_intro_village_januarius_6","Имам един въпрос за феите."
"7_intro_village_januarius_7","О, тогава ти трябва Джули... почакай малко..."
"7_intro_village_januarius_again_1","И така... как мина разговорът ти с кмета?"
"7_intro_village_januarius_again_10","Може и да има семена за теб."
"7_intro_village_januarius_again_11","Добре, ще го направя."
"7_intro_village_januarius_again_2","Не мина особено добре."
"7_intro_village_januarius_again_3","О... съжалявам да го чуя."
"7_intro_village_januarius_again_4","Добре... Слушай... можеш ли да ми кажеш как да помогна на селото?"
"7_intro_village_januarius_again_5","Хм... Изглежда основният ни проблем е липсата на храна. И на дърва за огрев."
"7_intro_village_januarius_again_6","Всъщност имам малко свободна земя при мен."
"7_intro_village_januarius_again_7","Мога да засадя нещо там."
"7_intro_village_januarius_again_8","Това е чудесно!"
"7_intro_village_januarius_again_9","Трябва да поговориш с Търговеца за хранителните запаси..."
"7_intro_village_jully_1","Кой ме търси?"
"7_intro_village_jully_10","Защити честта си"
"7_intro_village_jully_11","Аз съм Гробарят... и инквизитор на половин работен ден!"
"7_intro_village_jully_12","Не съм впечатлен. Вие, гражданите, все имате нужда от нещо..."
"7_intro_village_jully_13","Трябва да опиташ да даваш повече."
"7_intro_village_jully_14","Помогни на селото и може би... само може би... някой ден ще споделя тайните си с теб."
"7_intro_village_jully_15","Просто ми кажи как мога да помогна."
"7_intro_village_jully_16","Как? Почти всичко е зле!"
"7_intro_village_jully_17","Можеш ли да бъдеш малко по-конкретен?"
"7_intro_village_jully_18","Знаеш ли какво? Нямам време за това... върви и питай Януариус."
"7_intro_village_jully_2","Нали току-що... не си ли говорихме?"
"7_intro_village_jully_3","Не си спомням. Казвай по работа!"
"7_intro_village_jully_4","Трябва да призова фея."
"7_intro_village_jully_5","Знаеш ли какво трябва да направя?"
"7_intro_village_jully_6","Разбира се, че знам... Познанията ми за природата са пълни!"
"7_intro_village_jully_7","И така... ще бъдеш ли така добър да ми кажеш?"
"7_intro_village_jully_8","В никакъв случай."
"7_intro_village_jully_9","Ти пък кой си? Поредният глупак от хълма?"
"7_village_head_meet","Какво, по феите?"
"70_guards_bells_1","Камбаната."
"70_guards_bells_10","Всяка сутрин на <sprite name=""day_sloth""> тя звъни и повечето от тях сякаш се прибират обратно в центъра на града."
"70_guards_bells_11","Не всички, но повечето."
"70_guards_bells_12","Да... сигурно онези, които са пели с теб в хора."
"70_guards_bells_13","А вечерта на същия ден звъни втора камбана и зомбитата отново се връщат."
"70_guards_bells_14","Хмм... кой според теб бие камбаната?"
"70_guards_bells_15","Нямаме представа."
"70_guards_bells_2","Използваме една малка камбана, за да прогоним зомбитата, но все още не разбирам напълно как работи."
"70_guards_bells_3","Можеш ли да ми разкажеш повече за тези мистериозни камбани?"
"70_guards_bells_4","Някъде в центъра на града има камбана."
"70_guards_bells_5","Всъщност... има две. Една сутрешна и една вечерна."
"70_guards_bells_6","Хмм... на мен ми звучи като една и съща."
"70_guards_bells_7","Преди пеех в църковния хор на момчетата. Разбирам нещичко от камбани."
"70_guards_bells_8","Както и да е, когато хората започнаха да се превръщат в зомбита, тази камбана биеше вечерта."
"70_guards_bells_9","Да... и преди това имахме зомбита, но не бяха агресивни и само мъртвите можеха да се превърнат."
"71_doctor_sister_10","На твое място бих се съсредоточил върху намирането на рецепта за лекарство против кашлица."
"71_doctor_sister_11","Наистина ли искаш да знаеш?"
"71_doctor_sister_12","Добре тогава..."
"71_doctor_sister_13","Тук не идват много посетители."
"71_doctor_sister_14","Това е Алекста. Сестра ми."
"71_doctor_sister_15","Все още не разбирам защо това се случи с нея..."
"71_doctor_sister_16","О, Албърт... толкова съжалявам."
"71_doctor_sister_17","Много хора са губили някого, когото обичат."
"71_doctor_sister_18","Тя беше всичко за мен."
"71_doctor_sister_19","Единственият човек, който някога наистина се е грижил за мен..."
"71_doctor_sister_2","Да... това е интересно. Мисля, че виждам проблясък на душа в очите му."
"71_doctor_sister_20","Какъв е смисълът от всички тези знания... щом дори не мога да спася моята Алекста?"
"71_doctor_sister_21","Албърт... ще направя всичко по силите си, за да ти помогна."
"71_doctor_sister_22","Може би мога да намеря Древния бог, който ме доведе тук."
"71_doctor_sister_23","Той може би има силата да ти помогне..."
"71_doctor_sister_24","Не ставай жалък. Какъв бог? Това са само приказки."
"71_doctor_sister_25","Разполагаме само със себе си... и с тази болест, която крещи за лек!"
"71_doctor_sister_26","Разбира се, Албърт. Ще се опитам да ти помогна."
"71_doctor_sister_27","Хмм... след Алекста ти си вторият човек, който някога се е интересувал от мен."
"71_doctor_sister_28","Какво странно чувство..."
"71_doctor_sister_29","Както и да е. Имам работа за вършене."
"71_doctor_sister_3","Малко вероятно е. Душите им са в капан, заседнали между два свята."
"71_doctor_sister_4","Просто говорех метафорично. Това е болест. И ще намеря лек."
"71_doctor_sister_5","Преди това той определено беше мъртъв, Албърт. И така... за какъв лек говорим?"
"71_doctor_sister_6","Трябва да има лек! кхъ-кхъ"
"71_doctor_sister_7","кхъ-кхъ кхъ-кхъ"
"71_doctor_sister_8","А аз имам малко време, за да го намеря..."
"71_doctor_sister_9","Албърт, защо си толкова обсебен от това да превърнеш зомби обратно в човек?"
"72_crossroad_reader_1","Прочети на моя приятел"
"72_crossroad_reader_10","Има ли нещо, дори и най-малката възможност, да промениш решението си?"
"72_crossroad_reader_11","Не. Абсолютно никаква..."
"72_crossroad_reader_12","... Макар че... ако някак успееш да събереш истински хор, който да пее в църквата ти..."
"72_crossroad_reader_13","Но това е невъзможно! В днешно време не можеш да намериш свестни певци... Всички са мъртви!"
"72_crossroad_reader_14","Хмм... Всички са мъртви, така ли? Това всъщност е... интересна подсказка."
"72_crossroad_reader_15","Ха! Успех тогава."
"72_crossroad_reader_2","Имам една странна молба... за един мой приятел."
"72_crossroad_reader_3","Как смееш! Иди в клуба на пристанището, ако търсиш такива забавления!"
"72_crossroad_reader_4","Не, не! Не е каквото си мислиш... Исках да те попитам дали можеш да прочетеш една книга. На глас."
"72_crossroad_reader_5","Да прочета книга?"
"72_crossroad_reader_6","Да... любовен роман е. Би ли се съгласила да го прочетеш на глас на Хърбърт?"
"72_crossroad_reader_7","Хърбърт? Началникът на стражата? Никога не бих предположила, че се интересува от любовни истории..."
"72_crossroad_reader_8","Интересува се. Но не може да чете. А каза, че имаш най-мелодичния глас, който някога е чувал."
"72_crossroad_reader_9","О, поласкана съм! Но не. Имам много по-важни неща за вършене!"
"72_crossroad_reader_convence","Монахинята също чете"
"73_crossroad_better_upgraded","Сила и разум"
"73_crossroad_bigger_better_corpses_1","По-добри трупове"
"73_crossroad_bigger_better_corpses_2","Мога ли вече да започна да получавам по-добри трупове?"
"73_crossroad_bigger_better_corpses_3","Да, да... ще се моля по-усърдно."
"73_crossroad_bigger_better_corpses_4","Но от друга страна... още повече ми се иска да мразя живите."
"73_crossroad_bigger_crossroad_2","Всичко наоколо вече изглежда много по-добре."
"73_crossroad_bigger_crossroad_3","Надявам се, че ще можеш да се съсредоточиш повече върху молитвите си."
"73_crossroad_bigger_crossroad_4","Все още е далеч от това, което заслужават тези бедни души... Но ще трябва да го изтърпя."
"73_crossroad_bigger_crossroad_5","Значи, ако успея да подобря условията ти на живот, ще можеш ли да подготвяш труповете още по-добре?"
"73_crossroad_bigger_crossroad_6","Не става дума само за условията на живот... а и за условията на труд. Както знаеш, работя от дома си..."
"73_crossroad_bigger_crossroad_7","Но за да отговоря на въпроса ти... да."
"74_crossroad_chore_1","Хорът е готов"
"74_crossroad_chore_10","Хмм... като свещеник и най-висшия църковен служител в... района... с настоящото ти давам разрешение."
"74_crossroad_chore_11","Какво... чакай... всъщност... това би трябвало да свърши работа."
"74_crossroad_chore_12","Като спомена, че си свещеник..."
"74_crossroad_chore_13","След церемонията бих искал и да се изповядам."
"74_crossroad_chore_14","Е, това изобщо не е необходимо..."
"74_crossroad_chore_15","Чудесно. Душата ми има нужда от добро изплакване. Отдавна не съм го правил."
"74_crossroad_chore_2","За онзи хор... вече имам един в църквата и пеят доста добре."
"74_crossroad_chore_3","Добър опит... но това е невъзможно."
"74_crossroad_chore_4","Не... наистина го направих."
"74_crossroad_chore_5","Знаеш, че съм дал обет... не мога да напусна този кръстопът."
"74_crossroad_chore_6","Значи очевидно си решил да ме измамиш!"
"74_crossroad_chore_7","Ела на следващата церемония и се увери сам."
"74_crossroad_chore_8","Не мога..."
"74_crossroad_chore_9","Прояви малко въображение."
"74_crossroad_chore_after_sermon_1","И така, готов съм... Надявам се да те бива в това."
"74_crossroad_chore_after_sermon_10","Бях толкова уплашен, че не погребах сестрите си както трябва..."
"74_crossroad_chore_after_sermon_11","Не си измих зъбите... и изядох твърде много бонбони..."
"74_crossroad_chore_after_sermon_12","Хм... ами омразата към хората?"
"74_crossroad_chore_after_sermon_13","За какво говориш? Това е моята изповед... и тя приключи!"
"74_crossroad_chore_after_sermon_14","Добре. Прощавам ти... предполагам. Мога ли също да ти предложа да бъдеш по-добър към хората?"
"74_crossroad_chore_after_sermon_15","Да, както обещах... ще чета на Хърбърт."
"74_crossroad_chore_after_sermon_16","Но той ще трябва да дойде при мен!"
"74_crossroad_chore_after_sermon_17","Добре, ще му кажа. Ще се зарадва."
"74_crossroad_chore_after_sermon_2","Е, бях ли прав? Хорът ми е доста добър, нали?"
"74_crossroad_chore_after_sermon_3","Хорът ли? Да... не е кой знае какво, но предполагам, че става. Да започваме..."
"74_crossroad_chore_after_sermon_4","О, Боже..."
"74_crossroad_chore_after_sermon_5","„Отче...“"
"74_crossroad_chore_after_sermon_6","Чакай, чакай... не може ли да не ме наричаш „Отче“?"
"74_crossroad_chore_after_sermon_7","Тогава как да ти казвам?"
"74_crossroad_chore_after_sermon_8_a","Татенце"
"74_crossroad_chore_after_sermon_8_a_1","..."
"74_crossroad_chore_after_sermon_8_a_2","Или просто ми казвай... Гробарю."
"74_crossroad_chore_after_sermon_8_b","Гробарю"
"74_crossroad_chore_after_sermon_8_b_1","Или просто Гробарю."
"74_crossroad_chore_after_sermon_9","Добре... Гробарю. Съгреших..."
"74_crossroad_chore_ask_1","Как се създава хор?"
"74_crossroad_chore_ask_2","Можеш ли да ми помогнеш да събера хор?"
"74_crossroad_chore_ask_3","Не... защото, честно казано, е невъзможно. Знаех, че няма да успееш!"
"74_crossroad_chore_ask_4","Ще трябва да върнеш певците си от мъртвите. Ха-ха..."
"75_forest_explosives_1","Ей, приятелю!"
"75_forest_explosives_2","Ей, приятелю!"
"75_forest_explosives_3","Здравей..."
"75_forest_explosives_4","Може ли да получа взривните вещества?"
"75_forest_explosives_5","Разбира се!"
"75_forest_explosives_6","Само внимавай в мината... Опасно е."
"75_forest_explosives_7","Винаги внимавам. Затова съм последният останал жив."
"75_forest_explosives_8","Чакай малко... и аз съм жив!"
"75_forest_explosives_9","Свен... успокой се. Помни какво каза Робърт... Бъди мил с мен!"
"75_forest_explosives_no_pardon_1","Значи... може би вече ще ми позволиш и да мина по моста?"
"75_forest_explosives_no_pardon_2","Ммм... не. Робърт каза само да ти дам взривните вещества."
"75_forest_explosives_no_pardon_3","Добре... май с Робърт трябва да си поговорите отново."
"75_forest_explosives_no_pardon_4","Ей, ъъ... къде е Робърт?"
"75_forest_explosives_no_pardon_5","О, хвърлихме го в реката."
"75_forest_explosives_no_pardon_6","Той винаги е искал да види морето."
"75_forest_explosives_no_pardon_7","... Така правят приятелите."
"76_astrologer_press_after_sermon_1","Ей... отрицателният ефект още беше активен."
"76_astrologer_press_after_sermon_10","Отстъпка за какво точно?"
"76_astrologer_press_after_sermon_11","За рекламните ми услуги, разбира се! Трябва ми само малко Вяра, за да задвижа публикациите си."
"76_astrologer_press_after_sermon_12","Без номера този път?"
"76_astrologer_press_after_sermon_13","Без номера. Честна дума. Просто правя всичко по силите си за обществения ти образ."
"76_astrologer_press_after_sermon_14","Относно Вярата..."
"76_astrologer_press_after_sermon_15","Колко ти трябва?"
"76_astrologer_press_after_sermon_16","Както казах... колкото повече немъртви създаваш, толкова повече Вяра ще ми трябва."
"76_astrologer_press_after_sermon_17","А с темпото, с което вървиш... числата ще станат доста големи."
"76_astrologer_press_after_sermon_18","Трябва да има по-добър начин за намаляване на паниката."
"76_astrologer_press_after_sermon_19","Е, да убеждаваш хората един по един е чудесна идея, но не е особено ефикасно."
"76_astrologer_press_after_sermon_2","Да... оказва се, че хипнотичните устройства не действат много добре на хора."
"76_astrologer_press_after_sermon_20","Трябва да създадем медия. Вестник!"
"76_astrologer_press_after_sermon_21","Това значително ще увеличи обхвата ни..."
"76_astrologer_press_after_sermon_22","Имаш предвид... с истински новини?"
"76_astrologer_press_after_sermon_23","Не непременно. Не е задължително да са истински. Важното е новините да са добри."
"76_astrologer_press_after_sermon_24","Само трябва да поръсиш малко Вяра, за да проработи."
"76_astrologer_press_after_sermon_25","И така ще харча по-малко Вяра на седмица?"
"76_astrologer_press_after_sermon_26","Точно така. Но ще ти трябва много писане..."
"76_astrologer_press_after_sermon_27","О, като стана дума... моят приятел Джак спомена нещо... печатна преса."
"76_astrologer_press_after_sermon_28","Ако успееш да построиш такава, може би ще можеш да отпечаташ и няколко копия от поезията ми?"
"76_astrologer_press_after_sermon_29","Първо вестникът. За поезията ще мислим по-късно."
"76_astrologer_press_after_sermon_3","Казах ти..."
"76_astrologer_press_after_sermon_30","Добре тогава. Само помни... всяка седмица ще трябва да харчим рекламни ресурси."
"76_astrologer_press_after_sermon_31","А ако си умен, винаги можеш да оставяш няколко допълнителни на бюрото ми."
"76_astrologer_press_after_sermon_32","Ще поставя специално табло за вестници и хипнотични устройства близо до къщата ми на пристанището."
"76_astrologer_press_after_sermon_33","Ще трябва да оставяш нови вестници там всяка седмица, ако искаш жителите на града да са доволни."
"76_astrologer_press_after_sermon_34","Мислех, че каза, че тези хипнотични устройства не работят."
"76_astrologer_press_after_sermon_35","Не и сами по себе си... но в комбинация с вестниците придават приятен завършек."
"76_astrologer_press_after_sermon_36","Като стана дума — все още имам няколко незаредени за продан... в случай че още се интересуваш, ха-ха."
"76_astrologer_press_after_sermon_4","Да, да... бил съм глупак да повярвам, че нещо толкова нелепо може да проработи."
"76_astrologer_press_after_sermon_5","Но все пак от всичко това излезе нещо положително."
"76_astrologer_press_after_sermon_6","О? Разкажи."
"76_astrologer_press_after_sermon_7","Най-сетне се отървах от всички онези безполезни хипнотични устройства."
"76_astrologer_press_after_sermon_8","Какво?! Искам си парите обратно!"
"76_astrologer_press_after_sermon_9","Съжалявам, но имаме строга политика „без връщане на пари“. Но... мога да ти предложа отстъпка."
"76_astrologer_press_device_1","Дай хипнотичните устройства"
"76_astrologer_press_device_10","Добре! Сега проведи следващата си церемония. Ще се погрижа „отрицателният ефект“ да изчезне навреме."
"76_astrologer_press_device_2","Ето хипнотичните устройства, които поиска. Надявам се наистина да работят."
"76_astrologer_press_device_3","О, разбира се, че ще работят! Вложих всичките си знания и опит в тази идея."
"76_astrologer_press_device_4","Както и да е, ще ги изпробвам. След това ще поговорим колко ще ми трябват всяка седмица."
"76_astrologer_press_device_5","Чакай малко... трябва да ти нося нови всяка седмица?"
"76_astrologer_press_device_6","Точно така. Колкото повече немъртви създаваш, толкова повече ще ми трябват. Простичка математика."
"76_astrologer_press_device_7","Каква измама..."
"76_astrologer_press_device_8","О, моля те... Ти си този, който мами природата. Без заплати, без социални придобивки..."
"76_astrologer_press_device_9","Добре, добре..."
"77_ astrologer_printing_1","Отпечатана поезия"
"77_ astrologer_printing_10","Чакай... Какво?"
"77_ astrologer_printing_11","Твърде сложен си. Твърде противоречив."
"77_ astrologer_printing_12","Трябва ни ново лице... някой с въздействащ образ."
"77_ astrologer_printing_13","Някой, който символизира прогреса и преодоляването на трудностите."
"77_ astrologer_printing_14","Да не би... някой като теб?"
"77_ astrologer_printing_15","Не, не! Искам да кажа... разбира се, че обичам вниманието... но не. Трябва ни някой друг."
"77_ astrologer_printing_16","Майстор Джак би бил идеален."
"77_ astrologer_printing_17","Може би..."
"77_ astrologer_printing_18","Трябва само да го убедиш. Нека подпише това споразумение. Аз ще се погрижа за останалото."
"77_ astrologer_printing_19","Само го накарай да подпише това споразумение..."
"77_ astrologer_printing_2","Ето книгата с твоята поезия. Но... защо авторът се казва „Вагнер“?"
"77_ astrologer_printing_20","А благодарността ти ще е безгранична, нали?"
"77_ astrologer_printing_21","Е, това е в общ интерес... Но да, благодарността ми ще е безгранична."
"77_ astrologer_printing_3","А, Вагнер... Това е литературният ми псевдоним. Аз съм човек с много таланти."
"77_ astrologer_printing_4","Както и да е, благодаря ти... Чаках това от много години..."
"77_ astrologer_printing_5","Радвам се, че си щастлив. Сега най-сетне можеш да се съсредоточиш върху рекламната си работа."
"77_ astrologer_printing_6","Да, точно така... Като стана дума... трябва да направим някои промени."
"77_ astrologer_printing_7","Какво има сега? Медията работи също толкова добре, колкото хипнотичните ти устройства?"
"77_ astrologer_printing_8","Не, не, медията работи чудесно!"
"77_ astrologer_printing_9","Но за мен стана непоносимо трудно... да продължа да те използвам като лице на кампанията ни."
"77_astrologer_printing_book","Рими и печат"
"78_astrologer_jack_1","Ново лице"
"78_astrologer_jack_10","Джак е идеалният пример за подражание."
"78_astrologer_jack_11","Благодаря още веднъж. Работата ми сега ще е много по-лесна..."
"78_astrologer_jack_12","Може би най-сетне ще намеря време да се върна към поезията."
"78_astrologer_jack_2","Джак се съгласи... изглеждаше много развълнуван."
"78_astrologer_jack_3","Чудесно... Благодаря ти... Гробарю."
"78_astrologer_jack_4","Толкова е странно отново да получавам помощ от теб..."
"78_astrologer_jack_5","Пошегувай се."
"78_astrologer_jack_6","Да, май аз съм истинският майстор на всичко! Ха-ха."
"78_astrologer_jack_7","Ха-ха... точно така. Надявам се Джак да ми вдъхне малко увереност."
"78_astrologer_jack_8","Цял живот съм се борил с това..."
"78_astrologer_jack_9","Отчаяно търся вниманието на другите, но същевременно се страхувам от него."
"78_astrologer_jack_signed","Звезди, лъжи и договори"
"79_village_goddess_1","Джули, имам нужда от помощта ти."
"79_village_goddess_10","Трябва да извършиш пролетен ритуал в нейното светилище."
"79_village_goddess_11","Знаеш къде е светилището ѝ? Наистина ли?"
"79_village_goddess_12","Да... ще ти покажа."
"79_village_goddess_13","Хм... тогава ще трябва да подготвя всичко..."
"79_village_goddess_14","Това беше изненадващо лесно."
"79_village_goddess_15","От друга страна... защо да ти вярвам?"
"79_village_goddess_16","Ти просто искаш да ме направиш за смях!"
"79_village_goddess_17","О, недей да започваш... моля те."
"79_village_goddess_18","Имам нужда от знак. Искам тя да ми помогне да спечеля изборите!"
"79_village_goddess_19","Тя е твърде слаба..."
"79_village_goddess_2","Не виждаш ли?! Заета съм да се възмущавам!"
"79_village_goddess_20","Богиня ли е или не?! Ще почакам."
"79_village_goddess_21","Изглежда, че трябва да стана Божията ръка."
"79_village_goddess_22","Трябва да поговоря с Януариус за тези избори."
"79_village_goddess_3","Да... но ще ти хареса това, което съм ти приготвил."
"79_village_goddess_4","Добре... слушам те..."
"79_village_goddess_5","Богинята на природата има нужда от помощта ти!"
"79_village_goddess_6","Кой го казва?"
"79_village_goddess_7","Тя сама ми каза. Ти си най-пламенната ѝ поклонничка."
"79_village_goddess_8","Честно казано, единствената ѝ поклонничка..."
"79_village_goddess_9","Вярно..."
"79_village_goddess_enter_tavern_1","Затворено е!"
"79_village_goddess_near_tavern_1","Проклета пощенска кутия!"
"79_village_goddess_near_tavern_2","Проклети избори! Как се очаква един човек да организира всичко това?!"
"79_village_goddess_speak","Предизборна треска"
"8_5_base_foreman_boat_1","Спиш ли?"
"8_5_base_foreman_boat_10","Какво? За какво ти дължа?"
"8_5_base_foreman_boat_11","Дадох ти страхотна броня! Какво, да не мислеше, че е безплатна?"
"8_5_base_foreman_boat_12","Не се тревожи, сам ще построя лодката."
"8_5_base_foreman_boat_13","За професионалист като мен това е детска игра."
"8_5_base_foreman_boat_14","Трябват ми само материалите."
"8_5_base_foreman_boat_15","Ще ми помогнеш ли..."
"8_5_base_foreman_boat_16","Разбира се, разбира се... само първо да си поспя!"
"8_5_base_foreman_boat_17","Чудесно, ето един списък!"
"8_5_base_foreman_boat_18","Ще те чакам в селото... на брега от другата страна на моста."
"8_5_base_foreman_boat_19","Еха... по-добре приятел, отколкото враг."
"8_5_base_foreman_boat_2","Не заспивай!"
"8_5_base_foreman_boat_20","Както и да е... на тази врата определено ѝ трябва ключалка."
"8_5_base_foreman_boat_3","Божичко... Джак! Нощ е, а ти си в къщата ми!"
"8_5_base_foreman_boat_4","Имам един план - гениален е."
"8_5_base_foreman_boat_5","На пристанището имаше крепост. Възможно е някои хора да са останали там."
"8_5_base_foreman_boat_6","Надявах се братята да ми помогнат да стигна дотам, но лодката им потъна."
"8_5_base_foreman_boat_7","Това не беше ли планът на Търговеца? Чух ви да го обсъждате."
"8_5_base_foreman_boat_8","Ъъъ... какво значение има кой го е измислил, нали?"
"8_5_base_foreman_boat_9","Трябва ми лодка, а ти ми дължиш услуга."
"8_village_trader_foreman_1","Що за Търговец си ти?!"
"8_village_trader_foreman_2","Нямаме материали, нямаме инструменти. Как да се преборим, за да си върна работилницата?!"
"8_village_trader_foreman_3","Предполагам, че можеш да опиташ да намериш нещо на пристанището."
"8_village_trader_foreman_4","Близнаците имат лодка. Можеш да стигнеш дотам с нея."
"8_village_trader_foreman_5","Добре. Ще отида да поговоря с тях."
"8_village_trader_meet","Търсене и предлагане"
"8_village_trader_meeting_1","Поздрави! Не съм те виждал досега."
"8_village_trader_meeting_10","Разбира се! Добрата воля е същността на бизнеса."
"8_village_trader_meeting_11","Добре, тогава ми трябват само семена."
"8_village_trader_meeting_12","С удоволствие ще ти продам малко."
"8_village_trader_meeting_13","Чакай... това ми се струва малко нечестно."
"8_village_trader_meeting_14","Не се гордея с това, но някак трябва да свързвам двата края."
"8_village_trader_meeting_15","Има ли други начини да помогна?"
"8_village_trader_meeting_16","Има ли друг начин, по който мога да ти помогна с провизиите?"
"8_village_trader_meeting_17","Ще е хубаво, ако ти продам въдица."
"8_village_trader_meeting_18","Тогава ще мога да купувам риба от теб."
"8_village_trader_meeting_19","Трябват ти безплатни мостри от рибата?"
"8_village_trader_meeting_2","Аз съм новият Гробар от хълма."
"8_village_trader_meeting_20","Това е страхотна идея! Само че близнаците взеха въдицата ми."
"8_village_trader_meeting_21","Като се замисля, трябваше да ми я върнат още преди цяла седмица."
"8_village_trader_meeting_22","Можеш ли да провериш какво става с тях?"
"8_village_trader_meeting_23","Живеят от другата страна на реката."
"8_village_trader_meeting_3","Много интересно. Винаги е хубаво да видиш ново лице. Добре е за бизнеса!"
"8_village_trader_meeting_4","Като стана дума за бизнес - чух, че имате проблеми с хранителните запаси?"
"8_village_trader_meeting_5","О, хо-хо-хо! Нямаме почти нищо. Няма много земя, на която да отглеждаме храна."
"8_village_trader_meeting_6","Няма и дърводобив - заради духовните вярвания на Джули."
"8_village_trader_meeting_7","Е, аз имам предостатъчно земя за обработване и дървета за сеч на хълма."
"8_village_trader_meeting_8","Това е направо чудесно! С удоволствие ще приема няколко проби."
"8_village_trader_meeting_9","Чакай... безплатно ли?"
"80_village_candidates_1","За изборите."
"80_village_candidates_10","А аз ще се намразя, ако той спечели..."
"80_village_candidates_11","Все пак е много развълнуван от възможността да бъде избран."
"80_village_candidates_12","Тази книга е огромна... Ще намеря правило, което да казва, че не може."
"80_village_candidates_13","Тогава кой?"
"80_village_candidates_14","Трябва ни някой умен, млад и честен..."
"80_village_candidates_15","Джефри и Хефри биха били идеалните кандидати."
"80_village_candidates_16","Близнаците? Но те са... те са... ами..."
"80_village_candidates_17","Точно така. С твоята подкрепа и моята организация всички печелят."
"80_village_candidates_18","Все пак са безобидни..."
"80_village_candidates_19","Трябва само Юлий да остане доволен."
"80_village_candidates_2","Мисля, че най-сетне дойде време."
"80_village_candidates_20","Моята подкрепа?"
"80_village_candidates_21","Да... ето списъка..."
"80_village_candidates_22","Първо, трябва да проведеш церемония..."
"80_village_candidates_23","За да повярват всички, че нещата вървят добре."
"80_village_candidates_24","Второ, трябва ни алтернативно място за гласуване."
"80_village_candidates_25","Ще поговоря с Линда. Клубът ѝ би бил идеален."
"80_village_candidates_26","Трето... мерки за сигурност."
"80_village_candidates_27","Добре. Ще поговоря с Хърбърт. Неговите стражи ще свършат работа."
"80_village_candidates_28","Четвърто... трябва ни рекламна кампания."
"80_village_candidates_29","Честно казано, нямам представа какво е това."
"80_village_candidates_3","Да... развълнуван съм. Никога досега не сме избирали никого..."
"80_village_candidates_30","За щастие имам рекламен агент и астролог."
"80_village_candidates_31","Това би трябвало да е достатъчно..."
"80_village_candidates_32","Останалото ще го уредя сам."
"80_village_candidates_33","Добре... ще се върна, когато всичко е готово."
"80_village_candidates_4","Случайно намерих една голяма книга за изборите в пощенската кутия."
"80_village_candidates_5","Да видим... трябват ни поне двама кандидати..."
"80_village_candidates_6","Единият може да си ти... нашият любим герой..."
"80_village_candidates_7","О, чакай... не, не можеш. Не си роден тук. Ха-ха."
"80_village_candidates_8","Защо да не сте ти и Джули? Идеален вариант, от който всички печелят."
"80_village_candidates_9","О, не... Джули ще ме намрази, ако спечеля."
"81_guards_elections_ask","Проверка за сигурност: демокрация"
"81_guards_elections_ask_1","За мерките за сигурност"
"81_guards_elections_ask_2","Знаеш, че ще избираме кмет."
"81_guards_elections_ask_3","Да, хората ми казаха..."
"81_guards_elections_ask_4","Бързо се разчу..."
"81_guards_elections_ask_5","Все още не разбирам защо са ни тези усложнения..."
"81_guards_elections_ask_6","Само ще усложни всичко и ще направи нещата скучни..."
"81_guards_elections_ask_7","Разбирам те. Но градът се разраства. Има нужда от способен кмет."
"81_guards_elections_ask_8","Способен? Виждал ли си кандидатите? Имам съмнения..."
"81_guards_elections_ask_9","Изглежда, че ще трябва да те убедя."
"81_guards_elections_convince_1","Сигурност на изборите."
"81_guards_elections_convince_2","Кметът означава развитие."
"81_guards_elections_convince_3","Повече хора означава повече смърт... Агата ще е доволна."
"81_guards_elections_convince_4","Хм... като го представяш така..."
"81_guards_elections_convince_5","Добре. Съгласен съм. Стражите ми ще помогнат."
"81_guards_elections_convince_6","Благодаря, Хърбърт."
"82_port_elections_ask","Гласувай рано, гласувай палаво"
"82_port_elections_ask_1","Място за гласуване."
"82_port_elections_ask_2","Линда, ще избираме кмет..."
"82_port_elections_ask_3","Но това е ужасна идея. Хората идват тук заради свободата."
"82_port_elections_ask_4","Сега пък ни трябва кмет? Какво следва... забрана на алкохола? Морална полиция?"
"82_port_elections_ask_5","Заобиколени сме от зомбита. Трябва ни някаква стабилност."
"82_port_elections_ask_6","Искаме да има място за гласуване в твоя клуб."
"82_port_elections_ask_7","Не съм толкова сигурна. Тези избори звучат подозрително."
"82_port_elections_ask_8","Май ще трябва да те убедя."
"82_port_elections_convince_1","Алтернативно място за гласуване."
"82_port_elections_convince_2","Стабилността привлича търговци и учени."
"82_port_elections_convince_3","Което означава пари. И вълнуващи екзотични болести!"
"82_port_elections_convince_4","Може би Албърт най-сетне ще може да отвори практика..."
"82_port_elections_convince_5","Да... това ще се хареса на Албърт."
"82_port_elections_convince_6","Може дори да намери лек за Алекста."
"82_port_elections_convince_7","Да! Точно така!"
"82_port_elections_convince_8","Добре. Може да използвате клуба ми."
"83_astrologer_elections_ask","Анкети на съдбата"
"83_astrologer_elections_ask_1","Рекламна кампания"
"83_astrologer_elections_ask_2","Гюнтер, ще избираме кмет..."
"83_astrologer_elections_ask_3","Наистина трябваше първо да ме попитате."
"83_astrologer_elections_ask_4","Тези кандидати са пълна катастрофа."
"83_astrologer_elections_ask_5","Именно затова трябва ти да се заемеш с кампанията им."
"83_astrologer_elections_ask_6","Уау... няма шанс. Това е много над възможностите ми."
"83_astrologer_elections_ask_7","Тогава май ще трябва да те убедя."
"83_astrologer_elections_convince_1","Предизборна кампания."
"83_astrologer_elections_convince_2","Предизборната кампания ще е идеалната сцена за нашия герой."
"83_astrologer_elections_convince_3","Джак може публично да подкрепи един от кандидатите."
"83_astrologer_elections_convince_4","Съвместната ви работа определено ще укрепи приятелството ви."
"83_astrologer_elections_convince_5","Хм... можем да брандираме това място като „Градът на героите“..."
"83_astrologer_elections_convince_6","Дори обмислям да отворя туристическо бюро."
"83_astrologer_elections_convince_7","Добре... съгласен съм."
"84_astrologer_necronomicon_1","Некрономикон"
"84_astrologer_necronomicon_10","Разбира се."
"84_astrologer_necronomicon_11","Та... можеш ли да слезеш и да ми намериш книгата?"
"84_astrologer_necronomicon_12","Не. Искам да кажа, не точно сега."
"84_astrologer_necronomicon_13","Зает съм с рекламните ти неща."
"84_astrologer_necronomicon_14","Не можеш ли да го оставиш на пауза? Тази книга наистина ми трябва."
"84_astrologer_necronomicon_15","Виж... предложих да ти помогна и ти помагам."
"84_astrologer_necronomicon_16","Ако искаш да имам време за книгата ти..."
"84_astrologer_necronomicon_17","Тогава трябва да ми помогнеш да ти помогна. Разбра ли?"
"84_astrologer_necronomicon_18","... Да, предполагам."
"84_astrologer_necronomicon_2","Приятелят ми Магарето ми каза, че ти..."
"84_astrologer_necronomicon_3","О, малкият предател! И какво точно ти каза?"
"84_astrologer_necronomicon_4","Каза, че знаеш къде е Некрономиконът."
"84_astrologer_necronomicon_5","Това ли ти каза...?"
"84_astrologer_necronomicon_6","Да. И така... знаеш ли къде е?"
"84_astrologer_necronomicon_7","Пфу... да, някъде сред старите ми вещи е... от предишния ми живот."
"84_astrologer_necronomicon_8","Долу, в едно мазе."
"84_astrologer_necronomicon_9","Супер! Може ли да я взема?"
"84_astrologer_necronomicon_rep_1","Некрономикон"
"84_astrologer_necronomicon_rep_10","Между другото, ако ти трябват камъни за нашийниците... познавам един човек, който може да ти продаде."
"84_astrologer_necronomicon_rep_11","Кой човек?"
"84_astrologer_necronomicon_rep_12","Ха-ха... аз!"
"84_astrologer_necronomicon_rep_2","Може би сега ще имаш време да потърсиш онази книга?"
"84_astrologer_necronomicon_rep_3","Знаеш ли какво? Вече я намерих."
"84_astrologer_necronomicon_rep_4","Еха... май все пак не ти е трябвало чак толкова време."
"84_astrologer_necronomicon_rep_5","Ха-ха... просто ми хареса колко добре работим заедно, партньоре. Не можех да те спра."
"84_astrologer_necronomicon_rep_6","Оказа се, че е била под леглото ми. Нищо чудно, че съм имал всички тези кошмари..."
"84_astrologer_necronomicon_rep_7","Всъщност трябва да ти благодаря, че ми напомни. Ето — вземи я."
"84_astrologer_necronomicon_rep_8","Има ли ритуал за възкресяване на зомби?"
"84_astrologer_necronomicon_rep_9","О, да. Дори съдържа коментари от последния Гробар."
"85_guards_reader_1","Четене на роман."
"85_guards_reader_10","Добре, ако ме извиниш... трябва да се приготвя."
"85_guards_reader_11","А ти междувременно продължавай да правиш каквото правиш..."
"85_guards_reader_12","Определено го правиш както трябва."
"85_guards_reader_2","Уредих всичко. Агата ще ти чете."
"85_guards_reader_3","Благодаря... Май най-сетне постигам добър баланс между работа и личен живот."
"85_guards_reader_4","Да, сигурно. Каза, че ще ти чете у дома си."
"85_guards_reader_5","Да, да... тази казарма не е подходящото място за качествена литература."
"85_guards_reader_6","Да..."
"85_guards_reader_7","Може би един ден няма да останат врагове, с които да се бием."
"85_guards_reader_8","За бойци като нас винаги ще има с кого да се бият."
"85_guards_reader_9","Да... сигурно си прав."
"85_guards_reader_tell","Четец за воин"
"86_port_notebook_1","Беше толкова хубаво отново да свиря пред публика..."
"86_port_notebook_10","Колко напълно се е променил... толкова мистериозен, толкова уникален."
"86_port_notebook_11","Да, определено е... нещо специално."
"86_port_notebook_12","Но... защо искаш да го посетиш? Да не си болен?"
"86_port_notebook_13","О, никога не съм се чувствала по-добре! Развълнувана съм, заинтригувана съм!"
"86_port_notebook_14","Беше толкова уверен... и изобщо не си падаше по мен."
"86_port_notebook_15","Но си прав... не мога просто да се появя с празни ръце."
"86_port_notebook_16","Мога да му изпека пай... Не, това е твърде очевидно."
"86_port_notebook_17","Какво предлагаш?"
"86_port_notebook_18","Направи се на умна."
"86_port_notebook_19","Майка ми винаги казваше... книгата е най-добрият подарък."
"86_port_notebook_2","Благодаря ти."
"86_port_notebook_20","Книга! Да... или по-добре — бележник."
"86_port_notebook_21","Да позная... искаш да ти намеря един?"
"86_port_notebook_22","Къде другаде едно момиче може да намери такъв тук?"
"86_port_notebook_23","Да питам ли изобщо... какво печеля аз?"
"86_port_notebook_24","О, престани да се преструваш. Знам, че обичаш да помагаш на хората..."
"86_port_notebook_3","Между другото, познаваш ли добре Албърт? Вие двамата приятели ли сте?"
"86_port_notebook_4","Ммм... по-скоро сме съседи."
"86_port_notebook_5","Значи... знаеш къде живее?"
"86_port_notebook_6","Да..."
"86_port_notebook_7","Идеално. Трябва да го посетя... Не успяхме да довършим малкия си разговор."
"86_port_notebook_8","Мисля, че в момента не... приема посетители."
"86_port_notebook_9","Разбира се, че не приема. Колко очарователно."
"86_port_notebook_speak","Книжен посредник"
"87_doctor_linda_after_albert_1","Какъв бележник! Ти ли го направи?"
"87_doctor_linda_after_albert_2","Да, помогнах на Линда... Май си пада по теб, Албърт..."
"87_doctor_linda_after_albert_3","Тя беше мила. Не съм свикнал с това. Но... „пада си по мен“?"
"87_doctor_linda_after_albert_4","Повярвай ми..."
"87_doctor_linda_after_albert_5","Както и да е... кхъ-кхъ трябва да работя..."
"87_doctor_linda_after_albert_6","Благодаря за бележника... Гробарю."
"87_doctor_linda_after_albert_7","Да бе... сякаш ме харесва. Можеш ли да си представиш..."
"87_doctor_linda_after_linda_1","Съжалявам, че те последвах до лабораторията на Албърт..."
"87_doctor_linda_after_linda_2","Да, така беше..."
"87_doctor_linda_after_linda_3","Той е толкова умен..."
"87_doctor_linda_after_linda_4","И толкова много го е грижа за клетата Алекста... горкото момиче..."
"87_doctor_linda_after_linda_5","Да, той е обсебен от намирането на лек... но не съм сигурен, че е възможно..."
"87_doctor_linda_after_linda_6","Глупости! Не бъди толкова скептичен. Всъщност... ще му помогнем да го намери."
"87_doctor_linda_after_linda_7","А под „ние“ определено имаш предвид мен..."
"87_doctor_linda_after_linda_8","Е, сигурна съм, че имаш план... И ако ти потрябва нещо от мен, с радост ще помогна."
"87_doctor_linda_after_linda_9","Разбира се, че имам план! Само трябва да намеря Древен бог!"
"87_doctor_linda_asking_1","Разкажи му за Линда."
"87_doctor_linda_asking_2","Защо ме зяпаш?"
"87_doctor_linda_asking_3","Хех... посетители. И аз не ги обичам... Прекалено са..."
"87_doctor_linda_asking_4","Трябва да е в наистина добро настроение..."
"87_doctor_linda_asking_5","Добре... сега вече ме притесни... какво си мърмориш?"
"87_doctor_linda_asking_second_1","Албърт, пак става дума за Линда..."
"87_doctor_linda_asking_second_10","Добре... имам си работа, така че..."
"87_doctor_linda_asking_second_11","Ще ви оставя насаме... и до после, Албърт..."
"87_doctor_linda_asking_second_12","Ще им дам малко уединение..."
"87_doctor_linda_asking_second_2","Здравейте, момчета!"
"87_doctor_linda_asking_second_3","Тя... явно е тук да те посети..."
"87_doctor_linda_asking_second_4","Знаеш много добре, че почти нямам..."
"87_doctor_linda_asking_second_5","Донесох ти подарък!"
"87_doctor_linda_asking_second_6","Разкошен бележник с корица от най-фината човешка кожа!"
"87_doctor_linda_asking_second_7","Уверявам те, качеството е първокласно..."
"87_doctor_linda_asking_second_8","Подарък... за мен?"
"87_doctor_linda_asking_second_9","Е, тогава... няма защо, предполагам..."
"87_doctor_linda_notebook_1","Дай бележника."
"87_doctor_linda_notebook_2","Намерих ти най-добрия бележник."
"87_doctor_linda_notebook_3","Колко мило от твоя страна... Сега само трябва да попиташ Албърт дали може да го посетя."
"87_doctor_linda_notebook_4","О, вие хора... Как изобщо сте се оправяли преди да се появя?"
"87_doctor_linda_notebook_5","Зле, както виждаш... Градът е в руини, навсякъде има зомбита..."
"87_doctor_linda_notebook_6","Е, поне си честен."
"87_doctor_linda_notebook_7","Ще поговоря с Албърт."
"87_doctor_linda_visit_try","Чума ме чака"
"88_larry_portal_1","За портала..."
"88_larry_portal_10","Богинята каза, че може да е някой малко странен..."
"88_larry_portal_11","Обсебен от символи..."
"88_larry_portal_12","Ей, ами нашият другар — магарето?"
"88_larry_portal_13","Не... магаретата нямат души."
"88_larry_portal_14","Мислех, че това важи за рижите..."
"88_larry_portal_15","Ей, като стана дума за рижи... нашият астролог отговаря на това описание."
"88_larry_portal_16","По пода му има символи навсякъде."
"88_larry_portal_17","Трябва да го посетя..."
"88_larry_portal_18","Благодаря, Лари... какво ли щях да правя без теб?"
"88_larry_portal_19","Да... това съм аз. Много услужлив череп."
"88_larry_portal_2","Знаеш ли нещо за магическия портал?"
"88_larry_portal_3","На север от града. Изпълняваше желания. Никога не завършваше добре."
"88_larry_portal_4","Значи... още ли е там?"
"88_larry_portal_5","Според бележките на инквизиторите, които намерих... не. Вече не е."
"88_larry_portal_6","Изчезнал е от хълма точно преди избухването на немъртвите."
"88_larry_portal_7","След това никой не знае какво точно се е случило на север."
"88_larry_portal_8","Добре... следващ въпрос. Чия душа може да е свързана с него?"
"88_larry_portal_9","Сард... откъде да знам?"
"88_larry_portal_ask","Всеки портал по време на буря"
"89_astrologer_portal_1","Попитай за портала."
"89_astrologer_portal_10","По скала от 0 до 100 колко близки сме всъщност?"
"89_astrologer_portal_11","Хм... може би около 50."
"89_astrologer_portal_12","Очаквано... Сард, още щом се появи, знаех, че това ще свърши зле."
"89_astrologer_portal_13","Съсредоточи се. Къде е порталът и как да го използвам?"
"89_astrologer_portal_14","Познавал си някого, който изглеждаше като мен... трябва да знаеш нещо."
"89_astrologer_portal_15","Да, но не се месех в цялата му работа с портала."
"89_astrologer_portal_16","Както казах, аз бях само второстепенен герой."
"89_astrologer_portal_17","Но познавам човека, който е активирал портала заедно с теб... Искам да кажа него."
"89_astrologer_portal_18","Той знае къде е. Вероятно знае и как работи."
"89_astrologer_portal_19","Ако е така, той е единственият."
"89_astrologer_portal_2","Трябва да знам всичко, което знаеш за магическия портал."
"89_astrologer_portal_20","Къде мога да го намеря?"
"89_astrologer_portal_21","Последния път, когато го видях, беше в подземната леярна под старата баня."
"89_astrologer_portal_22","Не съм местен... къде мога да намеря тази баня?"
"89_astrologer_portal_23","В северната част на града."
"89_astrologer_portal_24","Значи... просто трябва да мина покрай ордата зомбита?"
"89_astrologer_portal_25","Да. Но има пряк път... водният тунел на леярната."
"89_astrologer_portal_26","Входът не е далеч оттук, близо до корабния шлюз."
"89_astrologer_portal_27","А как един астролог знае за това?"
"89_astrologer_portal_28","Най-добрият ми приятел Джак ми каза."
"89_astrologer_portal_29","Преди той поддържаше шлюза и тунела."
"89_astrologer_portal_3","О, не... не, не..."
"89_astrologer_portal_30","Значи отивам в леярната да се срещна с... ковач?"
"89_astrologer_portal_31","Не с ковач. С епископ. Е... сега е монах."
"89_astrologer_portal_32","Значи... през тунела, в леярната под банята, за да се срещна с монах."
"89_astrologer_portal_33","Точно така."
"89_astrologer_portal_34_a","Добре. Ще попитам Джак дали знае нещо за това."
"89_astrologer_portal_34_b","Чудесно. Джак вече ми каза за тази леярна. Работя по въпроса."
"89_astrologer_portal_4","За човек, който знае толкова много... определено не се учиш от грешките си."
"89_astrologer_portal_5","И така, магическият портал... знаеш ли къде е?"
"89_astrologer_portal_6","Случва се отново... точно като предишния път..."
"89_astrologer_portal_7","Аз бях само второстепенен герой, а пак си навлякох много неприятности..."
"89_astrologer_portal_8","Кажи ми... какви са отношенията ни?"
"89_astrologer_portal_9","Какво имаш предвид?"
"9_village_brothers_discussion","Като два граха в една шушулка"
"9_village_brothers_discussion_1","[Твоя] е вината!"
"9_village_brothers_discussion_2","Казах ти да гребеш!"
"9_village_brothers_discussion_3","Бях зает да управлявам лодката!"
"9_village_brothers_discussion_4","Мислех, че [аз] управлявам лодката!"
"9_village_brothers_discussion_5","Точно така. Мислеше, че управляваш лодката, и затова вината е твоя!"
"9_village_brothers_discussion_6","Знаеш ли какво?"
"9_village_brothers_discussion_7","Какво?"
"9_village_brothers_discussion_8","Вече не сме братя, Хефри!"
"9_village_brothers_foreman_1","Ъъъ..."
"9_village_brothers_foreman_2","Не разбирам какво иска..."
"9_village_brothers_foreman_3","Трябва. Ми. Твоята. Лодка!"
"9_village_brothers_foreman_4","Съжалявам, лодката потъна."
"9_village_brothers_foreman_5","Това шега ли е?"
"9_village_brothers_heffry_1","Докато си изяснявате... отношенията..."
"9_village_brothers_heffry_10","Кажи му, че искам отново да ми бъде брат."
"9_village_brothers_heffry_11","... Добре."
"9_village_brothers_heffry_2","Ще ми дадеш ли въдицата си?"
"9_village_brothers_heffry_3","Коя въдица?"
"9_village_brothers_heffry_4","Ъъъ... може би Джефри знае къде е. Той е умникът."
"9_village_brothers_heffry_5","Къде отиде?"
"9_village_brothers_heffry_6","Надолу по пътя... после завиваш... ъъъ..."
"9_village_brothers_heffry_7","Надясно? Наляво?"
"9_village_brothers_heffry_8","Ъъъ... не към моста... зад дървото..."
"9_village_brothers_heffry_9","Много конкретно. Благодаря."
"9_village_brothers_jeffry_1","Здравей... брат ти каза, че знаеш къде е въдицата."
"9_village_brothers_jeffry_10","Потопихме лодката с малко керамика... предназначена за Херм..."
"9_village_brothers_jeffry_11","Добре, мога да ти направя керамика. А ти можеш да отидеш да намериш въдицата."
"9_village_brothers_jeffry_12","Ще отида при него. Ще чакаме керамиката."
"9_village_brothers_jeffry_2","О, да... въдицата... някъде е... не мога да си спомня... прекалено съм напрегнат..."
"9_village_brothers_jeffry_3","Как е?"
"9_village_brothers_jeffry_4","Как е..."
"9_village_brothers_jeffry_5","Как се справя Хефри без мен?"
"9_village_brothers_jeffry_6","Но ти току-що си тръгна. Както и да е..."
"9_village_brothers_jeffry_7","Липсваш му. Иска отново да му бъдеш брат."
"9_village_brothers_jeffry_8","И двамата сме прекалено напрегнати. Всичко е заради керамиката..."
"9_village_brothers_jeffry_9","Керамика?"
"9_village_brothers_pottery_1","Дай керамиката."
"9_village_brothers_pottery_2","Тази керамика изглежда ужасно."
"9_village_brothers_pottery_3","Керамика като керамика."
"9_village_brothers_pottery_4","Вземи тази въдица. Като благодарност."
"90_village_elections_1","Още един рунд за Джак! Нашият герой и спасител на града!"
"90_village_elections_10","Точно така. Значи кога можем да..."
"90_village_elections_11","Тя е недоволна от мен, защото имам твърде малко Вяра."
"90_village_elections_12","Можеш ли да ми отделиш малко? Ще ти я върна... някой ден."
"90_village_elections_13","За какво количество говорим?"
"90_village_elections_14","Приблизително... хм-хм-хм..."
"90_village_elections_15","Еха... това е много..."
"90_village_elections_16","Да... похарчих доста..."
"90_village_elections_17","Донеси Вярата и ще съм готова за ритуала."
"90_village_elections_2","Джак, човекът, който ни даде всичко!"
"90_village_elections_3","И новоизбраният ни кмет... Джефри!"
"90_village_elections_4","Аз съм Хефри."
"90_village_elections_5","... Разбира се!"
"90_village_elections_6","Може да не е очевидно... но държа на думата си!"
"90_village_elections_7","Значи ще ми помогнеш с ритуала?"
"90_village_elections_8","Знаците са ясни... а Богинята не е особено доволна от мен."
"90_village_elections_9","Но ми дава шанс да се докажа."
"90_village_elections_after_jack_1","И така, как се чувстваш като герой?"
"90_village_elections_after_jack_2","О, стига... знаеш, че всичко беше идея на Гюнтер."
"90_village_elections_after_jack_3","Не ми трябват хвалбите на тези хора."
"90_village_elections_after_jack_4","Аха. Сега разбирам защо си толкова мрачен."
"90_village_elections_after_jack_5","Не, не разбираш. Ела в работилницата ми и ще ти покажа някои изчисления."
"90_village_elections_after_jack_6","Може дори да помогнеш... все пак ти си истинският герой тук."
"90_village_elections_after_jack_7","Добре. Ще мина възможно най-скоро... да видя тези изчисления."
"90_village_elections_after_leave_1","Ще е невъзпитано да си тръгна, без първо да поговоря с всички."
"90_village_elections_after_linda_1","Ей... не очаквах да те видя тук."
"90_village_elections_after_linda_10","Ела по-късно в клуба ми. Ще те чакам. Сега трябва да тръгвам."
"90_village_elections_after_linda_2","Как върви гласуването в клуба ти?"
"90_village_elections_after_linda_3","Много добре. Безплатни напитки за всеки, който гласува."
"90_village_elections_after_linda_4","Избирателната активност вече надхвърли броя на истинските жители на града. Ха-ха."
"90_village_elections_after_linda_5","Това е... впечатляващо."
"90_village_elections_after_linda_6","Да... но съм тук, защото се тревожа за здравето на Албърт."
"90_village_elections_after_linda_7","Той влага всичко в спасяването на сестра си, но пренебрегва себе си."
"90_village_elections_after_linda_8","Това определено звучи като Албърт."
"90_village_elections_after_linda_9","Проучих въпроса. Мисля, че намерих начин да му помогна."
"90_village_elections_after_nun_1","Изненадана съм да те видя тук."
"90_village_elections_after_nun_2","Само да бяха избрали някого като мен..."
"90_village_elections_after_nun_3","Тогава щеше да има ред!"
"90_village_elections_after_nun_4","Както и да е... знаех, че ще се появиш."
"90_village_elections_after_nun_5","Трябва да поговорим за Хърбърт."
"90_village_elections_after_nun_6","Какво за него?"
"90_village_elections_after_nun_7","Не тук... може да навреди на репутацията ми."
"90_village_elections_after_nun_8","Ела да поговорим по-късно у дома."
"90_village_elections_after_nun_9","О, боже..."
"90_village_elections_ready","Кампания на троновете"
"90_village_elections_ready_1","Готови за изборите."
"90_village_elections_ready_10","Да... звучи точно така."
"90_village_elections_ready_11","Само не забравяй кой ти помогна да стигнеш дотук."
"90_village_elections_ready_12","Значи... готов ли си да започнем изборите?"
"90_village_elections_ready_13","Сега?"
"90_village_elections_ready_14","О, да. Книгата казва никога да не отлагаме. Бързо и гладко."
"90_village_elections_ready_15","Един избор по-късно"
"90_village_elections_ready_2","Направих всичко, което поиска."
"90_village_elections_ready_3","Как прие Джули новината за дисквалификацията си?"
"90_village_elections_ready_4","О, съвсем добре. Обясних му, че ще уредим всичко..."
"90_village_elections_ready_5","Този път ще сме само аз и той..."
"90_village_elections_ready_6","И така, как ще стане, ако за кмет бъде избран Джефри или Хефри?"
"90_village_elections_ready_7","В наръчника за изборите има цяла глава, наречена „Съвети и трикове“."
"90_village_elections_ready_8","Главно за избора на правилните кандидати... ха-ха..."
"90_village_elections_ready_9","Естествено, хората, които могат да четат... и притежават наръчника... управляват всичко."
"91_linda_cough_1","Здравето на Албърт."
"91_linda_cough_10","А кои са те?"
"91_linda_cough_11","Някакви бежанци. Искат да се заселят в нашия град."
"91_linda_cough_12","Мислех, че се разбрахме аз да помагам при решаването кога да допускаме нови хора."
"91_linda_cough_13","Явно там, откъдето идват, нещата са били зле... и не са могли да чакат."
"91_linda_cough_14","Но са донесли със себе си магическо растение от далечни земи. Твърдят, че може да излекува Албърт."
"91_linda_cough_15","Господа, излезте напред."
"91_linda_cough_16","Значи искате къща в замяна на растението?"
"91_linda_cough_17","Не, не... трябва ни земя. Плодородна почва, където да живеем и да отглеждаме реколта."
"91_linda_cough_18","Ще я обработваме. И ще ви дадем половината от първата си реколта... а кашлицата на приятеля ви ще бъде излекувана."
"91_linda_cough_19","Виждаш ли? Те са делови хора."
"91_linda_cough_2","Искаше да говорим как можем да помогнем на здравето на Албърт?"
"91_linda_cough_20","Добре. Но откъде се очаква да намеря земя?"
"91_linda_cough_21","Може ли да помогна? Такава земя ще намерите на дъното на корабния шлюз."
"91_linda_cough_22","Когато го изпразниха за ремонт, хората получиха отлична реколта там."
"91_linda_cough_23","Благодаря, Капитане. Виждаш ли? Има възможност."
"91_linda_cough_24_a_1","Ще поговоря с Началника на стражата за шлюза."
"91_linda_cough_24_a_2","Може би ще успеем да уредим нещо за вас."
"91_linda_cough_24_b_1","Вече го изпразних. Срещнете се с мен там, момчета."
"91_linda_cough_24_b_2","Добре тогава. Ще отидем да огледаме почвата. Срещни се с нас там."
"91_linda_cough_25","Добрите дела носят добър късмет."
"91_linda_cough_26","Но можем да направим още повече."
"91_linda_cough_27","Още повече."
"91_linda_cough_28","Какво друго можем да направим за Албърт?"
"91_linda_cough_29","Лекарството ще помогне на тялото му."
"91_linda_cough_3","Да... той е толкова мил. Толкова умен... толкова отдаден на сестра си..."
"91_linda_cough_30","Но трябва да настоявам да го измъкнем от мазето му."
"91_linda_cough_31","Студено е, нездравословно и мизерно."
"91_linda_cough_32","О, той никога няма да се съгласи да го напусне."
"91_linda_cough_33","Тогава ще го помоля да отвори истинска лекарска практика тук. Имам свободни стаи."
"91_linda_cough_34","Това може да не е толкова лесно..."
"91_linda_cough_35","Просто трябва да снабдяваме града с висококачествени стоки."
"91_linda_cough_36","Това ще улесни живота и ще привлече заможни възрастни хора."
"91_linda_cough_37","Заможните пациенти имат нужда от лекар. Албърт отново ще се почувства ценен."
"91_linda_cough_38","Не съм толкова сигурен, че ще се съгласи."
"91_linda_cough_39","Остави Албърт на мен. Ти се съсредоточи върху укрепването на града."
"91_linda_cough_4","Никога не съм си представяла, че един мъж може да е толкова безкористен."
"91_linda_cough_40","Кажи ми, когато припасите са готови."
"91_linda_cough_5","Посетих го отново наскоро. Всеки път му се възхищавам все повече."
"91_linda_cough_6","Ще е толкова трагично, ако изкашля дробовете си..."
"91_linda_cough_7","Точно така. През пристанището... и клуба минават много хора."
"91_linda_cough_8","Питам всички тях за лечебни рецепти."
"91_linda_cough_9","Без успех... докато не се появиха онези хора в зелено."
"91_linda_cough_ask","Лек за здраве"
"92_doctor_cure_1","Намерихме лек."
"92_doctor_cure_10","Това звучи изпълнимо... но ще дойдеш ли с мен? Малко се притеснявам от медицински процедури."
"92_doctor_cure_11","Никога не съм изпробвал нещо върху себе си. кхъ-кхъ"
"92_doctor_cure_12","Разбира се, Албърт."
"92_doctor_cure_13","Благодаря ти. Не искам да изглеждам слаб пред Линда."
"92_doctor_cure_14","Мисля, че я е грижа за мен... а и мен ме е грижа за нея..."
"92_doctor_cure_15","Колко мило. Чувствам се като малък Купидон."
"92_doctor_cure_16","Сигурно иска да напусна това старо мазе и да живея по-близо до нея."
"92_doctor_cure_17","Но какво ще правя на повърхността? Къде ще живея? И ще трябва да взема Алекста с мен!"
"92_doctor_cure_18","Може би просто трябва да се отпуснеш и да оставиш Линда да ти помогне с всичко това."
"92_doctor_cure_19","Прав си... не искам да я разочаровам."
"92_doctor_cure_2","С Линда мислим, че намерихме нещо, което може да те излекува."
"92_doctor_cure_20","Тогава да тръгваме. Тя те чака."
"92_doctor_cure_21","Чакай..."
"92_doctor_cure_22","Просто... може би това трябваше да е изненада..."
"92_doctor_cure_23","Или това беше църковният орган..."
"92_doctor_cure_24","Да, но ти вече ми каза всичко. кхъ-кхъ"
"92_doctor_cure_25","Моя грешка... както и да е, просто се престори на изненадан."
"92_doctor_cure_3","Ако това е шега, не е особено добра. кхъ-кхъ"
"92_doctor_cure_4","Не е шега. Бежанците донесоха странно растение."
"92_doctor_cure_5","Нарича се Кар-то-ф."
"92_doctor_cure_6","Чел съм за него... или това беше До-ма-т? Някакво екзотично растение от края на света."
"92_doctor_cure_7","Линда мисли, че може да направи лек. Трябва само да дойдеш в клуба."
"92_doctor_cure_8","От кога Линда е станала алхимик?"
"92_doctor_cure_9","Никаква алхимия. Само вряла вода."
"92_doctor_cure_club_1","Гробарят вече каза ли ти?"
"92_doctor_cure_club_10","След едно успешно лечение"
"92_doctor_cure_club_11","Как се чувстваш, Албърт?"
"92_doctor_cure_club_12","Хайде... опитай да се изкашляш."
"92_doctor_cure_club_13","Ей... по-добре е... дори не мога да изкарам една кашлица..."
"92_doctor_cure_club_14","Този Кар-то-ф наистина е чудодеен..."
"92_doctor_cure_club_15","Но ще трябва да продължиш лечението една седмица."
"92_doctor_cure_club_16","Разбира се, че ще го направи."
"92_doctor_cure_club_17","Ще върна тенджерата в кухнята."
"92_doctor_cure_club_18","Успя... намери лек..."
"92_doctor_cure_club_19","Не сам. Заслугата е и на Линда."
"92_doctor_cure_club_2","Ти ли ми каза... Гробарю? кхъ-кхъ"
"92_doctor_cure_club_20","Разбира се... сега имам цялото време на света."
"92_doctor_cure_club_21","Радвам се да те видя така, приятелю."
"92_doctor_cure_club_22","Ако някога имаш нужда от помощ..."
"92_doctor_cure_club_23","Вече направи достатъчно. Здравият човек може да се справя сам. Ха-ха."
"92_doctor_cure_club_3","Е, да... Изненада — намерихме лек за кашлицата ти!"
"92_doctor_cure_club_4","Еха... толкова съм изненадан..."
"92_doctor_cure_club_5","Вие, момчета, се държите много странно. Но да, Албърт, намерихме го."
"92_doctor_cure_club_6","Дай ми само минутка."
"92_doctor_cure_club_7","Какво да правя сега?"
"92_doctor_cure_club_8","Просто вдишвай парата."
"92_doctor_cure_club_9","Добре... имам ти доверие... кхъ-кхъ"
"92_doctor_cure_tell","Излекувай лечителя"
"93_linda_potato_1","Дай растението."
"93_linda_potato_10","Повярвай ми... започва да гледа на това по друг начин."
"93_linda_potato_2","Взех така нареченото магическо растение."
"93_linda_potato_3","Трябва да го сварим и Албърт да вдиша парата."
"93_linda_potato_4","Надявам се наистина да е магическо... иначе не знам какво ще направя на онези хора в зелено."
"93_linda_potato_5","Не изглеждат като хора, които биха лъгали. Изглеждат свестни."
"93_linda_potato_6","Добре. Ще подготвя тенджера и кърпа."
"93_linda_potato_7","Иди и го доведи тук. Ти си единственият, когото ще послуша."
"93_linda_potato_8","Ще ми трябва помощта ти, за да го убедим да опита."
"93_linda_potato_9","Той винаги отказва да се грижи за себе си."
"93_linda_potato_give","Доставка на горещия Кар-то-ф"
"94_crossroad_repitation_1","Поговори за Хърбърт."
"94_crossroad_repitation_10","Но Хърбърт ме разбира идеално..."
"94_crossroad_repitation_11","Загубих всичките си сестри... монахините. А той загуби пенсионирането си."
"94_crossroad_repitation_12","Да... и двамата сте страдали."
"94_crossroad_repitation_13","Точно така. Но аз все още имам гнева си... а той има само тъга..."
"94_crossroad_repitation_14","Макар че онзи негов любовен роман е достатъчен, за да стане сантиментална дори аз."
"94_crossroad_repitation_15","Значи искаш да го ядосам?"
"94_crossroad_repitation_16","Не. Искам да възстановиш органа на параклиса."
"94_crossroad_repitation_17","Дори донесох чертежите."
"94_crossroad_repitation_18","И това как ще го ядоса?"
"94_crossroad_repitation_19","Грохотът на органа и славата на църквата ще събудят праведния му гняв!"
"94_crossroad_repitation_2","Трябва да призная, че ме заинтригува... Как Хърбърт може да съсипе репутацията ти?"
"94_crossroad_repitation_20","Съмнявам се..."
"94_crossroad_repitation_21","Наистина мисля, че това е лоша идея... вместо това просто можем да откраднем меча му."
"94_crossroad_repitation_22","Разбира се, че е лоша идея, ако разчитам ти да оправиш църквата си както трябва!"
"94_crossroad_repitation_23","И трябва да намериш Специална дървесина и майстор резбар, за да звучи органът добре."
"94_crossroad_repitation_24","И не казвай на Хърбърт. Трябва да е изненада."
"94_crossroad_repitation_3","О, боже... откъде да започна? Хърбърт е... добър."
"94_crossroad_repitation_4","Той не се страхува от мен. Всъщност се радва на присъствието ми."
"94_crossroad_repitation_5","А аз обичам да му чета..."
"94_crossroad_repitation_6","Как това може да е лошо за репутацията ти?"
"94_crossroad_repitation_7","Защото всички се страхуват от гнева ми! Това е репутацията ми!"
"94_crossroad_repitation_8","Това ми помага да преживея деня..."
"94_crossroad_repitation_9","Ти не би разбрал..."
"94_crossroad_repitation_wood_1","Специална дървесина."
"94_crossroad_repitation_wood_2","За каква дървесина и какъв майстор резбар говориш?"
"94_crossroad_repitation_wood_3","Майсторите събираха плавей от брега."
"94_crossroad_repitation_wood_4","Живееха в къщи на кокили на западното езеро."
"94_crossroad_repitation_wood_5","И мислиш, че са оцелели?"
"94_crossroad_repitation_wood_6","Средата на езерото е най-безопасното място наоколо."
"94_crossroad_repitation_wood_7","Трябва да има дървен мост, който води до тях."
"94_crossroad_repitation_wood_8","Макар че сега е в заразения район."
"94_crossroad_repitation_wood_9","Добре. Ще поговоря с Хърбърт и ще намерим начин да преминем."
"94_crossroad_reputation_ask","Прословутата монахиня"
"95_guards_organ_built_1","Църковният орган"
"95_guards_organ_built_10","Следващия път, когато я посетиш, за да ѝ четеш, обзалагам се, че сама ще те покани."
"95_guards_organ_built_2","Не беше лесно, но построих църковния орган, както поиска."
"95_guards_organ_built_3","Това е фантастично... макар че сега се притеснявам да я поканя да го чуе."
"95_guards_organ_built_4","Не искам да се чувства под напрежение..."
"95_guards_organ_built_5","Остави го на мен. Ще ѝ кажа за органа..."
"95_guards_organ_built_6","И внимателно ще ѝ намекна да те покани."
"95_guards_organ_built_7","Наистина ли мислиш, че ще иска да сподели този момент с мен?"
"95_guards_organ_built_8","Напълно съм сигурен."
"95_guards_organ_built_9","Тогава ще ти се доверя, Гробарю. Благодаря."
"95_guards_organ_not_built_1","Църковният орган"
"95_guards_organ_not_built_2","Как върви църковният орган?"
"95_guards_organ_not_built_3","Още работя по него. Дървесината се намира трудно."
"95_guards_organ_not_built_4","Разбирам... но знаеш, че усмивката на Агата ще си струва усилията."
"96_crossroad_organ_built_1","Църковният орган."
"96_crossroad_organ_built_10","Просто... аз не..."
"96_crossroad_organ_built_11","Построи един орган и изведнъж се самозабрави."
"96_crossroad_organ_built_2","Не беше лесно, но построих органа, който искаше."
"96_crossroad_organ_built_3","Със Специална дървесина от езерото?"
"96_crossroad_organ_built_4","От най-специалната дървесина в града."
"96_crossroad_organ_built_5","Отлично. Хърбърт ще го хареса..."
"96_crossroad_organ_built_6","Може и да не го изпълни със свещен гняв..."
"96_crossroad_organ_built_7","Но нежната му душа със сигурност ще му се наслади."
"96_crossroad_organ_built_8","Като стана дума за деликатни неща... може да ми трябва още една услуга..."
"96_crossroad_organ_built_9","Престани да изглеждаш толкова изненадан!"
"96_crossroad_organ_not_built_1","Църковният орган"
"96_crossroad_organ_not_built_2","Как върви църковният орган?"
"96_crossroad_organ_not_built_3","Още работя по него. Хубава дървесина се намира трудно."
"96_crossroad_organ_not_built_4","Както очаквах... органът е произведение на изкуството, а не просто поредната мебел."
"98_workshop_tunnel_1","Попитай за водния тунел."
"98_workshop_tunnel_10","Звучи изпълнимо... а явно няма друг начин да спасим света."
"98_workshop_tunnel_11","Първо ще трябва да минеш през всички онези зомбита."
"98_workshop_tunnel_12","Точно за това ще говоря с Хърбърт."
"98_workshop_tunnel_2","Значи наистина мога да стигна дотам през тунела?"
"98_workshop_tunnel_3","Можеш. Но първо ще трябва да стигнеш до самия тунел."
"98_workshop_tunnel_4","Той е в заразената част на града."
"98_workshop_tunnel_5","В момента входът е наводнен и запечатан с клапан."
"98_workshop_tunnel_6","Но е възможно?"
"98_workshop_tunnel_7","Да. Просто трябва да изпразниш корабния шлюз."
"98_workshop_tunnel_8","Затваряш портата от лявата страна..."
"98_workshop_tunnel_9","После отваряш тунела, като вдигнеш клапана от дясната страна на корабния шлюз."
"98_workshop_tunnel_not_101_1","Можеш ли да ми кажеш къде е водният тунел към леярната и как мога да мина през него?"
"98_workshop_tunnel_not_101_2","Този тунел е единственият начин да стигнеш до района."
"98_workshop_tunnel_not_101_3","Какво съвпадение..."
"98_workshop_tunnel_not_101_4","В тази леярна се произвеждаше най-добрата стомана."
"99_workshop_repair_complete_1","Ха-ха... добра работа!"
"99_workshop_repair_complete_10","Ха-ха... разбира се, че съм. Сега да видим дали ще си спомня докъде бях стигнал..."
"99_workshop_repair_complete_11","А, да, работех по някаква броня..."
"99_workshop_repair_complete_12","Какво чакаш?"
"99_workshop_repair_complete_13","О! Почти забравих... вече официално си мой чирак."
"99_workshop_repair_complete_14","Благодаря."
"99_workshop_repair_complete_2","Сега имам всичко необходимо."
"99_workshop_repair_complete_3","Затвори си очите..."
"99_workshop_repair_complete_4","Знаеш ли, едно „благодаря“ щеше да е достатъчно."
"99_workshop_repair_complete_5","Дръж ги затворени..."
"99_workshop_repair_complete_6","... Добре, отвори ги."
"99_workshop_repair_complete_7","Чакай... как... как поправи всичко толкова бързо?"
"99_workshop_repair_complete_8","Ха-ха! Това е третият път, в който възстановявам всичко. Знам някои трикове..."
"99_workshop_repair_complete_9","Е, наистина си майстор."
"99_workshop_repair_material_1","Дай материалите"
"99_workshop_repair_material_3","Точно това ми трябваше."
"99_workshop_repair_material_4","Само аз мога да ги направя толкова добри."
"99_workshop_repair_pr_1","За рекламата"
"99_workshop_repair_pr_10","Хората ще ми се смеят... не мога да застана пред тях."
"99_workshop_repair_pr_2","Гюнтер ме помоли да поговоря с теб да станеш лице на кампанията ни „Възстанови града“."
"99_workshop_repair_pr_3","Хм... напълно разбираемо. Аз наистина съм идеален за това. Кой друг е..."
"99_workshop_repair_pr_4","Толкова талантлив... толкова гениален... толкова внимателен..."
"99_workshop_repair_pr_5","Толкова скромен..."
"99_workshop_repair_pr_6","Внимавай... може да го направя любимия си чирак вместо теб! Ха-ха..."
"99_workshop_repair_pr_7","Радвам се, че си съгласен. Трябва ми само подписът ти тук..."
"99_workshop_repair_pr_8","За съжаление... не мога да приема."
"99_workshop_repair_pr_9","Смешно е... аз, майстор занаятчия — без истинска работилница?"
"99_workshop_repair_pr_get_1","Вземи рекламно споразумение"
"99_workshop_repair_pr_get_2","Сега, когато работилницата ти е възстановена, нищо не те спира да подпишеш."
"99_workshop_repair_pr_get_3","Предполагам, че мой дълг е да покажа на тези хора светлината на прогреса."
"ach_agatha_herbert","Неочаквана двойка"
"ach_agatha_herbert_d","Агата и Хърбърт са намерили общ език."
"ach_alchemist_25","Начинаещ алхимик"
"ach_alchemist_25_d","Сварил си 25 отвари. Веждите ще пораснат отново."
"ach_alcohol_100","Барон на алкохола"
"ach_alcohol_100_d","Произвел си 100 бутилки алкохол... Внимавай с тях."
"ach_alt_keeper","Другият гробар"
"ach_alt_keeper_d","Откри другото си аз."
"ach_biuld_houses","Градски планировчик"
"ach_biuld_houses_d","Възстанови всички къщи в града. Никога не е изглеждал толкова добре!"
"ach_bronze_ingots_100","Бронзова епоха"
"ach_bronze_ingots_100_d","Разтопи 100 бронзови слитъка."
"ach_build_market_stalls","Покровител на търговците"
"ach_build_market_stalls_d","Построи всички сергии на пазара в града."
"ach_bury_bodies","Истински гробар"
"ach_bury_bodies_d","Погреба 50 трупа! Сега си Истинският гробар!"
"ach_call_fairy","Малко магия"
"ach_call_fairy_d","Феята откликна на призива."
"ach_catch_fish_50","Рибен магнит"
"ach_catch_fish_50_d","Улови 50 риби и сега за главата ти е обявена награда."
"ach_clear_town_a","Нова зора"
"ach_clear_town_a_d","Южната част на града е прочистена от зомбита."
"ach_cook_100","Майстор готвач"
"ach_cook_100_d","Сготви 100 ястия! Няма да умреш от глад."
"ach_cut_trees","Проклятието на дърветата"
"ach_cut_trees_d","Отсече 100 дървета! Цялата гора трепери от теб."
"ach_election","Народът се произнесе"
"ach_election_d","Изборите приключиха. Бъдещето е решено."
"ach_first_town_order","Отворено за работа"
"ach_first_town_order_d","Изпълни първата си градска поръчка."
"ach_graveyard_quality_200","Гроб, мил гроб"
"ach_graveyard_quality_200_d","Качеството на гробището ти достигна 200. Почивай със стил."
"ach_gunter","Човекът зад завесата"
"ach_gunter_d","Гюнтер влезе в историята."
"ach_harvest_100","Майстор земеделец"
"ach_harvest_100_d","Прибра 100 реколти. Стигат за целия град!"
"ach_inspirations_150","Проблясък на гениалност"
"ach_inspirations_150_d","Получил си 150 вдъхновения. Умът ти искри."
"ach_iron_ingots_100","Желязна епоха"
"ach_iron_ingots_100_d","Разтопи 100 железни слитъка. Защо толкова много?"
"ach_jack_gunter","Две разбити души"
"ach_jack_gunter_d","Джак и Гюнтер са изненадващо добър екип."
"ach_jack_in_town","Мъж с много таланти"
"ach_jack_in_town_d","Джак намери пътя до града."
"ach_linda_albert","Опасен романс"
"ach_linda_albert_d","Линда и Албърт се намериха. Науката и страстта рядко се съчетават добре."
"ach_linda_concert","Нощ за спомен"
"ach_linda_concert_d","Посети концерта на Линда."
"ach_met_bandits","Приятели от подземния свят"
"ach_met_bandits_d","Срещна бандитите."
"ach_necronomicon","Забранено знание"
"ach_necronomicon_d","Откри Некрономикона. Някои книги е по-добре да си останат погребани."
"ach_new_beginning","Ново начало"
"ach_new_beginning_d","Пътуването започна. Светът те очаква."
"ach_old_god","Древният"
"ach_old_god_d","Откри Древния бог."
"ach_orders_25","Най-добрият приятел на търговците"
"ach_orders_25_d","Изпълни 25 поръчки на търговци."
"ach_platinum","Професионален гробар"
"ach_platinum_d","Събери всички трофеи."
"ach_recover_house","Обратно към живота"
"ach_recover_house_d","Градът направи първите си крачки към възстановяването."
"ach_resurrect_50","Некромант"
"ach_resurrect_50_d","Възкреси 50 зомбита. Цяла армия!"
"ach_sermon","Думи на вярата"
"ach_sermon_50","Пастир на душите"
"ach_sermon_50_d","Изнесе 50 проповеди! Истински пастир на заблудени души."
"ach_sermon_d","Изнесе първата си проповед."
"ach_supplies_50","Снабдител"
"ach_supplies_50_d","Създаде 50 припаса. Градът разчита на теб."
"ach_the_end","Краят на пътуването"
"ach_the_end_d","Завърши играта."
"ach_two_faces","Две лица"
"ach_two_faces_d","Срещна Януариус и Джули. Изглежда обаче, че са един и същи човек."
"ach_war_equipment_50","Ковач на войната"
"ach_war_equipment_50_d","Изработи 50 бойни предмета. Какво време да си жив."
"ach_win_battle","Първа кръв"
"ach_win_battle_d","Спечели първата си битка."
"acid","Киселина"
"action_get","Вземи"
"action_inspect","Прегледай"
"advanced_rod","Подобрена въдица"
"agreement_frontman","Рекламно споразумение"
"agreement_frontman_signed","Подписано рекламно споразумение"
"alchemist_1","Алхимик I"
"alchemist_1_d","Изработвай отвари"
"alchemist_2","Алхимик II"
"alchemist_3","Алхимик III"
"alchemist_4","Алхимик IV"
"alchemist_5","Алхимик V"
"alchemist_6","Алхимик VI"
"alchemy_albedo","Сълза на Албедо"
"alchemy_anima_mundi","Фрагмент от Анима мунди"
"alchemy_battle_potions_1","Бойни отвари I"
"alchemy_battle_potions_2","Бойни отвари II"
"alchemy_battle_potions_3","Бойни отвари III"
"alchemy_battle_potions_4","Бойни отвари IV"
"alchemy_bottle_1","Алхимични колби I"
"alchemy_bottle_2","Алхимични колби II"
"alchemy_conjunctio","Сол Coniunctio"
"alchemy_cool_boost","Охлаждане"
"alchemy_cool_boost_d","Дава +1 зелена руна"
"alchemy_distillation","Алхимия, Дестилация"
"alchemy_distillation_boost","Дестилация"
"alchemy_distillation_boost_d","Дава +1 синя руна"
"alchemy_explosions","Взривни вещества"
"alchemy_flask","Алхимични колби"
"alchemy_flask_1_shed","Рафт за колби"
"alchemy_flasks","Алхимия, Колби"
"alchemy_hardener","Изработка на отвари"
"alchemy_heat_boost","Нагряване"
"alchemy_heat_boost_d","Дава +1 червена руна"
"alchemy_item_star_1","Трансмутация I"
"alchemy_item_star_2","Трансмутация II"
"alchemy_kit_1","Начален алхимичен комплект"
"alchemy_kit_2","Алхимичен комплект"
"alchemy_kit_3","Добър алхимичен комплект"
"alchemy_lab_1","Алхимия, Основи"
"alchemy_lab_2","Алхимия, Напреднала"
"alchemy_lab_starter","Алхимична лаборатория I"
"alchemy_mercurius","Mercurius Vivus"
"alchemy_mix","Лаборатория I"
"alchemy_mix_2","Лаборатория II"
"alchemy_mix_3","Лаборатория III"
"alchemy_mix_d","Комбинирай предмети, пълни колби и създавай отвари."
"alchemy_mixing","Алхимична маса"
"alchemy_mortificartio","Масло Mortificatio"
"alchemy_nigredo","Пепел Nigredo"
"alchemy_organs_1","Практични отвари"
"alchemy_organs_2","Аутопсионни отвари II"
"alchemy_prima_materia","Прах Prima Materia"
"alchemy_production","Алхимия, Производство"
"alchemy_quintessence","Флакон с квинтесенция"
"alchemy_recipe_book","Фолио"
"alchemy_recipe_book_d","Тук са записани всички познати формули."
"alchemy_rubedo","Кристали Rubedo"
"alchemy_scroll_closet","Шкаф за свитъци"
"alchemy_separatio","Мембрана Separatio"
"alchemy_softener","Киселинни отвари"
"alchemy_spagyric","Корен на Хаос Спагирик"
"alchemy_sulfur","Философска сяра"
"alchemy_survey","Проучване"
"Alchemy_t1","Алхимик I"
"Alchemy_t2","Алхимик II"
"Alchemy_t3","Алхимик III"
"alchemy_tools_1","Алхимия, Смилане"
"alchemy_tools_2","Алхимия, Смесване"
"alchemy_workbench","Алхимична работна маса"
"alcohol","Алкохол"
"alkali","Алкали"
"altar_1","Църковно светилище I"
"altar_2","Църковно светилище II"
"altar_3","Църковно светилище III"
"alum","Стипца"
"amateur_rod","Любителска въдица"
"anatomy_lvl_up_1","Майсторство по анатомия +1<sprite name=""talent_blue"">"
"anatomy_lvl_up_2","Майсторство по анатомия +2<sprite name=""talent_blue"">"
"apple","Ябълка"
"apple_cider","Ябълков сайдер"
"apple_juice","Ябълков сок"
"apple_seedling","Ябълкова фиданка"
"aqua_vitae","Aqua Vitae"
"armor_0","Ръждясала броня"
"armor_1","Бронзова броня"
"armor_2","Желязна броня"
"armor_3","Стоманена броня"
"armor_4","Майсторска броня"
"arrows","Стрели"
"arrows_bronze","Бронзова стрела"
"arrows_iron","Желязна стрела"
"ash","Пепел"
"autopsy_1","Аутопсия, основна"
"autopsy_buildings_1","Маса за аутопсия"
"autopsy_guts_brain_heart","Аутопсия, разширена"
"autopsy_resurection","Реанимация"
"autopsy_skin_bones","Кожа и кости"
"autopsy_skull_teeth","Череп и зъби"
"autopsy_soft","Меки части"
"autopsy_table_1","Маса за аутопсия I"
"autopsy_table_2","Маса за аутопсия II"
"autopsy_tools","Инструменти за моргата"
"autopsy_upgrades_1","Кръвни изследвания"
"autopsy_upgrades_2","Аутопсия, майсторска"
"axe_0","Ръждясала брадва"
"axe_1","Бронзова брадва"
"axe_2","Желязна брадва"
"axe_3","Стоманена брадва"
"bag_alchemy","Чанта на алхимика"
"bag_builder","Чанта на строителя"
"bag_farming","Чанта на фермера"
"bag_fishing","Чанта на рибаря"
"bag_food","Чанта за храна"
"bag_potions","Чанта за отвари"
"bag_tools","Чанта за инструменти"
"bag_universal","Универсална чанта"
"bag_universal_big","Голяма универсална чанта"
"Bakery_t1","Пекар I"
"Bakery_t2","Пекар II"
"Bakery_t3","Пекар III"
"barricade_1_fight","Барикада I"
"barricade_2_fight","Барикада II"
"barricade_3_fight","Барикада III"
"barricade_spike_1_fight","Бодлива барикада I"
"barricade_spike_2_fight","Бодлива барикада II"
"barricade_spike_3_fight","Бодлива барикада III"
"barricade_wall_1_fight","Укрепена барикада I"
"barricade_wall_2_fight","Укрепена барикада II"
"barricade_wall_3_fight","Укрепена барикада III"
"barricades_1","Прости барикади"
"barricades_2","Здрави барикади"
"barricades_3","Подсилени барикади"
"base_blockage_1","Препятствие"
"base_hatch_under_locked","Заключен люк"
"base_locked_door_tower","Заключена врата"
"base_well_nun_broken","Подземен кладенец"
"basement_resurrection_door","Стара врата"
"basic_boosts","Алхимични усилвания I"
"basic_fairy","Молитви I"
"basic_faith","Молитва за вяра"
"basic_prayer","Основна молитва"
"basic_prayer_d","Основна молитва"
"basic_rod","Обикновена въдица"
"battle_planer_other_day","Битката е достъпна в <sprite name=""day_sloth"">"
"battle_planer_start","Започни битката"
"bed_upgrade_s","Подобряване на леглото"
"beer","Бира"
"beeswax","Пчелен восък"
"beet","Цвекло"
"beet_seed","Семена от цвекло"
"bench_1","Вътрешна пейка I"
"bench_2","Вътрешна пейка II"
"bench_3","Вътрешна пейка III"
"berry","Плод"
"berry_blue","Боровинка"
"berry_cider","Плодов сайдер"
"berry_juice","Плодов сок"
"berry_pie","Плодов пай"
"berry_seedling","Фиданка от храст"
"berserk_potion","Отвара на берсерка"
"berserk_potion_2","Отвара на берсерка II"
"berserk_potion_2_d","Получаваш безкрайна издръжливост за известно време. Само в битка."
"berserk_potion_3","Отвара на берсерка III"
"berserk_potion_3_d","Получаваш безкрайна издръжливост за дълго време. Само в битка."
"berserk_potion_d","Получаваш безкрайна издръжливост за кратко време. Само в битка."
"black_oil","Черно масло"
"Blacksmith_t1","Ковачница I"
"Blacksmith_t2","Ковачница II"
"Blacksmith_t3","Ковачница III"
"blood","Кръв"
"blue_berry_juice","Сок от боровинки"
"blueberry_cider","Сайдер от боровинки"
"blueberry_seedling","Фиданка от боровинки"
"body_certificate","Удостоверение за погребение"
"body_certificate:1","Удостоверение за погребение I"
"body_certificate:2","Удостоверение за погребение II"
"body_certificate:3","Удостоверение за погребение III"
"body_corpse","Труп"
"body_corpse_d","Тяло"
"body_places_1","Места за тялото I"
"body_places_2","Места за тялото II"
"body_wild_zombie_d","Див зомби"
"body_zombie","Зомби"
"boiled_egg","Варено яйце"
"bones","Кости"
"bones_extract","Изваждане на кости"
"bonus_window_costume","В гардероба в дома ти има специален костюм."
"bonus_window_header","Отключено бонусно съдържание!"
"bonus_window_sauna","А отвъд моста те очаква сауната."
"bonus_window_thank_you","Благодарим ти, че подкрепяш играта ни! Страхотен си!"
"book","Написана книга с меки корици"
"book_hard","Написана книга с твърди корици"
"book_love","Любовен роман"
"book_poetry","Печатна поезия"
"bookshelf_1","Етажерка за книги"
"bookwriting_lvl_up_1","Майсторство в писането на книги +1<sprite name=""talent_yellow"">"
"bookwriting_lvl_up_2","Майсторство в писането на книги +2<sprite name=""talent_yellow"">"
"bottle_empty","Празна бутилка"
"bow_0","Обикновен лък"
"bow_1","Подсилен лък"
"bow_2","Боен лък"
"bow_3","Тежък лък"
"box_appliances_1","Запаси: уреди I"
"box_appliances_2","Запаси: уреди II"
"box_beer","Запаси: бира"
"box_building_kit_1","Запаси: строителни материали I"
"box_building_kit_2","Запаси: строителни материали II"
"box_clothes_1","Запаси: дрехи I"
"box_clothes_2","Запаси: дрехи II"
"box_cutlery_1","Запаси: прибори I"
"box_cutlery_2","Запаси: прибори II"
"box_empty","Каса"
"box_engineering_mechanism","Запаси: инженерни механизми"
"box_fabric","Запаси: плат"
"box_flour","Запаси: чувал брашно"
"box_furniture_1","Запаси: мебели I"
"box_furniture_2","Запаси: мебели II"
"box_iron_ingot","Запаси: желязо"
"box_kitchen_utensils","Запаси: кухненски принадлежности"
"box_preserves_1","Запаси: консерви I"
"box_preserves_2","Запаси: консерви II"
"box_tools_iron","Запаси: железни инструменти"
"box_tools_steel","Запаси: стоманени инструменти"
"box_vegetables","Запаси: зеленчуци"
"box_vine","Запаси: вино"
"brain","Мозък"
"brain_extract","Изваждане на мозъка"
"bread","Хляб"
"breadcrumb_bite","Захранка от галета"
"breadcrumb_bite_d","Привлича: каракуда, платика, шаран, кротушка, щука"
"Brewery_t1","Пивоварна I"
"Brewery_t2","Пивоварна II"
"Brewery_t3","Пивоварна III"
"brewing_stand","Поставка за варене"
"brick","Тухла"
"brick_kiln_1","Пещ за тухли"
"brick_making","Производство на тухли"
"bridge_vineyard","Мост към лозето"
"bridge_vineyard_repair","Ремонтирай моста"
"brimstone","Сяра"
"bromstone","Бромстоун"
"bronze_details","Изработка на бронзови предмети"
"bronze_edges","Бронзови остриета"
"bronze_gear","Бронзови зъбчатки"
"bronze_heads","Бронзови оръжия"
"bronze_ingot_scrap","Топене на бронз"
"bronze_ingots","Ковачество на бронз"
"bronze_instruments","Бронзови инструменти"
"bronze_polishing","Полиране на бронз"
"bronze_products","Бронзови изделия"
"bronze_scrap","Бронзов скрап"
"bronze_weapons","Бронзово оборудване"
"bronze_works","Бронзови изделия"
"btn_cancel","Отказ"
"btn_demo_restart","Рестартирай"
"btn_exorcise","Извърши екзорсизъм"
"btn_extract","Извлечи"
"btn_hint_move_all_identical_items","Премести всички еднакви предмети"
"btn_lift_body","Вдигни тялото"
"btn_no","Не"
"btn_ok","ОК"
"btn_pull_rod","Издърпай въдицата"
"btn_put_to_rest","Погреби"
"btn_ressurect","Възкреси"
"btn_science_decompose","Разгради"
"btn_submit_bait","Избери стръв"
"btn_take_body","Вземи тялото"
"btn_take_body_two_lines","Вземи тялото"
"btn_unlock","Отключи"
"btn_yes","Да"
"bucket_anvil","Кофа за закаляване"
"buff_alchomaster","Алхимичен майстор"
"buff_alchomaster_d","Описание на Алхимичен майстор"
"buff_beer","Жажда за бира"
"buff_beer_d","Бирата вече има много по-добър вкус!"
"buff_berserk_1","Берсерк"
"buff_berserk_1_d","Атаките ти вече не изразходват издръжливост."
"buff_berserk_2","Берсерк II"
"buff_berserk_2_d","Атаките ти вече не изразходват издръжливост."
"buff_berserk_3","Берсерк III"
"buff_berserk_3_d","Атаките ти вече не изразходват издръжливост."
"buff_cleancut","Стабилна ръка"
"buff_cleancut_d","Аутопсиите са по-лесни."
"buff_combat_1","Божи гняв"
"buff_combat_1_d","Бойците ти нанасят повече щети по време на битки."
"buff_consumption_1","Бог на предлагането"
"buff_consumption_1_d","Получаваш повече <sprite name=""happiness""> и <sprite name=""slv""> от градските поръчки."
"buff_corpses_1","Бог на мъртвите"
"buff_corpses_1_d","Получаваш по-добри трупове."
"buff_damage_1","Боец"
"buff_damage_1_d","Щетите ти са леко увеличени."
"buff_damage_2","Боец II"
"buff_damage_2_d","Щетите ти са увеличени."
"buff_damage_3","Боец III"
"buff_damage_3_d","Щетите ти са значително увеличени."
"buff_demand_1","Бог на търсенето"
"buff_demand_1_d","Спешните ти градски поръчки вече не са чак толкова спешни."
"buff_disco_super_star","Диско суперзвезда"
"buff_disco_super_star_d","Описание на Диско суперзвезда"
"buff_double_alchemy","Двойна алхимия"
"buff_double_alchemy_d","Създаваш две отвари в Лабораторията."
"buff_energizer","Подсилване на издръжливостта"
"buff_energizer_d","По време на <sprite name=""time""> не се изморяваш в битка."
"buff_excellence_1","Бог на майсторите"
"buff_excellence_1_d","Получаваш бонус към талантите <sprite name=""talent_orange"">/<sprite name=""talent_red"">/<sprite name=""talent_green"">/<sprite name=""talent_yellow"">/<sprite name=""talent_blue"">."
"buff_farm_1","Бог на природата"
"buff_farm_1_d","Фермите ти работят по-бързо."
"buff_faster_flames","По-бърз огън"
"buff_faster_flames_d","Всичко, което изработваш с <sprite name=""fire"">, се изработва по-бързо."
"buff_fermentation","Ферментация"
"buff_fermentation_d","Описание на Ферментация"
"buff_fishing","Бързи рефлекси"
"buff_fishing_d","Разполагаш с повече време да закачиш рибата."
"buff_fishing2","Добър рибар"
"buff_fishing2_d","Рибата не се изплъзва лесно от куката ти."
"buff_gold_senses","Усет за злато"
"buff_gold_senses_d","Откривай злато на най-необичайни места."
"buff_good_orator","Добър оратор"
"buff_good_orator_d","По-лесно изнасяш успешна проповед."
"buff_good_student","Добър ученик"
"buff_good_student_d","Получаваш повече <sprite name=""tech_red"">, <sprite name=""tech_green""> и <sprite name=""tech_blue""> от всяка работа."
"buff_hardwork","Работяга"
"buff_hardwork_d","Изразходваш по-малко енергия, когато работиш с брадви и кирки."
"buff_hypno_1","Бог на заблудите"
"buff_hypno_1_d","Отрицателният ефект от прекалено многото зомбита вече не действа."
"buff_imagination_1","Бог на творчеството"
"buff_imagination_1_d","Имаш шанс да получиш истории, докато работиш."
"buff_insanity_1","Бог на лудостта"
"buff_insanity_1_d","Получаваш повече <sprite name=""insanity"">."
"buff_likes_1","Бог на любовта"
"buff_likes_1_d","Максималната ти <sprite name=""happiness""> е неограничена."
"buff_longtimer","Бавен метаболизъм"
"buff_longtimer_d","Всички ефекти траят по-дълго."
"buff_merchanting","Търговец"
"buff_merchanting_d","Получаваш повече <sprite name=""slv""> и <sprite name=""happiness"">, когато продаваш предмети."
"buff_mistakes_fine","Грешките са допустими"
"buff_mistakes_fine_d","Рецептите със звезда дават повече шансове."
"buff_motivator_1","Мотивация на зомбита"
"buff_motivator_1_d","Скоростта на атаките на съюзническите бойци е увеличена."
"buff_motivator_2","Мотивация на зомбита II"
"buff_motivator_2_d","Скоростта на атаките на съюзническите бойци е увеличена."
"buff_motivator_3","Мотивация на зомбита III"
"buff_motivator_3_d","Скоростта на атаките на съюзническите бойци е увеличена."
"buff_obedience_1","Бог на зомбитата"
"buff_obedience_1_d","Зомбитата ти работят по-бързо и можеш да използваш по-лоши нашийници, за да ги създаваш."
"buff_pen","Вдъхновение"
"buff_pen_d","Имаш по-голям шанс да напишеш нещо с добро качество."
"buff_plant","Плодородие"
"buff_plant_d","Зеленчуците растат по-бързо."
"buff_pot_appetite","Отвара за храносмилане"
"buff_pot_appetite_d","Храната ти дава повече <sprite name=""en"">."
"buff_pot_heal_long","Възстановяваща отвара"
"buff_pot_heal_long_d","Възстановяваш <sprite name=""hp""> с течение на времето."
"buff_protection_1","Божия закрила"
"buff_protection_1_d","Бойците ти получават по-малко щети по време на битки."
"buff_purity_1","Бог на разума"
"buff_purity_1_d","Изобщо не получаваш <sprite name=""insanity"">."
"buff_sauna","Сауна до дупка"
"buff_sauna_d","Чувстваш се освежен след сауната: храната дава +10%<sprite name=""energy"">."
"buff_shield","Желязно настроение"
"buff_shield_d","Получаваните щети са намалени."
"buff_sins","Покаяние"
"buff_sins_d","През седмицата идват повече хора, за да изповядат греховете си."
"buff_sleep","Дълбок сън"
"buff_sleep_d","Възстановяването на енергия по време на сън е увеличено."
"buff_speed","Бог на бягането"
"buff_speed_d","Ти и зомбитата ти се движите по-бързо."
"buff_star","Майсторско настроение"
"buff_star_d","Имаш по-голям шанс да изработиш нещо с добро качество."
"buff_storm","Бог на бурите"
"buff_storm_d","Можеш да възкресяваш зомбита всеки път, когато ти потрябва."
"buff_survay","Предпазливост"
"buff_survay_d","Получаваш допълнителни точки, когато изучаваш нови предмети."
"buff_sword","Ярост"
"buff_sword_d","Нанасяш допълнителни щети в битки."
"buff_talent_blue_1","Дух на анатомията I"
"buff_talent_blue_1_d","Временно получаваш +1 <sprite name=""talent_blue"">."
"buff_talent_blue_2","Дух на анатомията II"
"buff_talent_blue_2_d","Временно получаваш +2 <sprite name=""talent_blue"">."
"buff_talent_blue_3","Дух на анатомията III"
"buff_talent_blue_3_d","Временно получаваш +3 <sprite name=""talent_blue"">."
"buff_talent_green_1","Дух на земеделието I"
"buff_talent_green_1_d","Временно получаваш +1 <sprite name=""talent_green"">."
"buff_talent_green_2","Дух на земеделието II"
"buff_talent_green_2_d","Временно получаваш +2 <sprite name=""talent_green"">."
"buff_talent_green_3","Дух на земеделието III"
"buff_talent_green_3_d","Временно получаваш +3 <sprite name=""talent_green"">."
"buff_talent_orange_1","Дух на строителството I"
"buff_talent_orange_1_d","Временно получаваш +1 <sprite name=""talent_orange"">."
"buff_talent_orange_2","Дух на строителството II"
"buff_talent_orange_2_d","Временно получаваш +2 <sprite name=""talent_orange"">."
"buff_talent_orange_3","Дух на строителството III"
"buff_talent_orange_3_d","Временно получаваш +3 <sprite name=""talent_orange"">."
"buff_talent_red_1","Дух на ковачеството I"
"buff_talent_red_1_d","Временно получаваш +1 <sprite name=""talent_red"">."
"buff_talent_red_2","Дух на ковачеството II"
"buff_talent_red_2_d","Временно получаваш +2 <sprite name=""talent_red"">."
"buff_talent_red_3","Дух на ковачеството III"
"buff_talent_red_3_d","Временно получаваш +3 <sprite name=""talent_red"">."
"buff_talent_yellow_1","Дух на писането I"
"buff_talent_yellow_1_d","Временно получаваш +1 <sprite name=""talent_yellow"">."
"buff_talent_yellow_2","Дух на писането II"
"buff_talent_yellow_2_d","Временно получаваш +2 <sprite name=""talent_yellow"">."
"buff_talent_yellow_3","Дух на писането III"
"buff_talent_yellow_3_d","Временно получаваш +3 <sprite name=""talent_yellow"">."
"buff_thrifty_farmer","Пестелив земеделец"
"buff_thrifty_farmer_d","Използвай по-малко семена при засаждане."
"buff_war_machines","Военни машини"
"buff_war_machines_d","Барикадите и кулите ти нанасят повече щети и имат по-добра защита."
"buff_warlord","Военачалник"
"buff_warlord_d","Превземай знамената по-бързо по време на битки."
"bug_report_cancel","Отказ"
"bug_report_cat_annoyance","Дразнещ проблем"
"bug_report_cat_bug","Проблем"
"bug_report_cat_crash","Срив"
"bug_report_cat_gameBreaking","Критична грешка"
"bug_report_cat_suggestion","Предложение"
"bug_report_cat_visualText","Визуален / текстов"
"bug_report_category","Категория"
"bug_report_email","Имейл (по желание)"
"bug_report_email_invalid","Този имейл не изглежда валиден."
"bug_report_failed","Докладът не може да бъде изпратен."
"bug_report_failed_retry","Докладът не може да бъде изпратен. Ще бъде изпратен повторно по-късно."
"bug_report_header","Докладвай проблем"
"bug_report_notify","Уведоми ме"
"bug_report_off","Изкл."
"bug_report_on","Вкл."
"bug_report_privacy","С този доклад ще бъдат изпратени дневникът, записът на играта, екранната снимка и информацията за хардуера. Нищо друго не се прикачва."
"bug_report_send","Изпрати"
"bug_report_sending","Изпращане на доклада..."
"bug_report_sent_header","Доклад за проблема"
"bug_report_steps","Как можем да възпроизведем проблема?"
"bug_report_thanks","Докладът за проблема беше изпратен."
"bug_report_title","Какво се случи?"
"bug_report_title_required","Моля, опиши какво се случи."
"builder","Строител"
"builder_alchemy_lab","Алхимична лаборатория"
"builder_carrier","Каменоломна"
"builder_church","Църква"
"builder_church_d","Качество на църквата"
"builder_clay_sand","Копаене от зомбита"
"builder_conveyor","Фабрика"
"builder_conveyor_storage","Склад за запаси"
"builder_fight_main","Команден пункт"
"builder_fight_no_buildings","Команден пункт"
"builder_garden","Градина"
"builder_graveyard","Ново гробище"
"builder_graveyard_d","Качество на гробището"
"builder_home","Дом"
"builder_military_base","Казарма"
"builder_mine","Зомби мина"
"builder_morgue","Морга"
"builder_sawmill","Изоставена дъскорезница"
"Builder_t1","Строител I"
"Builder_t2","Строител II"
"Builder_t3","Строител III"
"builder_vineyard","Лозе"
"builder_vineyard_basement","Мазе на лозето"
"builder_writing","Писателска стая"
"builder_yard","Двор"
"building_kit_1","Комплект за строеж I"
"building_kit_2","Комплект за строеж II"
"building_lvl_up_1","Майсторство в строителството +1<sprite name=""talent_orange"">"
"building_lvl_up_2","Майсторство в строителството +2<sprite name=""talent_orange"">"
"bush_ashberry_clr1_xxs","Храст с плодове"
"bush_blueberry_clr1_xxs","Боровинков храст"
"bush_rhodod_clr1_xxs","Храст рододендрон"
"cabbage_seed:1","Зелеви семена"
"cabbage:1","Зеле"
"cacao","Какао"
"call_januarius","Повикай Януариус"
"call_jully","Повикай Джули"
"camphor","Камфор"
"candle_1","Канделабър I"
"candle_2","Канделабър II"
"candle_3","Канделабър III"
"candle_advanced","Красива свещ"
"candle_basic","Обикновена свещ"
"candle_master","Великолепна свещ"
"candle_stand_1","Поставка за свещ I"
"candle_stand_2","Поставка за свещ II"
"candle_stand_3","Поставка за свещ III"
"candles_1","Църковно осветление I"
"candles_2","Църковно осветление II"
"candles_3","Църковно осветление III"
"canveyor_lantern","Фабричен фенер"
"card_deck","Тесте карти"
"carpenter_1","Дърводелец I"
"carpenter_1_d","Изработвай дървени изделия"
"carpenter_2","Дърводелец II"
"carpenter_3","Дърводелец III"
"carpenter_4","Дърводелец IV"
"carpenter_5","Дърводелец V"
"carpet","Килим"
"carrot","Морков"
"carrot_seed","Семена от моркови"
"carved_wood","Издълбано дърво"
"catalyst","Катализатор"
"cemetery_expander_1","Разширител на гробището I"
"cemetery_expander_1_d","Винаги има място за още един. Разшири гробището."
"cemetery_expander_2","Разширител на гробището II"
"cemetery_expander_3","Разширител на гробището III"
"ceramic_1","Глинена чиния"
"ceramic_2","Глинена урна"
"ceramic_broken","Счупена керамика"
"ceramic_fired_1","Керамична чиния"
"ceramic_fired_2","Керамична урна"
"ceramic_firing","Изпичане на керамика"
"chair_comfortable","Удобен стол"
"chance_success","Шанс за успех"
"change_organ","Смени органа"
"char_not_available_by_time_phrase","Зает съм"
"CharInspirationPage","Вдъхновения"
"CharMainPage","Персонаж"
"cheese","Сирене"
"chest","Сандък"
"chest_good_place","Голям сандък"
"chest_myst","Мистериозен сандък"
"chest_rough_place","Обикновен сандък"
"chill_guy_1","Спокоен тип I"
"chill_guy_1_d","Наздраве, братле"
"chill_guy_2","Спокоен тип II"
"chill_guy_3","Спокоен тип III"
"chisel_basic","Бронзово длето"
"chisel_iron","Желязно длето"
"chisel_steel","Стоманено длето"
"chocolate","Шоколад"
"chooping","Сечене"
"chopping_spot","Място за сечене"
"church_builder_1","Строител на църкви I"
"church_builder_1_d","Вярата има нужда от покрив. Дъждът вреди на набожността. Възстанови и подобри църквата."
"church_builder_2","Строител на църкви II"
"church_builder_3","Строител на църкви III"
"church_music_chore","Църковна музика I"
"church_music_organ","Църковна музика II"
"church_passive_buidlings_1","Църковно обзавеждане I"
"church_passive_buidlings_2","Църковно обзавеждане II"
"church_passive_buidlings_3","Църковно обзавеждане III"
"church_supplier_1","Доставчик на църковни материали I"
"church_supplier_1_d","Изработвай материали за църквата, като свещи и тамян."
"church_supplier_2","Доставчик на църковни материали II"
"church_supplier_3","Доставчик на църковни материали III"
"church_supplier_4","Доставчик на църковни материали IV"
"church_supplier_5","Доставчик на църковни материали V"
"church_supplier_6","Доставчик на църковни материали VI"
"church_train","Църковен конвейер"
"church_train_unlock_s","Църковен влак"
"church_upgrade_1_bench_1","Почистване на църквата"
"church_upgrade_2","Църковни килими"
"church_upgrade_3","Църковно осветление"
"cinnabar","Цинобър"
"circular_saw","Циркуляр"
"clay","Глина"
"clay_container_conveyor","Склад за глина"
"clay_container_conveyor_TOP_BROKEN","Счупен склад за глина"
"clay_molds","Глинени калъпи"
"clay_zombie_crafter","Поставка за копач на глина"
"clean_paper","Чиста хартия"
"coal","Въглища"
"coal_container_conveyor","Склад за въглища"
"coal_container_conveyor_TOP_BROKEN","Счупен склад за въглища"
"cognac","Коняк"
"collar_bronze","Бронзова каишка за зомби"
"collar_gold","Златна каишка за зомби"
"collar_steel","Стоманена каишка за зомби"
"colon_symbol",":"
"columbariums_1","Колумбарий"
"combo_prayer_1","Комбинирана молитва I"
"combo_prayer_2","Комбинирана молитва II"
"combo_prayer_3","Комбинирана молитва III"
"comets_tail","Опашка на комета"
"common_greeting","Здрасти!"
"common_leave","Отказ"
"common_trade","Търгувай"
"complete_insp_for","Завършване на вдъхновението за %1?"
"complete_insp_you_get","Ще получиш %1 и ще запълниш лентата"
"compost_pile_1","Компостна купчина"
"compost_pile_2","Компостна купчина II"
"confession_1","Изповедалня I"
"confession_2","Изповедалня II"
"confession_3","Изповедалня III"
"control_atk","Атака"
"control_atk_focus","Фокусирана атака"
"control_gmenu","Игрово меню"
"control_interact","Взаимодействие"
"control_map","Карта"
"control_pause","Пауза"
"control_qslot_1","Бърз слот 1"
"control_qslot_2","Бърз слот 2"
"control_qslot_3","Бърз слот 3"
"control_qslot_4","Бърз слот 4"
"control_quests","Задачи"
"control_work","Работа"
"conveyor_assemblybench","Работна маса за сглобяване"
"conveyor_assemblybench_hammer","Работна маса за сглобяване: автоматичен чук"
"conveyor_assemblybench_machine","Работна маса за сглобяване: шевна машина"
"conveyor_assemblybench_press","Работна маса за сглобяване: пробивна преса"
"conveyor_assemblybench_t1","Работна маса за сглобяване I"
"conveyor_assemblybench_t2","Работна маса за сглобяване II"
"conveyor_assemblybench_t3","Работна маса за сглобяване III"
"conveyor_assemblybench_turning","Работна маса за сглобяване: струг"
"conveyor_assemblybench_wheel","Работна маса за сглобяване: чекрък"
"conveyor_bioreactor","Биореактор"
"conveyor_cell","Транспортна лента"
"conveyor_cell_station","Станция за запаси"
"conveyor_cell_underground","Подземен конвейер"
"conveyor_chest_t1","Сандък за конвейер I"
"conveyor_chest_t2","Сандък за конвейер II"
"conveyor_furnace_bellows","Ковачница: мях"
"conveyor_furnace_hammer","Ковачница: чук"
"conveyor_furnace_press","Ковачница: преса"
"conveyor_furnace_stone","Ковачница: точило"
"conveyor_furnace_t1","Ковачница I"
"conveyor_furnace_t2","Ковачница II"
"conveyor_kitchen_conservat","Кухня: машина за запечатване"
"conveyor_kitchen_millstone","Кухня: воденичен камък"
"conveyor_kitchen_stove","Кухня: печка"
"conveyor_kitchen_t1","Кухня I"
"conveyor_kitchen_t2","Кухня II"
"conveyor_mine_other_side","Този път е блокиран. Трябва да опитам от другата страна."
"conveyor_place_pin_broken","Счупен механизъм на конвейера"
"conveyor_splitter","Разделител на конвейера"
"conveyor_storage_t1_p","Палет за запаси"
"conveyor_storage_upgrade_u","Палет за запаси II"
"conveyor_wine_beer_pallet","Склад за алкохол"
"cook_baked_apple","Печена ябълка"
"cook_baked_fish","Печена риба"
"cook_baked_kebab","Печен кебап"
"cook_baked_meat","Печено месо"
"cook_baked_mushroom","Печени гъби"
"cook_baked_salmon","Печена сьомга"
"cook_beet_grated","Настъргано цвекло"
"cook_beet_sliced","Резени цвекло"
"cook_bowl_lentils","Купа леща"
"cook_bowl_pumpkin","Купа тиквена супа"
"cook_burger","Бургер"
"cook_cabbage_bowl","Купа кисело зеле"
"cook_cabbage_soup","Зелева супа"
"cook_cake","Торта"
"cook_carrot_cutlet","Морковено кюфте"
"cook_carrot_soup","Морковена супа"
"cook_croissant","Кроасан"
"cook_elder_catfish","Храна за старейшината"
"cook_famer_plate","Фермерска чиния"
"cook_fish_nuggets","Рибни хапки"
"cook_fish_soup","Рибена супа"
"cook_fisherman_dream","Мечта на рибаря"
"cook_fisherman_pie","Рибарски пай"
"cook_fisherman_stew","Рибарска яхния"
"cook_fried_fish","Пържена речна риба"
"cook_golden_carp","Пържен златен шаран"
"cook_grape_pie","Гроздов пай"
"cook_green_jelly","Зелено желе"
"cook_heavenly_salmon","Небесна сьомга"
"cook_kebab_fish_mushrooms","Кебап с риба и гъби"
"cook_kebab_fish_onion","Кебап с риба и лук"
"cook_kebab_fish_pumpkin","Кебап с риба и тиква"
"cook_kraken_jr","Стек от кракен"
"cook_lasagna","Лазаня"
"cook_muffin","Мъфин"
"cook_omelette","Омлет"
"cook_onion_rings","Лучени кръгчета"
"cook_onion_toast","Тост с лук"
"cook_pancakes","Палачинки"
"cook_pasta","Паста"
"cook_pumpkin_baked","Печена тиква"
"cook_pumpkin_soup","Тиквена супа"
"cook_red_jelly","Червено желе"
"cook_sandwich","Сандвич"
"cook_sea_feast","Пиршество от морска риба"
"cook_smothie","Плодово смути"
"cook_soldier_ale","Войнишки ейл"
"cook_soldier_stew","Войнишка яхния"
"cook_swamp_stew","Блатна яхния"
"cook_vegetabe_soup","Зеленчукова супа"
"cook_vegetable_salad","Зеленчукова салата"
"cook_yogurt","Йогурт"
"cooking_beet","Ястия от цвекло"
"cooking_cabbage","Ястия със зеле"
"cooking_carrot","Ястия с моркови"
"cooking_fire","Първи ястия"
"cooking_fish_myst","Ястия с мистериозна риба"
"cooking_fish_river","Ястия с речна риба"
"cooking_fish_sea","Ястия с морска риба"
"cooking_meat","О, не!"
"cooking_meat_minced","Както и да е..."
"cooking_onion","Ястия с лук"
"cooking_pastries","Сладкиши"
"cooking_pumpkin","Ястия с тиква"
"cooking_soldier","Войнишка храна"
"cooking_vegetables","Зеленчукови ястия"
"cooking_wild","Първи закуски"
"copper_scrap","Меден скрап"
"corpse_burner_1","Горелка за трупове I"
"corpse_burner_1_d","По-чисто решение на сложните проблеми. Гори трупове в крематориума."
"corpse_burner_2","Горелка за трупове II"
"corpse_burner_3","Горелка за трупове III"
"corpse_burner_4","Горелка за трупове IV"
"corpse_burner_5","Горелка за трупове V"
"craft_pick_res_hint_surv","Избери предмет за изучаване"
"crematorium_1_s","Крематориум I"
"crematorium_2_s","Крематориум II"
"crystal_goddess","Син кристал"
"cust_color_body_1_switcher","Цвят на тяло 1"
"cust_color_body_2_switcher","Цвят на тяло 2"
"cust_color_body_3_switcher","Цвят на тяло 3"
"cust_color_body_all_switchers","Цвят на дрехите"
"cust_color_hair_switcher","Цвят на косата"
"cust_type_beard_switcher","Брада"
"cust_type_body_switcher","Дрехи"
"cust_type_hair_switcher","Прическа"
"customization_enable_s","Гардероб с огледало"
"damage_potion","Отвара за щети"
"damage_potion_2","Отвара за щети II"
"damage_potion_2_d","Увеличава щетите ти. Само в битка."
"damage_potion_3","Отвара за щети III"
"damage_potion_3_d","Силно увеличава щетите ти. Само в битка."
"damage_potion_d","Леко увеличава щетите ти. Само в битка."
"debuff_excessive_zombie","Прекалено много зомбита"
"debuff_excessive_zombie_d","Имаш твърде много зомбита и хората се плашат. Проповедите ти са по-малко ефективни."
"default_agree","Съгласен съм."
"default_any_news","Някакви новини?"
"default_cant_agree","Не бих казал."
"default_dots","..."
"default_fine","Добре."
"default_hey","Хей!"
"default_im_going_home","Прибирам се."
"default_main_i_font_need_it","Не ми трябва."
"default_main_might_be_useful_later","Може да потрябва по-късно."
"default_main_not_right_now","Не точно сега."
"default_no","Не."
"default_nope","Нъцки."
"default_not_in_million_years","Никога на този свят."
"default_okay","Добре."
"default_right","Точно така."
"default_see_you_tomorrow","До утре."
"default_so_dots","И така..."
"default_so_q","И?"
"default_sure","Разбира се."
"default_well","Е, добре."
"default_well_dots","Е..."
"default_whats_up","Какво става?"
"default_yeah","Да."
"default_yes","Да."
"delete_slot","Да изтрия ли избраната игра?"
"demo_time_up_header","Времето изтече"
"demo_time_up_text","Благодарим, че играхте демото ни!
Ще се видим при излизането!"
"demon","Демон"
"dentist_teeth_1","Зъболекар I"
"dentist_teeth_1_d","Мъртвите са най-тихите пациенти. Изваждай зъби от черепи."
"dentist_teeth_2","Зъболекар II"
"dentist_teeth_3","Зъболекар III"
"descent_ladder_forest_broken","Счупена стълба"
"detail_1","Проста желязна част"
"detail_1_iron","Желязна част"
"detail_1_steel","Стоманена част"
"detail_2","Сложна желязна част"
"detail_2_iron","Усъвършенствана част"
"detail_2_steel","Инженерни части"
"detail_trash","Част от отпадъци"
"details_1_bronze","Бронзова част"
"details_1_copper","Медна част"
"disco_prayer_test","Диско молитва"
"distillation_cube","Дестилационен куб"
"distiller_1","Дестилатор I"
"distiller_1_d","Дестилирай продукти в дестилационния куб."
"distiller_2","Дестилатор II"
"distiller_3","Дестилатор III"
"distiller_4","Дестилатор IV"
"distiller_5","Дестилатор V"
"distiller_6","Дестилатор VI"
"doctor_meeting_code","Тайна комбинация"
"dough","Тесто"
"drape_luxury","Луксозни завеси"
"dust_explosive","Експлозивен прах"
"dye","Боя"
"dynamite","Динамит"
"egg_chicken","Кокоше яйце"
"embalm_red","Разтвор за зомбита"
"embalm_red_white","Инжекция за зомбита"
"embalm_table_1","Маса за балсамиране I"
"embalm_table_2","Маса за балсамиране II"
"embalm_white","Разтвор за трупове"
"embalm_white_red","Инжекция за трупове"
"embalmator_1","Балсаматор I"
"embalmator_1_d","Свежият вид никога не е бил толкова траен. Балсамирай трупове."
"embalmator_2","Балсаматор II"
"embalmator_3","Балсаматор III"
"embalmator_4","Балсаматор IV"
"embalmator_5","Балсаматор V"
"embalming_advanced","Балсамиране II"
"embalming_basic","Балсамиране I"
"embalming_master","Балсамиране III"
"end_pre_fight","Отстъпи"
"energy","Енергия"
"energy_potion","Отвара за енергия"
"energy_potion_2","Отвара за енергия II"
"energy_potion_3","Отвара за енергия III"
"energy_potion_d","Осигурява временно възстановяване на енергията"
"energy_potion_scroll","Свитък за отвара за енергия"
"engineering_kit","Инженерен комплект"
"enhanced_selection","Подобрен подбор"
"enhanced_selection_d","качеството на всички семена +0,35"
"ev_needles","Вечни игли"
"exhume","Ексхумирай тялото"
"exhume_certificate","Удостоверение за ексхумация"
"exhume_confirmation","За да ексхумираш тяло, трябва да имаш:"
"exhume_confirmation_bot","Сигурен ли си, че искаш да ексхумираш тялото?"
"exit_menu_confirm","Сигурен ли си?"
"exit_menu_confirm_txt","Всички незапазени промени ще бъдат загубени."
"exit_menu_confirm_txt_2","Играта се запазва автоматично след сън."
"exit_menu_confirm_txt_3","Изход към главното меню?"
"exit_menu_confirm_txt_new","Всички незапазени промени ще бъдат загубени.
Играта се запазва автоматично, когато спиш.
Изход към главното меню?"
"exorcise_demon","Изгони демона"
"exorcism_table_1","Маса за екзорсизъм I"
"exorcism_table_2","Маса за екзорсизъм II"
"exorcism_table_3","Маса за екзорсизъм III"
"exp_blue_potion","Отровна <sprite name=""talent_blue""> отвара"
"exp_blue_potion_2","Отровна <sprite name=""talent_blue""> отвара II"
"exp_green_potion","Отровна <sprite name=""talent_green""> отвара"
"exp_green_potion_2","Отровна <sprite name=""talent_green""> отвара II"
"exp_orange_potion","Отровна <sprite name=""talent_orange""> отвара"
"exp_orange_potion_2","Отровна <sprite name=""talent_orange""> отвара II"
"exp_potion_b_1","Отровна <sprite name=""tech_blue""> отвара"
"exp_potion_b_1_use","Синьо обучение I"
"exp_potion_b_2","Отровна <sprite name=""tech_blue""> отвара II"
"exp_potion_b_2_use","Синьо обучение II"
"exp_potion_g_1","Отровна <sprite name=""tech_green""> отвара"
"exp_potion_g_1_use","Зелено обучение I"
"exp_potion_g_2","Отровна <sprite name=""tech_green""> отвара II"
"exp_potion_g_2_use","Зелено обучение II"
"exp_potion_r_1","Отровна <sprite name=""tech_red""> отвара"
"exp_potion_r_1_use","Червено обучение I"
"exp_potion_r_2","Отровна <sprite name=""tech_red""> отвара II"
"exp_potion_r_2_use","Червено обучение II"
"exp_red_potion","Отровна <sprite name=""talent_red""> отвара"
"exp_red_potion_2","Отровна <sprite name=""talent_red""> отвара II"
"exp_yellow_potion","Отровна <sprite name=""talent_yellow""> отвара"
"exp_yellow_potion_2","Отровна <sprite name=""talent_yellow""> отвара II"
"extract_bones","Извади костите"
"extract_brain","Извади мозъка"
"extract_guts","Извади червата"
"extract_heart","Извади сърцето"
"extract_organ","Извади орган"
"extract_skin_1_1","Извади кожата"
"extract_skull","Извади черепа"
"fabric_flax","Плат"
"fairy_swamp_map","Карта на блатото на Феята"
"faith","Вяра"
"faith_prayer_tier_1_test","Молитва за вяра"
"fake_blood_craft","Извади кръвта"
"fake_bones_craft","Извади и замени костите"
"fake_brain_craft","Извади и замени мозъка"
"fake_fat_craft","Извади мазнината"
"fake_flesh_craft","Извади плътта"
"fake_guts_craft","Извади и замени червата"
"fake_heart_craft","Извади и замени сърцето"
"fake_skin_craft","Извади и замени кожата"
"fake_skull_craft","Извади и замени черепа"
"farming_lvl_up_1","Майсторство в земеделието +1<sprite name=""talent_green"">"
"farming_lvl_up_2","Майсторство в земеделието +2<sprite name=""talent_green"">"
"fat","Мазнина"
"fermentation_barrel","Буре за ферментация"
"fertilize_add_cells_1","Тор за подсилване на културите I"
"fertilize_add_cells_2","Тор за подсилване на културите II"
"fertilize_farming_1","Тор за земеделие I"
"fertilize_farming_2","Тор за земеделие II"
"fertilize_farming_3","Тор за земеделие III"
"fertilize_farming_4","Тор за земеделие IV"
"fertilize_start_bonus_1","Тор за преднина I"
"fertilize_start_bonus_2","Тор за преднина II"
"fertilizer_1","Торове I"
"fertilizer_2","Торове II"
"fertilizer_3","Торове III"
"fertilizer_4","Торове IV"
"fertilizer_add_cells_1","Тор за подсилване на културите I"
"fertilizer_add_cells_1_d","Добавя 1 към дължината на изработката"
"fertilizer_add_cells_2","Тор за подсилване на културите II"
"fertilizer_add_cells_2_d","Добавя 2 към дължината на изработката"
"fertilizer_add_cells_3_d","Добавя 3 към дължината на изработката"
"fertilizer_add_cells_4_d","Добавя 4 към дължината на изработката"
"fertilizer_farming_1","Тор за земеделие I"
"fertilizer_farming_1_d","Добавя +1<sprite name=""talent_green""> към градинската леха"
"fertilizer_farming_2","Тор за земеделие II"
"fertilizer_farming_2_d","Добавя +2<sprite name=""talent_green""> към градинската леха"
"fertilizer_farming_3","Тор за земеделие III"
"fertilizer_farming_3_d","Добавя +3<sprite name=""talent_green""> към градинската леха"
"fertilizer_farming_4","Тор за земеделие IV"
"fertilizer_farming_4_d","Добавя +4<sprite name=""talent_green""> към градинската леха"
"fertilizer_farming_5","Тор за земеделие V"
"fertilizer_farming_5_d","Добавя +5<sprite name=""talent_green""> към градинската леха"
"fertilizer_farming_6","Тор за земеделие VI"
"fertilizer_farming_6_d","Добавя +6<sprite name=""talent_green""> към градинската леха"
"fertilizer_farming_7","Тор за земеделие VII"
"fertilizer_farming_7_d","Добавя +7<sprite name=""talent_green""> към градинската леха"
"fertilizer_farming_8","Тор за земеделие VIII"
"fertilizer_farming_8_d","Добавя +8<sprite name=""talent_green""> към градинската леха"
"fertilizer_slot_1","Слот за тор"
"fertilizer_slot_1_d","шанс за използване на тор"
"fertilizer_start_bonus_1","Тор за преднина I"
"fertilizer_start_bonus_1_d","Добавя 1 към напредъка на изработката"
"fertilizer_start_bonus_2","Тор за преднина II"
"fertilizer_start_bonus_2_d","Добавя 2 към напредъка на изработката"
"fertilizer_start_bonus_3_d","Добавя 3 към напредъка на изработката"
"fertilizer_start_bonus_4_d","Добавя 4 към напредъка на изработката"
"fertilizer:peat","Торф"
"fertilizer:peat_d","Добавя +1<sprite name=""talent_green""> към градинската леха"
"fight_A1_1","Пробив към пристанището"
"fight_A2_1","Източни квартали: активно разузнаване"
"fight_A2_2","Прочистване на източните квартали"
"fight_A3_1","Прочистване на пазарния площад"
"fight_A4_1","Прочистване на централните квартали: част I"
"fight_A4_2","Прочистване на централните квартали: част II"
"fight_B1_1","Затваряне на западния шлюз"
"fight_B2_1","Затваряне на източния шлюз: част I"
"fight_B2_2","Затваряне на източния шлюз: част II"
"fight_B3_1","Операция КАРТОФ: част I"
"fight_B3_2","Операция КАРТОФ: част II"
"fight_B5_1","Битка при езерото"
"fight_C0_1","Пробив към мазето на банята"
"fight_C1_1","Последна битка"
"fight_lost","Загуби."
"fight_S0_1","Каналена (канализационната арена)"
"fight_S1_1","Канализационна свада I"
"fight_S2_1","Канализационна свада II"
"fight_start_equipment_reason","Трябва да екипирам меч и броня"
"fight_window_dead","Мъртъв!"
"fight_window_lose","Загуба!"
"fight_window_win","Победа!"
"fight_won","Победи!"
"fighting_level_town_1","Градска битка I"
"fighting_level_town_2","Градска битка II"
"fighting_level_town_3","Защита на градския площад"
"fighting_level_town_4","Градска битка III"
"fillet_fish_myst","Филе от мистериозна риба"
"fillet_fish_river","Филе от речна риба"
"fillet_fish_sea","Филе от морска риба"
"fire","Гориво"
"fireflight","Светулка"
"firelord_1","Господар на огъня I"
"firelord_1_d","Изработвай предмети в огъня"
"firelord_2","Господар на огъня II"
"firelord_3","Господар на огъня III"
"firelord_4","Господар на огъня IV"
"firelord_5","Господар на огъня V"
"firewood","Дърва за огрев"
"firewood_shed_1","Навес за дърва I"
"firewood_shed_2","Навес за дърва II"
"fish_anchovy","Хамсия"
"fish_bream","Платика"
"fish_carp","Шаран"
"fish_catfish","Сом"
"fish_celestial_salmon","Небесна сьомга"
"fish_crucian","Каракуда"
"fish_dace","Херинга"
"fish_eel","Змиорка"
"fish_elder_catfish","Старейшински сом"
"fish_frog","Жаба"
"fish_goldfish","Златна рибка"
"fish_gudgeon","Кротушка"
"fish_kraken_jr","Младши кракен"
"fish_mackerel","Скумрия"
"fish_mythic_carp","Митичен шаран"
"fish_pike","Щука"
"fish_roach","Хлебарка"
"fish_salmon","Сьомга"
"fish_silverfin","Сребърна перка"
"fish_swamp_ghost","Блатен призрак"
"Fish_t1","Рибарски щанд"
"Fish_t2","Рибарски щанд II"
"Fish_t3","Рибарски щанд III"
"fish_trout","Пъстърва"
"fish_tuna","Риба тон"
"fishing_1","Риболов I"
"fishing_2","Риболов II"
"fishing_3","Риболов III"
"fishing_4","Риболов IV"
"fishing_next_time","Ех, другия път, предполагам..."
"fishing_no_bait","Нямам подходящата стръв за този вид риба"
"fishing_no_fish","Тук не са останали риби"
"fishing_no_mastery","Нямам достатъчно майсторство"
"fishing_no_rod","Не мога да ловя без въдица..."
"flag_blue","Флаг на победата"
"flag_reward","Знаме на победата"
"flax","Лен"
"flax_seed","Ленено семе"
"flesh","Плът"
"flitch","Дъска"
"flitch_d","Полезен предмет за изработка"
"flour","Брашно"
"flower_night","Нощно цвете"
"flower_rhod","Рододендрон"
"forest_pass","Пропуск за гората"
"forest_pass_d","Може да е полезен за влизане в гората."
"formation_master_1","Майстор на формулите I"
"formation_master_1_d","Създавай предмети на масата за формулиране."
"formation_master_2","Майстор на формулите II"
"formation_master_3","Майстор на формулите III"
"formation_master_4","Майстор на формулите IV"
"formation_master_5","Майстор на формулите V"
"formation_master_6","Майстор на формулите VI"
"formulation_bench","Маса за формулиране"
"fragrance","Аромат"
"fried_egg","Пържено яйце"
"frill","Дантела"
"fuel_firewood_shed_d","Добави дърва"
"furnace_1","Пещ I"
"furnace_2","Пещ II"
"furnace_bellows_1","Мях"
"furnace_casting_table_1","Леярска маса"
"furnace_place","Пещ"
"furniture_kit_1","Комплект за мебели I"
"furniture_kit_2","Комплект за мебели II"
"Furniture_t1","Мебелист I"
"Furniture_t2","Мебелист II"
"Furniture_t3","Мебелист III"
"garden_appletree","Ябълково дърво"
"garden_appletree_place","Ябълково дърво"
"garden_bags_storage_1","Градински склад I"
"garden_bags_storage_2","Градински склад II"
"garden_bags_storage_3","Градински склад III"
"garden_bed","Градинарство"
"garden_bed_1","Градинска леха I 1 <sprite name=""talent_green"">"
"garden_bed_2","Градинска леха II 3 <sprite name=""talent_green"">"
"garden_bed_3","Градинска леха III 6 <sprite name=""talent_green"">"
"garden_bed_4","Градинска леха IV 10 <sprite name=""talent_green"">"
"garden_bed_5","Градинска леха V 14 <sprite name=""talent_green"">"
"garden_beer","Варене"
"garden_beet","Леха с цвекло"
"garden_beet_growing_d","Отглеждане на цвекло"
"garden_cabbage","Леха със зеле"
"garden_cabbage_growing_1_d","Отглеждане на зеле"
"garden_carrot","Леха с моркови"
"garden_carrot_growing_d","Отглеждане на моркови"
"garden_compost_pile_upgrade_s","Подобрение на компостната купчина"
"garden_crafter","Поставка на градинаря"
"garden_empty","Градинска леха"
"garden_extension_trees_bushes","Овощна градина"
"garden_farming_base_1_s","Подобрение на градината I"
"garden_farming_base_2_s","Подобрение на градината II"
"garden_grape_growing_1_d","Отглеждане на грозде"
"garden_grapes","Леха с грозде"
"garden_honey","Пчеларство"
"garden_hop","Леха с хмел"
"garden_hop_growing_d","Отглеждане на хмел"
"garden_improve_1","Подобрение на градината I"
"garden_improve_2","Подобрение на градината II"
"garden_linum","Леха с лен"
"garden_linum_growing_d","Отглеждане на лен"
"garden_mead","Производство на медовина"
"garden_onion","Леха с лук"
"garden_onion_growing_1_d","Отглеждане на лук"
"garden_potato","Леха с картофи"
"garden_potato_growing_d","Отглеждане на картофи"
"garden_pumpkin","Леха с тикви"
"garden_pumpkin_growing_1_d","Отглеждане на тикви"
"garden_sider","Пивоварна за сайдер"
"garden_tablet_beet","Табличка „Цвекло“"
"garden_tablet_cabbage","Табличка „Зеле“"
"garden_tablet_carrot","Табличка „Морков“"
"garden_tablet_flax","Табличка „Лен“"
"garden_tablet_grape","Табличка „Грозде“"
"garden_tablet_hop","Табличка „Хмел“"
"garden_tablet_onion","Табличка „Лук“"
"garden_tablet_pumpkin","Табличка „Тиква“"
"garden_tablet_wheat","Табличка „Пшеница“"
"garden_vineyard","Лозе"
"garden_wheat","Леха с пшеница"
"garden_wheat_growing_d","Отглеждане на пшеница"
"garden_wine","Производство на вино"
"gardening_no_mastery","Нямам достатъчно майсторство"
"gem","Скъпоценен камък"
"get_new_people","Нови хора"
"get_new_people_lock_10","Привлечи 4 нови души"
"get_new_people_lock_10_2","Привлечи 3 нови души"
"get_new_people_lock_20","Привлечи 10 нови души"
"get_new_people_lock_30","Привлечи 10 нови души"
"get_new_people_lock_40","Още повече хора"
"get_new_people_scroll_x1","Привлечи 1 нов човек"
"get_new_people_scroll_x10","Привлечи 10 нови души"
"get_new_people_scroll_x5","Привлечи 5 нови души"
"glass","Стъкло"
"glass_blowing","Стъкло"
"glass_blowing_2","Издухване на стъкло"
"glass_bottle_empty","Празна стъклена бутилка"
"glass_containers","Стъклени съдове"
"glue","Лепило"
"gold_nugget","Златен къс"
"graden_trees","Овощарство"
"grape","Грозде"
"grape_juice","Гроздов сок"
"grape_seed","Гроздови семки"
"grape_wine","Вино"
"grave_alley_1","Пътека в гробището I"
"grave_bot_mrb_1","Мраморна ограда I"
"grave_bot_mrb_2","Мраморна ограда II"
"grave_bot_stn_1","Каменна ограда I"
"grave_bot_stn_2","Каменна ограда II"
"grave_bot_wd_1","Дървена ограда I"
"grave_bot_wd_2","Дървена ограда II"
"grave_buildings_marble_1","Мраморни надгробни плочи I"
"grave_buildings_marble_2","Мраморни надгробни плочи II"
"grave_buildings_stone_1","Каменни надгробни плочи I"
"grave_buildings_stone_2","Каменни надгробни плочи II"
"grave_buildings_wood_1","Дървени надгробни плочи I"
"grave_buildings_wood_2","Дървени надгробни плочи II"
"grave_empty","Празен гроб"
"grave_tomb_gence_1","Дървена украса"
"grave_tomb_gence_2","Красиво гробище"
"grave_top_mrb_1","Мраморен кръст I"
"grave_top_mrb_2","Мраморен кръст II"
"grave_top_stn_1","Надгробен камък I"
"grave_top_stn_2","Надгробен камък II"
"grave_top_wd_0","Дървен кръст"
"grave_top_wd_1","Дървен кръст I"
"grave_top_wd_2","Дървен кръст II"
"grave_top_wd_sinful_1","Нечестив кръст I"
"graveyard_bench_1","Външна пейка I"
"graveyard_bench_2","Външна пейка II"
"graveyard_bench_3","Външна пейка III"
"graveyard_bench_test","Пейка"
"graveyard_columbarium_1","Колумбарий I"
"graveyard_columbarium_2","Колумбарий II"
"graveyard_columbarium_test","Колумбарий"
"graveyard_crypt","Крипта"
"graveyard_flowerbed_1","Цветна леха I"
"graveyard_flowerbed_2","Цветна леха II"
"graveyard_flowerbed_3","Цветна леха III"
"graveyard_flowerbed_test","Цветна леха"
"graveyard_improvement_1","Пътека и ограда на гробището I"
"graveyard_improvement_2","Пътека и ограда на гробището II"
"graveyard_lantern_1","Фенер I"
"graveyard_lantern_2","Фенер II"
"graveyard_lantern_test","Фенер"
"graveyard_mausoleum_test","Мавзолей"
"graveyard_module","Зона на гробището"
"graveyard_module_alley_1","Зона с пътека I"
"graveyard_module_alley_2","Зона с пътека II"
"graveyard_module_alley_medium","Голяма зона с пътека"
"graveyard_module_alley_small","Малка зона с пътека"
"graveyard_module_columbarium","Зона с колумбарий"
"graveyard_module_columbarium_1","Зона с колумбарий I"
"graveyard_module_columbarium_2","Зона с колумбарий II"
"graveyard_module_grave_1","Зона с гробове I"
"graveyard_module_grave_2","Зона с гробове II"
"graveyard_module_grave_3","Зона с гробове III"
"graveyard_module_grave_4","Зона с гробове IV"
"graveyard_module_grave_big","Голяма зона на гробището"
"graveyard_module_grave_medium","Средна зона на гробището"
"graveyard_module_grave_small","Малка зона на гробището"
"graveyard_module_mausoleum","Зона с мавзолей"
"graveyard_module_mixed_1","Смесена зона III"
"graveyard_module_mixed_2","Смесена зона I"
"graveyard_module_mixed_3","Смесена зона II"
"graveyard_module_monument","Зона с монумент"
"graveyard_monument_0","Монумент I"
"graveyard_monument_1","Монумент II"
"graveyard_monument_2","Монумент III"
"graveyard_monument_3","Монумент III"
"graveyard_monument_test","Монумент"
"graveyards_1","Гробар I"
"graveyards_2","Гробар II"
"graveyards_3","Гробар III"
"green_scroll","Зелен свитък"
"grow_potion","Отвара за растеж"
"grow_potion_d","Използва се за създаване на торове"
"grow_potion_formula","Отвара за растеж"
"guts","Черва"
"guts_extract","Изваждане на червата"
"hammer_0","Ръждясал чук"
"hammer_1","Бронзов чук"
"hammer_2","Железен чук"
"hammer_3","Стоманен чук"
"hand_prothesis","Протеза за ръка"
"hand_prothesis_elegant","Елегантна протеза за ръка"
"hand_tool","Ръце"
"hdr_autopsy_bodies","Непогребани тела:"
"hdr_factory_gears","Енергия на фабриката:"
"heal_potion","Лечебна отвара"
"heal_potion_2","Лечебна отвара II"
"heal_potion_3","Лечебна отвара III"
"heal_potion_d","Възстановява здравето. Само в битка."
"heal_potion_scroll","Свитък за лечебна отвара"
"heart","Сърце"
"heart_extract","Изваждане на сърцето"
"hero_clothes_9001","Дрехи на гробаря"
"hero_clothes_9002","Дрехи на фермера"
"hero_clothes_9003","Дрехи на затворника"
"hero_clothes_9004","Дрехи на алхимика"
"hero_clothes_9005","Дрехи на ковача"
"hero_clothes_9006","Дрехи на поклонника"
"hero_clothes_9007","Специални дрехи"
"hero_clothes_9007_nintendo","Дрехи Big N"
"hero_clothes_9007_playstation","Дрехи Joy Station"
"hero_clothes_9007_pre_order","Дрехи за предварителна поръчка"
"hero_clothes_9007_steam","Дрехи Vapor"
"hero_clothes_9007_xbox","Дрехи X-Books"
"hero_clothes_9008","Дрехи на свещеника"
"hint_alchemy","Смеси"
"hint_build","Построй"
"hint_climb","Изкачи се"
"hint_craft","Изработи"
"hint_cremate_body","Кремирай"
"hint_draw_water","Загреби вода"
"hint_drop_body","Пусни тялото"
"hint_exit","Излез"
"hint_fertilize","Тори"
"hint_grave","Гроб"
"hint_insp_reward","Запълва лентата за вдъхновение и ти дава %1 точки."
"hint_interaction","Взаимодействай"
"hint_open","Отвори"
"hint_pick_up","Вдигни"
"hint_place_body","Постави тялото"
"hint_plant","Засади"
"hint_pray","Моли се"
"hint_put","Постави"
"hint_put_flag","Постави знамето"
"hint_put_zombie","Постави зомбито"
"hint_required_mastery","Необходимо майсторство"
"hint_reset","Нулирай"
"hint_science_decompose","Може да се разгради на Масата за проучване, за да получиш"
"hint_set_to_hot_bar","Задай в бързия панел"
"hint_sleep","Спи"
"hint_speak","Говори"
"hint_steam_up","Подвий ръкави"
"hint_survey","Проучи"
"hint_survey_noun","Проучване"
"hint_take","Вземи"
"hint_take_all","Вземи всички"
"hint_take_flag","Вземи знамето"
"hint_take_water","Вземи вода"
"hint_teleport","Телепортирай се"
"hint_try_to_remove","Опитай се да я премахнеш"
"hint_use_clothes","Използвай, за да добавиш към колекцията си от дрехи."
"hint_use_read","Използвай, за да прочетеш."
"hint_use_seeds","Използвай, за да започнеш засаждането."
"hint_work","Събери"
"home_attic_s","Ремонтирай тавана"
"home_upgrade_s","Ремонт на дома"
"homunculus","Хомункул"
"honey","Мед"
"honey_home_empty","Кошер"
"hop","Хмел"
"hop_seed","Семена от хмел"
"hud_energy","Изразходва се за дейности. Възстановява се със сън и консумация на определени предмети."
"hud_insanity","Намалява максималната ти <sprite name=""energy"">.

Повишава се, когато вършиш съмнителни неща.
Намалява с огнена вода или добър сън (но само когато си изморен)."
"hypno_device","Хипно-устройство"
"hypno_device_charged","Заредено хипно-устройство"
"hypno_device_charged_d","Може да се използва за намаляване на паниката."
"hypno_device_d","С малко вяра може да се случи чудо... или не."
"icon_cross","Кръстове"
"icon_wr","Венци"
"imported_components","Внесени компоненти"
"impossible_prayer_test","Невъзможна молитва"
"incense_1","Църковни аромати I"
"incense_2","Църковни аромати II"
"incense_3","Църковни аромати III"
"incense_advanced","Изискан тамян"
"incense_basic","Обикновен тамян"
"incense_burner_1","Кадилница I"
"incense_burner_2","Кадилница II"
"information_header","Информация"
"ingot_bronze","Бронзов слитък"
"ingot_copper","Меден слитък"
"ingot_gold","Златен слитък"
"ingot_iron","Железен слитък"
"ingot_steel","Стоманен слитък"
"ink","Мастило"
"inp_point_hint","Използва се за отключване на нови умения."
"inq_note_1","Бележка на Инквизитора I"
"inq_note_1_note","Може би тази гора крие ключа към контрола над възкресените мъртъвци. Брат Габер смята, че течността за възкресение, която използваме, може да реагира, когато се намира близо до нещо, свързано с възкресението... или с каквото там ги управлява."
"inq_note_2","Бележка на Инквизитора II"
"inq_note_2_note","Претърсихме гората, но не открихме нищо. Може би блатото отвъд моста крие това, което търсим. Засега обаче не можем да преминем. Нечестиви ужаси и ужасяващи видения измъчват мен и стражите ми, когато се осмелим да отидем от другата страна. И все пак брат Габер ще побеснее, ако се върнем с празни ръце."
"insanity","Лудост"
"insect_bite","Стръв от насекоми"
"insect_bite_d","Привлича: щука, сребърна перка, кротушка, сьомга, пъстърва, хлебарка, херинга, жаба, змиорка, сом"
"insert_bones","Добави кости"
"insert_brain","Добави мозък"
"insert_guts","Добави черва"
"insert_heart","Добави сърце"
"insert_portal_stone_envy","Постави фрагмент на Завистта"
"insert_portal_stone_gluttony","Постави фрагмент на Лакомията"
"insert_portal_stone_greed","Постави фрагмент на Алчността"
"insert_portal_stone_lust","Постави фрагмент на Похотта"
"insert_portal_stone_pride","Постави фрагмент на Гордостта"
"insert_portal_stone_sloth","Постави фрагмент на Леността"
"insert_portal_stone_wrath","Постави фрагмент на Гнева"
"insert_skin_1_1","Добави кожа"
"insert_skull","Добави череп"
"insp_aghata_house_1","Гост на Агата I"
"insp_aghata_house_1_d","Разправи се с Агата и нейните... особени вкусове. Подобри къщата на Агата."
"insp_aghata_house_2","Гост на Агата II"
"insp_aghata_house_3","Гост на Агата III"
"insp_aghata_house_4","Гост на Агата IV"
"insp_aghata_house_5","Гост на Агата V"
"insp_aghata_house_6","Гост на Агата VI"
"insp_alchemy_types_craft_1","Миксолог I"
"insp_alchemy_types_craft_2","Миксолог II"
"insp_alchemy_types_craft_3","Миксолог III"
"insp_alchemy_types_craft_4","Миксолог IV"
"insp_alchemy_types_craft_5","Миксолог V"
"insp_alchemy_types_craft_6","Миксолог VI"
"insp_alchemy_types_craft_d","Открий всички алхимични рецепти."
"insp_aple_master_1","Берач на ябълки I"
"insp_aple_master_2","Берач на ябълки II"
"insp_aple_master_3","Берач на ябълки III"
"insp_aple_master_4","Берач на ябълки IV"
"insp_aple_master_5","Берач на ябълки V"
"insp_aple_master_6","Берач на ябълки VI"
"insp_aple_master_d","Бери ябълки като истински работник в овощна градина."
"insp_baiter_1","Производител на стръв I"
"insp_baiter_1_d","Рибата е капризна. За щастие, не пише отзиви. Създай стръв за риба."
"insp_baiter_2","Производител на стръв II"
"insp_baiter_3","Производител на стръв III"
"insp_baiter_4","Производител на стръв IV"
"insp_baker_1","Господар на фурната I"
"insp_baker_2","Господар на фурната II"
"insp_baker_3","Господар на фурната III"
"insp_baker_4","Господар на фурната IV"
"insp_baker_5","Господар на фурната V"
"insp_baker_6","Господар на фурната VI"
"insp_baker_d","Печи, сякаш животът ти зависи от това."
"insp_belt_workbanches_1","Фабрична подготовка I"
"insp_belt_workbanches_2","Фабрична подготовка II"
"insp_belt_workbanches_3","Фабрична подготовка III"
"insp_belt_workbanches_4","Фабрична подготовка IV"
"insp_belt_workbanches_5","Фабрична подготовка V"
"insp_belt_workbanches_6","Фабрична подготовка VI"
"insp_belt_workbanches_d","Построй работни станции за Фабриката."
"insp_belts_build_1","Строител на конвейери I"
"insp_belts_build_2","Строител на конвейери II"
"insp_belts_build_3","Строител на конвейери III"
"insp_belts_build_4","Строител на конвейери IV"
"insp_belts_build_5","Строител на конвейери V"
"insp_belts_build_6","Строител на конвейери VI"
"insp_belts_build_d","Построй производствени линии, които почти имат смисъл. Построй конвейерни ленти."
"insp_belts_gears_used_1","Майстор на зъбчатките I"
"insp_belts_gears_used_2","Майстор на зъбчатките II"
"insp_belts_gears_used_3","Майстор на зъбчатките III"
"insp_belts_gears_used_4","Майстор на зъбчатките IV"
"insp_belts_gears_used_5","Майстор на зъбчатките V"
"insp_belts_gears_used_6","Майстор на зъбчатките VI"
"insp_belts_gears_used_d","Върти зъбчатките като истински фабричен майстор."
"insp_berry_seeker_1","Търсач на плодове I"
"insp_berry_seeker_1_d","Бери плодове."
"insp_berry_seeker_2","Търсач на плодове II"
"insp_berry_seeker_3","Търсач на плодове III"
"insp_berry_seeker_4","Търсач на плодове IV"
"insp_berry_seeker_5","Търсач на плодове V"
"insp_berry_seeker_6","Търсач на плодове VI"
"insp_better_tools_1_1","Подобрение на инструментите I"
"insp_better_tools_1_1_d","Изработи инструменти, които са малко по-малко срамни."
"insp_better_tools_2_1","Подобрение на инструментите II"
"insp_better_tools_3_1","Подобрение на инструментите III"
"insp_better_tools_4","Подобрение на инструментите IV"
"insp_better_tools_5","Подобрение на инструментите V"
"insp_better_tools_6","Подобрение на инструментите VI"
"insp_blockages_1","Разчисти пътя I"
"insp_blockages_1_d","Премахни всяко препятствие по пътя си."
"insp_blockages_2","Разчисти пътя II"
"insp_blockages_3","Разчисти пътя III"
"insp_blockages_4","Разчисти пътя IV"
"insp_blockages_5","Разчисти пътя V"
"insp_blockages_6","Разчисти пътя VI"
"insp_books_craft_1","Производител на книги I"
"insp_books_craft_1_d","Изработвай книги като истински учен."
"insp_books_craft_2","Производител на книги II"
"insp_books_craft_3","Производител на книги III"
"insp_books_craft_4","Производител на книги IV"
"insp_books_craft_5","Производител на книги V"
"insp_books_craft_6","Производител на книги VI"
"insp_books_quality_1","Изискана литература I"
"insp_books_quality_2","Изискана литература II"
"insp_books_quality_3","Изискана литература III"
"insp_books_quality_4","Изискана литература IV"
"insp_books_quality_5","Изискана литература V"
"insp_books_quality_6","Изискана литература VI"
"insp_books_quality_d","Произвеждай книги с все по-високо качество."
"insp_breer_master_1","Пивоварен ум I"
"insp_breer_master_2","Пивоварен ум II"
"insp_breer_master_3","Пивоварен ум III"
"insp_breer_master_4","Пивоварен ум IV"
"insp_breer_master_5","Пивоварен ум V"
"insp_breer_master_6","Пивоварен ум VI"
"insp_breer_master_d","Свари бира със звездно качество."
"insp_breer_trader_1","Барон на бирата I"
"insp_breer_trader_2","Барон на бирата II"
"insp_breer_trader_3","Барон на бирата III"
"insp_breer_trader_4","Барон на бирата IV"
"insp_breer_trader_5","Барон на бирата V"
"insp_breer_trader_6","Барон на бирата VI"
"insp_breer_trader_d","Продавай бира."
"insp_brewer_1","Пивовар I"
"insp_brewer_1_d","Свари колкото се може повече бира."
"insp_brewer_2","Пивовар II"
"insp_brewer_3","Пивовар III"
"insp_brewer_4","Пивовар IV"
"insp_brewer_5","Пивовар V"
"insp_brewer_6","Пивовар VI"
"insp_bridge_cross_1","Строител на мостове I"
"insp_bridge_cross_1_d","Премини там, където ти е било забранено. Премини по всеки мост."
"insp_bridge_cross_2","Строител на мостове II"
"insp_bridge_cross_3","Строител на мостове III"
"insp_bridge_cross_4","Строител на мостове IV"
"insp_bridge_cross_5","Строител на мостове V"
"insp_bridge_cross_6","Строител на мостове VI"
"insp_bronez_crafts_1","Бронзов майстор I"
"insp_bronez_crafts_1_d","Превърни бронза в полезни... неща."
"insp_bronez_crafts_2","Бронзов майстор II"
"insp_bronez_crafts_3","Бронзов майстор III"
"insp_bronez_crafts_4","Бронзов майстор IV"
"insp_bronez_crafts_5","Бронзов майстор V"
"insp_bronez_crafts_6","Бронзов майстор VI"
"insp_bronze_ingots_1","Бронзова епоха I"
"insp_bronze_ingots_1_d","Разтопи достатъчно бронз, за да се почувстваш исторически значим."
"insp_bronze_ingots_2","Бронзова епоха II"
"insp_bronze_ingots_3","Бронзова епоха III"
"insp_bronze_ingots_4","Бронзова епоха IV"
"insp_bronze_ingots_5","Бронзова епоха V"
"insp_bronze_ingots_6","Бронзова епоха VI"
"insp_build_house_1","Дом, мил дом I"
"insp_build_house_1_d","Възстановявай сгради в града."
"insp_build_house_2","Дом, мил дом II"
"insp_build_house_3","Дом, мил дом III"
"insp_build_house_4","Дом, мил дом IV"
"insp_build_house_5","Дом, мил дом V"
"insp_build_house_6","Дом, мил дом VI"
"insp_build_shop_1","Собственик на магазин I"
"insp_build_shop_1_d","Върни магазините към живот в града."
"insp_build_shop_2","Собственик на магазин II"
"insp_build_shop_3","Собственик на магазин III"
"insp_build_shop_4","Собственик на магазин IV"
"insp_build_shop_5","Собственик на магазин V"
"insp_build_shop_6","Собственик на магазин VI"
"insp_canned_food_1","Консерва I"
"insp_canned_food_2","Консерва II"
"insp_canned_food_3","Консерва III"
"insp_canned_food_4","Консерва IV"
"insp_canned_food_5","Консерва V"
"insp_canned_food_6","Консерва VI"
"insp_canned_food_d","Запазвай храна за бъдеще, което може никога да не видиш."
"insp_church_quality_1","Свещен интериор I"
"insp_church_quality_1_d","Повиши <sprite name=""cross""> на църквата си до божествени стандарти."
"insp_church_quality_2","Свещен интериор II"
"insp_church_quality_3","Свещен интериор III"
"insp_church_quality_4","Свещен интериор IV"
"insp_church_quality_5","Свещен интериор V"
"insp_church_quality_6","Свещен интериор VI"
"insp_church_quality_d","Повиши <sprite name=""cross""> на църквата си до божествени стандарти."
"insp_clay_craft_1","Майстор на калта I"
"insp_clay_craft_1_d","Превърни калта в цивилизация."
"insp_clay_craft_2","Майстор на калта II"
"insp_clay_craft_3","Майстор на калта III"
"insp_clay_craft_4","Майстор на калта IV"
"insp_clay_craft_5","Майстор на калта V"
"insp_clay_craft_6","Майстор на калта VI"
"insp_cook_1","Готвач I"
"insp_cook_1_d","Готви ястия."
"insp_cook_2","Готвач II"
"insp_cook_3","Готвач III"
"insp_cook_4","Готвач IV"
"insp_cook_5","Готвач V"
"insp_cook_6","Готвач VI"
"insp_cook_master_1","Голямо меню I"
"insp_cook_master_2","Голямо меню II"
"insp_cook_master_3","Голямо меню III"
"insp_cook_master_4","Голямо меню IV"
"insp_cook_master_5","Голямо меню V"
"insp_cook_master_6","Голямо меню VI"
"insp_cook_master_d","Разшири менюто си отвъд простото оцеляване. Готви различни ястия."
"insp_cook_star_1","Готвач с 1 звезда"
"insp_cook_star_2","Готвач с 2 звезди"
"insp_cook_star_3","Готвач с 3 звезди"
"insp_cook_star_d","Готви ястия със звездно качество."
"insp_copper_collect_1","Медна треска I"
"insp_copper_collect_1_d","Медна жила чака твоята кирка."
"insp_copper_collect_2","Медна треска II"
"insp_copper_collect_3","Медна треска III"
"insp_copper_collect_4","Медна треска IV"
"insp_copper_collect_5","Медна треска V"
"insp_copper_collect_6","Медна треска VI"
"insp_corpes_burned_1","От прах във прах I"
"insp_corpes_burned_2","От прах във прах II"
"insp_corpes_burned_3","От прах във прах III"
"insp_corpes_burned_4","От прах във прах IV"
"insp_corpes_burned_5","От прах във прах V"
"insp_corpes_burned_6","От прах във прах VI"
"insp_corpes_burned_d","Изгаряй тела заради... ефективността."
"insp_corpes_rskull_1","Фен на червените черепи I"
"insp_corpes_rskull_2","Фен на червените черепи II"
"insp_corpes_rskull_3","Фен на червените черепи III"
"insp_corpes_rskull_4","Фен на червените черепи IV"
"insp_corpes_rskull_5","Фен на червените черепи V"
"insp_corpes_rskull_6","Фен на червените черепи VI"
"insp_corpes_rskull_d","Приеми и лошите. Това означава много <sprite name=""rskull"">."
"insp_corpes_spare_parts_1","Резервни части I"
"insp_corpes_spare_parts_2","Резервни части II"
"insp_corpes_spare_parts_3","Резервни части III"
"insp_corpes_spare_parts_4","Резервни части IV"
"insp_corpes_spare_parts_5","Резервни части V"
"insp_corpes_spare_parts_6","Резервни части VI"
"insp_corpes_spare_parts_d","Събирай резервни части от телата. Кръв, кожа, мазнина..."
"insp_corpes_wskull_1","Клуб на белите черепи I"
"insp_corpes_wskull_2","Клуб на белите черепи II"
"insp_corpes_wskull_3","Клуб на белите черепи III"
"insp_corpes_wskull_4","Клуб на белите черепи IV"
"insp_corpes_wskull_5","Клуб на белите черепи V"
"insp_corpes_wskull_6","Клуб на белите черепи VI"
"insp_corpes_wskull_d","Събирай „висококачествени“ трупове. Това означава много <sprite name=""skull"">."
"insp_craft_alchemy_1","Алхимичен маниак I"
"insp_craft_alchemy_2","Алхимичен маниак II"
"insp_craft_alchemy_3","Алхимичен маниак III"
"insp_craft_alchemy_4","Алхимичен маниак IV"
"insp_craft_alchemy_5","Алхимичен маниак V"
"insp_craft_alchemy_6","Алхимичен маниак VI"
"insp_craft_alchemy_d","Посвети се на алхимичната маса като истински зависим."
"insp_deff_build_1","Архитект на отбраната I"
"insp_deff_build_1_d","Строй защити, сякаш нещо идва."
"insp_deff_build_2","Архитект на отбраната II"
"insp_deff_build_3","Архитект на отбраната III"
"insp_deff_build_4","Архитект на отбраната IV"
"insp_deff_build_5","Архитект на отбраната V"
"insp_deff_build_6","Архитект на отбраната VI"
"insp_eater_1","Първа хапка I"
"insp_eater_2","Първа хапка II"
"insp_eater_3","Първа хапка III"
"insp_eater_4","Първа хапка IV"
"insp_eater_5","Първа хапка V"
"insp_eater_6","Първа хапка VI"
"insp_eater_collector_1","Събирач на храна I"
"insp_eater_collector_2","Събирач на храна II"
"insp_eater_collector_3","Събирач на храна III"
"insp_eater_collector_4","Събирач на храна IV"
"insp_eater_collector_5","Събирач на храна V"
"insp_eater_collector_6","Събирач на храна VI"
"insp_eater_collector_d","Опитвай различни ястия."
"insp_eater_d","Яж всяко ястие, сякаш може да е последното ти..."
"insp_enbalme_1","Майстор на туршиите I"
"insp_enbalme_2","Майстор на туршиите II"
"insp_enbalme_3","Майстор на туршиите III"
"insp_enbalme_4","Майстор на туршиите IV"
"insp_enbalme_5","Майстор на туршиите V"
"insp_enbalme_6","Майстор на туршиите VI"
"insp_enbalme_d","Съхранявай тела като истински професионалист. Балсамирай."
"insp_enbalme_type_used_1","Химически вкус I"
"insp_enbalme_type_used_2","Химически вкус II"
"insp_enbalme_type_used_3","Химически вкус III"
"insp_enbalme_type_used_4","Химически вкус IV"
"insp_enbalme_type_used_5","Химически вкус V"
"insp_enbalme_type_used_6","Химически вкус VI"
"insp_enbalme_type_used_d","Използвай всяка странна течност, която намериш."
"insp_exhumation_1","Ексхумация I"
"insp_exhumation_2","Ексхумация II"
"insp_exhumation_3","Ексхумация III"
"insp_exhumation_4","Ексхумация IV"
"insp_exhumation_5","Ексхумация V"
"insp_exhumation_6","Ексхумация VI"
"insp_exhumation_d","Изкопай онова, което е трябвало да остане недокоснато."
"insp_faith_one_pray_1","Божествен изблик I"
"insp_faith_one_pray_2","Божествен изблик II"
"insp_faith_one_pray_3","Божествен изблик III"
"insp_faith_one_pray_4","Божествен изблик IV"
"insp_faith_one_pray_5","Божествен изблик V"
"insp_faith_one_pray_6","Божествен изблик VI"
"insp_faith_one_pray_d","Получи огромно количество вяра от една-единствена молитва."
"insp_faith_total_1","Истински вярващ I"
"insp_faith_total_2","Истински вярващ II"
"insp_faith_total_3","Истински вярващ III"
"insp_faith_total_4","Истински вярващ IV"
"insp_faith_total_5","Истински вярващ V"
"insp_faith_total_6","Истински вярващ VI"
"insp_faith_total_d","Натрупай планина от вяра."
"insp_farmer_collector_1","Колекционер на реколта I"
"insp_farmer_collector_2","Колекционер на реколта II"
"insp_farmer_collector_3","Колекционер на реколта III"
"insp_farmer_collector_4","Колекционер на реколта IV"
"insp_farmer_collector_5","Колекционер на реколта V"
"insp_farmer_collector_6","Колекционер на реколта VI"
"insp_farmer_collector_d","Събирай различни видове реколта."
"insp_farmer_master_1","Владетел на фермата I"
"insp_farmer_master_2","Владетел на фермата II"
"insp_farmer_master_3","Владетел на фермата III"
"insp_farmer_master_4","Владетел на фермата IV"
"insp_farmer_master_5","Владетел на фермата V"
"insp_farmer_master_6","Владетел на фермата VI"
"insp_farmer_master_d","Жъни реколта със звездно качество."
"insp_fertilizer_1","Тор I"
"insp_fertilizer_2","Тор II"
"insp_fertilizer_3","Тор III"
"insp_fertilizer_4","Тор IV"
"insp_fertilizer_5","Тор V"
"insp_fertilizer_6","Тор VI"
"insp_fertilizer_d","Прави тор от... съмнителни източници."
"insp_fertilizer_master_1","Властелин на разложението I"
"insp_fertilizer_master_2","Властелин на разложението II"
"insp_fertilizer_master_3","Властелин на разложението III"
"insp_fertilizer_master_4","Властелин на разложението IV"
"insp_fertilizer_master_5","Властелин на разложението V"
"insp_fertilizer_master_6","Властелин на разложението VI"
"insp_fertilizer_master_d","Усъвършенствай изкуството да превръщаш отпадъка в живот. Прави тор със звездно качество."
"insp_firewood_use_1","Пристрастен към дървата I"
"insp_firewood_use_2","Пристрастен към дървата II"
"insp_firewood_use_3","Пристрастен към дървата III"
"insp_firewood_use_4","Пристрастен към дървата IV"
"insp_firewood_use_5","Пристрастен към дървата V"
"insp_firewood_use_6","Пристрастен към дървата VI"
"insp_firewood_use_d","Изгаряй дърва и въглища. Изразходвай <sprite name=""fire"">."
"insp_fish_filet_1","Чист разрез I"
"insp_fish_filet_2","Чист разрез II"
"insp_fish_filet_3","Чист разрез III"
"insp_fish_filet_4","Чист разрез IV"
"insp_fish_filet_5","Чист разрез V"
"insp_fish_filet_6","Чист разрез VI"
"insp_fish_filet_d","Филирай риба с хирургическа прецизност."
"insp_fish_master_1","Хвани ги всичките I"
"insp_fish_master_2","Хвани ги всичките II"
"insp_fish_master_3","Хвани ги всичките III"
"insp_fish_master_4","Хвани ги всичките IV"
"insp_fish_master_5","Хвани ги всичките V"
"insp_fish_master_6","Хвани ги всичките VI"
"insp_fish_master_d","Хвани всяка риба, която плува или пълзи."
"insp_fisher_1","Рибар I"
"insp_fisher_1_d","Всички са хлъзгави и се мятат!"
"insp_fisher_2","Рибар II"
"insp_fisher_3","Рибар III"
"insp_fisher_4","Рибар IV"
"insp_fisher_5","Рибар V"
"insp_fisher_6","Рибар VI"
"insp_food_supply_1","Безкрайни припаси I"
"insp_food_supply_2","Безкрайни припаси II"
"insp_food_supply_3","Безкрайни припаси III"
"insp_food_supply_4","Безкрайни припаси IV"
"insp_food_supply_5","Безкрайни припаси V"
"insp_food_supply_6","Безкрайни припаси VI"
"insp_food_supply_d","Изпълни определен брой поръчки за храна за града."
"insp_food_trader_1","Барон на храната I"
"insp_food_trader_2","Барон на храната II"
"insp_food_trader_3","Барон на храната III"
"insp_food_trader_4","Барон на храната IV"
"insp_food_trader_5","Барон на храната V"
"insp_food_trader_6","Барон на храната VI"
"insp_food_trader_d","Превърни храната в печеливш бизнес. Продавай ястия."
"insp_furniture_craft_1","Мебелджия I"
"insp_furniture_craft_1_d","Запълвай празните места с неща за сядане. Изработвай комплекти мебели."
"insp_furniture_craft_2","Мебелджия II"
"insp_furniture_craft_3","Мебелджия III"
"insp_furniture_craft_4","Мебелджия IV"
"insp_furniture_craft_5","Мебелджия V"
"insp_furniture_craft_6","Мебелджия VI"
"insp_gardener_1","Градинар I"
"insp_gardener_1_d","Изкопай леха."
"insp_gardener_2","Градинар II"
"insp_gardener_2_d","Изкопай лехи."
"insp_gardener_3","Градинар III"
"insp_gardener_4","Градинар IV"
"insp_gardener_5","Градинар V"
"insp_gardener_6","Градинар VI"
"insp_get_gems_1","Колекционер на скъпоценни камъни I"
"insp_get_gems_2","Колекционер на скъпоценни камъни II"
"insp_get_gems_3","Колекционер на скъпоценни камъни III"
"insp_get_gems_4","Колекционер на скъпоценни камъни IV"
"insp_get_gems_5","Колекционер на скъпоценни камъни V"
"insp_get_gems_6","Колекционер на скъпоценни камъни VI"
"insp_get_gems_d","Събирай блестящи камъни като истинска сврака."
"insp_get_gold_ingots_1","Златна треска I"
"insp_get_gold_ingots_2","Златна треска II"
"insp_get_gold_ingots_3","Златна треска III"
"insp_get_gold_ingots_4","Златна треска IV"
"insp_get_gold_ingots_5","Златна треска V"
"insp_get_gold_ingots_6","Златна треска VI"
"insp_get_gold_ingots_d","Сложи ръка на ценни златни слитъци."
"insp_glass_craft_1","Стъклар I"
"insp_glass_craft_1_d","Изработвай крехки неща с увереност."
"insp_glass_craft_2","Стъклар II"
"insp_glass_craft_3","Стъклар III"
"insp_glass_craft_4","Стъклар IV"
"insp_glass_craft_5","Стъклар V"
"insp_glass_craft_6","Стъклар VI"
"insp_graveyard_quality_1","Място за покой I"
"insp_graveyard_quality_1_d","Превърни гробището си в почтено място. <sprite name=""wskull"">"
"insp_graveyard_quality_2","Място за покой II"
"insp_graveyard_quality_3","Място за покой III"
"insp_graveyard_quality_4","Място за покой IV"
"insp_graveyard_quality_5","Място за покой V"
"insp_graveyard_quality_6","Място за покой VI"
"insp_graveyard_quality_d","Превърни гробището си в почтено място. <sprite name=""wskull"">"
"insp_hunny_hunter_1","Лепкави пръсти I"
"insp_hunny_hunter_1_d","Събирай мед като истински професионалист."
"insp_hunny_hunter_2","Лепкави пръсти II"
"insp_hunny_hunter_3","Лепкави пръсти III"
"insp_hunny_hunter_4","Лепкави пръсти IV"
"insp_hunny_hunter_5","Лепкави пръсти V"
"insp_hunny_hunter_6","Лепкави пръсти VI"
"insp_hunny_lover_1","Сладък зъб I"
"insp_hunny_lover_1_d","Яж повече мед, отколкото е препоръчително от медицинска гледна точка."
"insp_hunny_lover_2","Сладък зъб II"
"insp_hunny_lover_3","Сладък зъб III"
"insp_hunny_lover_4","Сладък зъб IV"
"insp_hunny_lover_5","Сладък зъб V"
"insp_hunny_lover_6","Сладък зъб VI"
"insp_impruve_organ_1","По-добра вътрешност I"
"insp_impruve_organ_2","По-добра вътрешност II"
"insp_impruve_organ_3","По-добра вътрешност III"
"insp_impruve_organ_4","По-добра вътрешност IV"
"insp_impruve_organ_5","По-добра вътрешност V"
"insp_impruve_organ_6","По-добра вътрешност VI"
"insp_impruve_organ_d","Подобрявай органите отвъд първоначалния им замисъл."
"insp_impruve_organ_master_1","Съвършенство на органите I"
"insp_impruve_organ_master_2","Съвършенство на органите II"
"insp_impruve_organ_master_3","Съвършенство на органите III"
"insp_impruve_organ_master_4","Съвършенство на органите IV"
"insp_impruve_organ_master_5","Съвършенство на органите V"
"insp_impruve_organ_master_6","Съвършенство на органите VI"
"insp_impruve_organ_master_d","Вземай органи със звездно качество, които са... подозрително съвършени."
"insp_insane_reduse_1","Обратно към нормалното I"
"insp_insane_reduse_2","Обратно към нормалното II"
"insp_insane_reduse_3","Обратно към нормалното III"
"insp_insane_reduse_4","Обратно към нормалното IV"
"insp_insane_reduse_5","Обратно към нормалното V"
"insp_insane_reduse_6","Обратно към нормалното VI"
"insp_insane_reduse_d","Намалявай <sprite name=""insanity""> без сън."
"insp_insanity_earn_1","Трупай лудост I"
"insp_insanity_earn_2","Трупай лудост II"
"insp_insanity_earn_3","Трупай лудост III"
"insp_insanity_earn_4","Трупай лудост IV"
"insp_insanity_earn_5","Трупай лудост V"
"insp_insanity_earn_6","Трупай лудост VI"
"insp_insanity_earn_d","Трупай <sprite name=""insanity"">, сякаш скоро ще излезе от мода."
"insp_insanity_spent_1","Разхитител на разума I"
"insp_insanity_spent_2","Разхитител на разума II"
"insp_insanity_spent_3","Разхитител на разума III"
"insp_insanity_spent_4","Разхитител на разума IV"
"insp_insanity_spent_5","Разхитител на разума V"
"insp_insanity_spent_6","Разхитител на разума VI"
"insp_insanity_spent_d","Прахосвай разума си за неща, за които ще съжаляваш. <sprite name=""insanity"">"
"insp_iron_crafts_1","Железар I"
"insp_iron_crafts_1_d","Изработвай железни неща като истински ковач."
"insp_iron_crafts_2","Железар II"
"insp_iron_crafts_3","Железар III"
"insp_iron_crafts_4","Железар IV"
"insp_iron_crafts_5","Железар V"
"insp_iron_crafts_6","Железар VI"
"insp_iron_kits_craft_1","Сглобител на комплекти I"
"insp_iron_kits_craft_2","Сглобител на комплекти II"
"insp_iron_kits_craft_3","Сглобител на комплекти III"
"insp_iron_kits_craft_4","Сглобител на комплекти IV"
"insp_iron_kits_craft_5","Сглобител на комплекти V"
"insp_iron_kits_craft_6","Сглобител на комплекти VI"
"insp_iron_kits_craft_d","Сглобявай комплекти като професионален майстор на джунджурии."
"insp_iron_quality_1","Фино желязо I"
"insp_iron_quality_2","Фино желязо II"
"insp_iron_quality_3","Фино желязо III"
"insp_iron_quality_4","Фино желязо IV"
"insp_iron_quality_5","Фино желязо V"
"insp_iron_quality_6","Фино желязо VI"
"insp_iron_quality_d","Произвеждай желязо, което поне става. Изработвай предмети със звездно качество."
"insp_jewelry_craft_1","Блестящи неща I"
"insp_jewelry_craft_2","Блестящи неща II"
"insp_jewelry_craft_3","Блестящи неща III"
"insp_jewelry_craft_4","Блестящи неща IV"
"insp_jewelry_craft_5","Блестящи неща V"
"insp_jewelry_craft_6","Блестящи неща VI"
"insp_jewelry_craft_d","Изработвай бижута, които блестят подозрително добре."
"insp_jewelry_quality_1","Фин блясък I"
"insp_jewelry_quality_2","Фин блясък II"
"insp_jewelry_quality_3","Фин блясък III"
"insp_jewelry_quality_4","Фин блясък IV"
"insp_jewelry_quality_5","Фин блясък V"
"insp_jewelry_quality_6","Фин блясък VI"
"insp_jewelry_quality_d","Създавай бижута с впечатляващо звездно качество."
"insp_keys_collect_1","Колекционер на ключове I"
"insp_keys_collect_1_d","Намирай ключове по време на битките си."
"insp_keys_collect_2","Колекционер на ключове II"
"insp_keys_collect_3","Колекционер на ключове III"
"insp_keys_collect_4","Колекционер на ключове IV"
"insp_keys_collect_5","Колекционер на ключове V"
"insp_keys_collect_6","Колекционер на ключове VI"
"insp_likes_max_1","Достатъчно известен I"
"insp_likes_max_2","Достатъчно известен II"
"insp_likes_max_3","Достатъчно известен III"
"insp_likes_max_4","Достатъчно известен IV"
"insp_likes_max_5","Достатъчно известен V"
"insp_likes_max_6","Достатъчно известен VI"
"insp_likes_max_d","Достигай впечатляващи количества <sprite name=""happiness"">."
"insp_likes_spent_1","Търсач на внимание I"
"insp_likes_spent_2","Търсач на внимание II"
"insp_likes_spent_3","Търсач на внимание III"
"insp_likes_spent_4","Търсач на внимание IV"
"insp_likes_spent_5","Търсач на внимание V"
"insp_likes_spent_6","Търсач на внимание VI"
"insp_likes_spent_d","Харчи <sprite name=""happiness"">, за да получиш каквото искаш."
"insp_marble_breaker_1","Разбивач на мрамор I"
"insp_marble_breaker_1_d","Разбивай източници на мрамор."
"insp_marble_breaker_2","Разбивач на мрамор II"
"insp_marble_breaker_3","Разбивач на мрамор III"
"insp_marble_breaker_4","Разбивач на мрамор IV"
"insp_marble_plate_craft_1","Мраморна лудост I"
"insp_marble_plate_craft_1_d","Режи мраморни плочи."
"insp_marble_plate_craft_2","Мраморна лудост II"
"insp_marble_plate_craft_3","Мраморна лудост III"
"insp_marble_plate_craft_4","Мраморна лудост IV"
"insp_marble_plate_craft_5","Мраморна лудост V"
"insp_marble_plate_craft_6","Мраморна лудост VI"
"insp_material_supply_1","Верига за доставки I"
"insp_material_supply_2","Верига за доставки II"
"insp_material_supply_3","Верига за доставки III"
"insp_material_supply_4","Верига за доставки IV"
"insp_material_supply_5","Верига за доставки V"
"insp_material_supply_6","Верига за доставки VI"
"insp_material_supply_d","Снабдявай града с материали."
"insp_mushroom_hunter_1","Гъбар I"
"insp_mushroom_hunter_1_d","Бери гъби."
"insp_mushroom_hunter_2","Гъбар II"
"insp_mushroom_hunter_3","Гъбар III"
"insp_mushroom_hunter_4","Гъбар IV"
"insp_mushroom_hunter_5","Гъбар V"
"insp_mushroom_hunter_6","Гъбар VI"
"insp_open_milestones_1","Ловец на постижения I"
"insp_open_milestones_1_d","Отключи всяко постижение на картата."
"insp_open_milestones_2","Ловец на постижения II"
"insp_open_milestones_3","Ловец на постижения III"
"insp_open_milestones_4","Ловец на постижения IV"
"insp_open_milestones_5","Ловец на постижения V"
"insp_open_milestones_6","Ловец на постижения VI"
"insp_ore_collect_1","Събирач на руда I"
"insp_ore_collect_2","Събирач на руда II"
"insp_ore_collect_3","Събирач на руда III"
"insp_ore_collect_4","Събирач на руда IV"
"insp_ore_collect_5","Събирач на руда V"
"insp_ore_collect_6","Събирач на руда VI"
"insp_ore_collect_d","Изкопай повече руда, отколкото ти трябва."
"insp_paper_craft_1","Хартиена следа I"
"insp_paper_craft_2","Хартиена следа II"
"insp_paper_craft_3","Хартиена следа III"
"insp_paper_craft_4","Хартиена следа IV"
"insp_paper_craft_5","Хартиена следа V"
"insp_paper_craft_6","Хартиена следа VI"
"insp_paper_craft_d","Произвеждай хартия като машина."
"insp_perform_prayers_1","Свещена рутина I"
"insp_perform_prayers_1_d","Изнасяй проповеди като истински професионалист."
"insp_perform_prayers_2","Свещена рутина II"
"insp_perform_prayers_3","Свещена рутина III"
"insp_perform_prayers_4","Свещена рутина IV"
"insp_perform_prayers_5","Свещена рутина V"
"insp_perform_prayers_6","Свещена рутина VI"
"insp_potion_drinker_1","Тестер на бутилки I"
"insp_potion_drinker_1_d","Изпий всичко. Да, дори онова."
"insp_potion_drinker_2","Тестер на бутилки II"
"insp_potion_drinker_3","Тестер на бутилки III"
"insp_potion_drinker_4","Тестер на бутилки IV"
"insp_potion_drinker_5","Тестер на бутилки V"
"insp_potion_drinker_6","Тестер на бутилки VI"
"insp_potion_for_zombie_1","Подсилване на немъртвите I"
"insp_potion_for_zombie_2","Подсилване на немъртвите II"
"insp_potion_for_zombie_3","Подсилване на немъртвите III"
"insp_potion_for_zombie_4","Подсилване на немъртвите IV"
"insp_potion_for_zombie_5","Подсилване на немъртвите V"
"insp_potion_for_zombie_6","Подсилване на немъртвите VI"
"insp_potion_for_zombie_d","Подсилвай зомбита с отвари по време на битка."
"insp_potion_master_1","Маниак на отварите I"
"insp_potion_master_2","Маниак на отварите II"
"insp_potion_master_3","Маниак на отварите III"
"insp_potion_master_4","Маниак на отварите IV"
"insp_potion_master_5","Маниак на отварите V"
"insp_potion_master_6","Маниак на отварите VI"
"insp_potion_master_d","Вари отвари със съмнителни резултати."
"insp_potion_seller_1","Продавач на отвари I"
"insp_potion_seller_2","Продавач на отвари II"
"insp_potion_seller_3","Продавач на отвари III"
"insp_potion_seller_4","Продавач на отвари IV"
"insp_potion_seller_5","Продавач на отвари V"
"insp_potion_seller_6","Продавач на отвари VI"
"insp_potion_seller_d","Продавай отвари, за които никой не е питал."
"insp_power_of_the_earth_1","Силата на земята I"
"insp_power_of_the_earth_1_d","Отглеждай растения."
"insp_power_of_the_earth_2","Силата на земята II"
"insp_power_of_the_earth_3","Силата на земята III"
"insp_power_of_the_earth_4","Силата на земята IV"
"insp_power_of_the_earth_5","Силата на земята V"
"insp_power_of_the_earth_6","Силата на земята VI"
"insp_pr_crafts_1","Майстор на паниката I"
"insp_pr_crafts_2","Майстор на паниката II"
"insp_pr_crafts_3","Майстор на паниката III"
"insp_pr_crafts_4","Майстор на паниката IV"
"insp_pr_crafts_5","Майстор на паниката V"
"insp_pr_crafts_6","Майстор на паниката VI"
"insp_pr_crafts_d","Създавай шум от нищото... Изработвай предмети за намаляване на паниката."
"insp_prayers_quality_1","Свещено писание I"
"insp_prayers_quality_2","Свещено писание II"
"insp_prayers_quality_3","Свещено писание III"
"insp_prayers_quality_4","Свещено писание IV"
"insp_prayers_quality_5","Свещено писание V"
"insp_prayers_quality_6","Свещено писание VI"
"insp_prayers_quality_d","Пиши молитви със звездно качество."
"insp_prayers_types_1","Събирач на молитви I"
"insp_prayers_types_2","Събирач на молитви II"
"insp_prayers_types_3","Събирач на молитви III"
"insp_prayers_types_4","Събирач на молитви IV"
"insp_prayers_types_5","Събирач на молитви V"
"insp_prayers_types_6","Събирач на молитви VI"
"insp_prayers_types_d","Опитай всеки наличен вид молитва."
"insp_precious_wood_craft_1","Ценно дърво I"
"insp_precious_wood_craft_2","Ценно дърво II"
"insp_precious_wood_craft_3","Ценно дърво III"
"insp_precious_wood_craft_4","Ценно дърво IV"
"insp_precious_wood_craft_5","Ценно дърво V"
"insp_precious_wood_craft_6","Ценно дърво VI"
"insp_precious_wood_craft_d","Изработвай висококачествени дървени предмети."
"insp_remove_dry_bushes_1","Сухо почистване I"
"insp_remove_dry_bushes_1_d","Изкопай сух храст."
"insp_remove_dry_bushes_2","Сухо почистване II"
"insp_remove_dry_bushes_2_d","Изкопай сухи храсти."
"insp_remove_dry_bushes_3","Сухо почистване III"
"insp_remove_dry_bushes_4","Сухо почистване IV"
"insp_remove_dry_bushes_5","Сухо почистване V"
"insp_remove_dry_bushes_6","Сухо почистване VI"
"insp_rubbler_1","Разчиствач на руини I"
"insp_rubbler_1_d","Тук и без това има достатъчно руини. Няма нужда да добавяш още. Разчиствай руини."
"insp_rubbler_2","Разчиствач на руини II"
"insp_rubbler_3","Разчиствач на руини III"
"insp_rubbler_4","Разчиствач на руини IV"
"insp_shops_buy_1","Голям харчител I"
"insp_shops_buy_2","Голям харчител II"
"insp_shops_buy_3","Голям харчител III"
"insp_shops_buy_4","Голям харчител IV"
"insp_shops_buy_5","Голям харчител V"
"insp_shops_buy_6","Голям харчител VI"
"insp_shops_buy_d","Купувай, сякаш парите не са истински. Харчи <sprite name=""slv""> в търговия."
"insp_shops_sell_1","Умел продавач I"
"insp_shops_sell_2","Умел продавач II"
"insp_shops_sell_3","Умел продавач III"
"insp_shops_sell_4","Умел продавач IV"
"insp_shops_sell_5","Умел продавач V"
"insp_shops_sell_6","Умел продавач VI"
"insp_shops_sell_d","Продавай всичко... с печалба. Трупай <sprite name=""slv""> от търговия."
"insp_silver_one_pray_1","Златна проповед I"
"insp_silver_one_pray_2","Златна проповед II"
"insp_silver_one_pray_3","Златна проповед III"
"insp_silver_one_pray_4","Златна проповед IV"
"insp_silver_one_pray_5","Златна проповед V"
"insp_silver_one_pray_6","Златна проповед VI"
"insp_silver_one_pray_d","Направи състояние от <sprite name=""slv""> с една-единствена проповед."
"insp_silver_total_1","Свещена печалба I"
"insp_silver_total_2","Свещена печалба II"
"insp_silver_total_3","Свещена печалба III"
"insp_silver_total_4","Свещена печалба IV"
"insp_silver_total_5","Свещена печалба V"
"insp_silver_total_6","Свещена печалба VI"
"insp_silver_total_d","Трупай <sprite name=""slv""> чрез свещените си задължения."
"insp_steel_crafts_1","Стоманолеяр I"
"insp_steel_crafts_1_d","Изработвай блестящи стоманени неща."
"insp_steel_crafts_2","Стоманолеяр II"
"insp_steel_crafts_3","Стоманолеяр III"
"insp_steel_crafts_4","Стоманолеяр IV"
"insp_steel_crafts_5","Стоманолеяр V"
"insp_steel_crafts_6","Стоманолеяр VI"
"insp_stories_collect_1","Колекционер на истории I"
"insp_stories_collect_1_d","Събирай истории от всички възможни източници."
"insp_stories_collect_2","Колекционер на истории II"
"insp_stories_collect_3","Колекционер на истории III"
"insp_stories_collect_4","Колекционер на истории IV"
"insp_stories_collect_5","Колекционер на истории V"
"insp_stories_collect_6","Колекционер на истории VI"
"insp_stories_quality_1","Добра история I"
"insp_stories_quality_2","Добра история II"
"insp_stories_quality_3","Добра история III"
"insp_stories_quality_4","Добра история IV"
"insp_stories_quality_5","Добра история V"
"insp_stories_quality_6","Добра история VI"
"insp_stories_quality_d","Подобрявай качеството на историите си."
"insp_supply_town_1","Снабдител на града I"
"insp_supply_town_2","Снабдител на града II"
"insp_supply_town_3","Снабдител на града III"
"insp_supply_town_4","Снабдител на града IV"
"insp_supply_town_5","Снабдител на града V"
"insp_supply_town_6","Снабдител на града VI"
"insp_supply_town_d","Поддържай града нахранен, зареден и умерено доволен. Всеки припас е важен."
"insp_surgical_mystake_1","Опа, хирург I"
"insp_surgical_mystake_1_d","Прави грешки... със скалпел."
"insp_surgical_mystake_2","Опа, хирург II"
"insp_surgical_mystake_3","Опа, хирург III"
"insp_surgical_mystake_4","Опа, хирург IV"
"insp_surgical_mystake_5","Опа, хирург V"
"insp_surgical_mystake_6","Опа, хирург VI"
"insp_tailor_1","Шивач I"
"insp_tailor_1_d","Създавай конци, платове и дрехи."
"insp_tailor_2","Шивач II"
"insp_tailor_3","Шивач III"
"insp_tailor_4","Шивач IV"
"insp_tools_supply_1","Снабдител с инструменти I"
"insp_tools_supply_2","Снабдител с инструменти II"
"insp_tools_supply_3","Снабдител с инструменти III"
"insp_tools_supply_4","Снабдител с инструменти IV"
"insp_tools_supply_5","Снабдител с инструменти V"
"insp_tools_supply_6","Снабдител с инструменти VI"
"insp_tools_supply_d","Поддържай всички екипирани и опасни. Снабдявай града с инструменти."
"insp_use_energy_1","Енергийна криза I"
"insp_use_energy_2","Енергийна криза II"
"insp_use_energy_3","Енергийна криза III"
"insp_use_energy_4","Енергийна криза IV"
"insp_use_energy_5","Енергийна криза V"
"insp_use_energy_6","Енергийна криза VI"
"insp_use_energy_d","Изразходвай енергия, като вършиш разни неща."
"insp_vegy_cook_1","Готвач I"
"insp_vegy_cook_2","Готвач II"
"insp_vegy_cook_3","Готвач III"
"insp_vegy_cook_4","Готвач IV"
"insp_vegy_cook_5","Готвач V"
"insp_vegy_cook_6","Готвач VI"
"insp_vegy_cook_d","Може дори да се каже, че става за ядене."
"insp_weapons_crafts_1","Въоръжен и готов I"
"insp_weapons_crafts_1_d","Изработвай оръжия за мирни цели."
"insp_weapons_crafts_2","Въоръжен и готов II"
"insp_weapons_crafts_3","Въоръжен и готов III"
"insp_weapons_crafts_4","Въоръжен и готов IV"
"insp_weapons_crafts_5","Въоръжен и готов V"
"insp_weapons_crafts_6","Въоръжен и готов VI"
"insp_wine_master_1","Винен сноб I"
"insp_wine_master_2","Винен сноб II"
"insp_wine_master_3","Винен сноб III"
"insp_wine_master_4","Винен сноб IV"
"insp_wine_master_5","Винен сноб V"
"insp_wine_master_6","Винен сноб VI"
"insp_wine_master_d","Прави вино със звездно качество."
"insp_wine_trader_1","Течно злато I"
"insp_wine_trader_2","Течно злато II"
"insp_wine_trader_3","Течно злато III"
"insp_wine_trader_4","Течно злато IV"
"insp_wine_trader_5","Течно злато V"
"insp_wine_trader_6","Течно злато VI"
"insp_wine_trader_d","Продавай вино."
"insp_winemaker_1","Винар I"
"insp_winemaker_1_d","Прави вино."
"insp_winemaker_2","Винар II"
"insp_winemaker_3","Винар III"
"insp_winemaker_4","Винар IV"
"insp_winemaker_5","Винар V"
"insp_winemaker_6","Винар VI"
"insp_workbanches_1","Герой на работните маси I"
"insp_workbanches_2","Герой на работните маси II"
"insp_workbanches_3","Герой на работните маси III"
"insp_workbanches_4","Герой на работните маси IV"
"insp_workbanches_5","Герой на работните маси V"
"insp_workbanches_6","Герой на работните маси VI"
"insp_workbanches_d","Построй работни маси за всяка възможна нужда."
"insp_zobie_destroyed_1","Втора смърт I"
"insp_zobie_destroyed_2","Втора смърт II"
"insp_zobie_destroyed_3","Втора смърт III"
"insp_zobie_destroyed_4","Втора смърт IV"
"insp_zobie_destroyed_5","Втора смърт V"
"insp_zobie_destroyed_6","Втора смърт VI"
"insp_zobie_destroyed_d","Унищожавай собствените си творения."
"insp_zobie_resurect_1","Възкръсни отново I"
"insp_zobie_resurect_2","Възкръсни отново II"
"insp_zobie_resurect_3","Възкръсни отново III"
"insp_zobie_resurect_4","Възкръсни отново IV"
"insp_zobie_resurect_5","Възкръсни отново V"
"insp_zobie_resurect_6","Възкръсни отново VI"
"insp_zobie_resurect_d","Върни мъртвите на работа."
"insp_zombie_alchemy_1","Лаборатория за разложение I"
"insp_zombie_alchemy_2","Лаборатория за разложение II"
"insp_zombie_alchemy_3","Лаборатория за разложение III"
"insp_zombie_alchemy_4","Лаборатория за разложение IV"
"insp_zombie_alchemy_5","Лаборатория за разложение V"
"insp_zombie_alchemy_6","Лаборатория за разложение VI"
"insp_zombie_alchemy_d","Довери алхимията на зомбитата... Какво ли може да се обърка?"
"insp_zombie_farmers_1","Гнила реколта I"
"insp_zombie_farmers_2","Гнила реколта II"
"insp_zombie_farmers_3","Гнила реколта III"
"insp_zombie_farmers_4","Гнила реколта IV"
"insp_zombie_farmers_5","Гнила реколта V"
"insp_zombie_farmers_6","Гнила реколта VI"
"insp_zombie_farmers_d","Остави зомбитата да се занимават със земеделието... май ги бива."
"insp_zombie_iron_craft_2","Ръждиви ръце II"
"insp_zombie_iron_craft_3","Ръждиви ръце III"
"insp_zombie_iron_craft_4","Ръждиви ръце IV"
"insp_zombie_iron_craft_5","Ръждиви ръце V"
"insp_zombie_iron_craft_6","Ръждиви ръце VI"
"insp_zombie_iron_craft_d","Остави зомбитата да обработват желязо... какво ли може да се обърка?"
"insp_zombie_maison_1","Мъртъв зидар I"
"insp_zombie_maison_2","Мъртъв зидар II"
"insp_zombie_maison_3","Мъртъв зидар III"
"insp_zombie_maison_4","Мъртъв зидар IV"
"insp_zombie_maison_5","Мъртъв зидар V"
"insp_zombie_maison_6","Мъртъв зидар VI"
"insp_zombie_maison_d","Накарай зомбитата да работят с камък."
"insp_zombie_mine_1","Добив от мъртвите I"
"insp_zombie_mine_2","Добив от мъртвите II"
"insp_zombie_mine_3","Добив от мъртвите III"
"insp_zombie_mine_4","Добив от мъртвите IV"
"insp_zombie_mine_5","Добив от мъртвите V"
"insp_zombie_mine_6","Добив от мъртвите VI"
"insp_zombie_mine_d","Постави зомбитата да копаят... без край. Зомбитата копаят руда или въглища."
"insp_zombie_perks_1","Фабрика за умения I"
"insp_zombie_perks_2","Фабрика за умения II"
"insp_zombie_perks_3","Фабрика за умения III"
"insp_zombie_perks_4","Фабрика за умения IV"
"insp_zombie_perks_5","Фабрика за умения V"
"insp_zombie_perks_6","Фабрика за умения VI"
"insp_zombie_perks_d","Подобрявай немъртвите си. Достигни максимално ниво на талантите на зомбитата."
"insp_zombie_power_1","Сила на немъртвите I"
"insp_zombie_power_1_d","Изработвай предмети за сила на зомбита."
"insp_zombie_power_2","Сила на немъртвите II"
"insp_zombie_power_3","Сила на немъртвите III"
"insp_zombie_power_4","Сила на немъртвите IV"
"insp_zombie_power_5","Сила на немъртвите V"
"insp_zombie_power_6","Сила на немъртвите VI"
"insp_zombie_quality_1","По-добри мъртъвци I"
"insp_zombie_quality_2","По-добри мъртъвци II"
"insp_zombie_quality_3","По-добри мъртъвци III"
"insp_zombie_quality_4","По-добри мъртъвци IV"
"insp_zombie_quality_5","По-добри мъртъвци V"
"insp_zombie_quality_6","По-добри мъртъвци VI"
"insp_zombie_quality_d","Подобрявай работната си сила от зомбита. Използвай по-добри нашийници."
"insp_zombie_wood_craft_1","Мъртъв дърводелец I"
"insp_zombie_wood_craft_2","Мъртъв дърводелец II"
"insp_zombie_wood_craft_3","Мъртъв дърводелец III"
"insp_zombie_wood_craft_4","Мъртъв дърводелец IV"
"insp_zombie_wood_craft_5","Мъртъв дърводелец V"
"insp_zombie_wood_craft_6","Мъртъв дърводелец VI"
"insp_zombie_wood_craft_d","Довери дървообработването на зомбитата... доста смело."
"insp_zombie_woodcutter_1","Мъртъв дървосекач I"
"insp_zombie_woodcutter_1_d","Довери дърветата на зомбитата."
"insp_zombie_woodcutter_2","Мъртъв дървосекач II"
"insp_zombie_woodcutter_3","Мъртъв дървосекач III"
"insp_zombie_woodcutter_4","Мъртъв дървосекач IV"
"insp_zombie_woodcutter_5","Мъртъв дървосекач V"
"insp_zombie_woodcutter_6","Мъртъв дървосекач VI"
"insp_zombie_writer_1","Посмъртен автор I"
"insp_zombie_writer_2","Посмъртен автор II"
"insp_zombie_writer_3","Посмъртен автор III"
"insp_zombie_writer_4","Посмъртен автор IV"
"insp_zombie_writer_5","Посмъртен автор V"
"insp_zombie_writer_6","Посмъртен автор VI"
"insp_zombie_writer_d","Остави зомбитата да пишат вместо теб... качеството може да варира."
"insp_zombies_killed_1","Убиец на зомбита I"
"insp_zombies_killed_2","Убиец на зомбита II"
"insp_zombies_killed_3","Убиец на зомбита III"
"insp_zombies_killed_4","Убиец на зомбита IV"
"insp_zombies_killed_5","Убиец на зомбита V"
"insp_zombies_killed_6","Убиец на зомбита VI"
"insp_zombies_killed_d","Изпращай дивите зомбита в покой."
"inspiration","Вдъхновение"
"internal_error_window_header","Вътрешна грешка"
"intro_prison_key","Ключ от тъмницата на Инквизицията"
"intro_prison_kings_signet","Кралски печат"
"intro_prison_medallion","Медальон на инквизитора"
"intro_prison_note","Бележка на Инквизитора"
"intro_prison_note_note","Откакто пристигна онзи безсмъртен затворник, всичко се обърка. Нито един от разузнавателните отряди не се върна. Останах съвсем сам. Ще опитам да се добера до Цитаделата в покрайнините на града. Ако има начин да спасим всички, той трябва да е там.

П.П. Оставих резервен ключ, кралския печат и медальон на Инквизитора в тайника в стената. Поне ще попаднат у някого, който може да чете..."
"inventory","Инвентар"
"inventory_is_full","Инвентарът е пълен!"
"iron_anvil","Желязна наковалня"
"iron_armor","Желязно оборудване"
"iron_details","Железни изделия"
"iron_ingot_scrap","Железен слитък"
"iron_ingots","Ковачество на желязо"
"iron_instruments_1","Железни инструменти I"
"iron_instruments_2","Железни инструменти II"
"iron_kit_1","Железен комплект I"
"iron_kit_2","Железен комплект II"
"iron_ore","Желязна руда"
"iron_ore_container_conveyor","Склад за руда"
"iron_ore_container_conveyor_TOP_BROKEN","Счупен склад за руда"
"iron_products","Железни изделия"
"iron_scrap","Железен скрап"
"iron_wall_1","Желязна стена I"
"iron_wall_1_d","Изработвай слитъци"
"iron_wall_2","Желязна стена II"
"iron_wall_3","Желязна стена III"
"iron_wall_4","Желязна стена IV"
"iron_wall_5","Желязна стена V"
"iron_weapons","Железни оръжия"
"item_runes","Руни"
"item_tooltip_required_mastery","Необходимо майсторство:"
"Jeweler_t1","Ювелир I"
"Jeweler_t2","Ювелир II"
"Jeweler_t3","Ювелир III"
"jeweler_table","Маса за бижута"
"jeweller_craft_1","Ювелир I"
"jeweller_craft_1_d","Изработвай на масата за бижута"
"jeweller_craft_2","Ювелир II"
"jeweller_craft_3","Ювелир III"
"jeweller_craft_4","Ювелир IV"
"jeweller_craft_5","Ювелир V"
"jeweller_craft_6","Ювелир VI"
"jewelry","Изящни бижута"
"jug_milk","Кана с мляко"
"junior_butcher","Син на касапин"
"junior_butcher_d","Шанс за грешка при операция по време на аутопсията -25%"
"junk_fighter_1","Боец срещу отпадъци I"
"junk_fighter_1_d","Унищожавай счупени бъчви и купчини отпадъци"
"junk_fighter_2","Боец срещу отпадъци II"
"junk_fighter_3","Боец срещу отпадъци III"
"junk_fighter_4","Боец срещу отпадъци IV"
"junk_fighter_5","Боец срещу отпадъци V"
"key_down","Надолу"
"key_left","Наляво"
"key_resurrection","Ключ за стаята на възкресението"
"key_right","Надясно"
"key_up","Нагоре"
"keys_looters","Ключове за грабителите"
"keys_looters_d","Може да се използва в пристанищния клуб за поръчка от грабителите."
"kitchen_oven","Кухненска фурна"
"kitchen_oven_2","Фурна II"
"kitchen_oven_broken","Счупена фурна"
"kitchen_oven_repair","Ремонтирай фурната"
"kitchen_oven_up_s","Кухненска фурна II"
"kitchen_table","Кухненска маса"
"kitchen_table_2","Кухня II"
"kitchen_table_broken","Счупена кухненска маса"
"kitchen_table_repair","Ремонтирай масата"
"kitchen_table_up_s","Кухненска маса II"
"klin_firewood_d","Гориво от дърва за огрев"
"klin_stics_d","Гориво от пръчки"
"krotowuha","Формула Кротовуха"
"krotowuha_potion","Кротовуха"
"krotowuha_potion_d","Дарява безсмъртие. Ако оцелееш..."
"krotowuha_potion_scroll","Свитък за кротовуха"
"lack_of_sleep_debuff","Липса на сън"
"lack_of_sleep_debuff_d","Изморен си. Докато не си легнеш да поспиш, всяка работа ще изразходва повече енергия, а лудостта ти ще се засилва по-бързо."
"lacquer","Лак"
"lacquer_d","Алберт го иска за цигулката на сестра си."
"last_respects_1","Последна почит I"
"last_respects_1_d","Погребвай тела"
"last_respects_2","Последна почит II"
"last_respects_3","Последна почит III"
"last_respects_4","Последна почит IV"
"last_respects_5","Последна почит V"
"last_respects_6","Последна почит VI"
"lead","Калай"
"leaf","Лист"
"lence","Леща"
"lenses","Лещи"
"lifting_crane_s","Подемен кран"
"liquid_harden","Танинова течност"
"log_cutter_1","Резач на трупи I"
"log_cutter_2","Резач на трупи II"
"loot_battle_purse","Бойна плячка"
"looters_order_ready","Поръчката от грабителите е готова"
"lumberjack_1","Дървосекач I"
"lumberjack_1_d","Сечи дървета"
"lumberjack_2","Дървосекач II"
"lumberjack_3","Дървосекач III"
"lumberjack_4","Дървосекач IV"
"lumberjack_5","Дървосекач V"
"map_castle_area","Зона на замъка"
"map_inquisitions_base","База на Инквизицията"
"map_port_area","Зона на пристанището"
"map_sluice_area","Зона на шлюза"
"map_stilt_houses","Къщи на кокили"
"MapPage","Карта"
"marble_carving","Обработка на мрамор"
"marble_container","Склад за мрамор"
"marble_container_conveyor","Склад за мрамор"
"marble_container_conveyor_TOP_BROKEN","Счупен склад за мрамор"
"marble_kit","Мраморен комплект"
"marble_plate_1","Мраморна плоча"
"marble_plate_2","Полиран мрамор"
"marble_plate_3","Издълбан мрамор"
"marble_quarrying","Добив на мрамор"
"mash","Каша"
"mason_1","Каменоделец I"
"mason_1_d","Изработвай каменни плочи"
"mason_2","Каменоделец II"
"mason_3","Каменоделец III"
"mason_4","Каменоделец IV"
"mason_5","Каменоделец V"
"master_armor","Майсторско оборудване"
"master_rod","Майсторска въдица"
"mausoleums_1","Мавзолей"
"mead","Медовина"
"melted_fat","Разтопена мазнина"
"melted_fat_d","Мирише ужасно..."
"mf_hammer_0","Работна маса на каменоделеца"
"milestone_activation_ma","Активирай крайпътен камък"
"military_base_chest","Сандък в казармата"
"millstone","Воденичен камък"
"minced_meat","Кайма"
"mine_ore_coal_crafter","Зомби миньор"
"mining_1","Добив I"
"miracle_growing_elixir","Еликсир за чудодеен растеж"
"module_planner_1","Планировчик на модули I"
"module_planner_1_d","Малко организация никога не е навредила на мъртвите. Подреждай модулите на гробището."
"modules_columbarium_1","Колумбарии I"
"modules_columbarium_2","Колумбарии II"
"modules_decor_1","Украса на гробището I"
"modules_decor_2","Украса на гробището II"
"modules_grave_1","Гробар I"
"modules_grave_2","Гробар II"
"modules_grave_3","Гробар III"
"modules_grave_4","Гробар IV"
"modules_mixed_1","Смесено гробище I"
"modules_mixed_2","Смесено гробище II"
"modules_mixed_3","Смесено гробище III"
"mold_green","Зелена плесен"
"money_prayer_tier_1_test","Молитва за пари"
"moonshine","Домашна ракия"
"morgue_entrance_door_broken","Място за изхвърляне на трупове"
"motivator_potion","Отвара-мотиватор за зомбита"
"motivator_potion_2","Отвара-мотиватор за зомбита II"
"motivator_potion_2_d","Увеличава скоростта на атака на всички съюзнически бойци за известно време. Само в битка."
"motivator_potion_3","Отвара-мотиватор за зомбита III"
"motivator_potion_3_d","Увеличава скоростта на атака на всички съюзнически бойци за дълго време. Само в битка."
"motivator_potion_d","Увеличава скоростта на атака на всички съюзнически бойци за кратко време. Само в битка."
"mrsmith_1","Господин Смит I"
"mrsmith_1_d","Ковачество!"
"mrsmith_2","Господин Смит II"
"mrsmith_3","Господин Смит III"
"mrsmith_4","Господин Смит IV"
"mrsmith_5","Господин Смит V"
"mushroom_brown","Кафява гъба"
"mushroom_green","Блатна гъба"
"mushroom_red","Червена гъба"
"music_notes","Музикални ноти"
"mwater_drop","Жива вода"
"nails","Пирони"
"nails_bronze","Бронзови пирони"
"nails_copper","Медни пирони"
"nails_iron","Железни пирони"
"natural_resin","Естествена смола"
"natural_resin_d","Суровата същност на самата природа"
"necromancer_resurrector_1","Некромант I"
"necromancer_resurrector_1_d","Толкова много зомбита! Възкресявай трупове."
"necromancer_resurrector_2","Некромант II"
"necromancer_resurrector_3","Некромант III"
"necromancer_resurrector_4","Некромант IV"
"necromancer_resurrector_5","Некромант V"
"necromonicon","Некрономикон"
"necromonicon_d","За да го съживиш, събери зелената слуз от ходещ труп и добави калай и малко пепел."
"new_game","Нова игра"
"newspaper","Вестник"
"newspaper_improve_1","Подобрение на вестника I"
"newspaper_improve_2","Подобрение на вестника II"
"newspaper_press","Печатна преса"
"no_bait","Няма стръв"
"no_bait_d","Привлича: каракуда, платика, шаран, жаба, кротушка"
"no_need_to_sleep","Не искам да спя сега"
"note_lab_tower","Бележка на алхимика"
"note_lab_tower_note","Днес сънувах странен сън... Не мога да го разбера, но изпитвам внезапен порив да скрия всичко това в сандък и да избягам от базата."
"note_resurrection","Бележка за възкресението"
"note_resurrection_note","Мъртвите не са толкова тихи, колкото някога вярвахме. Изглежда, че силен електрически заряд може да задейства отново труп. Тялото може да проходи, но резултатите са... непредсказуеми. Наука ли е това? Ерес ли е? Зависи кой пита."
"notebook","Празен бележник с меки корици"
"notebook_hard","Празен бележник с твърди корици"
"npc_astrologer","Гюнтер"
"npc_bishop","Епископ"
"npc_fisherman","Рибар"
"npc_head_of_the_guards","Хърбърт"
"npc_head_of_the_village","Януариус"
"npc_head_of_the_village_mask","Джули"
"npc_heffry","Хефри"
"npc_herm","Хърм"
"npc_homobonus","Хомобонус"
"npc_jeffry","Джефри"
"npc_larry","Лари"
"npc_nun","Монахиня"
"npc_plague_doctor","Алберт"
"npc_tavern_owner","Линда"
"npc_warehouse_manager","Главен търговец"
"npc_woodcarver","Харолд"
"npc_workshop_foreman","Джак"
"nsp_zombie_iron_craft_1","Ръждясали ръце I"
"nugget_copper","Медна руда"
"nun_asking_about_corpses_ask","Попитай за броя на труповете"
"nun_asking_about_corpses_few","Няколко трупа"
"nun_asking_about_corpses_few_1","Разумно очакване."
"nun_asking_about_corpses_many","Много трупове"
"nun_asking_about_corpses_many_1","Да се надяваме, че хората умират достатъчно бързо."
"nun_asking_about_corpses_no","Няма трупове"
"nun_asking_about_corpses_no_1","Само ако смъртта можеше да си вземе едноседмичен отпуск."
"oiled_beam","Намаслена греда"
"oiled_plank","Намаслена дъска"
"oiled_wood","Намаслено дърво"
"older_scrolls_1","По-стари свитъци I"
"older_scrolls_1_d","Изработвай свитъци"
"older_scrolls_2","По-стари свитъци II"
"older_scrolls_3","По-стари свитъци III"
"onion_seed:1","Семена от лук"
"onion:1","Лук"
"organ_improver_red","Подобрител на органи <sprite name=""rskull"">"
"organ_improver_red_d","Създава най-добрия орган <sprite name=""rskull"">."
"organ_improver_red_skin","Подобри орган II <sprite name=""rskull"">"
"organ_improver_white","Подобрител на органи <sprite name=""skull"">"
"organ_improver_white_d","Създава най-добрия орган <sprite name=""skull"">."
"organ_improver_white_skin","Подобри орган I <sprite name=""skull"">"
"organ_randomizer","Рандомизатор на органи"
"organ_randomizer_d","Променя органа със същия вид, но с различно качество."
"organ_restoration","Възстановител на органи"
"organ_restoration_d","Поправя грешки при операция."
"pallet_corpse_1","Палет за трупове I"
"pallet_corpse_2","Палет за трупове II"
"panic_reduction_machine_1","Машина за намаляване на паниката I"
"panic_reduction_machine_2","Машина за намаляване на паниката II"
"panic_reduction_machine_3","Машина за намаляване на паниката III"
"panic_reduction_machine_4","Машина за намаляване на паниката IV"
"panic_reduction_machine_5","Машина за намаляване на паниката V"
"paper_liquid","Хартиена каша"
"paper_press","Преса за хартия"
"paper_wanted","Плакат за издирване"
"parishioner_fail_1","Едва не заспах."
"parishioner_fail_2","Какво скучно преживяване!"
"parishioner_fail_3","Беше почти като да гледаш как съхне боя."
"parishioner_fail_4","Каква приспивна скука."
"parishioner_fail_5","Това беше ужасно досадна проповед!"
"parishioner_fail_6","Буквално скучах до сълзи."
"parishioner_fail_7","Може ли следващия път да поканим някого с повече харизма?"
"parishioner_success_1","Колко приятно беше!"
"parishioner_success_2","Чувствам се така, сякаш греховете ми са изчезнали."
"parishioner_success_3","Невероятна проповед!"
"parishioner_success_4","Толкова вдъхновяващо."
"parishioner_success_5","Чувствам се на върха на света!"
"parishioner_success_6","Тази проповед наистина осмисли деня ми."
"parishioner_success_7","Невероятна работа!"
"perk_alchemist","Алхимик"
"perk_alchemist_d","Ако мирише обезпокоително, значи си на прав път. Понякога алхимията дава повече предмети."
"perk_artist","Художник"
"perk_artist_d","Само парче камък ли е? За теб е изкуство. Получаваш бонус към качеството при изработката на статуи и украси."
"perk_axeman","Дървар"
"perk_axeman_d","Брадвата е твой приятел - и то остър приятел! Понякога получаваш допълнителни дърва, когато сечеш дървета. Можеш също да правиш повече дърва за огрев и клинове от трупи. Сеченето на дърва е толкова отпускащо!"
"perk_bellmaster","Майстор на камбаните"
"perk_bellmaster_d","Камбаната бие за Гробаря! Можеш да започнеш битките отново в същия ден."
"perk_beltmaster","Майстор на конвейерите"
"perk_beltmaster_d","Знаеш как да поддържаш нещата в движение. Зомбитата ти произвеждат повече <sprite name=""gear"">."
"perk_blacksmith","Ковач"
"perk_blacksmith_d","Обичаш да работиш с нажежено желязо. Удрянето с чука те отпуска. Когато работата приключи, винаги намираш време за още няколко пирона."
"perk_bookworm","Книжен плъх"
"perk_bookworm_d","Прочел си толкова много книги, че написването на една изглежда лесно.

+4 <sprite name=""talent_yellow""> при писане на книги."
"perk_brewer","Пивовар"
"perk_brewer_d","Варенето на бира не е зависимост. Просто правиш повече от нея."
"perk_builder","Строител"
"perk_builder_d","Кой казва, че спестяването на материали е нещо лошо? Възстановяването на сгради връща част от ресурсите."
"perk_butcher","Касапин"
"perk_butcher_d","Знаеш как се работи с месо. При некритични провали органите остават непокътнати."
"perk_cardinal","Кардинал"
"perk_cardinal_d","Църквата не е само триумф на духа. Тя е и колекция от сгради и имоти. Научил си се да ги управляваш, затова церемониите носят допълнителни пари."
"perk_carpenter","Дърводелец"
"perk_carpenter_d","Знаеш как се работи с дърво! Циркулярите са по-производителни в твоите ръце. Освен това намираш работата за много отпускаща."
"perk_chimera","Химера"
"perk_chimera_d","Всичко може да се превърне в произведение на изкуството. Изработката за подобряване на органи е по-добра."
"perk_church_materialist","Църковен материалист"
"perk_church_materialist_d","Вярата може да мести планини, но и свещите помагат.

+4 <sprite name=""talent_blue""> при изработката на църковни припаси."
"perk_compost_chemist","Химик на компоста"
"perk_compost_chemist_d","Преодоля отвращението си и овладя тънкостите на ферментацията: получаваш повече тор."
"perk_cook","Готвач"
"perk_cook_2","Готвач II"
"perk_cook_2_d","Как смееш да готвиш толкова добре? Създаваш допълнителни порции сложни ястия."
"perk_cook_d","Не е висша кухня, но има предостатъчно. Създаваш допълнителни порции обикновени ястия."
"perk_cremator","Крематор"
"perk_cremator_d","Най-горещата работа в града. Получаваш повече награди за кремиране на трупове."
"perk_cube_distillations","Дестилации в куба"
"perk_cube_distillations_d","Законите на алхимията са по-скоро препоръки. Получаваш повече предмети от Дестилационния куб."
"perk_curiousmind","Любознателен ум"
"perk_curiousmind_d","Обичаш да навлизаш в дълбочина. Понякога намираш специални предмети, докато проучваш."
"perk_dark_gluttony_pride","Лакомия и гордост"
"perk_dark_gluttony_pride_d","Понякога нещата не са такива, каквито изглеждат... или това е просто илюзия?"
"perk_dark_lust_envy","Похот и завист"
"perk_dark_lust_envy_d","Дали всичко изглежда малко странно, или червеното просто го прави по-зловещо?"
"perk_dark_wraith_sloth","Призрак и леност"
"perk_dark_wraith_sloth_d","Спокойствието може да е смъртоносно... или паяжините отново ти навяват мрачни мисли?"
"perk_deeppockets","Дълбоки джобове"
"perk_deeppockets_d","Някой ден може да се окажат прекалено дълбоки дори за теб. Увеличава размера на инвентара."
"perk_distill_it","Просто го дестилирай"
"perk_distill_it_d","Ако не разтопи чашата, вероятно е безопасно.

+4 <sprite name=""talent_blue""> при работа с Дестилационния куб."
"perk_drink_little","Пий по малко."
"perk_drink_little_d","Добрата отвара знае кога да се върне за още един рунд. Понякога изпиването на отвара не я изразходва."
"perk_engineer","Инженер"
"perk_engineer_d","Разбираш сложните механизми. Понякога изработваш допълнителни механични предмети."
"perk_enhanced_selection","Подобрен подбор"
"perk_enhanced_selection_d","Описание на Подобрен подбор"
"perk_expert_anatomist","Експерт по анатомия"
"perk_expert_anatomist_d","Знаеш точно къде се е намирало всичко.

+4 <sprite name=""talent_blue""> при работа на Масата за аутопсии."
"perk_extra_overhead_1","Носач"
"perk_extra_overhead_1_d","Вратът ти все за нещо трябва да служи, нали? Носи повече предмети на главата си."
"perk_extra_overhead_2","Носач II"
"perk_extra_overhead_2_d","Купчината става опасно амбициозна. Носи още повече предмети на главата си."
"perk_extra_overhead_3","Носач III"
"perk_extra_overhead_3_d","На този етап практически си ходещ склад. Носи огромен брой предмети на главата си."
"perk_farmer","Земеделец"
"perk_farmer_2","Земеделец II"
"perk_farmer_2_d","Не се страхуваш да изцапаш и останалата част от тялото си. Реколтата ти е още по-добра."
"perk_farmer_d","Не се страхуваш да си изцапаш ръцете. Можеш да избираш по-добри семена и да прибираш по-големи реколти."
"perk_fertilizer_slot_1","Тор"
"perk_fertilizer_slot_1_d","Описание на Тор"
"perk_fireman","Огнеборец"
"perk_fireman_d","Танцуващият пламък те омайва. Знаеш как да увеличиш производителността и да топиш повече руда на зареждане."
"perk_fishcutter","Филетирач на риба"
"perk_fishcutter_d","Няма такова нещо като малка риба... просто трябва да я разрежеш правилно. Получаваш повече филета."
"perk_fisherman","Рибар"
"perk_fisherman_d","Знаеш как да боравиш с въдицата си. Сега тя е по-здрава от всякога."
"perk_fissure_finder","Търсач на пукнатини"
"perk_fissure_finder_d","Научи се да забелязваш естествените слабости в скалата, преди да счупиш кирката си в нея.

+2 <sprite name=""talent_orange""> при работа с камък."
"perk_formula_one","Формула едно"
"perk_formula_one_d","Прецизността е по желание. Резултатите - не.

+4 <sprite name=""talent_blue""> при работа на Масата за формули."
"perk_frankenstein","Франкенщайн"
"perk_frankenstein_d","Има две тайни съставки - серум за възкресение и любов. Зомбитата започват с опит."
"perk_gearmaster","Майстор на зъбчатките"
"perk_gearmaster_d","Като дете си обичал да си играеш със зъбчатки. Сега изработваш допълнителни просто за забавление."
"perk_glassworker","Стъклар"
"perk_glassworker_d","Правиш стъкло, не го чупиш. Понякога изработваш допълнителни стъклени предмети. Понякога дори са красиви."
"perk_godsartist","Божи художник"
"perk_godsartist_d","Ако е изкуство, трябва да носи награда. Понякога изработваш допълнителни предмети."
"perk_godswords","Божи слова"
"perk_godswords_d","Не са мои думи, само ги записвам. Церемониите ти повишават качеството си."
"perk_golddigger","Златотърсач"
"perk_golddigger_d","Единственият, който печели, е онзи, който продава лопатите. При пресяване на пясък започва да се появява злато."
"perk_good_press","Добра преса"
"perk_good_press_d","Петната от мастило се изпират. Репутацията - не.

+4 <sprite name=""talent_yellow""> при работа на Печатната преса."
"perk_goodcutter","Добър резач"
"perk_goodcutter_d","Един точен разрез и плътта просто пада. Получаваш повече кожа, мазнина и месо от телата."
"perk_goodfellow","Добър приятел"
"perk_goodfellow_d","Колкото повече приятели имаш, толкова повече мозъци са ти нужни. Увеличава лимита ти за зомбита без наказание от Машината за намаляване на паниката."
"perk_gourmet","Гурме"
"perk_gourmet_d","Има пет вкуса и се наслаждаваш на всеки от тях. Храната дава по-големи ползи."
"perk_grapemaster","Майстор на гроздето"
"perk_grapemaster_d","Понякога гроздето ти шепне: „Направи ме на вино.“ По-добрите семена дават по-голяма реколта."
"perk_grave_crafter","Строител на гробове"
"perk_grave_crafter_d","Изработвай и поставяй надгробни плочи и огради за гробове по-бързо, с по-малко <sprite name=""energy""> и по-малко <sprite name=""insanity"">."
"perk_green_thumb","Зелени пръсти"
"perk_green_thumb_d","Научи се да засаждаш семената с острата страна нагоре.

+2 <sprite name=""talent_green""> при засаждане и прибиране на реколта."
"perk_greenkeeper","Мрачен пазител"
"perk_greenkeeper_d","Това вече е твоя работа - да ги изпращаш в покой. Отключва трупове с тъмни органи."
"perk_happy_supplier","Щастлив снабдител"
"perk_happy_supplier_d","Щастливите клиенти са добри клиенти. Градските поръчки дават повече <sprite name=""happiness"">."
"perk_happybook","Щастлива книга"
"perk_happybook_d","Максимумът ти на <sprite name=""happiness""> е увеличен."
"perk_heat_handler","Майстор на топлината"
"perk_heat_handler_d","Можеш да определяш температурата на метала с поглед, вместо с допир.

+2 <sprite name=""talent_red""> при работа с желязо."
"perk_heat_saver","Пестелив с топлината"
"perk_heat_saver_d","Научи се да слагаш капак на тенджерата, за да не горят дърва напразно: изразходвай по-малко гориво при готвене."
"perk_insanity","Лудост"
"perk_insanity_d","Не аз съм лудият... Ти си лудият. Отключва изработки, които бързо намаляват лудостта."
"perk_ironwill","Желязна воля"
"perk_ironwill_d","Мама винаги казваше, че лудостта е за губещи. Лудостта вече не може да се покачва над 70%."
"perk_jeweler","Бижутер"
"perk_jeweler_d","Имаш усет към скъпоценните камъни, затова ги намираш по-често. Знаеш и как да изработваш фини бижута."
"perk_jeweller","Златар"
"perk_jeweller_d","Диамантите може да са вечни. Твоето търпение - не. Изработката на бижута изисква по-малко <sprite name=""energy"">."
"perk_junior_butcher","Син на касапин"
"perk_junior_butcher_d","Шансът за хирургическа грешка при аутопсия е намален с 25%."
"perk_known_author","Известен автор"
"perk_like_king","Като цар"
"perk_like_king_d","Пиши всичко по-бързо: книги, истории, вестници..."
"perk_likemaster","Майстор на харесванията"
"perk_likemaster_d","Церемониите ти са страхотни! Възстановяваш част от <sprite name=""happiness""> след службата."
"perk_marauder","Мародер"
"perk_marauder_d","Най-добрата плячка е онази, която някой друг е носил. Получаваш повече награди след битки."
"perk_mason","Каменоделец"
"perk_mason_d","Камъкът е твоята страст, а резбите ти са отлични. Понякога изработваш допълнителни каменни предмети."
"perk_master_brewer","Майстор пивовар"
"perk_master_brewer_d","Овладя правилния баланс между хмел и мед.

+2<sprite name=""talent_green""> при варене на бира и медовина."
"perk_master_embalmer","Майстор балсаматор"
"perk_master_embalmer_d","Да изглеждаш представително е много по-лесно, когато спреш да се движиш.

+4 <sprite name=""talent_blue""> при работа на Маса за балсамиране."
"perk_mastergatherer","Майстор събирач"
"perk_mastergatherer_d","Обичаш природата, а природата ти отвръща. Можеш да събираш повече ресурси."
"perk_miner","Миньор"
"perk_miner_d","Истински миньор си. Понякога получаваш допълнителна руда, когато копаеш. Може дори да намериш скъпоценен камък... или не."
"perk_monument_builder","Строител на паметници"
"perk_monument_builder_d","Всеки шедьовър заслужава публика, която да го помни.

+4 <sprite name=""talent_orange""> при изработката на надгробни плочи и огради за гробове."
"perk_moonwalk","Лунна разходка"
"perk_moonwalk_d","Не всичко е свързано с танци. Появяват се нови находища на ресурси през нощта."
"perk_motivator","Мотиватор"
"perk_motivator_d","Нежен глас и твърда ръка - това е всичко необходимо. Зомбитата получават +1 към всички таланти."
"perk_negotiator","Преговарящ"
"perk_negotiator_d","Пазарлъкът е изкуство, а ти си художник. Цените за теб са по-ниски."
"perk_one_more_potion","Още една отвара"
"perk_one_more_potion_d","Колбата оцеля. Някак. Понякога получаваш празна колба след създаването на отвара."
"perk_oneofus","Един от нас"
"perk_oneofus_d","Знаеш ли, и аз съм търговец. Отключва специални търговски поръчки."
"perk_operations_house_d","Още от дете виждаш неща. Аутопсиите изискват по-малко <sprite name=""energy""> и причиняват по-малко <sprite name=""insanity"">."
"perk_paper_maker","Производител на хартия"
"perk_paper_maker_d","Създаваш повече хартия и вестници."
"perk_performer","Изпълнител"
"perk_performer_d","Успешните церемонии дават допълнителни <sprite name=""faith""> и <sprite name=""slv"">."
"perk_potion_brewer","Варяч на отвари"
"perk_potion_brewer_d","Свети само когато работи. Надяваме се.

+4 <sprite name=""talent_blue""> при изработката на отвари."
"perk_pr_machinist","Майстор на Машината за намаляване на паниката"
"perk_pr_machinist_d","Машината за намаляване на паниката дава по-голям лимит за зомбита, когато работи."
"perk_priest","Свещеник"
"perk_priest_d","Хората вярват на думите ти. Церемониите дават допълнителна вяра."
"perk_pro_writer","Професионален писател"
"perk_pro_writer_d","Всяка легенда започва с някой, който преувеличава.

+4 <sprite name=""talent_yellow""> при писане на истории."
"perk_quickhands","Бързи ръце"
"perk_quickhands_d","Едно, две, три и съвсем леко завъртане. Ускорява операциите."
"perk_rich_supplier","Богат снабдител"
"perk_rich_supplier_d","Градът винаги плаща добре. Градските поръчки дават повече пари <sprite name=""slv"">."
"perk_rich_surgeon","Ловец на съкровища"
"perk_rich_surgeon_d","Хората крият спестяванията си на най-странни места. По време на аутопсия органите понякога съдържат <sprite name=""slv"">."
"perk_salad_guru","Гуру на салатите"
"perk_salad_guru_d","Описание на Гуру на салатите"
"perk_sanity","Разсъдък"
"perk_sanity_d","Нищо не може да се сравни с добрия нощен сън. Сънят премахва повече лудост."
"perk_science","Изследовател"
"perk_science_d","Любопитството е изненадващо добро упражнение за ума. Проучвай предмети по-бързо и с по-малко <sprite name=""energy"">."
"perk_scientist","Учен"
"perk_scientist_d","Навлизаш по-дълбоко и изследваш същността на нещата. Проучването на предмети може да разкрие истории или да даде допълнителни точки."
"perk_scribe","Писар"
"perk_scribe_d","Перата са по-силни от лопатата. Понякога.

+4 <sprite name=""talent_yellow""> при работа на Писалището."
"perk_seedmaster","Майстор на семената"
"perk_seedmaster_d","Земеделието не е само за реколтата, а и за семената. Получаваш повече семена."
"perk_sermon_writer","Автор на проповеди"
"perk_sermon_writer_d","Свещените слова идват по-лесно, когато някой друг мисли усилено вместо теб. Писането на проповеди става по-лесна задача."
"perk_smarth_researcher","Умен изследовател"
"perk_smarth_researcher_d","Всяка загадка заслужава още един съмнителен експеримент.

+4 <sprite name=""talent_blue""> при работа в Лаборатория."
"perk_sommelier","Сомелиер"
"perk_sommelier_d","Започна да оценяваш чудесата, които се получават от запечатано буре и малко търпение.

+3 <sprite name=""talent_green""> при правене на вино."
"perk_splinter_proof","Непробиваем за трески"
"perk_splinter_proof_d","Ръцете ти са толкова загрубели, че треските се чупят в кожата ти, а не вътре в нея.

+2 <sprite name=""talent_orange""> при работа с дърво."
"perk_storyteller","Разказвач"
"perk_storyteller_d","Забелязваш малките неща у хората. Всяка задача е и история."
"perk_surgeon","Хирург"
"perk_surgeon_d","Мъртвите не съдят, но все пак е добре да внимаваш. Прави по-добри аутопсии."
"perk_swordmaster","Майстор на меча"
"perk_swordmaster_d","Умението ти с острието те прави по-добър в изработката на оръжия. Мечовете ти са просто по-добри."
"perk_talented_jeweler","Талантлив златар"
"perk_talented_jeweler_d","Златото изненадващо лесно се подчинява, когато знае кой командва.

+4 <sprite name=""talent_red""> при работа на Масата за бижута."
"perk_telling_tales","Разказвач на истории"
"perk_telling_tales_d","Всяка добра история започва с малко преувеличение. Създаването на истории става по-лесно."
"perk_tempering_expert","Експерт по закаляване"
"perk_tempering_expert_d","След като съсипа достатъчно заготовки, най-сетне овладя тайните на правилното закаляване.

+2<sprite name=""talent_red""> при работа със стомана."
"perk_toolbelt","Колан за инструменти"
"perk_toolbelt_d","Не ти липсват умения... просто ти липсват инструменти. Увеличава наличните слотове за инструменти."
"perk_tree_society","Дружество на дърветата"
"perk_tree_society_d","Хартията вече не расте по дърветата.

+4 <sprite name=""talent_yellow""> при изработката на хартия."
"perk_trustworthy","Надежден"
"perk_trustworthy_d","Честно казано, не знаеш как се случи. Няма да се повтори. Намалени наказания за наличието на много зомбита."
"perk_voice_faith","Гласът на вярата"
"perk_voice_faith_d","Добрата проповед може да спаси душа. Или поне да я държи будна.

+4 <sprite name=""talent_yellow""> при писане на проповеди."
"perk_warengineer","Военен инженер"
"perk_warengineer_d","Усмихваш се, когато кулите и шиповете на барикадите ти причиняват болка на врага. Зомбитата не усещат болка, но получават допълнителни щети."
"perk_warsupplier","Военен снабдител"
"perk_warsupplier_d","Харесваш кулите и барикадите си здрави! Не е изненада, че са по-издръжливи."
"perk_whileyoudontwatch","Докато никой не гледа"
"perk_whileyoudontwatch_d","Няма тяло, няма престъпление. Отключва място за изхвърляне на тела без наказание."
"perk_wholenewworld","Съвсем нов свят"
"perk_wholenewworld_d","Понякога не е нужно да прекосяваш океан, за да откриеш нов свят. Просто изпий още едно."
"perk_winemaster","Майстор на виното"
"perk_winemaster_d","Обичаш алкохола - особено виното! Правиш повече и по-добро вино."
"perk_zombie_teacher","Учител на зомбита"
"perk_zombie_teacher_d","Дори мъртвите могат да научат нови номера. Зомбитата подобряват уменията си по-бързо."
"perl_known_author_d","Празните страници крият опасност от правописни грешки.

+4 <sprite name=""talent_yellow""> при изработване на празни книги."
"Pharmacy_t1","Аптекар I"
"Pharmacy_t2","Аптекар II"
"Pharmacy_t3","Аптекар III"
"philosopher_stone","Философски камък"
"philosopher_stone_d","Превръща желязото в злато."
"philosopher_stone_ingot","Трансмутация на злато"
"pick_a_save_slot","Избери слот за запазване"
"pickaxe_0","Ръждясала кирка"
"pickaxe_1","Бронзова кирка"
"pickaxe_2","Желязна кирка"
"pickaxe_3","Стоманена кирка"
"pickpocket_1","Джебчия I"
"pickpocket_1_d","Вземай онова, от което мъртвите вече не се нуждаят"
"pickpocket_2","Джебчия II"
"pickpocket_3","Джебчия III"
"pickpocket_4","Джебчия IV"
"pickpocket_5","Джебчия V"
"pickpocket_6","Джебчия VI"
"pike_0","Обикновена пика"
"pike_1","Лека пика"
"pike_2","Бойна пика"
"pike_3","Рицарско копие"
"player_sawmill_can_not_enter","Ако те е страх от вълци, не влизай в гората."
"player_talk_not_enough_items","Недостатъчно предмети"
"player_talk_not_enough_space","Недостатъчно място"
"polished_bronze","Полиран бронз"
"polished_marble","Полиране на мрамор"
"polished_stone","Полиране на камък"
"polishing_paste","Полираща паста"
"portal_stone_envy","Портален фрагмент: Завист"
"portal_stone_gluttony","Портален фрагмент: Лакомия"
"portal_stone_greed","Портален фрагмент: Алчност"
"portal_stone_lust","Портален фрагмент: Похот"
"portal_stone_pride","Портален фрагмент: Гордост"
"portal_stone_sloth","Портален фрагмент: Леност"
"portal_stone_wrath","Портален фрагмент: Гняв"
"porter_station","Станция за пренос"
"potato","Кар-то-ф"
"potion_formulas_basic","Формули за отвари I"
"potter_1","Грънчар I"
"potter_1_d","Оформяй глина"
"potter_2","Грънчар II"
"potter_3","Грънчар III"
"potter_4","Грънчар IV"
"potter_5","Грънчар V"
"Potter_t1","Грънчарска работилница"
"potter_wheel_1","Грънчарско колело"
"pottery_basic","Грънчарство I"
"powder_b","Алхимичен прах <sprite name=""rune_b>"""
"powder_b_b","Алхимичен прах <sprite name=""rune_b><sprite name=""""rune_b"">"""
"powder_b_b_b","Алхимичен прах <sprite name=""rune_b><sprite name=""""rune_b""><sprite name=""""rune_b"">"""
"powder_dreams","Прах от сънища"
"powder_g","Алхимичен прах <sprite name=""rune_g>"""
"powder_g_b","Алхимичен прах <sprite name=""rune_g><sprite name=""""rune_b"">"""
"powder_g_b_b","Алхимичен прах <sprite name=""rune_g><sprite name=""""rune_b""><sprite name=""""rune_b"">"""
"powder_g_g","Алхимичен прах <sprite name=""rune_g><sprite name=""""rune_g"">"""
"powder_g_g_b","Алхимичен прах <sprite name=""rune_g><sprite name=""""rune_g""><sprite name=""""rune_b"">"""
"powder_g_g_g","Алхимичен прах <sprite name=""rune_g><sprite name=""""rune_g""><sprite name=""""rune_g"">"""
"powder_gun","Барут"
"powder_r","Алхимичен прах <sprite name=""rune_r>"""
"powder_r_b","Алхимичен прах <sprite name=""rune_r><sprite name=""""rune_b"">"""
"powder_r_b_b","Алхимичен прах <sprite name=""rune_r><sprite name=""""rune_b""><sprite name=""""rune_b"">"""
"powder_r_g","Алхимичен прах <sprite name=""rune_r><sprite name=""""rune_g"">"""
"powder_r_g_b","Алхимичен прах <sprite name=""rune_r><sprite name=""""rune_g""><sprite name=""""rune_b"">"""
"powder_r_g_g","Алхимичен прах <sprite name=""rune_r><sprite name=""""rune_g""><sprite name=""""rune_g"">"""
"powder_r_r","Алхимичен прах <sprite name=""rune_r><sprite name=""""rune_r"">"""
"powder_r_r_b","Алхимичен прах <sprite name=""rune_r><sprite name=""""rune_r""><sprite name=""""rune_b"">"""
"powder_r_r_g","Алхимичен прах <sprite name=""rune_r><sprite name=""""rune_r""><sprite name=""""rune_g"">"""
"powder_r_r_r","Алхимичен прах <sprite name=""rune_r><sprite name=""""rune_r""><sprite name=""""rune_r"">"""
"power_switch_table_broken","Устройство за възкресение"
"pr_machine_available_tomorrow","Машината за намаляване на паниката е достъпна в <sprite name=""day_gluttony"">"
"pr_manager_1","Рекламен мениджър I"
"pr_manager_1_d","Поддържай машината за намаляване на паниката."
"pr_manager_2","Рекламен мениджър II"
"pr_manager_3","Рекламен мениджър III"
"pr_manager_4","Рекламен мениджър IV"
"pr_manager_5","Рекламен мениджър V"
"pray_report_faith","Придобита вяра"
"pray_report_faith_bonus","Бонус вяра"
"pray_report_money","Дарения"
"pray_report_money_bonus","Бонус пари"
"prayer_available_tomorrow","Церемонията е достъпна в <sprite name=""day_wrath"">"
"prayer_base_1","Основна молитва"
"prayer_base_1_d","Няколко добри думи"
"prayer_capacity_test_1","Молитва за капацитет I"
"prayer_capacity_test_2","Молитва за капацитет II"
"prayer_combat","Бойна молитва"
"prayer_combo","Комбинирана молитва"
"prayer_consumption","Молитва за консумация"
"prayer_default_speech_01","Нека се помолим за славата Божия..."
"prayer_default_speech_02","Бог да благослови нас и църквата ни!"
"prayer_demand","Молитва за търсене"
"prayer_excellence","Молитва за съвършенство"
"prayer_harvest","Молитва за реколта"
"prayer_hypno","Хипно молитва"
"prayer_imagination","Молитва за въображение"
"prayer_insanity","Молитва за лудост"
"prayer_labor","Молитва за труд"
"prayer_likes","Молитва за харесвания"
"prayer_music","Молитва за музика"
"prayer_obedience","Молитва за послушание"
"prayer_old_god","Молитва към Стария бог"
"prayer_prosperity","Молитва за благоденствие"
"prayer_protection","Молитва за защита"
"prayer_purity","Молитва за чистота"
"prayer_repentance","Молитва за покаяние"
"prayer_repose","Молитва за покой"
"prayer_speed","Молитва за бързина"
"prayer_storms","Молитва за бури"
"prayer_writer_1","Писател на молитви I"
"prayer_writer_1_d","Пиши молитви на писалището"
"prayer_writer_2","Писател на молитви II"
"prayer_writer_3","Писател на молитви III"
"prayer_writer_4","Писател на молитви IV"
"prayer_writer_5","Писател на молитви V"
"preservative","Консервант"
"price_dialog_total","Обща цена:"
"print_printing_1","Майстор печатар I"
"print_printing_1_d","Печатай на печатната преса."
"print_printing_2","Майстор печатар II"
"print_printing_3","Майстор печатар III"
"print_printing_4","Майстор печатар IV"
"print_printing_5","Майстор печатар V"
"print_printing_6","Майстор печатар VI"
"printed_money","Печатни пари"
"printed_money_signed","Подписани печатни пари"
"pro_rod","Професионална въдица"
"pumpkin","Тиква"
"pumpkin_seed","Семена от тиква"
"quality_food_gold","Умами"
"quality_food_gold_cabbage_bowl","Подобрение на храната II"
"quality_food_gold_d","Подобрява храните и напитките със сребърно качество <sprite name=""icon-quality-silver>."""
"quality_food_gold_grape_wine","Подобрение на напитките II"
"quality_food_silver","Подправки"
"quality_food_silver_cabbage_bowl","Подобрение на храната I"
"quality_food_silver_d","Подобрява храните и напитките с бронзово качество <sprite name=""icon-quality-bronze>."""
"quality_food_silver_grape_wine","Подобрение на напитките I"
"quality_items_gold","Отвара за трансмутация II"
"quality_items_gold_d","Подобрява предмети със сребърно качество <sprite name=""icon-quality-silver>."""
"quality_items_silver","Отвара за трансмутация I"
"quality_items_silver_d","Подобрява предмети с бронзово качество <sprite name=""icon-quality-bronze>."""
"quarry_marble_scaffolding","Зомби мраморна каменоломна"
"quarry_stone_scaffolding","Зомби каменоломна"
"quest_base_blockage_1","Разчисти препятствието"
"quest_base_hatch_unlock","Отвори капака"
"quest_base_locked_door_tower","Отвори вратата"
"quest_bell","Магическа камбана"
"quest_closed__d","Имаме сделка. Сега ще платя на наемниците с вино."
"quest_closed_0_fairy_find_out_d","Разбрах как да призова Феята."
"quest_closed_10_village_food_samples_d","Помогнах да снабдим селото."
"quest_closed_100_village_swamp_faith_d","Червено око? Пак ли?"
"quest_closed_102_town_captain_faith_d","Капитанът ми разказа страхотни истории. Надявам се да преживеем приключение заедно."
"quest_closed_103_workshop_steel_give_d","Джак получи висококачествената стомана, от която се нуждаеше."
"quest_closed_104_workshop_industrial_show_d","Джак видя Фабриката ми... Не мисля, че още ме смята за свой чирак."
"quest_closed_105_guards_armor_give_d","Изглежда Хърбърт най-сетне се кани да се пенсионира. Може да се премести в къщата на Агата при Кръстопътя."
"quest_closed_107_astrologer_likes_give_d","Рекламната кампания достигна целта си."
"quest_closed_108_astrologer_pieces_second_d","Гюнтер ми даде фрагмент от портала си."
"quest_closed_109_crossroad_magnificent_church_d","Мога гордо да кажа, че църквата ми е великолепна."
"quest_closed_11_guards_morale_graveyard_d","Подобрих гробището за Хърбърт."
"quest_closed_112_linda_wealth_orders_d","Градът расте и привлича все повече заможни хора."
"quest_closed_113_sewers_god_enter_d","Най-сетне открих Древния бог."
"quest_closed_114_base_god_ceremony_d","Трябва да убедя шестимата да ми помогнат да поправя портала. Това са: Линда в Крайбрежния клуб, Албърт в Лабораторията на чумния лекар, Агата при Кръстопътя, Хърбърт в казармата, Гюнтер в кулата на Астролога и Джак в Градската работилница."
"quest_closed_119_pre_B1_fights_win_d","Водният шлюз е затворен."
"quest_closed_120_pre_C0_fights_win_d","Открих Кралската леярна."
"quest_closed_121_pre_B3_2_fights_win_d","Осигурих долната част на шлюза."
"quest_closed_122_pre_B5_fights_win_d","Намерих път към Къщите на кокили."
"quest_closed_124_village_money_printed_d","Дано книжните пари решат бюджетния проблем на града."
"quest_closed_125_astrologer_third_buy_d","Купих фрагмента от портала от Майстора на търговията."
"quest_closed_125_astrologer_third_fourth_sluise_d","Открих още един фрагмент от портала."
"quest_closed_125_astrologer_third_install_d","Намерени са няколко фрагмента, но има още."
"quest_closed_128_foundry_wine_bring_d","Донесох вино на монаха в Кралската леярна."
"quest_closed_13_village_fairy_ask_d","За да призова фея, ми трябва Прах от сънища. Трябва да отида в подземието и да намеря Чумния лекар."
"quest_closed_130_town_wishes_portal_d","Това ли е краят?"
"quest_closed_134_history_keeper_beer_d","Донесох бира на Лари. С времето ще ми разкаже за другия гробар."
"quest_closed_135_town_fisher_fish_myst_d","Получих въдицата на рибаря."
"quest_closed_136_guards_discount_wine_d","Имаме сделка. Сега ще платя на наемниците с вино."
"quest_closed_139_town_homobonus_bottle_d","Сега Хомобонус може да продава повече вода."
"quest_closed_14_guard_faith_bell_d","Готов съм да започна да се бия със зомбита заради града."
"quest_closed_14_guard_faith_bring_d","Моралът се повиши. Време е да се подготвим за битка."
"quest_closed_140_town_homobonusus_faith_d","Мога да продавам вяра на Хомобонус, когато пожелая."
"quest_closed_142_foundry_zombie_power_d","Получих първия фрагмент от портала. Трябва да намеря още!"
"quest_closed_143_workshop_piece_convince_d","Убедих Джак да ми даде своя фрагмент от портала."
"quest_closed_144_crossroad_home_improve_d","Къщата на Агата вече е идеалното място за живота ѝ с Хърбърт."
"quest_closed_145_base_organ_ceremony_d","Изглежда Агата и Хърбърт са намерили покой. Очаква ги спокоен живот."
"quest_closed_147_sewers_looters_approach_d","Добри новини - открих избата със сирене на Маурицио и изглежда Древният бог е там. Лоши новини - няма врата. Трябва да намеря начин да вляза."
"quest_closed_148_doctor_cough_ask_d","Здравето на Албърт е тревожно. Трябва да намерим лек."
"quest_closed_149_sluice_tools_tools_d","Получих Кар-то-ф До-ма-т."
"quest_closed_15_guards_fightback_win_d","Започнах да си връщам града."
"quest_closed_150_base_90not_god_d","Изглежда няма да е толкова лесно да убедя шестимата. Трябва да има друг начин. Трябва да проверя уменията си..."
"quest_closed_151_base_90yes_god_d","Шестимата ще ми помогнат да възстановя портала."
"quest_closed_156_base_pieces_sixth_d","Намерени са още фрагменти, но има още един."
"quest_closed_157_base_palace_home_d","Знам всичко необходимо за Двореца. Сега просто трябва да подготвя силите си."
"quest_closed_158_astrologer_palace_help_d","Джак и Гюнтер ще помогнат да спасим света. Джак ми даде чертеж за автоматична система за лъкове."
"quest_closed_158_astrologer_palace_press_d","Донесох протезна ръка на Джак и малка печатна преса на Гюнтер."
"quest_closed_159_crossroad_palace_device_d","Донесох автоматично устройство за писане на Агата и трилогия на Хърбърт."
"quest_closed_159_crossroad_palace_help_d","Агата и Хърбърт ще ми помогнат да възстановя портала. Хърбърт увеличи мястото за отбранителното ми оборудване, а Агата ми даде благословията си."
"quest_closed_16_foreman_letter_wake_d","Джак и близнаците отплаваха с лодката."
"quest_closed_160_linda_palace_chocolate_d","Донесох шоколад на Линда и бутилки на Албърт."
"quest_closed_160_linda_palace_help_d","Линда и Албърт ще ми помогнат да спасим света. Дадоха ми рецепти за увеличаване на издръжливостта и за по-здрава кожа на зомбитата."
"quest_closed_163_village_fish_bring_d","Научих се да ловя риба и донесох една на Хърм."
"quest_closed_19_base_ceremony_sermon_d","Сега мога да изнасям проповеди всяка седмица."
"quest_closed_22_doctor_tower_powder_d","Сега мога да варя отвари в Изоставената кула."
"quest_closed_23_guards_mercenaries_hire_d","Наемниците ще се бият за мен, стига да им плащам."
"quest_closed_24_doctor_zombies_lab_0_d","Имам собствени лични зомбита!"
"quest_closed_26_port_foreman_reunite_d","Намерих Джак, сега трябва да проуча Пристанищния район."
"quest_closed_27_port_astrologer_zombie_home_d","Получих нови зомбита от Астролога."
"quest_closed_28_base_fairy_summon_d","Феята ми каза, че трябва да спася света. Ако това е вярно, ще трябва да вляза в блатото и да намеря храма на Богинята на природата."
"quest_closed_31_forest_guards_pass_d","Не мога да вляза в гората без специален пропуск."
"quest_closed_32_guards_book_bring_d","Разбрах защо Хърбърт е тъжен. Иска романтичния си роман."
"quest_closed_34_port_looters_book_d","Сега мога да наемам мародери, които да намират нужните ми неща в града."
"quest_closed_36_port_trademaster_lenses_d","Веднъж седмично на Главния кей ще пристига нов търговски кораб."
"quest_closed_39_village_frill_bring_d","Хърм ми благодари за дантелата и почти ми плати."
"quest_closed_40_village_fishing_bring_d","Братята са щастливи. Дори ме научиха как да изработвам нова стръв за риба."
"quest_closed_41_forest_bonfire_food_d","Бяха много щастливи и ме научиха да готвя нови вкусотии."
"quest_closed_42_crossroad_nun_writing_d","Дадох пособия за писане на Монахинята."
"quest_closed_44_port_violine_paint_d","Започнах да възстановявам града."
"quest_closed_45_guards_reading_book_d","Донесох романтичния роман на Хърбърт. Време е да намеря читател."
"quest_closed_46_pre_A_fights_clean_d","Първата част на града е освободена."
"quest_closed_47_pre_A2_fights_clean_d","Източната част на града е освободена."
"quest_closed_48_pre_A3_fights_clean_d","Площадът е освободен."
"quest_closed_49_pre_A4_fights_clean_d","Улиците на града са освободени."
"quest_closed_50_pre_S2_fights_win_d","Канализацията на града е разчистена."
"quest_closed_51_crossroad_fixed_corpse_delivery_d","Агата ще възобнови доставките на трупове. Магарето ще е доволно."
"quest_closed_52_village_pass_ask_d","Получих пропуска за гората. Време е да го покажа на стражите."
"quest_closed_54_forest_bandits_meet_d","Мога да вляза в гората. Сега трябва да видя дали има желязо или други полезни ресурси."
"quest_closed_56_forest_pardon_give_d","Получих кралското опрощение. Време е да го дам на бандитите."
"quest_closed_58_port_supplies_order_d","Снабдих града с желязо."
"quest_closed_6_intro_guards_burial_d","Донесох свидетелство за погребение."
"quest_closed_60_port_workshop_free_d","Прочистихме работилницата на Джак от зомбитата. Време е да я възстановим."
"quest_closed_61_after_clearing_A_complete_visual_d","В южната част на града вече няма опасност от зомбита. Готови сме да я възстановим."
"quest_closed_63_swamp_goddess_speak_d","Мога да събирам сини кристали край статуята на Богинята всеки <sprite name=""day_envy"">. Трябва също да възстановя магическия портал. И не на последно място, трябва да намеря Древния бог."
"quest_closed_65_doctor_lacquer_give_d","Имам цигулка. Време е да я дам на Линда."
"quest_closed_67_port_incense_give_d","Всичко е готово за концерта."
"quest_closed_68_port_concert_start_d","Концертът приключи. Линда има талант!"
"quest_closed_7_village_head_talk_d","Срещнах Януариус, собственика на селската кръчма, и Джули, кмета на селото. Изглежда обаче, че са един и същи човек."
"quest_closed_71_doctor_sister_corpse_d","Сестрата на Албърт е зомби. Но той работи по проблема."
"quest_closed_73_crossroad_better_corpses_d","Получих по-добри трупове и мога да ги подобря допълнително, като помогна на Агата с условията ѝ на живот."
"quest_closed_74_crossroad_chore_ceremony_d","Агата ще чете на Хърбърт."
"quest_closed_75_forest_explosives_take_d","Получих експлозивите. Сега мога да изследвам Старата мина в гората."
"quest_closed_77_astrologer_printing_book_d","Дадох книгата със стихове на Гюнтер."
"quest_closed_78_astrologer_jack_signed_d","Имаме фронтмен за рекламната си кампания."
"quest_closed_8_village_trader_talk_d","Срещнах Хърм, селския търговец."
"quest_closed_80_village_candidates_plan_d","Трябва да се подготвим за изборите."
"quest_closed_81_guards_elections_convince_d","Хърбърт се съгласи да осигури охраната по време на изборите."
"quest_closed_82_port_elections_convince_d","Линда се съгласи да използва Крайбрежния си клуб като място за гласуване."
"quest_closed_83_astrologer_elections_convince_d","Убедих Гюнтер да проведе рекламна кампания за изборите."
"quest_closed_84_astrologer_necronomicon_get_d","Сега мога да създавам нови зомбита. Голяма сила и голяма отговорност."
"quest_closed_85_guards_reader_tell_d","Дано Хърбърт вече изглежда по-малко тъжен."
"quest_closed_87_doctor_linda_ask_linda_d","Изглежда между Линда и Албърт се случва нещо."
"quest_closed_87_doctor_linda_notebook_d","Изглежда Линда харесва Албърт. Ще видим как ще се развият нещата."
"quest_closed_89_astrologer_portal_ask_d","Изглежда трябва да посетя Кралската леярна, за да науча повече за портала."
"quest_closed_9_village_brothers_pottery_d","Помогнах на близнаците и получих въдица."
"quest_closed_90_village_elections_ready_d","Хефри спечели изборите! Или беше Джефри?"
"quest_closed_91_linda_cough_ask_d","Състоянието на Албърт се влошава. Трябва да намерим лек за него."
"quest_closed_92_doctor_cure_tell_d","Кар-то-фът работи! Бъдещето на Линда и Албърт най-сетне изглежда светло."
"quest_closed_93_linda_potato_give_d","Ще видим дали Кар-то-ф До-ма-тът ще помогне на Албърт."
"quest_closed_94_crossroad_reputation_ask_d","Агата иска да събуди праведната ярост на Хърбърт."
"quest_closed_95_guards_organ_tell_d","Изработих орган от специална дървесина за Агата... или беше за Хърбърт? Изненада?"
"quest_closed_98_workshop_tunnel_ask_portal_d","Джак все още не е доволен от работилницата си. За да му помогна, трябва да намеря път до Кралската леярна."
"quest_closed_99_workshop_repair_material_1_d","Джак възстанови работилницата си - и ме направи свой чирак!"
"quest_open_0_fairy_find_out_d","Разбери как да призовеш Феята."
"quest_open_10_village_food_samples_d","Купи 16-20 житни семена от Хърм и ги отгледай в градината си. После покажи резултатите на Хърм в магазина му."
"quest_open_100_village_swamp_faith_d","Донеси вяра на Джули, за да извърши ритуала за Богинята в блатото. Той е в селската кръчма."
"quest_open_101_workshop_calculations_ask_d","Попитай Джак за изчисленията му. Той винаги е в градската си работилница."
"quest_open_102_town_captain_beer_d","Донеси напитки на Капитана в Крайбрежния клуб."
"quest_open_102_town_captain_faith_d","Донеси вяра на Капитана в Крайбрежния клуб."
"quest_open_103_workshop_steel_give_d","Вземи висококачествена стомана от Кралската леярна и я занеси на Джак в градската работилница."
"quest_open_104_workshop_industrial_show_d","Покажи на Джак Фабриката си. Първо трябва да я подготвиш, а после да го поканиш. Той винаги е в работилницата си в града."
"quest_open_105_guards_armor_give_d","Донеси най-добрата броня на Хърбърт и стражите му в казармата."
"quest_open_106_foundry_meeting_portal_d","Попитай Епископа в Кралската леярна за магическия портал."
"quest_open_106_foundry_meeting_steel_d","Попитай Епископа в Кралската леярна за висококачествена стомана."
"quest_open_107_astrologer_likes_give_d","Донеси много <sprite name=""happiness""> на Гюнтер в кулата на Астролога."
"quest_open_108_astrologer_pieces_second_d","Говори с Гюнтер в кулата на Астролога за фрагментите от портала."
"quest_open_109_crossroad_magnificent_church_d","Подобри църквата още веднъж и говори с Агата при Кръстопътя."
"quest_open_11_guards_morale_graveyard_d","За да повишиш духа на градската стража, местното гробище трябва да бъде подобрено. После докладвай на Хърбърт при Кръстопътя."
"quest_open_110_town_cheese_find_d","Изглежда Дейви Камата е близо до входа на канализацията, при западната порта. Трябва да говоря с него."
"quest_open_110_town_cheese_look_d","Говори с Дейви Камата в Крайбрежния клуб."
"quest_open_111_base_dig_sleep_d","Продължи да възстановяваш портала и изчакай новини. Освен това не бива да забравям да си почивам у дома от време на време."
"quest_open_112_linda_wealth_orders_d","Изпълни поръчки и се върни при Линда в Крайбрежния ѝ клуб."
"quest_open_113_sewers_god_enter_d","Имам Червеното око и то трябва да ми помогне да премина през стената към избата със сирене на Маурицио в канализацията."
"quest_open_114_base_god_ceremony_d","Трябва да изнеса специална проповед в църквата си, посветена на Древния бог."
"quest_open_115_linda_dawn_ask_d","Посети Линда и Албърт в Крайбрежния клуб."
"quest_open_116_base_attic_build_d","Трябва да построя таванско помещение у дома за Древния бог."
"quest_open_117_crossroad_calm_ask_d","Посети Агата и Хърбърт при Кръстопътя."
"quest_open_118_astrologer_project_ask_d","Посети Джак и Гюнтер в Пристанищния район близо до Главния кей."
"quest_open_119_pre_B1_fights_before_d","Говори със стража, за да започнеш битката и да затвориш портата. Наистина трябва да спечеля тази."
"quest_open_119_pre_B1_fights_herbert_d","Говори с Хърбърт в казармата за корабния шлюз в заразената със зомбита част на града."
"quest_open_119_pre_B1_fights_win_d","Спечели битката:`r`nЗатваряне на западния шлюз"
"quest_open_12_village_boat_brothers_d","Убеди близнаците да заведат Джак до пристанището. Те са близо до него в Земята на близнаците."
"quest_open_12_village_boat_ready_d","Попитай Джак дали е готов да отплава. Той е в Земята на близнаците."
"quest_open_12_village_boat_tools_d","На Джак му трябват инструменти, за да довърши лодката. Строи я в Земята на близнаците."
"quest_open_12_village_boat_wood_d","На Джак му трябва дърво, за да построи лодка. Той е отседнал в Земята на близнаците."
"quest_open_120_pre_B2_2_fights_win_d","Спечели битката:`r`nЗатваряне на източния шлюз: част I"
"quest_open_120_pre_B2_fights_before_d","Говори със стражите на поста, за да започнеш нахлуването във водния тунел. Трябва да спечеля тази."
"quest_open_120_pre_B2_fights_foundry_d","Влез в Кралската леярна през водния тунел."
"quest_open_120_pre_B2_fights_herbert_d","Говори с Хърбърт в казармата, за да подготвите нахлуването във водния тунел."
"quest_open_120_pre_B2_fights_win_d","Спечели битката:`r`nЗатваряне на източния шлюз: част II"
"quest_open_120_pre_C0_fights_win_d","Спечели битката:`r`nПробив до мазето на банята"
"quest_open_121_pre_B3_2_fights_win_d","Спечели битката:`r`nОперация КАРТОФ: част II"
"quest_open_121_pre_B3_fights_before_d","Говори със стражите, за да обезопасите долната част на шлюза. Трябва да спечеля тази битка."
"quest_open_121_pre_B3_fights_herbert_d","Говори с Хърбърт в казармата за обезопасяването на долната част на шлюза."
"quest_open_121_pre_B3_fights_win_d","Спечели битката:`r`nОперация КАРТОФ: част I"
"quest_open_122_pre_B5_fights_before_d","Говори със стражите, за да стигнеш до западното езеро и Къщите на кокили. Трябва да спечеля тази битка."
"quest_open_122_pre_B5_fights_win_d","Спечели битката:`r`nБитката при езерото"
"quest_open_124_village_money_januarius_d","Говори с Януариус за бюджетните проблеми на града. Той държи кръчмата в селото."
"quest_open_124_village_money_money_d","Донеси книжни пари на Януариус в кръчмата му в селото."
"quest_open_124_village_money_printed_d","Донеси книжните пари на близнаците. Те са в Земята на близнаците."
"quest_open_125_astrologer_third_ask_d","Третият фрагмент е продаден на Майстора на търговията. Трябва да говоря с него на Главния кей."
"quest_open_125_astrologer_third_buy_d","Трябва да купя третия фрагмент от портала от Майстора на търговията на Главния кей. Корабът с фрагмента пристига всеки <sprite name=""day_lust"">."
"quest_open_125_astrologer_third_fourth_install_d","Постави четвъртия фрагмент от портала в кулата на Астролога в Пристанищния район."
"quest_open_125_astrologer_third_fourth_sluise_d","Намери четвъртия фрагмент от портала някъде в района на шлюза. Първо трябва да го прочистиш от зомбита."
"quest_open_125_astrologer_third_install_d","Постави третия фрагмент от портала в кулата на Астролога."
"quest_open_126_pre-C1-fights_approach_d","Подготви се за последната битка. Говори със стражите на поста и спечели."
"quest_open_127_palace_battle_win_d","Спечели битката:`r`nПоследната битка"
"quest_open_128_foundry_wine_bring_d","Донеси вино на монаха в Кралската леярна."
"quest_open_13_village_fairy_ask_d","За да науча повече за феите, трябва да докажа на кмета, че не съм егоист. Той стои в селската кръчма. Просто трябва да помоля Януариус да го повика."
"quest_open_130_town_wishes_portal_d","Възстанови портала в кулата на Астролога."
"quest_open_134_history_keeper_beer_d","Донеси бира на Лари. Обикновено е у дома ни в базата на Инквизицията."
"quest_open_135_town_fisher_fish_good_d","Трябва да донеса добра риба на Рибаря."
"quest_open_135_town_fisher_fish_myst_d","Трябва да донеса мистериозна риба на Рибаря."
"quest_open_135_town_fisher_fish_sea_d","Трябва да донеса морска риба на Рибаря."
"quest_open_136_guards_discount_ask_d","Говори с наемниците в казармата за високите им тарифи."
"quest_open_136_guards_discount_discount_d","Поискай малка отстъпка от наемниците в казармата."
"quest_open_136_guards_discount_wine_d","Донеси вино на наемниците в казармата."
"quest_open_138_base_garden_dungeon_d","Върни се у дома и говори с Лари за това какво да правиш по-нататък."
"quest_open_139_town_homobonus_bottle_d","Донеси бутилки на Хомобонус. Къщата му е близо до Градския склад."
"quest_open_14_guard_faith_bell_d","Направи магическа камбана и я занеси на Хърбърт в казармата."
"quest_open_14_guard_faith_bring_d","Донеси вяра на Хърбърт, за да повишиш морала на стражите. Той е при Кръстопътя."
"quest_open_14_guard_faith_swords_d","Подготви се за следващата битка: осигури достатъчно <sprite name=""barracks"">, като построиш барикади и наемеш наемници. Когато си готов, говори с Хърбърт в казармата."
"quest_open_140_town_homobonusus_faith_d","Донеси вяра на Хомобонус. Къщата му е близо до Градския склад."
"quest_open_142_foundry_zombie_power_d","Донеси Сила на зомби на Епископа в Кралската леярна."
"quest_open_143_workshop_piece_ask_d","Попитай Джак в градската работилница за фрагмента от портала."
"quest_open_143_workshop_piece_convince_d","Убеди Джак да се откаже от фрагмента си от портала. Обикновено е в градската си работилница."
"quest_open_143_workshop_piece_install_d","Постави петия фрагмент от портала в кулата на Астролога."
"quest_open_144_crossroad_home_ask_d","Попитай Агата за деликатния ѝ проблем."
"quest_open_144_crossroad_home_improve_d","Донеси материали на Монахинята, за да подобри жилището си при Кръстопътя."
"quest_open_145_base_organ_ceremony_d","Изнеси проповед в църквата за Агата и Хърбърт. Те искат да чуят органа."
"quest_open_146_stilt_master_materials_d","Донеси материали на Харолд в Къщите на кокили, за да поправи машината си за събиране на дърва."
"quest_open_146_stilt_master_meet_d","Намери дърворезбарите в Къщите на кокили."
"quest_open_147_sewers_looters_approach_d","Говори с мародерите в канализацията. Те търсят избата със сирене на Маурицио."
"quest_open_148_doctor_cough_ask_d","Говори с Албърт за здравето му. Обикновено е в лабораторията си."
"quest_open_149_sluice_tools_land_d","Говори с бежанците в района на шлюза, за да им дадеш нови земи."
"quest_open_149_sluice_tools_tools_d","Донеси висококачествени инструменти на бежанците в района на шлюза."
"quest_open_15_guards_fightback_prepare_1_d","Говори с Хърбърт пред казармата, за да започнете битката."
"quest_open_15_guards_fightback_win_d","Спечели първата си битка срещу зомбитата."
"quest_open_150_base_90not_god_d","Изглежда не мога да убедя шестимата. Време е да попитам Древния бог в таванското помещение какво да правя."
"quest_open_151_base_90yes_god_d","Убедих шестимата. Време е да говоря с Древния бог в избата със сирене на Маурицио."
"quest_open_152_astrologer_dark_come_d","Случва се нещо странно. Посети Джак и Гюнтер в Пристанищния район близо до Главния кей."
"quest_open_152_astrologer_dark_hand_d","Донеси Елегантна ръка на Джак в Пристанищния район близо до Главния кей."
"quest_open_153_crossroad_dark_chair_d","Донеси Удобен стол на Агата при Кръстопътя."
"quest_open_153_crossroad_dark_come_d","Случва се нещо странно. Посети Агата и Хърбърт при Кръстопътя."
"quest_open_154_linda_dark_come_d","Случва се нещо странно. Посети Линда и Албърт в Крайбрежния клуб."
"quest_open_154_linda_dark_drape_d","Донеси луксозни завеси на Албърт в Крайбрежния клуб."
"quest_open_155_guards_bridge_ask_d","Говори с Хърбърт в казармата за плана да си пробиете път до дърворезбарите."
"quest_open_156_base_pieces_sixth_d","Намери шестия фрагмент от портала. Намира се някъде сред отломките в базата на Инквизицията."
"quest_open_157_base_palace_ask_d","Говори с Дейви Камата в Крайбрежния клуб."
"quest_open_157_base_palace_home_d","Прибери се у дома и изчакай Дейви Камата да даде информация за Двореца."
"quest_open_157_base_palace_pay_d","Плати на Дейви Камата за информацията за Двореца. Той често е в Крайбрежния клуб."
"quest_open_158_astrologer_palace_help_d","Помоли Джак и Гюнтер да помогнат с възстановяването на портала. Те са в Пристанищния район близо до Главния кей."
"quest_open_158_astrologer_palace_press_d","Дай Малката печатна преса на Гюнтер в Пристанищния район близо до Главния кей."
"quest_open_158_astrologer_palace_prothesis_d","Донеси протезната ръка на Джак. Той е с приятеля си на пристанището до Главния кей."
"quest_open_159_crossroad_palace_device_d","Донеси Автоматичното устройство за писане на Агата при Кръстопътя."
"quest_open_159_crossroad_palace_help_d","Помоли Агата и Хърбърт да помогнат с възстановяването на портала. Те живеят при Кръстопътя."
"quest_open_159_crossroad_palace_trilogy_d","Донеси Трилогията на Хърбърт при Кръстопътя."
"quest_open_16_foreman_letter_wake_d","Трябва да изчакам новини от Джак. Малко почивка също ще ми се отрази добре."
"quest_open_160_linda_palace_bottles_d","Донеси бутилки на Албърт в Крайбрежния клуб."
"quest_open_160_linda_palace_chocolate_d","Донеси шоколад на Линда в Крайбрежния клуб."
"quest_open_160_linda_palace_help_d","Помоли Линда и Албърт да помогнат с възстановяването на портала. Те са в Крайбрежния клуб."
"quest_open_162_village_pardon_ask_d","Вземи кралско опрощение от пощенската кутия в селото."
"quest_open_162_village_pardon_ink_d","Напълни мастилото в селската пощенска кутия."
"quest_open_162_village_pardon_pay_d","Плати глобата на селската пощенска кутия."
"quest_open_163_village_fish_bring_d","Улови риба и я занеси на Хърм в магазина му. Има няколко места за риболов: едно вляво от къщата в базата на Инквизицията и друго край пътя към селото."
"quest_open_163_village_fish_rod_d","Вземи въдица от близнаците. Те са някъде в южната част на селото, отвъд моста в Земята на близнаците."
"quest_open_17_village_nun_meet_d","Време е да се срещнеш с Монахинята."
"quest_open_17_village_nun_tavern_d","Отиди в селската кръчма, за да се срещнеш с Монахинята."
"quest_open_18_base_doctor_closed_d","Отвори затворения капак в новия си дом."
"quest_open_18_base_doctor_encounter_d","Слез в подземието под къщата си."
"quest_open_19_base_ceremony_quality_d","Подобри църквата, за да може Монахинята да изнася проповеди там. Тя вече те чака."
"quest_open_19_base_ceremony_sermon_d","Оказва се, че аз самият трябва да изнасям проповедите в църквата."
"quest_open_20_doctor_meeting_blockage_d","Премахни препятствието в подземието под къщата си."
"quest_open_20_doctor_meeting_door_d","Почукай на вратата на Чумния лекар."
"quest_open_22_doctor_tower_door_d","Отвори решетката към Изоставената кула."
"quest_open_22_doctor_tower_enter_0_d","Влез в Изоставената кула."
"quest_open_22_doctor_tower_hatch_d","Отвори капака и пусни Чумния лекар в кулата."
"quest_open_22_doctor_tower_powder_d","Попитай Чумния лекар в Изоставената кула как се прави Прах от сънища."
"quest_open_23_guards_mercenaries_hire_d","Плати наемниците в казармата, за да се бият в следващата битка."
"quest_open_23_guards_mercenaries_meet_d","В казармата има наемници. Трябва да се договоря с тях."
"quest_open_24_doctor_zombies_lab_0_d","Следвай Албърт през капака в алхимичната лаборатория."
"quest_open_24_doctor_zombies_powder_d","Донеси Прах от сънища на Чумния лекар в Изоставената кула."
"quest_open_26_port_foreman_reunite_d","Намери Джак - трябва да е в Пристанищния район, в освободената част на града."
"quest_open_27_port_astrologer_cards_d","Донеси таро картите на Астролога в кулата му. За да ги намеря, трябва да говоря с Линда, домакинята на Крайбрежния клуб в пристанището."
"quest_open_27_port_astrologer_meet_d","Намери Астролога в пристанището - някъде е в кулата."
"quest_open_27_port_astrologer_wait_d","За да призова Феята, ми трябва Астрологът. Той е някъде в Градското пристанище. Първо ще трябва да помогна на Хърбърт да освободи града."
"quest_open_27_port_astrologer_zombie_get_d","Вземи зомбита от Астролога в кулата му."
"quest_open_27_port_astrologer_zombie_home_d","Гюнтер каза, че зомбитата му ще ме чакат у дома. Време е да проверя."
"quest_open_28_base_fairy_summon_d","Призови Феята у дома до кухненската маса. Но първо намери начин да стигнеш до града с помощта на Хърбърт. Там живее Астрологът, който продава Опашки на комети."
"quest_open_29_port_linda_meet_d","Срещни се с Линда, домакинята на Крайбрежния клуб в пристанището."
"quest_open_31_forest_guards_pass_d","Джак казва, че в гората има желязо. Май е време да проверя. Гората е на запад от селото."
"quest_open_32_guards_book_bring_d","Хърбърт беше тъжен. Говори с него в казармата."
"quest_open_34_port_looters_book_d","Донеси ключове за мародери на Дейви Камата в Крайбрежния клуб."
"quest_open_34_port_looters_meet_d","Попитай мистериозния човек в Крайбрежния клуб за романтичен роман."
"quest_open_35_port_pop_repair_d","Възстанови стария магазин в пристанището близо до Крайбрежния клуб."
"quest_open_35_port_pop_shop_d","Кажи на Линда, че си възстановил стария магазин."
"quest_open_36_port_trademaster_lenses_d","Донеси оптично стъкло на Управителя на Главния кей."
"quest_open_37_village_forest_pass_d","Стражите няма да ме пуснат в гората. Трябва да попитам Джули в селската кръчма."
"quest_open_38_village_mailbox_certificate_d","Вземи удостоверението за кмет от Кралската пощенска кутия."
"quest_open_38_village_mailbox_repair_d","Джули ме помоли да поправя Кралската пощенска кутия на селото. Тя е до селската кръчма."
"quest_open_39_village_frill_bring_d","Донеси дантела на Хърм. Той е в магазина си в селото."
"quest_open_40_village_fishing_bring_d","Донеси кордата за риболов на близнаците. Те имат собствена земя в селото."
"quest_open_41_forest_bonfire_food_d","Трябва да занеса вкусотии на стражите край огъня. Всяка нощ се събират близо до Къщата на палача."
"quest_open_42_crossroad_nun_donkey_d","Попитай Агата какъв е проблемът ѝ с Магарето. Тя живее при Кръстопътя."
"quest_open_42_crossroad_nun_writing_d","Донеси пособия за писане на Агата, Монахинята. Тя живее при Кръстопътя."
"quest_open_43_astrologer_pr_after_ceremony_d","Срещни се с Гюнтер след следващата си церемония."
"quest_open_43_astrologer_pr_tower_d","Попитай Астролога защо миряните ти губят интерес към проповедите. Можеш да го намериш в кулата на Астролога."
"quest_open_44_port_violine_paint_d","Донеси боя на Линда, за да освежи Крайбрежния си клуб в пристанището."
"quest_open_45_guards_reading_book_d","Осигури романтичния роман чрез мистериозен човек в Крайбрежния клуб. После го занеси на Хърбърт в казармата."
"quest_open_46_pre_A_fights_clean_d","Трябва да кажа на Хърбърт, че първият район на града е чист и обезопасен."
"quest_open_47_pre_A2_fights_before_1_d","За да спечеля следващата битка, трябва да говоря със стражите на поста."
"quest_open_47_pre_A2_fights_before_2_d","Спечели битката:`r`nПрочистване на източните райони"
"quest_open_47_pre_A2_fights_before_win_1_d","Спечели битката:`r`nИзточни райони: активно разузнаване"
"quest_open_48_pre_A3_fights_before_d","Спечели битката:`r`nПрочистване на пазарния площад"
"quest_open_49_pre_A4_fights_before_1_d","Спечели битката:`r`nПрочистване на централните райони: част I"
"quest_open_49_pre_A4_fights_before_2_d","Спечели битката:`r`nПрочистване на централните райони: част II"
"quest_open_50_pre_S1_fights_win_d","Спечели битката:`r`nБитка в канализацията I"
"quest_open_50_pre_S2_fights_win_d","Спечели битката:`r`nБитка в канализацията II"
"quest_open_51_crossroad_fixed_better_corpses_d","Попитай Агата за по-добрите трупове."
"quest_open_51_crossroad_fixed_corpse_delivery_d","Говори с Агата при Кръстопътя, за да възстановите доставките на трупове."
"quest_open_51_crossroad_fixed_graveyard_d","Подобри гробището и се върни при Агата при Кръстопътя."
"quest_open_51_crossroad_fixed_path_completed_d","Поправи шахтата при Кръстопътя и докладвай на Агата в близкото ѝ жилище."
"quest_open_52_village_pass_ask_d","Вземи пропуск за гората от Джули. Той стои в селската кръчма. Просто трябва да помоля Януариус да го повика."
"quest_open_52_village_pass_papers_d","Достави временното удостоверение за кмет на Джули в селската кръчма."
"quest_open_53_forest_pass_return_d","Покажи пропуска за гората на стражите на горския пост."
"quest_open_54_forest_bandits_meet_d","Изследвай гората."
"quest_open_55_base_strike_donkey_d","Кажи на Магарето, че може да продължи да носи трупове. Вероятно е край гробището, пред моргата."
"quest_open_56_forest_pardon_give_d","Донеси кралското опрощение на бандитите в лагера им в гората."
"quest_open_57_forest_mine_candle_d","Дай свещ на Лари. Вероятно е у дома или някъде в базата на Инквизицията."
"quest_open_57_forest_mine_convince_d","Убеди черепа Лари да се представи за скелета Робърт. Вероятно е у дома или някъде в базата на Инквизицията."
"quest_open_58_port_supplies_order_d","Трябва да изпълня поръчки и после да говоря с Джак в Градския склад."
"quest_open_6_intro_guards_burial_d","Донеси свидетелство за погребение на Хърбърт, главата на стражата. Той е при Кръстопътя."
"quest_open_60_port_workshop_free_d","Трябва да прочистя зомбитата около работилницата на Джак и после да му занеса добрите новини. Той е в Градския склад."
"quest_open_61_after_clearing_A_complete_visual_d","Спечели всяка битка от тази страна на реката."
"quest_open_62_swamp_fairy_find_d","Трябва да намеря начин да стигна до блатото. Изглежда трябва да вляза в гората и да продължа на юг."
"quest_open_63_swamp_goddess_speak_d","Отиди в Сърцето на блатото и се срещни с Богинята."
"quest_open_64_doctor_violine_ask_d","Попитай Чумния лекар за цигулката на сестра му за Линда. Той винаги е в лабораторията си в подземието под къщата ми."
"quest_open_65_doctor_lacquer_give_d","Донеси лак за цигулката на Чумния лекар в лабораторията му в подземието под къщата ми."
"quest_open_66_port_smell_violine_d","Имам цигулката. Трябва само да я дам на Линда в Крайбрежния ѝ клуб."
"quest_open_67_port_incense_give_d","Донеси тамян на Линда в Крайбрежния ѝ клуб."
"quest_open_68_port_concert_start_d","Всичко е готово за концерта. Говори с Линда в Крайбрежния ѝ клуб."
"quest_open_69_doctor_project_ask_d","Трябва да говоря с Албърт. Той винаги е в лабораторията си в подземието под къщата ми."
"quest_open_7_village_head_meet_d","Говори с кмета, вземи парите за свидетелството за погребение и попитай за феите. Потърси го в селската кръчма."
"quest_open_71_doctor_sister_corpse_d","На Албърт му трябва наистина добро зомби. Например с 8 <sprite name=""rskull"">! Трябва да го поставя на специално място в лабораторията на Чумния лекар."
"quest_open_72_crossroad_reader_convence_d","Попитай Агата, Монахинята, дали може да чете на Хърбърт. Тя живее при Кръстопътя."
"quest_open_73_crossroad_better_corpses_d","Говори с Агата при Кръстопътя, за да получиш по-добри трупове."
"quest_open_73_crossroad_better_upgraded_d","Трябва да подобря Кръстопътя, като донеса материали на Агата."
"quest_open_74_crossroad_chore_ceremony_d","Изнеси церемония в църквата."
"quest_open_74_crossroad_chore_ready_d","Сформирай хор в църквата и после кажи на Агата при Кръстопътя."
"quest_open_75_forest_explosives_take_d","Вземи експлозивите от бандитите. Те са в лагера си в гората."
"quest_open_76_astrologer_press_ceremony_d","Изнеси проповед, за да изпробваш новото хипнотично устройство."
"quest_open_76_astrologer_press_hypno_d","Купи хипнотично устройство от Астролога в кулата му, зареди го в Изоставената кула и му го върни."
"quest_open_77_astrologer_printing_book_d","Отпечатай книгата със стихове и я занеси на Астролога в кулата му."
"quest_open_78_astrologer_jack_signed_d","Донеси подписаното споразумение на Астролога в кулата му."
"quest_open_79_village_goddess_speak_d","Помоли Джули да помогне с ритуала за Богинята в блатото. Той стои в селската кръчма. Просто трябва да помоля Януариус да го повика."
"quest_open_8_village_trader_meet_d","Попитай търговеца за помощ със снабдяването на селото. Казва се Хърм, точно като магазина му."
"quest_open_80_village_candidates_plan_d","Говори с Януариус за кандидатите за селските избори. Той е в кръчмата."
"quest_open_81_guards_elections_ask_d","Говори с Хърбърт в казармата за охраната по време на изборите."
"quest_open_81_guards_elections_convince_d","Убеди Хърбърт в казармата да поеме охраната за изборите."
"quest_open_82_port_elections_ask_d","Помоли Линда в Крайбрежния ѝ клуб за разрешение да използваш мястото като изборна секция."
"quest_open_82_port_elections_convince_d","Убеди Линда в Крайбрежния ѝ клуб да позволи мястото ѝ да бъде използвано като изборна секция."
"quest_open_83_astrologer_elections_ask_d","Говори с Астролога в кулата му за рекламна кампания за изборите."
"quest_open_83_astrologer_elections_convince_d","Убеди Астролога в кулата му да проведе рекламна кампания за изборите."
"quest_open_84_astrologer_necronomicon_ask_d","Говори с Астролога в кулата му за Некрономикона."
"quest_open_84_astrologer_necronomicon_get_d","Върни се в кулата на Астролога и го попитай отново за Некрономикона."
"quest_open_85_guards_reader_tell_d","Кажи на Хърбърт, че Агата ще му чете. Той е в казармата."
"quest_open_86_port_notebook_speak_d","Говори с Линда в Крайбрежния клуб след концерта."
"quest_open_87_doctor_linda_ask_albert_d","Отиди при Албърт в лабораторията му в подземието под къщата."
"quest_open_87_doctor_linda_ask_linda_d","Посети Линда в Крайбрежния ѝ клуб в пристанището."
"quest_open_87_doctor_linda_get_out_d","Дай на Албърт и Линда малко време насаме."
"quest_open_87_doctor_linda_notebook_d","Донеси бележник на Линда в Крайбрежния клуб. Най-добрият подарък?"
"quest_open_87_doctor_linda_sleep_d","След известно време посети Линда и Албърт отново."
"quest_open_87_doctor_linda_visit_tell_d","Отново попитай Албърт дали Линда може да го посети. Той винаги е в лабораторията си в подземието под къщата."
"quest_open_87_doctor_linda_visit_try_d","Попитай Албърт дали Линда може да го посети. Той винаги е в лабораторията си в подземието под къщата."
"quest_open_88_larry_portal_ask_d","Попитай Лари за портала. Трябва да е у дома."
"quest_open_89_astrologer_portal_ask_d","Попитай Гюнтер за портала. Той живее в кулата на Астролога."
"quest_open_9_village_brothers_discussion_d","Намери близнаците. Те са някъде в южната част на селото, отвъд моста в Земята на близнаците."
"quest_open_9_village_brothers_heffry_d","Попитай Хефри какво се е случило. Той е в Земята на близнаците."
"quest_open_9_village_brothers_jeffry_d","Говори с Джефри и помири близнаците. Той е по-нататък в южната част на селото, близо до Къщата на палача."
"quest_open_9_village_brothers_pottery_d","Донеси керамика на близнаците. Те са в своята земя."
"quest_open_90_village_elections_ready_d","Отиди в селската кръчма за изборите. Кой ще спечели - Джефри или Хефри?"
"quest_open_91_linda_cough_ask_d","Говори с Линда за здравето на Албърт. Тя винаги е в Крайбрежния си клуб."
"quest_open_92_doctor_cure_tell_d","Изглежда намерихме лек за кашлицата на Албърт. Трябва да говоря с него в лабораторията му."
"quest_open_93_linda_potato_give_d","Донеси Кар-то-ф До-ма-т на Линда в Крайбрежния ѝ клуб. То трябва да помогне на кашлицата на Албърт."
"quest_open_94_crossroad_reputation_ask_d","Трябва да науча повече от Агата за несигурното състояние на репутацията ѝ. Тя живее при Кръстопътя."
"quest_open_95_guards_organ_tell_d","Кажи на Хърбърт в казармата, че съм завършил органа."
"quest_open_96_crossroad_organ_build_d","Построй орган за църквата. Ще ми трябва специална дървесина от Къщите на кокили."
"quest_open_96_crossroad_organ_tell_d","Трябва да говоря с Агата при Кръстопътя за новия орган в църквата."
"quest_open_98_workshop_tunnel_ask_d","Попитай Джак за водния тунел към Кралската леярна. Той е в градската работилница."
"quest_open_98_workshop_tunnel_ask_portal_d","Попитай Джак за водния тунел."
"quest_open_99_workshop_repair_contract_d","Помоли Джак да бъде фронтмен на кампанията „Възстанови града“. Вероятно е в Градския склад или в градската работилница."
"quest_open_99_workshop_repair_material_1_d","Дай на Джак материали, за да му помогнеш да възстанови работилницата си. Обикновено е там."
"quest_paint","Боя"
"quest_summon_fairy","Призови Феята"
"QuestTreePage","Задачи"
"quicksilver","Живак"
"recycler_1","Рециклатор I"
"recycler_1_d","Проучвай отпадъци"
"recycler_2","Рециклатор II"
"recycler_3","Рециклатор III"
"recycler_4","Рециклатор IV"
"red_eye","Червено око"
"reduce_panic_1_hypno","10 <sprite name=""panic""> за 1 седмица"
"reduce_panic_2_hypno_news","20 <sprite name=""panic""> за 2 седмици"
"reduce_panic_3_hypno_news","30 <sprite name=""panic""> за 3 седмици"
"reduce_panic_4_news","50 <sprite name=""panic""> за 4 седмици"
"reduce_panic_5_news","80 <sprite name=""panic""> за 5 седмици"
"reinforced_beam","Подсилена греда"
"reinforced_plank","Подсилена дъска"
"remove","Премахни"
"repair_1101","Ремонтирай голямата къща"
"repair_1105","Ремонтирай блока"
"repair_1107","Ремонтирай къщата"
"repair_1108","Ремонтирай малката къща"
"repair_666","Разруши стената"
"repair_sign_666","Счупена стена"
"repair_sign_house","Жилище"
"repair_sign_shop","Търговски сергии"
"repair_sign_yard","Работен двор"
"repairing_kit","Комплект за ремонт"
"required_extension","Необходимо разширение:"
"researcher_1","Изследовател I"
"researcher_1_d","Изследвай предмети на масата за изучаване"
"researcher_2","Изследовател II"
"researcher_3","Изследовател III"
"researcher_4","Изследовател IV"
"researcher_5","Изследовател V"
"researcher_6","Изследовател VI"
"resin","Смола"
"resurrection_advanced","Реанимация II"
"resurrection_available_tomorrow","Реанимацията е достъпна в <sprite name=""day_envy"">"
"resurrection_liquid","Течност за реанимация"
"resurrection_master","Реанимация III"
"resurrection_no_bodies_prepared","Първо трябва да подготвя няколко тела."
"resurrection_no_power","Няма достатъчно енергия за реанимация. Трябва да изчакам следващия <sprite name=""day_envy>"""
"resurrection_table_1","Маса за реанимация I"
"rhod_seedling","Фиданка рододендрон"
"rich_growing_elixir","Еликсир за богат растеж"
"ripper_1","Касапин I"
"ripper_1_d","Изваждай жизненоважни органи от тела"
"ripper_2","Касапин II"
"ripper_3","Касапин III"
"ripper_4","Касапин IV"
"ripper_5","Касапин V"
"ripper_6","Касапин VI"
"rock_breaker_1","Трошач на камъни I"
"rock_breaker_1_d","Разбивай камъни"
"rock_breaker_2","Трошач на камъни II"
"rock_breaker_3","Трошач на камъни III"
"rock_breaker_4","Трошач на камъни IV"
"royal_box_1","Кралски услуги"
"royal_mailbox","Кралски услуги"
"royal_pardon","Кралско помилване"
"royal_pardon_d","По някаква причина бандитите го искат."
"rusty_sword","Ръждясал меч"
"salad_guru","Гуру на салатите"
"salad_guru_d","качество на зелените растения +0,25"
"salt","Сол"
"sand","Пясък"
"sand_container_conveyor","Склад за пясък"
"sand_container_conveyor_TOP_BROKEN","Счупен склад за пясък"
"sand_zombie_crafter","Поставка за копач на пясък"
"save_import_confirm","Сигурен ли си?"
"save_import_confirm_txt","Наистина ли искаш да импортираш файла със записа в този слот?"
"save_slot_descr","Изиграни дни: %1"
"sawhorse","Магаре"
"sawmill_wood_container","Склад за дървен материал"
"sawmill_wood_crafter","Поставка на дървосекача"
"scary_idol","Страшен идол"
"science","Наука"
"science_decompose","Разграждането на този предмет ще ти даде %1."
"science_kit_1","Комплект за наука I"
"science_kit_2","Комплект за наука II"
"scrapping","Разглобяване"
"screw_steel","Стоманени винтове"
"sculpture_kit_1","Комплект за скулптури I"
"sculpture_kit_2","Комплект за скулптури II"
"search_bronze","Проучване на бронз"
"search_iron","Проучване на желязо"
"seed_generator","Генератор на семена"
"seed_generator_place","Генератор на семена"
"seed_oil","Масло от семена"
"select_fertilizers","Избери тор"
"serch_scrap","Проучване на скрап"
"sermon_amateur","Любителска молитва"
"sermon_amateur_d","Любителска молитва"
"sermon_base","Основна молитва"
"sermon_fairy","Молитва за призоваване на Феята"
"sermons_money_faith","Религиозно писане I"
"sermons_war_trade","Религиозно писане II"
"sermons_writing_basic","Основи на писането"
"sewer_fight_1","Почистване на канализацията I"
"sewing_table","Шивашка маса"
"Shalman_t1","Механа I"
"Shalman_t2","Механа II"
"Shalman_t3","Механа III"
"shield_squad","Емблема на защитника"
"shield_squad_d","Може да се използва в казармата за отключване на нов слот за отряд."
"shovel_0","Ръждясала лопата"
"shovel_1","Бронзова лопата"
"shovel_2","Желязна лопата"
"shovel_3","Стоманена лопата"
"shrimp_bite","Стръв от скариди"
"shrimp_bite_d","Привлича: блатен призрак, хамсия, златна рибка, скумрия, риба тон"
"simple_workbench_d","Избери предмет за изработка"
"sin_orbe_envy","Сфера на Завистта"
"sin_orbe_gluttony","Сфера на Лакомията"
"sin_orbe_greed","Сфера на Алчността"
"sin_orbe_lust","Сфера на Похотта"
"sin_orbe_pride","Сфера на Гордостта"
"sin_orbe_sloth","Сфера на Леността"
"sin_orbe_wrath","Сфера на Гнева"
"sinful_idol","Нечестив идол"
"skin_1_1","Кожа"
"skin_extract","Изваждане на кожата"
"skroll_skin_pig","Кожен свитък"
"skull","Череп"
"skull_extract","Изваждане на черепа"
"sleeping_bed_2","Подобрение на леглото"
"slug","Охлюв"
"sluice_box","Промивен улей"
"small_instruments_1","Бронзови инструменти"
"small_instruments_2","Железни инструменти"
"small_instruments_3","Стоманени инструменти"
"small_printing_press","Малка печатна преса"
"smithing_lvl_up_1","Майсторство в ковачеството +1<sprite name=""talent_red>"""
"smithing_lvl_up_2","Майсторство в ковачеството +2<sprite name=""talent_red>"""
"special_wood_cost_x1","Специална дървесина x1"
"special_wood_cost_x10","Специална дървесина x10"
"special_wood_cost_x100","Специална дървесина x100"
"special_wood_cost_x50","Специална дървесина x50"
"speech_writing_device","Устройство за писане на речи"
"speed_potion","Отвара за бързина"
"speed_potion_d","Временно увеличава скоростта на движение"
"speed_potion_scroll","Свитък за отвара за бързина"
"spices","Подправки"
"spinning_wheel","Чекрък"
"stained_glass","Цветно стъкло"
"start_fight","Започни битката!"
"start_fight_two_lines","Започни
битката!"
"stationery_ink_paper_1","Канцеларски материали I"
"stationery_ink_paper_1_d","Бюрокрацията не чака никого. Изработвай мастило и хартия."
"stationery_ink_paper_2","Канцеларски материали II"
"stationery_ink_paper_3","Канцеларски материали III"
"stationery_ink_paper_4","Канцеларски материали IV"
"stationery_ink_paper_5","Канцеларски материали V"
"stationery_ink_paper_6","Канцеларски материали VI"
"steel_anvil","Стоманена наковалня"
"steel_armor","Стоманено оборудване"
"steel_casting","Леене на стомана"
"steel_cost_x1","Стоманен слитък x1"
"steel_cost_x10","Стоманен слитък x10"
"steel_cost_x100","Стоманен слитък x100"
"steel_cost_x50","Стоманен слитък x50"
"steel_products","Ковачество на стомана"
"steel_weapons","Стоманени оръжия"
"stick","Пръчка"
"stone_basic","Концепцията за камъка"
"stone_carving","Издълбаване на камък"
"stone_container","Склад за камък"
"stone_container_conveyor","Склад за камък"
"stone_container_conveyor_TOP_BROKEN","Счупен склад за камък"
"stone_cutter","Каменорезец"
"stone_kit_1","Каменен комплект"
"stone_miner_1","Каменодобив I"
"stone_miner_2","Каменодобив II"
"stone_plate_1","Къс камък"
"stone_plate_2","Полиран камък"
"stone_plate_3","Издълбан камък"
"stonemason_1","Каменоделец I"
"stonemason_2","Каменоделец II"
"store_name_egs","Към Epic Games Store"
"store_name_gog","Към GOG"
"store_name_nintendo","Към Nintendo eShop"
"store_name_playstation","Към PlayStation®Store"
"store_name_steam","Към Steam"
"store_name_xbox","Към Microsoft Store"
"story","История"
"story_improve_1","Подобрение на историята I"
"story_improve_2","Подобрение на историята II"
"surgeon_mistake","Грешка на хирурга"
"surgical_kit_1","Комплект на касапина"
"surgical_kit_2","Комплект на хирурга"
"surgical_kit_3","Майсторски комплект на хирурга"
"survey_complete","завършено"
"survey_not_complete","незавършено"
"survey_wgo","Маса за изучаване"
"survey_wgo_d","Избери предмет за изследване"
"sword_0","Ръждясал меч"
"sword_1","Бронзов меч"
"sword_2","Железен меч"
"sword_3","Стоманен меч"
"sword_4","Майсторски меч"
"t_b_tent_1_t1","Подобрение на търговеца"
"tableware","Съдове"
"Tailor_t1","Шивач I"
"Tailor_t2","Шивач II"
"Tailor_t3","Шивач III"
"talent_lock","Умение"
"tech_box_appliances_1","Уреди I"
"tech_box_appliances_2","Уреди II"
"tech_carved_wood","Дърворезба"
"tech_clothes_1","Дрехи I"
"tech_clothes_2","Дрехи II"
"tech_conveyors","Конвейери"
"tech_customization","Изтупай се!"
"tech_delicate_work_2","Фина изработка II"
"tech_delicate_work_3","Фина изработка III"
"tech_flour_supplies","Брашнени припаси"
"tech_furnace_bellows","Мях за пещ"
"tech_house_repair","Ремонт на къщи"
"tech_iron_anvil","Ковачество на желязо"
"tech_jeweler_table","Фина изработка"
"tech_kitchen_supplies","Кухненски припаси"
"tech_lenses","Лещи"
"tech_marble_concept","Идеята за мрамора"
"tech_not_all_techs_unlocked","Необходима е технология"
"tech_not_enough_resources","Няма достатъчно ресурси за отключване"
"tech_preserve_2_supplies","Припаси за съхранение II"
"tech_preserve_supplies","Припаси за съхранение"
"tech_price","Цена"
"tech_rep_not_enough_rep","Няма достатъчно репутация за отключване"
"tech_rep_unlock_way","Отключи пътя"
"tech_self_books","Книги за самопомощ"
"tech_self_books_2","Книги за самопомощ II"
"tech_sewing","Основи на шиенето"
"tech_steel_instruments_1","Стоманени инструменти I"
"tech_steel_instruments_2","Стоманени инструменти II"
"tech_steel_works","Стоманолеярна"
"tech_storytelling","Разказване на истории I"
"tech_storytelling_2","Разказване на истории II"
"tech_tab_Anatomy","Анатомия и алхимия"
"tech_tab_Building","Строителство"
"tech_tab_Cooking","Готвене"
"tech_tab_Farming","Земеделие"
"tech_tab_Housekeeping","Поддръжка"
"tech_tab_Metallurgy","Металургия"
"tech_tab_Theology","Теология"
"tech_town_building_1","Пазарни сергии I"
"tech_town_building_2","Пазарни сергии II"
"tech_town_building_3","Пазарни сергии III"
"tech_town_building_big_1","Занаятчии I"
"tech_town_building_big_2","Занаятчии II"
"tech_vegetables_supply","Зеленчукови припаси"
"tech_vine_press","Студено пресоване"
"tech_vineyard_improvement","Подобряване на лозята"
"tech_ways_of_stone","Пътищата на камъка"
"tech_zombie_carousel","Зомби въртележки"
"tech_zombie_delivery","Зомби доставки"
"tech_zombie_mechanisms","Зомби механизми"
"techbook_b_1","Син технически учебник"
"techbook_b_2","Син технически учебник II"
"techbook_g_1","Зелен технически учебник"
"techbook_g_2","Зелен технически учебник II"
"techbook_r_1","Червен технически учебник"
"techbook_r_2","Червен технически учебник II"
"TechTreePage","Дърво на технологиите"
"temp_village_head_paper","Удостоверение за временен кмет"
"temp_village_head_paper_d","Трябва да го дам на Джули, но той няма да е доволен, че е временно."
"temptation","Изкушение"
"temptation_prayer_tier_1_test","Молитва за изкушение"
"test_note","Тестова бележка"
"test_note_note","Тази бележка е написана за тестове. Не е нужно да я четеш докрай. Сериозно, спри. Добре. Пъп по корема на всеки, който я прочете."
"test_survey_wgo","Маса за изучаване"
"test_workbench","Работна маса"
"third_eye_salt","Сол за третото око"
"thread_flax","Ленена нишка"
"thread_metal","Рибарска корда"
"time","Време"
"tip_accept","Приеми"
"tip_back","Назад"
"tip_cancel","Отказ"
"tip_fold","Подробности"
"tip_item_action","Действие"
"tip_move_all_items","Премести всички"
"tip_move_similar_items","Премести всички дубликати"
"tip_next","Напред"
"tip_prev","Назад"
"tip_roll_zombie_name","Избери име"
"tip_scroll","Превърти"
"tip_select","Избери"
"tip_switch","Превключи"
"tip_unfold","Подробности"
"tool_book_1","Буквар"
"tool_book_2","Речник"
"tool_book_3","Глосар"
"tool_drainage","Инструменти за аутопсия I"
"tool_embalm","Инструменти за балсамиране"
"tool_grind","Алхимични инструменти II"
"tool_lock","Инструмент"
"tool_mix","Алхимични инструменти I"
"tool_rack","Стойка за инструменти"
"tool_rack_2","Стойка за инструменти II"
"tool_rack_fine","Стойка за фини инструменти"
"tool_surgeon","Инструменти за аутопсия II"
"tool_talisman_1","Бронзов талисман"
"tool_talisman_2","Сребърен талисман"
"tool_talisman_3","Златен талисман"
"tooth","Зъб"
"totem","Тотем"
"tower_1_fight","Стрелкова кула I"
"tower_2_fight","Стрелкова кула II"
"tower_3_fight","Стрелкова кула III"
"towers_1","Стрелкова кула"
"towers_2","Стрелкова кула II"
"towers_3","Стрелкова кула III"
"town_building_upgrade","Подобрение"
"town_gratitude","Благодарност на града"
"town_gratitude_d","Дава 5 <sprite name=""happiness>. Използвай ги разумно."""
"town_guard_barracks_module_2_s","Разшири зоната на военните сгради"
"town_guard_barracks_module_p","Зона на военните сгради"
"town_zone_1","Градска зона 1"
"town_zone_2","Градска зона 2"
"town_zone_3","Градска зона 3"
"town_zone_4","Градска зона 4"
"trailer_ev_3_donkey","Още един грешник за вас, другари."
"trailer_ev_3_larry","Какво зяпате, хванете го!"
"tree_apple_clr1_xxs","Ябълково дърво"
"trilogy","Трилогия"
"trinkets_bronze","Медни дрънкулки"
"trinkets_gold","Скъпоценни дрънкулки"
"trinkets_stone","Каменни топчета"
"trinkets_wood","Дървени дрънкулки"
"tt_alchemy_2","Добави съставки, за да ги разделиш на алхимични руни"
"tt_alchemy_3","Колби, използвани за изработката"
"tt_alchemy_4_unk","Неизвестен резултат"
"tt_alchemy_5","Допълнително гориво, изразходвано от [Усилвателя]."
"tt_alchemy_6","Алхимични свойства

За да изработиш нещо ново, трябва да откриеш формулата му
(<sprite name=""rune_r""> + <sprite name=""rune_g""> + <sprite name=""rune_b"">).

Всички открити формули се записват във [Folio]."
"tt_alchemy_7","Ефект на [Усилвателя] върху свойствата"
"tt_alchemy_flasks","Налични колби

Добави колби на рафта, за да увеличиш този брой."
"tt_conv_chest_conn","Връзка с конвейера"
"tt_craft_fire","Налично гориво

Зареди навеса за дърва, за да увеличиш запасите."
"tt_craft_mastery","Майсторство"
"tt_craft_tick","Напредък за успешен тик"
"tt_craft_tick_length","Дължина на тика"
"tt_craft_tick_part","Шанс за успешен тик"
"tt_energy_spendings","Енергия, изразходвана за тик"
"tt_extension","Разширение"
"tt_factory_gears","Добави зомбита към зомби въртележките, за да получиш повече <sprite name=""gear"">."
"tt_garden_3","Базово качество на градинската леха"
"tt_garden_3_add","Бонус от тора"
"tt_garden_4","Допълнителна реколта

Получава се, когато напредъкът достигне тази стойност."
"tt_garden_5","Растеж за успешен тик"
"tt_garden_5_part","Шанс за успешен тик на растеж"
"tt_garden_6","Изискване за качество на културата

Минимално изискване за базовата реколта. Надвишаването на тази стойност дава повече растеж за тик."
"tt_garden_7","Текущ напредък на растежа"
"tt_garden_mastery","Общо качество на градинската леха"
"tt_grave_1","Качество на гроба

<sprite name=""skull""> + <sprite name=""wr""> = <sprite name=""wskull"">

Качеството на всеки гроб допринася към общото качество на гробището."
"tt_grave_2","Определя се от частите на тялото"
"tt_grave_4","Всеки <sprite name=""skull""> + <sprite name=""wr""> = <sprite name=""wskull"">"
"tt_insanity_spendings","Лудост, придобита за тик"
"tt_pray_1","Качество на църквата"
"tt_pray_3","Енориаши

<sprite name=""cross""> + <sprite name=""happiness""> = <sprite name=""happiness_cross"">"
"tt_prefight_1","Текущо избрани отряди"
"tt_prefight_2","Твоята обща сила / Минимално необходима сила"
"tt_prefight_2b","Твоята обща сила"
"tt_prefight_3","Сила на отряда"
"tt_resur_collar","Избери каишка"
"tt_study_faith","Общо в инвентара и склада ти."
"tt_study_science","Получавай повече, като изучаваш и разграждаш предмети, които съдържат <sprite name=""science"">, например [Paper] и [Science kits]."
"tt_town_happiness","Получавай <sprite name=""happiness""> от [Town Gratitude], търгувай със специални предмети и изпълнявай градски поръчки."
"tt_trade_hap_bar","Текущ напредък към следващото <sprite name=""happiness"">.

Продавай предмети с етикет <sprite name=""happiness"">. Когато достигне 100%, получаваш +<sprite name=""happiness"">.

Търговците се нуждаят само от ограничен брой от всеки предмет всяка седмица."
"tt_trade_hap_likes","Максималното <sprite name=""happiness"">, което можеш да получиш от този търговец тази седмица.

Нулира се всеки <sprite name=""day_pride"">"
"tt_your_mastery_levels","Нивата ти на майсторство"
"tt_zombie_2","Използвай ги, за да получиш нови умения"
"tt_zombie_3","Определя се от частите на тялото.
Всеки <sprite name=""rskull""> отключва слот за умение."
"tt_zombie_mastery_levels","Нива на майсторство на зомбитата"
"tut_alchemy_craft","За изработката на алхимични рецепти е нужна <sprite name=""alchemy_flask"">. Трябва да ги заредиш на рафта за колби."
"tut_alchemy_folio","Всички открити от теб формули се записват във Фолиото."
"tut_alchemy_hdr","Урок: Алхимия"
"tut_alchemy_items","Предмети с <sprite name=""rune_r"">, <sprite name=""rune_g""> или <sprite name=""rune_b""> се използват за изработка на алхимични рецепти."
"tut_alchemy_mech","Ще ти трябва и точното количество <sprite name=""rune_r"">, <sprite name=""rune_g""> и <sprite name=""rune_b""> от съставките."
"tut_alchemy_price","За изработката на алхимични рецепти са нужни <sprite name=""alchemy_flask""> и <sprite name=""fire"">. Ще ти трябва и точното количество <sprite name=""rune_r"">, <sprite name=""rune_g""> и <sprite name=""rune_b""> от съставките."
"tut_alchemy_properties","Някои предмети имат алхимични свойства: <sprite name=""rune_r"">, <sprite name=""rune_g""> и <sprite name=""rune_b"">."
"tut_alchemy_science","Използвай <sprite name=""science"">, за да проучваш предмети на Масата за проучване. Проучването награждава с <sprite name=""tech_red"">, <sprite name=""tech_green""> и <sprite name=""tech_blue"">."
"tut_alchemy_survey","Проучването може да разкрие и алхимичните свойства на някои предмети: <sprite name=""rune_r"">, <sprite name=""rune_g""> и <sprite name=""rune_b"">."
"tut_battle_1_hdr","Урок: Подготовка за битка"
"tut_battle_2_hdr","Урок: Битка"
"tut_battle_banner","За да командваш отряд, вземи и носи знамето му. Можеш да го поведеш или да го оставиш да защитава позиция."
"tut_battle_bars","По време на битка следи лентите горе, за да знаеш кога и къде ще нападнат зомбитата."
"tut_battle_build","За да се подготвиш за битка, построй отбранителни съоръжения близо до базата си."
"tut_battle_defense","<sprite name=""barracks""> се осигуряват от отбранителни съоръжения и войските от казармите."
"tut_battle_flag","За да превземеш знаме, победи враговете наблизо и задръж позицията. Колкото повече бойци има до знамето, толкова по-бързо ще го превземеш."
"tut_battle_lose","Ако враговете превземат базата ти или здравето ти свърши, губиш."
"tut_battle_start","Започни битка, като взаимодействаш със стражевия пост."
"tut_battle_swords","Всяка битка има изискване за <sprite name=""barracks"">."
"tut_battle_win","За да спечелиш, превземи всички вражески знамена и ги задръж до края на битката."
"tut_commerce_day","Можеш да приемаш градски поръчки само на <sprite name=""day_pride"">. Изпълнението им носи <sprite name=""happiness""> и <sprite name=""brz-m""><sprite name=""slv-m""><sprite name=""gld-m"">."
"tut_commerce_delivery","Достави нужните стоки в Градския склад, за да изпълниш поръчките. Там можеш да продаваш излишните стоки за пари."
"tut_commerce_hdr","Урок: Търговия"
"tut_commerce_urgent","Има различни поръчки. Спешните <sprite name=""icon_time""> трябва да бъдат изпълнени изцяло в рамките на една седмица."
"tut_craft_auto","След като избереш рецепта, трябва да я изработиш. Някои работни маси изработват автоматично с течение на времето <sprite name=""cell_time"">, като използват гориво <sprite name=""fire"">."
"tut_craft_extensions","За изработката на напреднали предмети са нужни специални приставки към работната маса."
"tut_craft_hdr","Урок: Изработка"
"tut_craft_price","За това са нужни съставки и талант."
"tut_craft_req","За изработката са нужни съставки, <sprite name=""energy""> и <sprite name=""talent_orange"">/<sprite name=""talent_red"">/<sprite name=""talent_green"">/<sprite name=""talent_yellow"">/<sprite name=""talent_blue"">."
"tut_craft_star","Някои рецепти са <sprite name=""icon_star"">. Резултатът зависи от съставките и таланта. Колкото по-висок е талантът ти, толкова по-добро ще е качеството на изработените предмети."
"tut_craft_workbench","Можеш да изработиш всяка позната рецепта на съответната работна маса."
"tut_energy_1","Някои действия в играта изразходват [Енергия].

Изработката, събирането на ресурси и битките изискват енергия."
"tut_energy_2","Определени задачи или изтощението водят до <sprite name=""insanity"">. Лудостта намалява максималната ти <sprite name=""energy"">."
"tut_energy_3","Винаги можеш да възстановиш енергията си с [Храна] и [Отвари]. Просто щракни с десния бутон върху тях в инвентара си."
"tut_energy_4","[Сънят] също възстановява <sprite name=""energy""> и вероятно намалява <sprite name=""insanity"">."
"tut_energy_5","[Сънят] също възстановява <sprite name=""energy"">."
"tut_energy_consumables","Някои консумативи възстановяват <sprite name=""energy"">."
"tut_energy_hdr","Урок: Енергия"
"tut_energy_sleep","Сънят също възстановява <sprite name=""energy"">."
"tut_energy_spend","Изразходваш <sprite name=""energy""> за различни действия."
"tut_factory_gear","<sprite name=""gear""> определя капацитета на Фабриката ти. Задействай повече въртележки, за да го увеличиш."
"tut_factory_hdr","Урок: Фабрика"
"tut_factory_town","Фабриката ти позволява напълно да автоматизираш снабдяването на града, включително производството и доставките."
"tut_factory_work","Работните станции във Фабриката се нуждаят от зомбита, за да работят, и трябва да бъдат свързани с конвейерни ленти."
"tut_farming_hdr","Урок: Земеделие"
"tut_farming_price","Засаждането струва 4 семена."
"tut_farming_seeds","За да засадиш, вземи семената от инвентара си. Засаждането струва 4 семена."
"tut_farming_talent","Колкото по-висок е твоят <sprite name=""talent_green""> и този на лехата, толкова по-голяма ще е реколтата."
"tut_fishing_bait","Първо избери стръв - макар че понякога можеш да ловиш и без нея. Когато кълвне, бързо натисни @(GameKeyInteraction), за да започнеш минииграта."
"tut_fishing_bite","Когато кълвне, бързо натисни @(GameKeyInteraction), за да започнеш минииграта."
"tut_fishing_game","По време на минииграта задръж @(GameKeyInteraction), за да изтеглиш рибата. Не дърпай, когато рибата се съпротивлява, иначе кордата ще се скъса. Ако ти е трудно да ловиш риба, увеличи <sprite name=""talent_green"">."
"tut_fishing_hdr","Урок: Риболов"
"tut_fishing_spots","Можеш да ловиш риба на определени места."
"tut_fishing_talent","Ако ти е трудно да ловиш риба, увеличи <sprite name=""talent_green"">."
"tut_grave_1","Използвай [чертожната маса] в гробището. Маркирай място за гроб, после го изкопай с лопатата си."
"tut_grave_1_1","Използвай чертожната маса, за да маркираш място за гроб, после го изкопай с лопатата си."
"tut_grave_1_2","Постави трупа в гроба. Погреби го и го отбележи с надгробен кръст. По-късно ще можеш да отключиш по-добри надгробни плочи и огради."
"tut_grave_2","Внимателно постави тялото (или каквото е останало от него) в гроба. После го погреби."
"tut_grave_hdr","Урок: Гробището"
"tut_insanity_consumables","Някои консумативи могат да намалят <sprite name=""insanity"">."
"tut_insanity_energy","<sprite name=""insanity""> намалява максималната ти <sprite name=""energy"">."
"tut_insanity_generate","Някои действия създават <sprite name=""insanity"">. Когато си изморен, всяко действие ще създава <sprite name=""insanity"">."
"tut_insanity_hdr","Урок: Лудост"
"tut_insanity_spend","Да спиш, когато си изморен, е най-добрият начин да намалиш <sprite name=""insanity"">."
"tut_insp_talents_hdr","Урок: Вдъхновения и таланти"
"tut_insp_talents_insp","Извършвай различни действия, за да печелиш различни вдъхновения: <sprite name=""inspiration_point-orange"">, <sprite name=""inspiration_point-red"">, <sprite name=""inspiration_point-green"">, <sprite name=""inspiration_point-yellow""> и <sprite name=""inspiration_point-blue"">."
"tut_insp_talents_talents","Точките за вдъхновение могат да се харчат за умения и увеличаване на талантите: <sprite name=""talent_orange"">, <sprite name=""talent_red"">, <sprite name=""talent_green"">, <sprite name=""talent_yellow""> и <sprite name=""talent_blue"">."
"tut_modules_hdr","Урок: Модули на гробището"
"tut_modules_info","Изграждането на гробището използва модули."
"tut_modules_limited","Броят на модулите е ограничен."
"tut_modules_place","Първо постави модул, после го надстрой."
"tut_pr_machine_cap","Има ограничение за броя зомбита, които можеш да имаш. За да създадеш още зомбита, използвай Машината за намаляване на паниката."
"tut_pr_machine_charge","Поставяй вестници и заредени хипнотични устройства в Машината за намаляване на паниката всеки <sprite name=""day_gluttony"">, за да увеличиш ограничението за седмицата."
"tut_pr_machine_debuff","Превишаването на ограничението за зомбита ще ти даде отрицателен ефект, докато не се вместиш в ограничението."
"tut_pr_machine_hdr","Урок: Машина за намаляване на паниката"
"tut_resurrection_day","Тук можеш да възкресяваш зомбита всеки <sprite name=""day_envy"">. Подготви всичко предварително."
"tut_resurrection_device","По време на <sprite name=""day_envy""> стаята е захранена. Използвай Устройството за възкресение, за да върнеш зомбитата към живот."
"tut_resurrection_hdr","Урок: Възкресение"
"tut_resurrection_power","Постави труп с Течност за реанимация, <sprite name=""faith""> и нашийник за зомби на масата."
"tut_resurrection_room","Тук можеш да възкресяваш трупове. При зомбитата повече <sprite name=""rskull""> е по-добре."
"tut_resurrection_skulls","При зомбитата повече <sprite name=""rskull""> и по-малко <sprite name=""skull""> е по-добре."
"tut_sermons_chance","Шанс за успех: 67%"
"tut_sermons_day","Всеки <sprite name=""day_wrath""> можеш да изнесеш проповед в църквата."
"tut_sermons_likes","Печели <sprite name=""happiness"">, като изпълняваш задачи и поръчки. Колкото по-добра е церемонията, толкова повече <sprite name=""happiness_cross""> са нужни за успех."
"tut_sermons_parishioners","Проповедите изразходват <sprite name=""happiness""> и изискват <sprite name=""cross"">. По-ниската от двете стойности - <sprite name=""happiness_cross""> - определя колко миряни ще присъстват."
"tut_sermons_reward","Колкото по-добра е церемонията, толкова повече <sprite name=""happiness_cross""> са нужни за успех."
"tut_skulls_1","Човешките останки имат свои уникални духовни свойства. Трупът получава своите <sprite name=""rskull""><sprite name=""skull""> от частите на тялото си. Можеш да промениш <sprite name=""rskull""><sprite name=""skull""> на трупа, като отстраняваш органи и балсамираш."
"tut_skulls_2","Основният начин да увеличиш <sprite name=""wskull""> на гробището си е да украсяваш гробовете с предмети, които имат повече <sprite name=""wr"">."
"tut_skulls_3","Редовете, които имат едновременно <sprite name=""skull""> и <sprite name=""wr"">, се броят за един <sprite name=""wskull"">. Редовете с <sprite name=""rskull""> никога не се броят, но трябва да ги запълниш с <sprite name=""wr"">, за да достигнеш редовете с <sprite name=""skull"">."
"tut_squad_emblem","Получи емблема на защитник!"
"tut_squad_equipment","Зомбитата се бият само ако са екипирани с броня и пика или лък."
"tut_squad_form","За да сформираш отряд, заведи зомбита в казармата и ги постави в слот за отряд."
"tut_squad_hdr","Урок: Отряди от зомбита"
"tut_squad_mercenaries","В бъдещите битки можеш да използваш собствените си отряди от зомбита и да продължиш да наемаш наемници."
"tut_squad_multiple","С напредването на историята ще можеш да използваш повече отряди в една битка."
"tut_squad_own","Вече можеш да сформираш собствени отряди от зомбита."
"tut_squad_quality","Колкото по-добро е оборудването на зомбитата ти, толкова по-висок е <sprite name=""barracks"">."
"tut_squad_unlock","За да отключиш слот за отряд, говори с Бойния овен в казармата."
"tut_survey_hdr","Урок: Проучване"
"tut_survey_runes","Руни:"
"tut_survey_science","Получавай <sprite name=""science"">, като разграждаш специални предмети на Масата за проучване."
"tut_tech_1","За да изработваш нови предмети, трябва да отключиш съответната технология. Това струва технологични точки. (Натисни @(GameKeyCharacterWindow), за да отвориш дървото на технологиите.)"
"tut_tech_2","Червените точки представят уменията ти за ръчна изработка и способността ти да работиш с материали."
"tut_tech_3","Зелените точки представят познанията ти за природата и самата природа."
"tut_tech_4","Сините точки представят духовните ти познания за нематериалния свят. Ще получиш първите си <sprite name=""tech_blue""> на [Масата за проучване] в мазето на църквата."
"tut_tech_5","Печелиш точки просто като вършиш разни неща. Можеш да печелиш точки и като изучаваш нови предмети на тази специална маса."
"tut_tech_hdr","Урок: Технологии"
"tut_tech_hidden","Някои умения са скрити или изискват определена репутация с друг персонаж."
"tut_tech_price","Това струва <sprite name=""tech_red"">, <sprite name=""tech_green""> и <sprite name=""tech_blue"">."
"tut_tech_unlock","Отключвай нови технологии в дървото на технологиите. Това струва <sprite name=""tech_red"">, <sprite name=""tech_green""> и <sprite name=""tech_blue"">."
"tut_town_building","Възстановените части на града могат да бъдат обновени чрез строеж на къщи и магазини."
"tut_town_hdr","Урок: Строителство"
"tut_town_houses","Къщите дават зелени свитъци. Доставяй ги на Линда всеки <sprite name=""day_lust"">, за да увеличиш <sprite name=""reputation-citizens""> и максималната си граница на <sprite name=""happiness"">."
"tut_town_shops","Магазините отключват нови търговци и градски поръчки, като същевременно увеличават <sprite name=""village_REP"">. Градските поръчки са основният източник на <sprite name=""happiness"">."
"tut_trading_change","Цените са динамични: колкото повече има търговецът, толкова по-ниски са цените."
"tut_trading_hdr","Урок: Търговия"
"tut_trading_likes","Можеш да печелиш <sprite name=""happiness""> и като търгуваш с определени специални стоки."
"tut_trading_money","Търговията ти дава достъп до различни предмети и е чудесен начин да печелиш <sprite name=""brz-m"">, <sprite name=""slv-m""> и <sprite name=""gld-m"">."
"tut_trading_restock","Стоките на търговеца се обновяват с времето. Можеш също да подобриш търговеца, за да разшириш инвентара му."
"tut_trading_special","Всеки търговец има свои стоки за купуване и продаване, като някои са специални само за него."
"tut_zombie_work_hdr","Урок: Работници зомбита"
"tut_zombie_work_supply","Зомбитата снабдители доставят нужните предмети на зомбитата на работните станции и зареждат предмети на работните маси за автоматична изработка."
"tut_zombie_work_talents","Работниците зомбита имат свои нива на талант <sprite name=""talent_orange"">, <sprite name=""talent_red"">, <sprite name=""talent_green"">, <sprite name=""talent_yellow"">, <sprite name=""talent_blue""> и умения, които също могат да се подобряват. Могат да използват и оборудване."
"tut_zombie_work_work","Поставяй работници зомбита на работните станции, за да им възлагаш различни задачи и изработка."
"tut_zone_quality_different","Различните места могат да имат собствено качество."
"tut_zone_quality_hdr","Урок: Качество на зоните"
"tut_zone_quality_icons","Например гробището използва <sprite name=""wr"">."
"tut_zone_quality_improve","Строй, ремонтирай и почиствай, за да подобриш качеството."
"tutorial_autopsy_1","Със специална маса за аутопсия можеш да премахваш или прикрепяш отново различни... „части“."
"tutorial_autopsy_2","Работата с различните части изисква различни умения. Винаги има шанс процедурата да се провали."
"tutorial_autopsy_3","Можеш да провериш какви черепи допринася всяка част. Ако не можеш да го видиш сега, може да се наложи да научиш съответното умение."
"tutorial_autopsy_graveyard","За гробището е по-добре да имаш повече <sprite name=""skull""> и по-малко <sprite name=""rskull"">."
"tutorial_autopsy_items","За напредналите органи е нужно по-високо <sprite name=""talent_blue"">. После можеш да запълниш достатъчно лентата, за да извадиш органа <sprite name=""organ_hrt""> и да избегнеш грешка на хирурга <sprite name=""organ_mis_hrt"">."
"tutorial_autopsy_skull_d","Черепи: [+]<sprite name=""skull"">"
"tutorial_autopsy_work","Изваждай и заменяй органи, за да променяш <sprite name=""skull""> и <sprite name=""rskull""> на тялото."
"tutorial_graveyard_place","За да построиш още гробове, отключи нови модули за гробището в Дървото на технологиите и ги постави."
"tutorial_graveyard_put","Украсявай всеки гроб, за да увеличиш качеството му <sprite name=""wskull"">. Всеки <sprite name=""skull""> увеличава максималното качество, а всеки <sprite name=""rskull""> го намалява."
"tutorial_hdr_autopsy","Урок: Аутопсии"
"tutorial_hdr_graves","Урок: Гробове"
"tutorial_hdr_questslog","Урок: Дневник на задачите"
"tutorial_hdr_seremons","Урок: Проповед"
"tutorial_insp_complete","Извършването на различни действия ти носи различни вдъхновения."
"tutorial_insp_points","Има различни вдъхновения: <sprite name=""inspiration_point-orange"">, <sprite name=""inspiration_point-red"">, <sprite name=""inspiration_point-green"">, <sprite name=""inspiration_point-yellow""> и <sprite name=""inspiration_point-blue"">."
"tutorial_questslog_1","Можеш да проверяваш текущите си задачи в Дървото на историята. Задачите са разделени в различни сюжетни разклонения."
"tutorial_questslog_2","Добре е да изпълняваш текущите си задачи, за да отключваш нови..."
"tutorial_questslog_3","Надяваме се, че някъде вдясно има щастлив край."
"tutorial_questslog_finish","Винаги можеш да преглеждаш информацията за всяка задача."
"tutorial_questslog_info","Задачите показват кои герои са важни за изпълнението им."
"tutorial_questslog_track","Някои задачи имат различни етапи, които трябва да изпълниш, преди да приключат."
"tutorial_seremons_1","Можеш да развиваш и провеждаш различни церемонии, всяка от които предлага уникални награди и бонуси."
"tutorial_seremons_2","По-сложните церемонии изискват по-развити умения и по-високо качество на църквата. За успешна церемония са нужни и присъстващи."
"tutorial_seremons_3","Добре поддържаното гробище увеличава печалбите от церемониите."
"ui_add_mastery","Добави майсторство"
"ui_add_to_queue","Добави в опашката"
"ui_alchemy_flask_1_shed","Поддържай рафта зареден, за да има празни колби за алхимия"
"ui_apply","Приложи"
"ui_attack","Атака"
"ui_autopsy_wnd_with_bdy","Маса за аутопсии (заета)"
"ui_autopsy_wnd_without_bdy","Маса за аутопсии (свободна)"
"ui_bag_size","Размер на чантата"
"ui_baits","Риболов"
"ui_blueprint","Чертеж"
"ui_body_linked_perk","Дава умение"
"ui_body_parts","Части на тялото"
"ui_boost","Подсилване"
"ui_btn_leave_review","Остави отзив"
"ui_btn_pre_order","Отвори страницата на магазина"
"ui_btn_pre_order_now","Поръчай предварително"
"ui_btn_wishlist","Добави в списъка с желания"
"ui_buff","Ефект"
"ui_buffs","Ефекти"
"ui_build","Построй"
"ui_build_mode_exit","Изход"
"ui_builddesk_is_empty","Купи нови технологии в Дървото на технологиите, за да отключиш нови сгради."
"ui_builddesk_town_is_empty","Купи нови технологии в Дървото на технологиите, за да отключиш нови възможности."
"ui_buildings_quality_in_zone","Сгради в зоната"
"ui_cant_exhume","За да извадиш тяло, трябва да премахнеш оградата и надгробния камък от гроба."
"ui_choose_pray","Избери молитва"
"ui_clean","Почисти"
"ui_close","Затвори"
"ui_continue","Продължи"
"ui_controls","Управление"
"ui_craft","Изработи"
"ui_craft_queue","Опашка"
"ui_craft_status_DoesntHaveRequiredTool","Липсва необходимият инструмент"
"ui_craft_status_NotEnoughMastery","Недостатъчно майсторство"
"ui_craft_status_NotEnoughResources","Недостатъчно предмети"
"ui_craft_status_NotEnoughSpaceInWgo","Недостатъчно място в инвентара"
"ui_crafted_at","Изработва се в"
"ui_create","Създай"
"ui_cursor_hardware","Хардуерен"
"ui_cursor_software","Софтуерен"
"ui_customization_window_header","Персонализация"
"ui_death","Смърт"
"ui_defence","Защита"
"ui_defence_power","Сила на защитата:"
"ui_demo_preorder_bonus","Бонус за предварителна поръчка:"
"ui_destroy","Унищожи"
"ui_disc_no_space","Играта не може да бъде запазена: няма достатъчно място на диска."
"ui_dont_have_points","Нямаш достатъчно %1, за да отключиш това умение."
"ui_effect_on_use","Ефект при употреба"
"ui_embalming_effect","Ефект от балсамиране"
"ui_end_demo_body","В пълната игра можеш да:"
"ui_end_demo_body_2","Ще можеш да продължиш историята оттук, когато играта излезе на 22 септември! Ето какво те очаква:"
"ui_end_demo_feature_1","Сражаваш се с нови зомбита"
"ui_end_demo_feature_2","Възстановиш града"
"ui_end_demo_feature_3","Отключиш нови умения"
"ui_end_demo_feature_4","Автоматизираш производството"
"ui_end_demo_feature_5","Посетиш нови места"
"ui_end_demo_feature_6","Завършиш историята!"
"ui_end_demo_header","Благодарим, че играхте демото на Graveyard Keeper 2!"
"ui_energy_cons","Разход на енергия"
"ui_equip","Екипирай"
"ui_equipment","Екипировка"
"ui_exorcism_wnd_with_bdy","Маса за екзорсизъм (заета)"
"ui_exorcism_wnd_without_bdy","Маса за екзорсизъм (свободна)"
"ui_extract","Извлечи"
"ui_extract_item_desc","Искаш ли да извлечеш този предмет от тялото?"
"ui_extract_item_header","Извличане?"
"ui_fence_empty","Добави ограда към гроба"
"ui_fertilize","Тори"
"ui_fertilizing","Торове за лехата"
"ui_fight_barricades_unavailable","Барикадите не са достъпни в тази битка"
"ui_fight_construction_unavailable","Строителството не е достъпно в тази битка"
"ui_fight_towers_unavailable","Кулите не са достъпни в тази битка"
"ui_fishes_in_reservoir","Риби:"
"ui_folio_is_empty","Отключи нови алхимични формули"
"ui_fps_limit","Ограничение на FPS"
"ui_fps_lock","Фиксирани FPS"
"ui_fps_unlimited","Неограничено"
"ui_fuel_helper","Постави материала в навеса за дърва, за да осигуриш гориво за работните маси"
"ui_fullscreen","Цял екран"
"ui_game_btn","Играй"
"ui_graphics_high","Високо"
"ui_graphics_low","Ниско"
"ui_graphics_lowest","Най-ниско"
"ui_graphics_medium","Средно"
"ui_graphics_quality","Качество на графиката"
"ui_grave","Гроб"
"ui_grave_corpse_text","Премахни всички украси, преди да извадиш тялото"
"ui_grave_corpse_widget_header","Тяло"
"ui_grave_decor","Украса на гроба"
"ui_grave_decor_2","Украса"
"ui_header_hot_bar","Бърз панел"
"ui_hint_climb","Изкачи се"
"ui_hint_enter","Влез"
"ui_hint_exit","Излез"
"ui_hint_extention_for","Разширение за:"
"ui_hint_grave","Гроб"
"ui_hotbar_selection_tip","Избери слот, в който да екипираш този предмет:"
"ui_ingridients","Съставки"
"ui_insert","Постави"
"ui_insp_btn_buy","Купи"
"ui_load_save_btn","Зареди"
"ui_loading","Зареждане"
"ui_mastery","Майсторство"
"ui_menu_back","Назад"
"ui_menu_confirm","Потвърди"
"ui_menu_credits","Надписи"
"ui_menu_exit","Изход"
"ui_menu_options","Опции"
"ui_menu_play","Играй"
"ui_monument_d","Дава допълнителни <sprite name=""wskull""> на близките гробници"
"ui_monument_d_2","Дава допълнителни <sprite name=""wskull""> според близките гробници"
"ui_multiinventory","Инвентар"
"ui_mumbling_mode","Мърморене"
"ui_name","Име"
"ui_new_game","Нова игра"
"ui_new_tech_unlocked","Отключи нова технология и получи:"
"ui_no_body","Няма тяло"
"ui_no_buffs","Няма усилвания"
"ui_no_buildings","Няма сгради в зоната"
"ui_no_perks","Няма перкове"
"ui_no_queue","Няма опашка"
"ui_no_rewards","Няма награди"
"ui_not_enough_parishioners","Недостатъчно енориаши"
"ui_notification_new_body","Ново тяло"
"ui_notification_quest_finished","Задачата е изпълнена"
"ui_notification_quest_start","Задачата е обновена"
"ui_notification_tech_added","Добавена технология:"
"ui_notification_tech_disponible","Налична технология:"
"ui_notification_tech_revealed","Разкрита технология:"
"ui_off","Изкл."
"ui_on","Вкл."
"ui_open","Отвори"
"ui_operation_failed_desc","Не можеш да надхвърлиш лимита от черепи на нашийника."
"ui_operation_failed_header","Невъзможно!"
"ui_order_header_tooltip","Изпълни поръчките"
"ui_order_possible_days","Поръчки могат да се приемат само на <sprite name=""day_pride"">. В други дни не могат да се приемат."
"ui_orders","Поръчки"
"ui_organs","Органи"
"ui_other","Други"
"ui_pause_menu_exit_main_menu","Главно меню"
"ui_perk","Умение"
"ui_perks","Умения"
"ui_pin_hot_bar","Закачи към бързия панел"
"ui_place","Постави"
"ui_plant","Засади"
"ui_player","Гробар"
"ui_porter_station_label","Предмети за пренасяне"
"ui_porter_station_no_items","Няма предмети за пренасяне"
"ui_pray_bonus","Бонус от проповедта:"
"ui_pray_fail_text","Молитвата е неуспешна"
"ui_pray_result_faith","Получена вяра:"
"ui_pray_result_faith_bonus","Бонус вяра:"
"ui_pray_result_header","Резултат от молитвата"
"ui_pray_result_money","Получени пари:"
"ui_pray_result_money_bonus","Паричен бонус:"
"ui_pray_result_visitors","Брой посетители:"
"ui_pray_start","Започни проповедта"
"ui_pray_success_text","Молитвата е успешна"
"ui_pray_tooltip_req","Изисквания"
"ui_pray_tooltip_rew","Награда за"
"ui_pray_visitors","Посетители:"
"ui_pre_order_bonus_costume","Ексклузивен костюм"
"ui_pre_order_bonus_sauna","Ексклузивна сграда: сауна"
"ui_prepare","Подготви"
"ui_previous_perk_locked","Първо трябва да отключиш предходното умение."
"ui_product_info","Група предмети"
"ui_put_body","Постави тялото на масата"
"ui_quest_info_req","Изисквания:"
"ui_ready_to_resurrect","Готово за възкресение"
"ui_received_inspirations","Получени"
"ui_repair","Ремонтирай"
"ui_resurrection_insufficient_collar","Този нашийник за зомби не е достатъчно добър за това тяло. Нужен е нашийник с по-високо качество."
"ui_resurrection_no_collar","Необходим е нашийник за зомби."
"ui_resurrection_no_limit","Достигна лимита на зомбитата. Използвай Машината за намаляване на паниката, за да го увеличиш."
"ui_resurrection_no_liquid","Необходима е течност за реанимация."
"ui_resurrection_no_organs","На това тяло му липсват жизненоважни органи. Не можеш да правиш зомбита без тях."
"ui_resurrection_wnd_rqrm_bdy","Необходими ресурси за възкресение"
"ui_resurrection_wnd_rqrm_zmb","Необходими ресурси за почивка"
"ui_resurrection_wnd_with_bdy","Маса за възкресение (заета)"
"ui_resurrection_wnd_without_bdy","Маса за възкресение (свободна)"
"ui_reward","Награда"
"ui_rewards","Награди"
"ui_rotate","Завърти"
"ui_save","Запази"
"ui_save_date","Дата"
"ui_save_import","Импортирай запис"
"ui_save_remove_header","Премахни записа"
"ui_save_remove_info","Сигурен ли си?"
"ui_save_slot_delete","Изтрий"
"ui_save_tip","Запазване на играта"
"ui_saves_menu","Записи"
"ui_sermon_tooltip_base_reward","Основна награда:"
"ui_sermon_tooltip_buff","Ефект:"
"ui_sermon_tooltip_item","Предмет:"
"ui_sermon_tooltip_need_start","Необходимо за започване:"
"ui_sermon_tooltip_need_success","Гарантиран успех:"
"ui_sermon_tooltip_per","за"
"ui_sermon_tooltip_sec","сек."
"ui_sermon_tooltip_success_reward","Награда за успех:"
"ui_setting_cursor_mode","Режим на курсора"
"ui_setting_switch_voices","Режим на озвучаване"
"ui_settings_header","Настройки"
"ui_settings_language","Език"
"ui_settings_master","Основна сила на звука"
"ui_settings_music","Музика"
"ui_settings_screen_mode","Режим на екрана"
"ui_settings_screen_size","Размер на екрана"
"ui_settings_sfx","Звукови ефекти"
"ui_settings_speech","Реч"
"ui_skip","Пропусни"
"ui_skulls","Черепи"
"ui_skulls_red","Червени черепи"
"ui_skulls_white","Бели черепи"
"ui_squads","Отряди:"
"ui_storage","Склад"
"ui_submit_bait","Започни риболова"
"ui_success_chance","Шанс за успех"
"ui_sure_question","Сигурен ли си?"
"ui_survey_complete","Проучването е завършено!"
"ui_survey_complete_runes","Съединение"
"ui_survey_requirements","Проучването изисква:"
"ui_talent","Талант"
"ui_tombstone_empty","Добави надгробен камък към гроба"
"ui_traders","Търговци"
"ui_tutorials_button","Уроци"
"ui_update","Обнови"
"ui_use","Използвай"
"ui_vendor_order_reward_tooltip","Награда"
"ui_vendor_order_urgent_tooltip","Изпълни преди"
"ui_vendor_tier_1","Ниво I"
"ui_vendor_tier_2","Ниво II"
"ui_vendor_tier_3","Ниво III"
"ui_ver","вер."
"ui_voiceover_mode","Озвучаване"
"ui_vsync","VSync"
"ui_windowed","Прозоречен режим"
"ui_workbench_extention","Разширение за работна маса"
"ui_youre_dead","Мъртъв си"
"ui_zombie_wndw_char","Персонаж"
"ui_zombie_wndw_perks","Умения"
"ultimate_bite","Жива стръв"
"ultimate_bite_d","Привлича: митичен шаран, небесна сьомга, древен сом, младши Кракен"
"undertaker_1","Гробар I"
"undertaker_1_d","Изработвай кръстове и огради"
"undertaker_2","Гробар II"
"undertaker_3","Гробар III"
"undertaker_4","Гробар IV"
"undertaker_5","Гробар V"
"undertaker_6","Гробар VI"
"unlock_graveyard_zone_1_s","Разшири гробището I"
"unlock_graveyard_zone_2_s","Разшири гробището II"
"unlock_graveyard_zone_3_s","Разшири гробището III"
"unlock_squad_slot","Отключи слот за отряд"
"upgrade_church_1_s","Подобри църквата I"
"upgrade_church_2_s","Подобри църквата II"
"upgrade_church_3_s","Подобри църквата III"
"upgrade_graveyard_fence_1_s","Подобри оградата I"
"upgrade_graveyard_fence_2_s","Подобри оградата II"
"upgrade_graveyard_road_1_s","Подобри пътя и пътеките"
"upgrade_mercenary_equipment_1","Подобри екипировката на наемниците"
"upgrade_pr_machine_1","Подобри машината за намаляване на паниката I"
"upgrade_pr_machine_2","Подобри машината за намаляване на паниката II"
"upgrade_pr_machine_3","Подобри машината за намаляване на паниката III"
"upgrade_pr_machine_4","Подобри машината за намаляване на паниката IV"
"upgrade_sawmill","Подобри дъскорезницата"
"urn_ashes_1","Урна с пепел I"
"urn_ashes_2","Урна с пепел II"
"Vegetable_t1","Щанд за зеленчуци"
"Vegetable_t2","Щанд за зеленчуци II"
"Vegetable_t3","Щанд за зеленчуци III"
"VillageForestArea","Село край гората"
"vine_press","Преса за грозде"
"vineyard_crafter","Щанд на градинаря"
"vineyard_empty","Лозова конструкция"
"vineyard_upgrade_s","Подобрение на лозето"
"violine","Цигулка"
"violine_d","Цигулката на сестрата на Албърт, предназначена за Линда."
"water","Вода"
"weak_growing_elixir","Слаб еликсир на растежа"
"weapons_t1","Прости оръжия"
"weaving_loom","Тъкачен стан"
"well_garden_1","Воден кладенец"
"well_garden_2","Градински кладенец II"
"well_garden_upgrade_s","Подобрение на градинския кладенец"
"wheat","Пшеница"
"wheat_seed","Пшенично семе"
"wild_zombie_test_d","Див зомби"
"wine_barrel","Бъчва за вино"
"wood","Дънер"
"wood_2","Специална дървесина"
"wood_artisan","Дърводелец"
"wood_basic","Концепцията за дървото"
"wood_billet","Дървено трупче"
"wood_container_conveyor","Склад за дървесина"
"wood_container_conveyor_TOP_BROKEN","Счупен склад за дървесина"
"wood_wedge","Дървен клин"
"wood1","Къс дънер"
"woodcutter_1","Дървар I"
"woodcutter_1_d","Сечи дървета за трупи и дърва за огрев"
"woodcutter_2","Дървар II"
"woodcutter_3","Дървар III"
"woodcutter_4","Дървар IV"
"woodcutter_5","Дървар V"
"wooden_anvil","Дървена наковалня"
"wooden_beam","Дървена греда"
"wooden_detail","Дървен детайл"
"wooden_joint","Дървена сглобка"
"wooden_kit","Дървен комплект"
"wooden_kit_1","Дървен комплект I"
"wooden_kit_2","Дървен комплект II"
"wooden_plank","Дървена дъска"
"woodworking_workbench_1","Работна маса за дървообработване I"
"woodworking_workbench_2","Работна маса за дървообработване II"
"work_with_wood_1","Дървообработване I"
"work_with_wood_2","Дървообработване II"
"worms_bite","Стръв от червеи"
"worms_bite_d","Привлича: сьомга, херинга, змиорка, сом, блатен призрак, аншоа"
"writing_books_1","Книги I"
"writing_books_2","Книги II"
"writing_desk_1","Бюро за писане"
"writing_items","Пособия за писане"
"writing_tools_1","Инструменти за писане I"
"writing_tools_2","Инструменти за писане II"
"wz_493_dev_playground_test","Тестова зона 493"
"wz_alchemy_lab","Алхимична лаборатория"
"wz_astrologer_tower","Кулата на астролога"
"wz_bandits_camp","Лагер на бандитите"
"wz_basement_writing","Писателско мазе"
"wz_canaliseum","Сюрина"
"wz_carrier","Каменоломна"
"wz_church","Църква"
"wz_conveyor","Фабрика"
"wz_crossroads","Кръстопът"
"wz_forest","Гора"
"wz_forest_post","Горски пост"
"wz_garden","Градина"
"wz_graveyard","Гробище"
"wz_hangman_house","Къщата на палача"
"wz_heart_swamp","Сърцето на блатото"
"wz_herms_store","Магазинът на Херм"
"wz_home","Дом"
"wz_inquisition_tower","Изоставена кула"
"wz_inquisitions_base","База на инквизицията"
"wz_intro_scout_building","Изоставена къща"
"wz_mailbox_area","Пощенска кутия"
"wz_main_pier","Главен кей"
"wz_mine","Стара мина"
"wz_morgue","Морга"
"wz_palace","Дворец"
"wz_plague_doctor_lab","Лаборатория на чумния лекар"
"wz_port_area","Пристанищна зона"
"wz_port_tavern","Крайбрежен клуб"
"wz_prison","Тъмница на инквизицията"
"wz_resurrection","Лаборатория за възкресение"
"wz_resurrection_area","Лаборатория за възкресение"
"wz_royal_foundry","Кралска леярна"
"wz_sand_clay_zone","Речен бряг"
"wz_sawmill","Дъскорезница"
"wz_sewers","Канализация"
"wz_sluice_area","Зона на шлюза"
"wz_square","Площад"
"wz_stilt_houses","Къщи на кокили"
"wz_swamp","Блато"
"wz_tavern","Селска кръчма"
"wz_town","Град"
"wz_town_guard_barracks","Казарми"
"wz_twins_home","Земята на близнаците"
"wz_village","Село"
"wz_vineyard","Лозе"
"wz_warehouse","Градски склад"
"wz_warehouse_cellar","Мазе на склада"
"wz_well","Шахта"
"wz_winery","Винарна"
"wz_workshop_conveyor","Работилницата на Джак"
"wz_yard","Двор"
"zmb_choir_unlock_s","Хор"
"zmb_organ_unlock_s","Орган"
"zombie_beer","Зомби пивоварство"
"zombie_carousel","Зомби въртележка"
"zombie_carousel_broken","Счупена зомби въртележка"
"zombie_carousel_fix","Ремонт на зомби въртележката"
"zombie_collar","Каишка"
"zombie_conveyor_transporter_station","Преносвач на зомби провизии"
"zombie_exp_potions_1","Зомби отвари"
"zombie_exp_potions_2","Зомби отвари II"
"zombie_gardening","Зомби градинарство"
"zombie_goo","Зомби слуз"
"zombie_marble","Зомби добив на мрамор"
"zombie_mechanism","Зомби механизъм"
"zombie_mining","Зомби добив"
"zombie_name_1","Шон Немъртвия"
"zombie_name_10","Лив Моурн"
"zombie_name_11","Зед Уик"
"zombie_name_12","Д-р Уърмз"
"zombie_name_13","Джери Брейн"
"zombie_name_14","Неганомикон"
"zombie_name_15","Чомп Колумб"
"zombie_name_16","Губернатор Гул"
"zombie_name_17","Ти-Винс"
"zombie_name_18","Серж. Ротц"
"zombie_name_19","Ади Но"
"zombie_name_2","Зом Ромеро"
"zombie_name_20","Файдо Феч"
"zombie_name_21","Маш Билиъмс"
"zombie_name_22","Туенти Ейтс"
"zombie_name_23","Уърмхоул"
"zombie_name_24","Молтън"
"zombie_name_25","Чомпърс"
"zombie_name_26","Бъстър Кретин"
"zombie_name_27","Бийтълуайн"
"zombie_name_28","Йерихон"
"zombie_name_29","Бийфи Джърк"
"zombie_name_3","Риктейтор"
"zombie_name_30","МакДед"
"zombie_name_31","Сам Реаними"
"zombie_name_32","Ник Краймс"
"zombie_name_33","Джери Кейн"
"zombie_name_34","Мърк Дърк"
"zombie_name_35","Блъдиунг"
"zombie_name_36","Нардист"
"zombie_name_37","Грейвстоун"
"zombie_name_38","Рик Ван Ротън"
"zombie_name_39","Дипи Стич"
"zombie_name_4","Брейн Хендерсън"
"zombie_name_40","Бонегрин Втори"
"zombie_name_5","Татко Декомпо"
"zombie_name_6","Алис д’Кей"
"zombie_name_7","Талахашрийк"
"zombie_name_8","Мърфрот"
"zombie_name_9","Капитан Дед"
"zombie_power","Сила на зомбито"
"zombie_stone","Зомби добив на камък"
"zombie_supplier_station","Станция за зомби снабдяване"
"zombie_supplier_station_no_overhead","Трябва да сложа зомби тук."
"zombie_vineyard","Зомби лозе"
"zombie_wine","Зомби винопроизводство"
"zombie_wood","Зомби дървосекач"
"zombie_wood_2","Зомби дървосекач II"
"zombie_workers_tut_1","Зомбитата могат да изработват предмети, които наредиш на работните маси и пещите. Те могат да следват само рецепти, съответстващи на нивото им на талант."
"zombie_workers_tut_2","Увеличи таланта на зомбито, като му дадеш по-добри инструменти или отключиш нови точки за талант. Отключвай таланти с точките за технологии, които зомбитата печелят, докато изработват предмети."
"zombie_workers_tut_3","За да работят зомбитата автоматично, построй в зоната станция за зомби снабдяване и назначи зомби снабдител към нея."
"zombie_zavhoz","Зомби помощник"
"zperk_advanced_blacksmith","Напреднал ковач"
"zperk_advanced_blacksmith_d","Зомбито спря да си удря пръстите с чука.

+4 <sprite name=""talent_red""> при работа с желязо."
"zperk_alchemist","Мъртъв алхимик"
"zperk_alchemist_d","Понякога рецептите дават малко повече. Не питай как. Зомбито понякога получава повече предмети от Масата за формули."
"zperk_alchemy_talent","Немъртъв изследовател"
"zperk_alchemy_talent_d","Провалът е просто друга форма на експериментиране.

+4 <sprite name=""talent_blue""> при работа на Алхимичната работна маса."
"zperk_apprentice_carpenter","Чирак дърводелец"
"zperk_apprentice_carpenter_d","Зомбито научи разликата между трупа и дъската.

+2 <sprite name=""talent_orange""> при работа с дърво."
"zperk_axeman","Дървосекач"
"zperk_axeman_d","Зомби с екипирана брадва понякога получава допълнителни дърва, когато сече дървета."
"zperk_blacksmith_1","Ковач"
"zperk_blacksmith_1_d","Зомбито понякога изработва допълнителни предмети от бронз."
"zperk_blacksmith_2","Ковач II"
"zperk_blacksmith_2_d","Зомбито понякога изработва допълнителни предмети от желязо."
"zperk_blindseye","Сляп стрелец"
"zperk_blindseye_d","Зомбито се научи да опъва лъка, вместо просто да хвърля стрели с ръка: по-високи щети от лък."
"zperk_books_talent","Мъртъв автор"
"zperk_books_talent_d","Всеки бестселър започва с празна страница.

+4 <sprite name=""talent_yellow""> при изработката на празни книги."
"zperk_brewer","Пивовар"
"zperk_brewer_d","Зомбито се научи да вари хмел и мед, без да добавя собствените си тайни съставки.

+3 <sprite name=""talent_green""> в пивоварната."
"zperk_carpenter","Дърводелец"
"zperk_carpenter_d","Зомбито понякога изработва допълнителни предмети от дърво."
"zperk_church_supplies_talent","Свещен труп"
"zperk_church_supplies_talent_d","Дори църквата не може да се оплаче от безплатния труд.

+4 <sprite name=""talent_blue""> при изработката на църковни припаси."
"zperk_clay","Майстор на глината"
"zperk_clay_d","Зомбито понякога изработва допълнителни предмети от глина."
"zperk_cube_distillations_1","Мъртъв дестилатор"
"zperk_cube_distillations_1_d","Дори кубът изглежда впечатлен. Зомбито получава повече предмети от Дестилационния куб."
"zperk_dead_king","Мъртъв крал"
"zperk_dead_king_d","Зомбито пише всичко по-бързо: книги, истории и вестници."
"zperk_dead_organist","Мъртъв органист"
"zperk_dead_organist_d","Когато свири на орган, дава повече <sprite name=""cross"">."
"zperk_dead_printer","Мъртъв печатар"
"zperk_dead_printer_d","Зомбито произвежда повече хартия и вестници."
"zperk_dead_shakespeare","Мъртъв Шекспир"
"zperk_dead_shakespeare_d","Всяко зомби има история. Повечето завършват трагично. Зомбито пише по-добри истории."
"zperk_dead_singer","Мъртъв певец"
"zperk_dead_singer_d","Когато е в хора, дава повече <sprite name=""cross"">."
"zperk_dead_writer","Мъртъв писател"
"zperk_dead_writer_d","Зомбито може да пише: книги, бележки, вестници..."
"zperk_deft_zombie","Сръчно зомби"
"zperk_deft_zombie_d","Зомбито получава повече <sprite name=""tech_green"">."
"zperk_distillations_talent","Гнил дестилатор"
"zperk_distillations_talent_d","+4 <sprite name=""talent_blue""> при работа с Дестилационния куб."
"zperk_excavator","Изкопвач"
"zperk_excavator_d","Зомбито е овладяло лопатата. Увеличена скорост при копаене на глина и пясък."
"zperk_factory_operative","Фабричен работник"
"zperk_factory_operative_d","Зомбито работи по-добре в безмилостните условия на производството с конвейери."
"zperk_farmer_1","Земеделец I"
"zperk_farmer_1_d","Зомбито произвежда по-добри семена и по-големи реколти."
"zperk_farmer_2","Земеделец II"
"zperk_farmer_2_d","Зомбито произвежда още по-добри семена и по-големи реколти."
"zperk_fertilizer_expert","Експерт по торене"
"zperk_fertilizer_expert_d","Зомбито знае как да различава отделните видове тор.

+3 <sprite name=""talent_blue""> при правене на тор."
"zperk_firewood","Майстор на дървата за огрев"
"zperk_firewood_d","Зомбито изработва допълнителни дърва за огрев."
"zperk_formulation_talent","Луд некрохимик"
"zperk_formulation_talent_d","Ако бълбука, не стой прекалено близо.

+4 <sprite name=""talent_blue""> при работа на Масата за формули."
"zperk_glass","Майстор на стъклото"
"zperk_glass_d","Зомбито понякога изработва допълнителен стъклен предмет."
"zperk_gold","Златотърсач"
"zperk_gold_d","Зомбито понякога намира злато при пресяване на пясък."
"zperk_good_zombie","Добро зомби"
"zperk_good_zombie_d","Лимитът на уменията е увеличен."
"zperk_grave_crafter","Мъртъв строител на гробове"
"zperk_grave_crafter_d","Красивият гроб е последният ти шанс да направиш добро първо впечатление. Зомбито изработва надгробни плочи и огради по-бързо."
"zperk_graves_fences_talent","Архитект на гробове"
"zperk_graves_fences_talent_d","+4 <sprite name=""talent_orange""> при изработката на надгробни плочи и огради за гробове."
"zperk_impaler","Набивач"
"zperk_impaler_d","Зомбито разбра, че острият край сочи към врага: по-високи щети от копие."
"zperk_jeweller","Мъртъв златар"
"zperk_jeweller_d","Диамантите са вечни. Както и този служител. Зомбито изработва бижута по-бързо."
"zperk_jeweller_talent","Златар на трупове"
"zperk_jeweller_talent_d","Зомбито прави красота!

+4 <sprite name=""talent_red""> при работа на Масата за бижута."
"zperk_logger","Дървосекач"
"zperk_logger_d","Зомбито разбра кой край на брадвата да държи. Скоростта на сечене е увеличена."
"zperk_magpies_eye","Окото на свраката"
"zperk_magpies_eye_d","Зомбито забелязва блестящите неща в мината и може да извади скъпоценни камъни."
"zperk_mason","Зидар"
"zperk_mason_d","Зомбито понякога изработва допълнителни каменни предмети."
"zperk_master_blacksmith","Майстор ковач"
"zperk_master_blacksmith_d","Зомбито разбра как се контролира топлината.

+6 <sprite name=""talent_red""> при работа със стомана."
"zperk_master_carpenter","Майстор дърводелец"
"zperk_master_carpenter_d","Зомбито се научи да реже по права линия.

+4 <sprite name=""talent_orange""> при работа с дърво."
"zperk_master_stonemason","Майстор каменоделец"
"zperk_master_stonemason_d","Зомбито се научи да контролира силата на ударите си.

+4 <sprite name=""talent_orange""> при работа с мрамор."
"zperk_miller","Мелничар"
"zperk_miller_d","Зомбито изсипва житото между воденичните камъни, вместо по целия под: получаваш повече брашно."
"zperk_musician_advanced","Умел музикант"
"zperk_musician_advanced_d","Не е зле за някого без пулс. Увеличава <sprite name=""cross"">, когато е в хора или свири на орган."
"zperk_musician_basic","Начинаещ музикант"
"zperk_musician_basic_d","Поне плъховете изглежда се наслаждават. Леко увеличава <sprite name=""cross"">, когато е в хора или свири на орган."
"zperk_musician_master","Маестро"
"zperk_musician_master_d","Дори ангелите си водят записки. Значително увеличава <sprite name=""cross"">, когато е в хора или свири на орган."
"zperk_newspaper_talent","Мъртва преса"
"zperk_newspaper_talent_d","Екстра! Екстра! Всъщност никой не е жив, за да го прочете.

+4 <sprite name=""talent_yellow""> при работа на Печатната преса."
"zperk_novice_blacksmith","Начинаещ ковач"
"zperk_novice_blacksmith_d","Зомбито разбра кой край на чука да държи.

+2 <sprite name=""talent_red""> при работа с бронз."
"zperk_novice_fisherman","Начинаещ рибар"
"zperk_novice_fisherman_d","Зомбито научи, че плувките плуват, а тежестите потъват: по-голям шанс за улов на обикновена риба."
"zperk_novice_stonemason","Начинаещ каменоделец"
"zperk_novice_stonemason_d","Зомбито разбра, че длетото е за камъка, а не за гризане.

+2 <sprite name=""talent_orange""> при работа с камък."
"zperk_paper","Производител на хартия"
"zperk_paper_d","Зомбито понякога изработва допълнителна хартия."
"zperk_paper_talent","Мъртво дружество на дърветата"
"zperk_paper_talent_d","Мъртво дърво, мъртъв работник - идеална комбинация.

+4 <sprite name=""talent_yellow""> при изработката на хартия."
"zperk_potions_talent","Зомби алхимик"
"zperk_potions_talent_d","Някои съставки са по-пресни от други.

+4 <sprite name=""talent_blue""> при изработката на отвари."
"zperk_preserver","Консервант"
"zperk_preserver_d","Зомбито се научи да затваря бурканите, преди съдържанието им да оживее.

+4 <sprite name=""talent_green""> при правене на консерви."
"zperk_presser","Пресовач"
"zperk_presser_d","Зомбито се научи да не разлива сок по целия под.

+4 <sprite name=""talent_green""> при пресоване на сок."
"zperk_puff_master","Майстор на издухването"
"zperk_puff_master_d","Зомбито използва добре останалото от белите му дробове.

+3 <sprite name=""talent_red""> при работа със стъкло."
"zperk_quarryman","Кариерен работник"
"zperk_quarryman_d","Зомбито е овладяло кирката. Скоростта на добив в каменоломната е увеличена."
"zperk_smart_zombie","Умно зомби"
"zperk_smart_zombie_d","Зомбито получава повече <sprite name=""tech_blue"">."
"zperk_speed","Майстор на скоростта"
"zperk_speed_d","Зомбито се движи по-бързо."
"zperk_stories_talent","Призрачен писател"
"zperk_stories_talent_d","Никой така или иначе не помни автора.

+4 <sprite name=""talent_yellow""> при писане на истории."
"zperk_strong_zombie","Силно зомби"
"zperk_strong_zombie_d","Зомбито получава повече <sprite name=""tech_red"">."
"zperk_tailor","Шивач"
"zperk_tailor_d","Зомбито се е подобрило с плата и конците: по-малко отпадъци, повече готови предмети."
"zperk_tin_can","Консерва"
"zperk_tin_can_d","Зомбито разбра, че бронята се носи, а не трака в чантата: по-висока защита."
"zperk_undead_resistance","Издръжливост на немъртвите"
"zperk_undead_resistance_d","Зомбито си спомни, че вече е мъртво, и спря да забелязва дребните рани: по-високо здраве."
"zperk_veteran_fisherman","Ветеран рибар"
"zperk_veteran_fisherman_d","Зомбито се научи да засича навреме: по-голям шанс за улов на рядка риба."
"zperk_winemaker","Винар"
"zperk_winemaker_d","Зомбито се научи на процеса за правене на вино.

+5 <sprite name=""talent_green""> при правене на вино."
"zperk_writer","Мъртъв талант"
"zperk_writer_d","Зомбито може да напише история..."
"zperk_writing_talent","Мъртво перо"
"zperk_writing_talent_d","Творческият блок не е проблем, ако нямаш мозък.

+4 <sprite name=""talent_yellow""> при работа на Писалището."
"zperk_zombie_miner","Зомби миньор"
"zperk_zombie_miner_d","Зомбито работи по-добре в отровните изпарения на мината - за разлика от теб."
"zperk_zombie_tools","Зомби инструменти"
"zperk_zombie_tools_d","Инструментите дават двоен бонус към таланта на зомбито."
"сhurch_decorations","Украси за църквата"
